gene,kegg_pathway_count,reactome_pathway_count,kegg_pathway_count_norm,reactome_pathway_count_norm
A1BG,0,7,0.0,0.0136
A1CF,0,4,0.0,0.0078
A2M,1,14,0.0089,0.0272
A2ML1,0,0,0.0,0.0
A3GALT2,1,0,0.0089,0.0
A4GALT,2,5,0.0179,0.0097
A4GNT,0,4,0.0,0.0078
AAAS,1,91,0.0089,0.177
AACS,2,4,0.0179,0.0078
AADAC,0,3,0.0,0.0058
AADACL2,0,0,0.0,0.0
AADACL3,0,0,0.0,0.0
AADACL4,0,0,0.0,0.0
AADAT,2,4,0.0179,0.0078
AAED1,0,0,0.0,0.0
AAGAB,0,0,0.0,0.0
AAK1,0,4,0.0,0.0078
AAMDC,0,0,0.0,0.0
AAMP,0,12,0.0,0.0233
AANAT,1,4,0.0089,0.0078
AAR2,0,0,0.0,0.0
AARD,0,0,0.0,0.0
AARS1,1,4,0.0089,0.0078
AARS2,1,4,0.0089,0.0078
AARSD1,0,0,0.0,0.0
AASDH,0,0,0.0,0.0
AASDHPPT,1,4,0.0089,0.0078
AASS,1,3,0.0089,0.0058
AATF,0,5,0.0,0.0097
AATK,0,0,0.0,0.0
ABAT,6,5,0.0536,0.0097
ABCA1,4,16,0.0357,0.0311
ABCA10,1,3,0.0089,0.0058
ABCA12,1,7,0.0089,0.0136
ABCA13,1,3,0.0089,0.0058
ABCA2,2,3,0.0179,0.0058
ABCA3,1,12,0.0089,0.0233
ABCA4,1,13,0.0089,0.0253
ABCA5,1,3,0.0089,0.0058
ABCA6,1,8,0.0089,0.0156
ABCA7,1,3,0.0089,0.0058
ABCA8,1,2,0.0089,0.0039
ABCA9,1,3,0.0089,0.0058
ABCB1,4,8,0.0357,0.0156
ABCB10,1,3,0.0089,0.0058
ABCB11,3,11,0.0268,0.0214
ABCB4,2,10,0.0179,0.0195
ABCB5,1,2,0.0089,0.0039
ABCB6,1,7,0.0089,0.0136
ABCB7,1,5,0.0089,0.0097
ABCB8,1,3,0.0089,0.0058
ABCB9,2,2,0.0179,0.0039
ABCC1,4,24,0.0357,0.0467
ABCC10,1,2,0.0089,0.0039
ABCC11,1,2,0.0089,0.0039
ABCC12,1,0,0.0089,0.0
ABCC2,2,13,0.0179,0.0253
ABCC3,2,16,0.0179,0.0311
ABCC4,3,9,0.0268,0.0175
ABCC5,1,9,0.0089,0.0175
ABCC6,1,6,0.0089,0.0117
ABCC8,3,11,0.0268,0.0214
ABCC9,1,13,0.0089,0.0253
ABCD1,2,17,0.0179,0.0331
ABCD2,2,5,0.0179,0.0097
ABCD3,2,11,0.0179,0.0214
ABCD4,2,13,0.0179,0.0253
ABCF2,1,6,0.0089,0.0117
ABCF3,0,0,0.0,0.0
ABCG1,2,10,0.0179,0.0195
ABCG2,2,25,0.0179,0.0486
ABCG4,1,3,0.0089,0.0058
ABCG5,4,12,0.0357,0.0233
ABCG8,4,12,0.0357,0.0233
ABHD1,0,0,0.0,0.0
ABHD10,0,4,0.0,0.0078
ABHD11,0,0,0.0,0.0
ABHD12,0,8,0.0,0.0156
ABHD12B,0,0,0.0,0.0
ABHD13,0,0,0.0,0.0
ABHD14A,0,0,0.0,0.0
ABHD14A-ACY1,1,0,0.0089,0.0
ABHD14B,0,4,0.0,0.0078
ABHD15,0,0,0.0,0.0
ABHD16A,0,0,0.0,0.0
ABHD16B,0,0,0.0,0.0
ABHD17A,0,5,0.0,0.0097
ABHD17B,0,5,0.0,0.0097
ABHD17C,0,5,0.0,0.0097
ABHD18,0,0,0.0,0.0
ABHD2,0,0,0.0,0.0
ABHD3,0,5,0.0,0.0097
ABHD4,0,5,0.0,0.0097
ABHD5,1,4,0.0089,0.0078
ABHD6,1,8,0.0089,0.0156
ABHD8,0,0,0.0,0.0
ABI1,2,39,0.0179,0.0759
ABI2,1,39,0.0089,0.0759
ABI3,0,0,0.0,0.0
ABI3BP,0,0,0.0,0.0
ABITRAM,0,0,0.0,0.0
ABL1,10,62,0.0893,0.1206
ABL2,3,20,0.0268,0.0389
ABLIM1,1,5,0.0089,0.0097
ABLIM2,1,5,0.0089,0.0097
ABLIM3,1,5,0.0089,0.0097
ABO,1,4,0.0089,0.0078
ABR,0,18,0.0,0.035
ABRA,0,0,0.0,0.0
ABRACL,0,0,0.0,0.0
ABRAXAS1,1,16,0.0089,0.0311
ABRAXAS2,0,4,0.0,0.0078
ABT1,0,0,0.0,0.0
ABTB1,0,0,0.0,0.0
ABTB2,0,0,0.0,0.0
ABTB3,0,0,0.0,0.0
AC015871.1,0,0,0.0,0.0
AC118549.1,0,0,0.0,0.0
ACAA1,6,15,0.0536,0.0292
ACAA2,3,4,0.0268,0.0078
ACACA,6,18,0.0536,0.035
ACACB,8,12,0.0714,0.0233
ACAD10,0,4,0.0,0.0078
ACAD11,0,4,0.0,0.0078
ACAD8,1,5,0.0089,0.0097
ACAD9,0,4,0.0,0.0078
ACADL,2,8,0.0179,0.0156
ACADM,3,10,0.0268,0.0195
ACADS,5,7,0.0446,0.0136
ACADSB,2,5,0.0179,0.0097
ACADVL,1,11,0.0089,0.0214
ACAN,0,18,0.0,0.035
ACAP1,1,0,0.0089,0.0
ACAP2,1,0,0.0089,0.0
ACAP3,1,0,0.0089,0.0
ACAT1,11,16,0.0982,0.0311
ACAT2,11,5,0.0982,0.0097
ACBD3,1,4,0.0089,0.0078
ACBD4,0,4,0.0,0.0078
ACBD5,0,12,0.0,0.0233
ACBD6,0,4,0.0,0.0078
ACBD7,0,4,0.0,0.0078
ACCS,0,0,0.0,0.0
ACCSL,0,0,0.0,0.0
ACD,0,35,0.0,0.0681
ACE,6,3,0.0536,0.0058
ACE2,3,22,0.0268,0.0428
ACER1,2,4,0.0179,0.0078
ACER2,2,4,0.0179,0.0078
ACER3,1,4,0.0089,0.0078
ACHE,2,11,0.0179,0.0214
ACIN1,3,8,0.0268,0.0156
ACKR1,1,5,0.0089,0.0097
ACKR2,0,6,0.0,0.0117
ACKR3,2,8,0.0179,0.0156
ACKR4,2,6,0.0179,0.0117
ACLY,1,9,0.0089,0.0175
ACMSD,1,3,0.0089,0.0058
ACN9,0,0,0.0,0.0
ACO1,2,6,0.0179,0.0117
ACO2,2,8,0.0179,0.0156
ACOD1,0,0,0.0,0.0
ACOT1,3,4,0.0268,0.0078
ACOT11,0,4,0.0,0.0078
ACOT12,1,4,0.0089,0.0078
ACOT13,0,4,0.0,0.0078
ACOT2,3,16,0.0268,0.0311
ACOT4,3,9,0.0268,0.0175
ACOT6,0,0,0.0,0.0
ACOT7,2,4,0.0179,0.0078
ACOT8,2,16,0.0179,0.0311
ACOT9,0,4,0.0,0.0078
ACOX1,8,14,0.0714,0.0272
ACOX2,3,13,0.0268,0.0253
ACOX3,8,9,0.0714,0.0175
ACOXL,0,5,0.0,0.0097
ACP1,3,0,0.0268,0.0
ACP2,2,0,0.0179,0.0
ACP3,0,3,0.0,0.0058
ACP4,0,0,0.0,0.0
ACP5,4,4,0.0357,0.0078
ACP6,0,5,0.0,0.0097
ACP7,0,0,0.0,0.0
ACPP,0,0,0.0,0.0
ACPT,0,0,0.0,0.0
ACR,0,3,0.0,0.0058
ACRBP,0,0,0.0,0.0
ACRC,0,0,0.0,0.0
ACRV1,0,0,0.0,0.0
ACSBG1,4,5,0.0357,0.0097
ACSBG2,4,5,0.0357,0.0097
ACSF2,0,4,0.0,0.0078
ACSF3,2,5,0.0179,0.0097
ACSL1,7,16,0.0625,0.0311
ACSL3,7,9,0.0625,0.0175
ACSL4,7,9,0.0625,0.0175
ACSL5,7,5,0.0625,0.0097
ACSL6,7,5,0.0625,0.0097
ACSM1,2,7,0.0179,0.0136
ACSM2A,1,8,0.0089,0.0156
ACSM2B,1,10,0.0089,0.0195
ACSM3,1,6,0.0089,0.0117
ACSM4,1,8,0.0089,0.0156
ACSM5,1,8,0.0089,0.0156
ACSM6,1,6,0.0089,0.0117
ACSS1,4,4,0.0357,0.0078
ACSS2,4,7,0.0357,0.0136
ACSS3,1,10,0.0089,0.0195
ACTA1,0,22,0.0,0.0428
ACTA2,3,31,0.0268,0.0603
ACTBL2,0,0,0.0,0.0
ACTC1,4,28,0.0357,0.0545
ACTG1,30,108,0.2679,0.2101
ACTG2,1,22,0.0089,0.0428
ACTL10,0,0,0.0,0.0
ACTL6B,2,12,0.0179,0.0233
ACTL7A,0,0,0.0,0.0
ACTL7B,0,0,0.0,0.0
ACTL8,0,0,0.0,0.0
ACTL9,0,0,0.0,0.0
ACTMAP,0,0,0.0,0.0
ACTN1,9,21,0.0804,0.0409
ACTN2,1,28,0.0089,0.0545
ACTN3,1,4,0.0089,0.0078
ACTN4,9,6,0.0804,0.0117
ACTR1A,4,34,0.0357,0.0661
ACTR1B,4,5,0.0357,0.0097
ACTR3,9,40,0.0804,0.0778
ACTR3B,9,0,0.0804,0.0
ACTR3C,9,0,0.0804,0.0
ACTR5,0,8,0.0,0.0156
ACTR6,0,0,0.0,0.0
ACTR8,0,8,0.0,0.0156
ACTRT1,0,0,0.0,0.0
ACTRT2,0,0,0.0,0.0
ACTRT3,0,0,0.0,0.0
ACVR1,4,0,0.0357,0.0
ACVR1B,3,6,0.0268,0.0117
ACVR1C,3,9,0.0268,0.0175
ACVR2A,4,12,0.0357,0.0233
ACVR2B,4,10,0.0357,0.0195
ACVRL1,1,3,0.0089,0.0058
ACY1,1,9,0.0089,0.0175
ACY3,0,3,0.0,0.0058
ACYP1,1,0,0.0089,0.0
ACYP2,1,0,0.0089,0.0
ADA,2,11,0.0179,0.0214
ADA2,1,5,0.0089,0.0097
ADAD1,0,0,0.0,0.0
ADAD2,0,0,0.0,0.0
ADAL,0,0,0.0,0.0
ADAM10,2,43,0.0179,0.0837
ADAM11,0,2,0.0,0.0039
ADAM12,0,5,0.0,0.0097
ADAM15,0,3,0.0,0.0058
ADAM17,4,39,0.0357,0.0759
ADAM18,0,0,0.0,0.0
ADAM19,0,10,0.0,0.0195
ADAM2,0,3,0.0,0.0058
ADAM20,0,3,0.0,0.0058
ADAM21,0,3,0.0,0.0058
ADAM22,0,2,0.0,0.0039
ADAM23,0,2,0.0,0.0039
ADAM28,0,0,0.0,0.0
ADAM29,0,0,0.0,0.0
ADAM30,0,3,0.0,0.0058
ADAM32,0,0,0.0,0.0
ADAM33,0,8,0.0,0.0156
ADAM7,0,0,0.0,0.0
ADAM8,0,5,0.0,0.0097
ADAM9,0,3,0.0,0.0058
ADAMDEC1,0,0,0.0,0.0
ADAMTS1,0,11,0.0,0.0214
ADAMTS10,0,9,0.0,0.0175
ADAMTS12,0,9,0.0,0.0175
ADAMTS13,0,17,0.0,0.0331
ADAMTS14,0,12,0.0,0.0233
ADAMTS15,0,9,0.0,0.0175
ADAMTS16,0,11,0.0,0.0214
ADAMTS17,0,9,0.0,0.0175
ADAMTS18,0,11,0.0,0.0214
ADAMTS19,0,9,0.0,0.0175
ADAMTS2,0,12,0.0,0.0233
ADAMTS20,0,9,0.0,0.0175
ADAMTS3,0,12,0.0,0.0233
ADAMTS4,0,13,0.0,0.0253
ADAMTS5,0,13,0.0,0.0253
ADAMTS6,0,9,0.0,0.0175
ADAMTS7,0,9,0.0,0.0175
ADAMTS8,0,11,0.0,0.0214
ADAMTS9,0,11,0.0,0.0214
ADAMTSL1,0,9,0.0,0.0175
ADAMTSL2,0,9,0.0,0.0175
ADAMTSL3,0,9,0.0,0.0175
ADAMTSL4,0,9,0.0,0.0175
ADAMTSL5,0,9,0.0,0.0175
ADAP1,0,4,0.0,0.0078
ADAP2,0,0,0.0,0.0
ADAR,4,0,0.0357,0.0
ADARB1,0,5,0.0,0.0097
ADARB2,0,0,0.0,0.0
ADAT1,0,3,0.0,0.0058
ADAT2,0,3,0.0,0.0058
ADAT3,0,3,0.0,0.0058
ADCK1,0,0,0.0,0.0
ADCK2,0,0,0.0,0.0
ADCK3,0,0,0.0,0.0
ADCK4,0,0,0.0,0.0
ADCK5,0,0,0.0,0.0
ADCY1,49,72,0.4375,0.1401
ADCY10,6,3,0.0536,0.0058
ADCY2,47,69,0.4196,0.1342
ADCY3,49,71,0.4375,0.1381
ADCY4,47,69,0.4196,0.1342
ADCY5,52,72,0.4643,0.1401
ADCY6,49,72,0.4375,0.1401
ADCY7,46,69,0.4107,0.1342
ADCY8,48,74,0.4286,0.144
ADCY9,49,69,0.4375,0.1342
ADCYAP1,5,13,0.0446,0.0253
ADCYAP1R1,5,13,0.0446,0.0253
ADD1,0,12,0.0,0.0233
ADD2,0,2,0.0,0.0039
ADD3,0,8,0.0,0.0156
ADGB,0,0,0.0,0.0
ADGRA1,0,0,0.0,0.0
ADGRA2,0,0,0.0,0.0
ADGRA3,0,0,0.0,0.0
ADGRB1,1,0,0.0089,0.0
ADGRB2,0,0,0.0,0.0
ADGRB3,0,0,0.0,0.0
ADGRD1,0,0,0.0,0.0
ADGRD2,0,0,0.0,0.0
ADGRE1,0,4,0.0,0.0078
ADGRE2,0,4,0.0,0.0078
ADGRE3,0,7,0.0,0.0136
ADGRE5,0,7,0.0,0.0136
ADGRF1,0,0,0.0,0.0
ADGRF2,0,0,0.0,0.0
ADGRF3,0,0,0.0,0.0
ADGRF4,0,0,0.0,0.0
ADGRF5,0,2,0.0,0.0039
ADGRG1,0,0,0.0,0.0
ADGRG2,0,0,0.0,0.0
ADGRG3,0,3,0.0,0.0058
ADGRG4,0,0,0.0,0.0
ADGRG5,0,0,0.0,0.0
ADGRG6,0,3,0.0,0.0058
ADGRG7,0,0,0.0,0.0
ADGRL1,0,0,0.0,0.0
ADGRL2,0,0,0.0,0.0
ADGRL3,0,0,0.0,0.0
ADGRL4,0,0,0.0,0.0
ADGRV1,0,3,0.0,0.0058
ADH1A,8,11,0.0714,0.0214
ADH1B,8,4,0.0714,0.0078
ADH1C,8,8,0.0714,0.0156
ADH4,8,8,0.0714,0.0156
ADH5,8,4,0.0714,0.0078
ADH6,8,4,0.0714,0.0078
ADH7,8,6,0.0714,0.0117
ADHFE1,0,3,0.0,0.0058
ADI1,1,4,0.0089,0.0078
ADIG,0,0,0.0,0.0
ADIPOQ,6,12,0.0536,0.0233
ADIPOR1,4,3,0.0357,0.0058
ADIPOR2,4,3,0.0357,0.0058
ADIRF,0,3,0.0,0.0058
ADISSP,0,0,0.0,0.0
ADK,1,6,0.0089,0.0117
ADM,2,11,0.0179,0.0214
ADM2,0,7,0.0,0.0136
ADM5,0,0,0.0,0.0
ADNP,0,10,0.0,0.0195
ADNP2,0,5,0.0,0.0097
ADO,1,4,0.0089,0.0078
ADORA1,7,8,0.0625,0.0156
ADORA2A,7,16,0.0625,0.0311
ADORA2B,5,17,0.0446,0.0331
ADORA3,3,8,0.0268,0.0156
ADPGK,1,4,0.0089,0.0078
ADPRH,0,0,0.0,0.0
ADPRHL1,0,0,0.0,0.0
ADPRHL2,0,0,0.0,0.0
ADPRM,2,5,0.0179,0.0097
ADPRS,0,5,0.0,0.0097
ADRA1A,7,9,0.0625,0.0175
ADRA1B,6,9,0.0536,0.0175
ADRA1D,6,9,0.0536,0.0175
ADRA2A,2,19,0.0179,0.037
ADRA2B,2,13,0.0179,0.0253
ADRA2C,2,19,0.0179,0.037
ADRB1,10,8,0.0893,0.0156
ADRB2,8,16,0.0714,0.0311
ADRB3,7,8,0.0625,0.0156
ADRBK1,0,0,0.0,0.0
ADRBK2,0,0,0.0,0.0
ADRM1,9,200,0.0804,0.3891
ADSS1,2,4,0.0179,0.0078
ADSS2,2,4,0.0179,0.0078
ADSSL1,0,0,0.0,0.0
ADTRP,0,0,0.0,0.0
AEBP1,0,0,0.0,0.0
AEBP2,0,6,0.0,0.0117
AEN,0,0,0.0,0.0
AES,0,0,0.0,0.0
AFAP1,0,0,0.0,0.0
AFAP1L1,0,0,0.0,0.0
AFAP1L2,0,0,0.0,0.0
AFDN,6,8,0.0536,0.0156
AFF1,1,0,0.0089,0.0
AFF2,0,0,0.0,0.0
AFF3,0,0,0.0,0.0
AFF4,0,5,0.0,0.0097
AFG1L,0,0,0.0,0.0
AFG2A,1,0,0.0089,0.0
AFG2B,0,0,0.0,0.0
AFG3L2,1,5,0.0089,0.0097
AFM,0,0,0.0,0.0
AFMID,2,3,0.0179,0.0058
AFP,1,4,0.0089,0.0078
AFTPH,0,0,0.0,0.0
AGA,2,3,0.0179,0.0058
AGAP1,1,0,0.0089,0.0
AGAP11,0,0,0.0,0.0
AGAP2,2,4,0.0179,0.0078
AGAP3,1,0,0.0089,0.0
AGAP4,1,0,0.0089,0.0
AGAP5,1,0,0.0089,0.0
AGAP6,1,0,0.0089,0.0
AGAP7P,0,0,0.0,0.0
AGAP9,1,0,0.0089,0.0
AGBL1,0,3,0.0,0.0058
AGBL2,0,3,0.0,0.0058
AGBL3,0,3,0.0,0.0058
AGBL4,0,3,0.0,0.0058
AGBL5,0,3,0.0,0.0058
AGER,6,29,0.0536,0.0564
AGFG1,0,4,0.0,0.0078
AGFG2,0,0,0.0,0.0
AGGF1,0,4,0.0,0.0078
AGK,1,8,0.0089,0.0156
AGL,1,7,0.0089,0.0136
AGMAT,1,4,0.0089,0.0078
AGMO,0,4,0.0,0.0078
AGO1,0,85,0.0,0.1654
AGO2,0,81,0.0,0.1576
AGO3,0,84,0.0,0.1634
AGO4,0,84,0.0,0.1634
AGPAT1,4,7,0.0357,0.0136
AGPAT2,4,14,0.0357,0.0272
AGPAT3,3,10,0.0268,0.0195
AGPAT4,3,5,0.0268,0.0097
AGPAT5,3,5,0.0268,0.0097
AGPAT6,0,0,0.0,0.0
AGPAT9,0,0,0.0,0.0
AGPS,2,9,0.0179,0.0175
AGR2,0,0,0.0,0.0
AGR3,0,0,0.0,0.0
AGRN,1,62,0.0089,0.1206
AGRP,1,5,0.0089,0.0097
AGT,15,23,0.1339,0.0447
AGTPBP1,0,3,0.0,0.0058
AGTR1,16,11,0.1429,0.0214
AGTR2,3,7,0.0268,0.0136
AGTRAP,0,4,0.0,0.0078
AGXT,4,7,0.0357,0.0136
AGXT2,4,7,0.0357,0.0136
AHCTF1,0,27,0.0,0.0525
AHCYL1,1,41,0.0089,0.0798
AHCYL2,1,4,0.0089,0.0078
AHDC1,0,0,0.0,0.0
AHI1,0,4,0.0,0.0078
AHNAK,1,0,0.0089,0.0
AHNAK2,1,0,0.0089,0.0
AHR,2,10,0.0179,0.0195
AHRR,0,10,0.0,0.0195
AHSA1,0,0,0.0,0.0
AHSA2,0,0,0.0,0.0
AHSG,0,11,0.0,0.0214
AHSP,0,0,0.0,0.0
AICDA,2,3,0.0179,0.0058
AIDA,0,0,0.0,0.0
AIF1,0,0,0.0,0.0
AIF1L,0,0,0.0,0.0
AIFM1,2,0,0.0179,0.0
AIFM2,1,6,0.0089,0.0117
AIFM3,0,0,0.0,0.0
AIG1,0,0,0.0,0.0
AIM1,0,0,0.0,0.0
AIM1L,0,0,0.0,0.0
AIM2,2,11,0.0179,0.0214
AIMP1,0,10,0.0,0.0195
AIMP2,0,10,0.0,0.0195
AIP,1,10,0.0089,0.0195
AIPL1,1,0,0.0089,0.0
AIRE,2,0,0.0179,0.0
AIRIM,0,0,0.0,0.0
AJAP1,0,0,0.0,0.0
AJM1,0,0,0.0,0.0
AJUBA,2,22,0.0179,0.0428
AK1,2,3,0.0179,0.0058
AK2,2,3,0.0179,0.0058
AK3,1,2,0.0089,0.0039
AK4,2,3,0.0179,0.0058
AK5,2,3,0.0179,0.0058
AK6,2,3,0.0179,0.0058
AK7,2,3,0.0179,0.0058
AK8,2,3,0.0179,0.0058
AK9,2,3,0.0179,0.0058
AKAIN1,0,0,0.0,0.0
AKAP1,0,4,0.0,0.0078
AKAP10,0,2,0.0,0.0039
AKAP11,0,0,0.0,0.0
AKAP12,0,6,0.0,0.0117
AKAP13,2,14,0.0179,0.0272
AKAP14,0,0,0.0,0.0
AKAP17A,0,0,0.0,0.0
AKAP2,0,0,0.0,0.0
AKAP3,0,0,0.0,0.0
AKAP4,0,0,0.0,0.0
AKAP5,0,19,0.0,0.037
AKAP6,0,0,0.0,0.0
AKAP7,0,0,0.0,0.0
AKAP8,0,0,0.0,0.0
AKAP8L,0,4,0.0,0.0078
AKAP9,0,25,0.0,0.0486
AKIP1,0,0,0.0,0.0
AKIRIN1,0,0,0.0,0.0
AKIRIN2,0,0,0.0,0.0
AKNA,0,0,0.0,0.0
AKNAD1,0,0,0.0,0.0
AKR1A1,5,6,0.0446,0.0117
AKR1B1,5,11,0.0446,0.0214
AKR1B10,5,6,0.0446,0.0117
AKR1B15,0,5,0.0,0.0097
AKR1C1,2,15,0.0179,0.0292
AKR1C2,2,8,0.0179,0.0156
AKR1C3,4,20,0.0357,0.0389
AKR1C4,2,13,0.0179,0.0253
AKR1D1,2,8,0.0179,0.0156
AKR1E2,0,4,0.0,0.0078
AKR7A2,1,3,0.0089,0.0058
AKR7A3,1,3,0.0089,0.0058
AKT1,94,126,0.8393,0.2451
AKT1S1,7,14,0.0625,0.0272
AKT2,94,116,0.8393,0.2257
AKT3,94,90,0.8393,0.1751
AKTIP,0,0,0.0,0.0
ALAD,1,6,0.0089,0.0117
ALAS1,2,11,0.0179,0.0214
ALAS2,2,3,0.0179,0.0058
ALB,1,31,0.0089,0.0603
ALCAM,1,4,0.0089,0.0078
ALDH16A1,0,0,0.0,0.0
ALDH18A1,1,5,0.0089,0.0097
ALDH1A1,1,18,0.0089,0.035
ALDH1A2,1,4,0.0089,0.0078
ALDH1A3,1,12,0.0089,0.0233
ALDH1B1,12,6,0.1071,0.0117
ALDH1L1,1,4,0.0089,0.0078
ALDH1L2,1,4,0.0089,0.0078
ALDH2,12,13,0.1071,0.0253
ALDH3A1,8,3,0.0714,0.0058
ALDH3A2,12,18,0.1071,0.035
ALDH3B1,8,7,0.0714,0.0136
ALDH3B2,8,4,0.0714,0.0078
ALDH4A1,2,4,0.0179,0.0078
ALDH5A1,2,5,0.0179,0.0097
ALDH6A1,4,3,0.0357,0.0058
ALDH7A1,12,4,0.1071,0.0078
ALDH8A1,1,4,0.0089,0.0078
ALDH9A1,11,3,0.0982,0.0058
ALDOA,4,12,0.0357,0.0233
ALDOB,4,11,0.0357,0.0214
ALDOC,4,8,0.0357,0.0156
ALG10,1,4,0.0089,0.0078
ALG10B,1,4,0.0089,0.0078
ALG11,2,9,0.0179,0.0175
ALG12,2,9,0.0179,0.0175
ALG13,2,9,0.0179,0.0175
ALG1L,0,0,0.0,0.0
ALG1L2,0,0,0.0,0.0
ALG3,2,9,0.0179,0.0175
ALG5,1,6,0.0089,0.0117
ALG6,1,9,0.0089,0.0175
ALG8,1,9,0.0089,0.0175
ALG9,2,9,0.0179,0.0175
ALK,3,21,0.0268,0.0409
ALKAL1,0,7,0.0,0.0136
ALKAL2,0,7,0.0,0.0136
ALKBH1,0,0,0.0,0.0
ALKBH2,0,4,0.0,0.0078
ALKBH3,0,4,0.0,0.0078
ALKBH4,0,0,0.0,0.0
ALKBH5,0,3,0.0,0.0058
ALKBH6,0,0,0.0,0.0
ALKBH7,0,0,0.0,0.0
ALKBH8,0,3,0.0,0.0058
ALLC,1,0,0.0089,0.0
ALMS1,0,17,0.0,0.0331
ALOX12,3,13,0.0268,0.0253
ALOX12B,2,5,0.0179,0.0097
ALOX15,5,21,0.0446,0.0409
ALOX15B,2,5,0.0179,0.0097
ALOX5,5,29,0.0446,0.0564
ALOX5AP,1,8,0.0089,0.0156
ALOXE3,0,5,0.0,0.0097
ALPG,2,3,0.0179,0.0058
ALPI,2,10,0.0179,0.0195
ALPK1,0,24,0.0,0.0467
ALPK2,0,0,0.0,0.0
ALPK3,0,0,0.0,0.0
ALPL,2,3,0.0179,0.0058
ALPP,2,4,0.0179,0.0078
ALPPL2,0,0,0.0,0.0
ALS2,2,9,0.0179,0.0175
ALS2CL,0,4,0.0,0.0078
ALS2CR11,0,0,0.0,0.0
ALS2CR12,0,0,0.0,0.0
ALX1,0,0,0.0,0.0
ALX3,0,6,0.0,0.0117
ALX4,0,0,0.0,0.0
ALYREF,5,16,0.0446,0.0311
AMACR,2,14,0.0179,0.0272
AMBN,0,4,0.0,0.0078
AMBP,0,3,0.0,0.0058
AMBRA1,7,2,0.0625,0.0039
AMD1,2,3,0.0179,0.0058
AMDHD1,1,3,0.0089,0.0058
AMDHD2,1,6,0.0089,0.0117
AMELX,0,4,0.0,0.0078
AMELY,0,0,0.0,0.0
AMER1,0,32,0.0,0.0623
AMER2,0,0,0.0,0.0
AMER3,0,0,0.0,0.0
AMFR,1,6,0.0089,0.0117
AMH,4,5,0.0357,0.0097
AMHR2,2,3,0.0179,0.0058
AMICA1,0,0,0.0,0.0
AMIGO1,0,0,0.0,0.0
AMIGO2,0,6,0.0,0.0117
AMIGO3,0,0,0.0,0.0
AMMECR1,0,0,0.0,0.0
AMMECR1L,0,0,0.0,0.0
AMN,0,15,0.0,0.0292
AMN1,0,0,0.0,0.0
AMOT,2,10,0.0179,0.0195
AMOTL1,1,2,0.0089,0.0039
AMOTL2,1,2,0.0089,0.0039
AMPD1,1,4,0.0089,0.0078
AMPD2,1,4,0.0089,0.0078
AMPD3,1,7,0.0089,0.0136
AMPH,2,3,0.0179,0.0058
AMT,3,4,0.0268,0.0078
AMTN,0,4,0.0,0.0078
AMY1A,4,3,0.0357,0.0058
AMY1B,4,3,0.0357,0.0058
AMY1C,4,3,0.0357,0.0058
AMY2A,4,7,0.0357,0.0136
AMY2B,4,3,0.0357,0.0058
AMZ1,0,0,0.0,0.0
AMZ2,0,0,0.0,0.0
ANAPC1,5,47,0.0446,0.0914
ANAPC10,5,47,0.0446,0.0914
ANAPC11,5,47,0.0446,0.0914
ANAPC13,4,4,0.0357,0.0078
ANAPC15,0,43,0.0,0.0837
ANAPC16,0,43,0.0,0.0837
ANAPC7,5,47,0.0446,0.0914
ANG,1,7,0.0089,0.0136
ANGEL1,0,0,0.0,0.0
ANGEL2,0,0,0.0,0.0
ANGPT1,6,10,0.0536,0.0195
ANGPT2,6,3,0.0536,0.0058
ANGPT4,5,3,0.0446,0.0058
ANGPTL1,0,0,0.0,0.0
ANGPTL2,0,0,0.0,0.0
ANGPTL3,1,8,0.0089,0.0156
ANGPTL4,2,25,0.0179,0.0486
ANGPTL5,0,0,0.0,0.0
ANGPTL6,0,0,0.0,0.0
ANGPTL7,0,0,0.0,0.0
ANGPTL8,1,4,0.0089,0.0078
ANHX,0,0,0.0,0.0
ANK1,1,22,0.0089,0.0428
ANK2,1,18,0.0089,0.035
ANK3,1,26,0.0089,0.0506
ANKAR,0,0,0.0,0.0
ANKDD1A,0,0,0.0,0.0
ANKDD1B,0,0,0.0,0.0
ANKEF1,0,0,0.0,0.0
ANKFN1,0,0,0.0,0.0
ANKFY1,0,5,0.0,0.0097
ANKH,0,2,0.0,0.0039
ANKHD1,0,0,0.0,0.0
ANKHD1-EIF4EBP3,0,0,0.0,0.0
ANKIB1,0,0,0.0,0.0
ANKK1,0,0,0.0,0.0
ANKLE1,0,0,0.0,0.0
ANKLE2,0,13,0.0,0.0253
ANKMY1,0,0,0.0,0.0
ANKMY2,0,0,0.0,0.0
ANKRA2,0,0,0.0,0.0
ANKRD1,0,4,0.0,0.0078
ANKRD10,0,0,0.0,0.0
ANKRD11,0,0,0.0,0.0
ANKRD12,0,0,0.0,0.0
ANKRD13A,0,0,0.0,0.0
ANKRD13B,0,0,0.0,0.0
ANKRD13C,0,0,0.0,0.0
ANKRD13D,0,0,0.0,0.0
ANKRD16,0,0,0.0,0.0
ANKRD17,0,0,0.0,0.0
ANKRD18A,0,0,0.0,0.0
ANKRD18B,0,0,0.0,0.0
ANKRD2,0,0,0.0,0.0
ANKRD20A1,0,0,0.0,0.0
ANKRD20A2,0,0,0.0,0.0
ANKRD20A3,0,0,0.0,0.0
ANKRD20A4,0,0,0.0,0.0
ANKRD22,0,0,0.0,0.0
ANKRD23,0,0,0.0,0.0
ANKRD24,0,0,0.0,0.0
ANKRD26,0,7,0.0,0.0136
ANKRD27,0,4,0.0,0.0078
ANKRD28,0,13,0.0,0.0253
ANKRD29,0,0,0.0,0.0
ANKRD30A,0,6,0.0,0.0117
ANKRD30B,0,0,0.0,0.0
ANKRD31,0,0,0.0,0.0
ANKRD32,0,0,0.0,0.0
ANKRD33,0,0,0.0,0.0
ANKRD33B,0,0,0.0,0.0
ANKRD34A,0,0,0.0,0.0
ANKRD34B,0,0,0.0,0.0
ANKRD34C,0,0,0.0,0.0
ANKRD35,0,0,0.0,0.0
ANKRD36,0,0,0.0,0.0
ANKRD36B,0,0,0.0,0.0
ANKRD36C,0,0,0.0,0.0
ANKRD37,0,0,0.0,0.0
ANKRD39,0,0,0.0,0.0
ANKRD40,0,0,0.0,0.0
ANKRD42,0,0,0.0,0.0
ANKRD44,0,0,0.0,0.0
ANKRD45,0,0,0.0,0.0
ANKRD46,0,0,0.0,0.0
ANKRD49,0,0,0.0,0.0
ANKRD50,0,0,0.0,0.0
ANKRD52,0,0,0.0,0.0
ANKRD53,0,0,0.0,0.0
ANKRD54,0,0,0.0,0.0
ANKRD55,0,0,0.0,0.0
ANKRD6,0,0,0.0,0.0
ANKRD60,0,0,0.0,0.0
ANKRD61,0,0,0.0,0.0
ANKRD62,0,0,0.0,0.0
ANKRD63,0,0,0.0,0.0
ANKRD65,0,0,0.0,0.0
ANKRD66,0,0,0.0,0.0
ANKRD7,0,0,0.0,0.0
ANKRD9,0,3,0.0,0.0058
ANKS1A,0,0,0.0,0.0
ANKS1B,0,0,0.0,0.0
ANKS3,0,0,0.0,0.0
ANKS4B,0,0,0.0,0.0
ANKS6,0,0,0.0,0.0
ANKUB1,0,0,0.0,0.0
ANKZF1,0,4,0.0,0.0078
ANLN,0,7,0.0,0.0136
ANO1,0,10,0.0,0.0195
ANO10,0,10,0.0,0.0195
ANO2,1,12,0.0089,0.0233
ANO3,0,10,0.0,0.0195
ANO4,0,10,0.0,0.0195
ANO5,0,13,0.0,0.0253
ANO6,0,20,0.0,0.0389
ANO7,0,10,0.0,0.0195
ANO8,0,14,0.0,0.0272
ANO9,0,10,0.0,0.0195
ANOS1,0,7,0.0,0.0136
ANP32A,0,3,0.0,0.0058
ANP32B,0,0,0.0,0.0
ANP32C,0,0,0.0,0.0
ANP32D,0,0,0.0,0.0
ANP32E,0,0,0.0,0.0
ANPEP,3,6,0.0268,0.0117
ANTKMT,0,0,0.0,0.0
ANTXR1,1,5,0.0089,0.0097
ANTXR2,1,5,0.0089,0.0097
ANTXRL,0,0,0.0,0.0
ANXA1,0,19,0.0,0.037
ANXA10,0,0,0.0,0.0
ANXA11,1,0,0.0089,0.0
ANXA13,0,0,0.0,0.0
ANXA2,1,24,0.0089,0.0467
ANXA2R,0,0,0.0,0.0
ANXA3,0,4,0.0,0.0078
ANXA4,0,0,0.0,0.0
ANXA5,0,4,0.0,0.0078
ANXA6,0,2,0.0,0.0039
ANXA7,1,0,0.0089,0.0
ANXA8,0,0,0.0,0.0
ANXA8L1,0,0,0.0,0.0
ANXA9,0,0,0.0,0.0
AOAH,0,0,0.0,0.0
AOC1,3,8,0.0268,0.0156
AOC2,4,3,0.0357,0.0058
AOC3,4,3,0.0357,0.0058
AOPEP,0,0,0.0,0.0
AOX1,8,4,0.0714,0.0078
AP1AR,0,0,0.0,0.0
AP1B1,2,16,0.0179,0.0311
AP1G1,2,16,0.0179,0.0311
AP1G2,2,4,0.0179,0.0078
AP1M1,2,18,0.0179,0.035
AP1M2,2,16,0.0179,0.0311
AP1S1,2,16,0.0179,0.0311
AP1S2,2,16,0.0179,0.0311
AP1S3,2,16,0.0179,0.0311
AP2A1,4,58,0.0357,0.1128
AP2A2,4,60,0.0357,0.1167
AP2B1,4,58,0.0357,0.1128
AP2M1,4,63,0.0357,0.1226
AP2S1,4,58,0.0357,0.1128
AP3B1,1,8,0.0089,0.0156
AP3B2,1,0,0.0089,0.0
AP3D1,1,0,0.0089,0.0
AP3M1,1,4,0.0089,0.0078
AP3M2,1,0,0.0089,0.0
AP3S1,1,4,0.0089,0.0078
AP3S2,1,0,0.0089,0.0
AP4B1,1,5,0.0089,0.0097
AP4E1,1,5,0.0089,0.0097
AP4M1,1,4,0.0089,0.0078
AP4S1,1,4,0.0089,0.0078
AP5B1,0,0,0.0,0.0
AP5M1,0,0,0.0,0.0
AP5S1,0,0,0.0,0.0
AP5Z1,0,0,0.0,0.0
APAF1,20,28,0.1786,0.0545
APBA1,0,11,0.0,0.0214
APBA2,0,3,0.0,0.0058
APBA3,0,3,0.0,0.0058
APBB1,1,4,0.0089,0.0078
APBB1IP,2,21,0.0179,0.0409
APBB2,0,0,0.0,0.0
APBB3,0,0,0.0,0.0
APC,16,35,0.1429,0.0681
APC2,16,0,0.1429,0.0
APCDD1,0,0,0.0,0.0
APCDD1L,0,0,0.0,0.0
APCS,0,2,0.0,0.0039
APEH,0,6,0.0,0.0117
APELA,0,0,0.0,0.0
APEX1,1,9,0.0089,0.0175
APEX2,1,0,0.0089,0.0
APH1A,2,38,0.0179,0.0739
APH1B,2,38,0.0179,0.0739
API5,0,0,0.0,0.0
APIP,1,11,0.0089,0.0214
APITD1,0,0,0.0,0.0
APITD1-CORT,0,0,0.0,0.0
APLF,0,0,0.0,0.0
APLN,2,7,0.0179,0.0136
APLNR,2,7,0.0179,0.0136
APLP1,0,0,0.0,0.0
APLP2,0,8,0.0,0.0156
APMAP,0,0,0.0,0.0
APOA1,6,59,0.0536,0.1148
APOA1BP,0,0,0.0,0.0
APOA2,2,25,0.0179,0.0486
APOA4,4,24,0.0357,0.0467
APOA5,1,16,0.0089,0.0311
APOB,4,59,0.0357,0.1148
APOBEC1,0,4,0.0,0.0078
APOBEC2,0,4,0.0,0.0078
APOBEC3A,1,4,0.0089,0.0078
APOBEC3B,1,4,0.0089,0.0078
APOBEC3C,1,4,0.0089,0.0078
APOBEC3D,1,0,0.0089,0.0
APOBEC3F,1,0,0.0089,0.0
APOBEC3G,1,7,0.0089,0.0136
APOBEC3H,1,4,0.0089,0.0078
APOBEC4,0,4,0.0,0.0078
APOBR,0,4,0.0,0.0078
APOC1,1,14,0.0089,0.0272
APOC2,1,27,0.0089,0.0525
APOC3,2,19,0.0179,0.037
APOC4,0,14,0.0,0.0272
APOD,0,8,0.0,0.0156
APOE,2,47,0.0179,0.0914
APOF,0,4,0.0,0.0078
APOH,1,4,0.0089,0.0078
APOL1,1,7,0.0089,0.0136
APOL2,0,0,0.0,0.0
APOL3,0,0,0.0,0.0
APOL4,0,0,0.0,0.0
APOL5,0,0,0.0,0.0
APOL6,0,0,0.0,0.0
APOLD1,0,0,0.0,0.0
APOM,0,6,0.0,0.0117
APOO,0,3,0.0,0.0058
APOOL,0,7,0.0,0.0136
APOPT1,0,0,0.0,0.0
APP,3,79,0.0268,0.1537
APPBP2,0,0,0.0,0.0
APPL1,3,4,0.0268,0.0078
APPL2,0,0,0.0,0.0
APRT,1,12,0.0089,0.0233
APTX,0,0,0.0,0.0
AQP1,3,11,0.0268,0.0214
AQP10,0,3,0.0,0.0058
AQP11,0,3,0.0,0.0058
AQP12A,0,3,0.0,0.0058
AQP12B,0,0,0.0,0.0
AQP2,1,4,0.0089,0.0078
AQP3,1,8,0.0089,0.0156
AQP4,2,4,0.0179,0.0078
AQP5,1,3,0.0089,0.0058
AQP6,0,3,0.0,0.0058
AQP7,2,4,0.0179,0.0078
AQP8,1,11,0.0089,0.0214
AQP9,2,4,0.0179,0.0078
AR,3,29,0.0268,0.0564
ARAF,33,20,0.2946,0.0389
ARAP1,1,10,0.0089,0.0195
ARAP2,1,8,0.0089,0.0156
ARAP3,3,8,0.0268,0.0156
ARB2A,0,0,0.0,0.0
ARC,1,12,0.0089,0.0233
AREG,5,49,0.0446,0.0953
AREL1,0,4,0.0,0.0078
ARF1,7,39,0.0625,0.0759
ARF3,1,16,0.0089,0.0311
ARF4,1,21,0.0089,0.0409
ARF5,1,11,0.0089,0.0214
ARF6,8,9,0.0714,0.0175
ARFGAP1,1,17,0.0089,0.0331
ARFGAP2,1,16,0.0089,0.0311
ARFGAP3,1,17,0.0089,0.0331
ARFGEF1,1,0,0.0089,0.0
ARFGEF2,1,4,0.0089,0.0078
ARFGEF3,0,0,0.0,0.0
ARFIP1,0,0,0.0,0.0
ARFIP2,0,4,0.0,0.0078
ARFRP1,0,8,0.0,0.0156
ARG1,3,10,0.0268,0.0195
ARG2,3,5,0.0268,0.0097
ARGFX,0,0,0.0,0.0
ARGLU1,0,0,0.0,0.0
ARHGAP1,0,17,0.0,0.0331
ARHGAP10,1,11,0.0089,0.0214
ARHGAP11A,0,5,0.0,0.0097
ARHGAP11B,0,6,0.0,0.0117
ARHGAP12,0,8,0.0,0.0156
ARHGAP15,0,6,0.0,0.0117
ARHGAP17,1,10,0.0089,0.0195
ARHGAP18,0,6,0.0,0.0117
ARHGAP19,0,5,0.0,0.0097
ARHGAP20,0,7,0.0,0.0136
ARHGAP21,0,17,0.0,0.0331
ARHGAP22,0,7,0.0,0.0136
ARHGAP23,0,6,0.0,0.0117
ARHGAP24,0,7,0.0,0.0136
ARHGAP25,0,5,0.0,0.0097
ARHGAP26,0,14,0.0,0.0272
ARHGAP27,0,6,0.0,0.0117
ARHGAP28,0,5,0.0,0.0097
ARHGAP29,0,7,0.0,0.0136
ARHGAP30,0,8,0.0,0.0156
ARHGAP31,0,8,0.0,0.0156
ARHGAP32,0,24,0.0,0.0467
ARHGAP33,0,7,0.0,0.0136
ARHGAP35,4,27,0.0357,0.0525
ARHGAP36,0,0,0.0,0.0
ARHGAP39,0,19,0.0,0.037
ARHGAP4,0,7,0.0,0.0136
ARHGAP40,0,6,0.0,0.0117
ARHGAP42,0,9,0.0,0.0175
ARHGAP44,0,7,0.0,0.0136
ARHGAP45,0,10,0.0,0.0195
ARHGAP5,2,18,0.0179,0.035
ARHGAP6,0,6,0.0,0.0117
ARHGAP8,0,5,0.0,0.0097
ARHGAP9,0,10,0.0,0.0195
ARHGDIA,2,16,0.0179,0.0311
ARHGDIB,2,10,0.0179,0.0195
ARHGDIG,2,8,0.0179,0.0156
ARHGEF1,10,14,0.0893,0.0272
ARHGEF10,0,16,0.0,0.0311
ARHGEF10L,0,14,0.0,0.0272
ARHGEF11,5,22,0.0446,0.0428
ARHGEF12,11,21,0.0982,0.0409
ARHGEF15,0,14,0.0,0.0272
ARHGEF16,0,13,0.0,0.0253
ARHGEF17,0,14,0.0,0.0272
ARHGEF18,1,20,0.0089,0.0389
ARHGEF19,0,14,0.0,0.0272
ARHGEF2,4,13,0.0357,0.0253
ARHGEF25,0,12,0.0,0.0233
ARHGEF26,2,13,0.0179,0.0253
ARHGEF28,1,12,0.0089,0.0233
ARHGEF3,0,13,0.0,0.0253
ARHGEF33,0,8,0.0,0.0156
ARHGEF35,0,8,0.0,0.0156
ARHGEF37,0,8,0.0,0.0156
ARHGEF38,0,8,0.0,0.0156
ARHGEF39,0,12,0.0,0.0233
ARHGEF4,1,20,0.0089,0.0389
ARHGEF40,0,13,0.0,0.0253
ARHGEF5,0,17,0.0,0.0331
ARHGEF6,2,20,0.0179,0.0389
ARHGEF7,2,32,0.0179,0.0623
ARHGEF9,0,21,0.0,0.0409
ARID1A,2,38,0.0179,0.0739
ARID1B,2,28,0.0179,0.0545
ARID2,1,11,0.0089,0.0214
ARID3A,0,6,0.0,0.0117
ARID3B,0,0,0.0,0.0
ARID3C,0,0,0.0,0.0
ARID4A,0,8,0.0,0.0156
ARID4B,0,12,0.0,0.0233
ARID5A,0,0,0.0,0.0
ARID5B,0,3,0.0,0.0058
ARIH2,0,4,0.0,0.0078
ARIH2OS,0,0,0.0,0.0
ARK2C,0,0,0.0,0.0
ARK2N,0,0,0.0,0.0
ARL1,0,4,0.0,0.0078
ARL10,0,0,0.0,0.0
ARL11,0,0,0.0,0.0
ARL13A,0,0,0.0,0.0
ARL13B,0,21,0.0,0.0409
ARL14,0,0,0.0,0.0
ARL14EP,0,0,0.0,0.0
ARL14EPL,0,0,0.0,0.0
ARL15,0,0,0.0,0.0
ARL16,0,0,0.0,0.0
ARL17A,0,0,0.0,0.0
ARL17B,0,0,0.0,0.0
ARL2BP,0,4,0.0,0.0078
ARL3,0,5,0.0,0.0097
ARL4A,0,0,0.0,0.0
ARL4C,0,4,0.0,0.0078
ARL4D,0,0,0.0,0.0
ARL5A,0,0,0.0,0.0
ARL5B,0,0,0.0,0.0
ARL5C,0,0,0.0,0.0
ARL6,0,5,0.0,0.0097
ARL6IP1,0,0,0.0,0.0
ARL6IP4,0,0,0.0,0.0
ARL6IP5,0,4,0.0,0.0078
ARL6IP6,0,0,0.0,0.0
ARL8A,1,3,0.0089,0.0058
ARL8B,1,0,0.0089,0.0
ARL9,0,0,0.0,0.0
ARMC1,0,0,0.0,0.0
ARMC10,0,0,0.0,0.0
ARMC12,0,0,0.0,0.0
ARMC2,0,0,0.0,0.0
ARMC3,0,0,0.0,0.0
ARMC4,0,0,0.0,0.0
ARMC5,1,0,0.0089,0.0
ARMC6,0,0,0.0,0.0
ARMC7,0,0,0.0,0.0
ARMC8,0,7,0.0,0.0136
ARMC9,0,0,0.0,0.0
ARMCX1,0,0,0.0,0.0
ARMCX2,0,0,0.0,0.0
ARMCX3,0,5,0.0,0.0097
ARMCX4,0,0,0.0,0.0
ARMCX5,0,0,0.0,0.0
ARMCX5-GPRASP2,0,0,0.0,0.0
ARMCX6,0,0,0.0,0.0
ARMH1,0,0,0.0,0.0
ARMH2,0,0,0.0,0.0
ARMH3,0,0,0.0,0.0
ARMH4,0,0,0.0,0.0
ARMS2,0,0,0.0,0.0
ARMT1,0,0,0.0,0.0
ARNT,5,24,0.0446,0.0467
ARNT2,3,20,0.0268,0.0389
ARNTL,0,0,0.0,0.0
ARNTL2,0,0,0.0,0.0
ARPC1A,9,40,0.0804,0.0778
ARPC1B,9,37,0.0804,0.072
ARPC2,9,40,0.0804,0.0778
ARPC3,9,40,0.0804,0.0778
ARPC4,9,40,0.0804,0.0778
ARPC4-TTLL3,0,0,0.0,0.0
ARPC5,9,41,0.0804,0.0798
ARPC5L,9,0,0.0804,0.0
ARPIN,0,0,0.0,0.0
ARPP19,0,10,0.0,0.0195
ARPP21,0,0,0.0,0.0
ARR3,0,0,0.0,0.0
ARRB1,10,45,0.0893,0.0875
ARRB2,10,46,0.0893,0.0895
ARRDC1,0,0,0.0,0.0
ARRDC1-AS1,0,0,0.0,0.0
ARRDC2,0,0,0.0,0.0
ARRDC3,0,0,0.0,0.0
ARRDC4,0,0,0.0,0.0
ARRDC5,0,0,0.0,0.0
ARSA,2,12,0.0179,0.0233
ARSB,2,21,0.0179,0.0409
ARSD,0,9,0.0,0.0175
ARSE,0,0,0.0,0.0
ARSF,0,9,0.0,0.0175
ARSG,1,9,0.0089,0.0175
ARSH,0,9,0.0,0.0175
ARSI,0,9,0.0,0.0175
ARSJ,0,9,0.0,0.0175
ARSK,0,9,0.0,0.0175
ARSL,0,9,0.0,0.0175
ART1,0,5,0.0,0.0097
ART3,0,3,0.0,0.0058
ART4,0,3,0.0,0.0058
ART5,0,0,0.0,0.0
ARTN,0,13,0.0,0.0253
ARV1,0,4,0.0,0.0078
ARVCF,0,0,0.0,0.0
ARX,0,0,0.0,0.0
AS3MT,0,4,0.0,0.0078
ASAH1,3,12,0.0268,0.0233
ASAH2,2,5,0.0179,0.0097
ASAH2B,0,0,0.0,0.0
ASAP1,2,10,0.0179,0.0195
ASAP2,2,0,0.0179,0.0
ASAP3,2,0,0.0179,0.0
ASB1,0,7,0.0,0.0136
ASB10,0,7,0.0,0.0136
ASB11,0,7,0.0,0.0136
ASB12,0,7,0.0,0.0136
ASB13,0,7,0.0,0.0136
ASB14,0,7,0.0,0.0136
ASB15,0,7,0.0,0.0136
ASB16,0,7,0.0,0.0136
ASB17,0,7,0.0,0.0136
ASB18,0,7,0.0,0.0136
ASB2,0,7,0.0,0.0136
ASB3,0,7,0.0,0.0136
ASB4,0,7,0.0,0.0136
ASB5,0,7,0.0,0.0136
ASB6,0,7,0.0,0.0136
ASB7,0,7,0.0,0.0136
ASB8,0,7,0.0,0.0136
ASB9,0,7,0.0,0.0136
ASCC1,0,4,0.0,0.0078
ASCC2,0,8,0.0,0.0156
ASCC3,0,8,0.0,0.0156
ASCL1,0,12,0.0,0.0233
ASCL2,0,0,0.0,0.0
ASCL3,0,0,0.0,0.0
ASCL4,0,0,0.0,0.0
ASCL5,0,0,0.0,0.0
ASF1A,0,5,0.0,0.0097
ASF1B,0,0,0.0,0.0
ASGR1,1,3,0.0089,0.0058
ASGR2,1,3,0.0089,0.0058
ASH1L,1,3,0.0089,0.0058
ASH2L,1,38,0.0089,0.0739
ASIC1,1,3,0.0089,0.0058
ASIC2,2,3,0.0179,0.0058
ASIC3,1,3,0.0089,0.0058
ASIC4,1,3,0.0089,0.0058
ASIC5,1,3,0.0089,0.0058
ASIP,1,0,0.0089,0.0
ASL,2,7,0.0179,0.0136
ASMT,1,4,0.0089,0.0078
ASMTL,0,0,0.0,0.0
ASNA1,0,0,0.0,0.0
ASNS,1,11,0.0089,0.0214
ASNSD1,0,0,0.0,0.0
ASPA,2,3,0.0179,0.0058
ASPDH,1,0,0.0089,0.0
ASPG,0,3,0.0,0.0058
ASPH,2,10,0.0179,0.0195
ASPHD1,0,0,0.0,0.0
ASPHD2,0,0,0.0,0.0
ASPM,0,0,0.0,0.0
ASPN,0,2,0.0,0.0039
ASPRV1,0,0,0.0,0.0
ASPSCR1,1,3,0.0089,0.0058
ASRGL1,1,4,0.0089,0.0078
ASS1,3,7,0.0268,0.0136
ASTE1,0,0,0.0,0.0
ASTL,0,0,0.0,0.0
ASTN1,0,0,0.0,0.0
ASTN2,0,0,0.0,0.0
ASUN,0,0,0.0,0.0
ASXL1,0,4,0.0,0.0078
ASXL2,0,4,0.0,0.0078
ASXL3,0,0,0.0,0.0
ASZ1,0,3,0.0,0.0058
ATAD1,0,2,0.0,0.0039
ATAD2,0,5,0.0,0.0097
ATAD2B,0,0,0.0,0.0
ATAD3A,0,0,0.0,0.0
ATAD3B,0,3,0.0,0.0058
ATAD3C,0,0,0.0,0.0
ATAD5,0,0,0.0,0.0
ATAT1,0,4,0.0,0.0078
ATCAY,0,0,0.0,0.0
ATE1,0,0,0.0,0.0
ATF1,2,36,0.0179,0.07
ATF2,26,69,0.2321,0.1342
ATF3,0,17,0.0,0.0331
ATF4,39,25,0.3482,0.0486
ATF5,0,7,0.0,0.0136
ATF6,6,16,0.0536,0.0311
ATF6B,24,8,0.2143,0.0156
ATF7,0,0,0.0,0.0
ATF7IP,0,12,0.0,0.0233
ATF7IP2,0,0,0.0,0.0
ATG10,2,4,0.0179,0.0078
ATG101,8,2,0.0714,0.0039
ATG12,6,12,0.0536,0.0233
ATG13,8,2,0.0714,0.0039
ATG14,8,16,0.0714,0.0311
ATG16L1,4,2,0.0357,0.0039
ATG16L2,1,2,0.0089,0.0039
ATG2A,7,0,0.0625,0.0
ATG2B,7,0,0.0625,0.0
ATG3,3,2,0.0268,0.0039
ATG4A,2,2,0.0179,0.0039
ATG4B,2,2,0.0179,0.0039
ATG4C,2,2,0.0179,0.0039
ATG4D,2,2,0.0179,0.0039
ATG5,9,10,0.0804,0.0195
ATG7,4,18,0.0357,0.035
ATG9A,3,5,0.0268,0.0097
ATG9B,3,2,0.0268,0.0039
ATHL1,0,0,0.0,0.0
ATIC,2,8,0.0179,0.0156
ATL1,0,0,0.0,0.0
ATL2,0,5,0.0,0.0097
ATL3,0,0,0.0,0.0
ATM,13,62,0.1161,0.1206
ATMIN,0,0,0.0,0.0
ATN1,0,5,0.0,0.0097
ATOH1,0,0,0.0,0.0
ATOH7,0,0,0.0,0.0
ATOH8,0,0,0.0,0.0
ATOSA,0,0,0.0,0.0
ATOSB,0,0,0.0,0.0
ATOX1,1,8,0.0089,0.0156
ATP10A,0,3,0.0,0.0058
ATP10B,0,3,0.0,0.0058
ATP10D,0,3,0.0,0.0058
ATP11A,0,6,0.0,0.0117
ATP11AUN,0,0,0.0,0.0
ATP11B,0,6,0.0,0.0117
ATP11C,0,3,0.0,0.0058
ATP12A,1,3,0.0089,0.0058
ATP13A1,0,3,0.0,0.0058
ATP13A2,0,3,0.0,0.0058
ATP13A3,0,0,0.0,0.0
ATP13A4,0,3,0.0,0.0058
ATP13A5,0,3,0.0,0.0058
ATP1A1,18,11,0.1607,0.0214
ATP1A2,18,11,0.1607,0.0214
ATP1A3,18,11,0.1607,0.0214
ATP1A4,18,11,0.1607,0.0214
ATP1B1,18,14,0.1607,0.0272
ATP1B2,18,14,0.1607,0.0272
ATP1B3,18,14,0.1607,0.0272
ATP1B4,18,8,0.1607,0.0156
ATP23,0,0,0.0,0.0
ATP2A1,14,14,0.125,0.0272
ATP2A3,14,14,0.125,0.0272
ATP2B1,9,13,0.0804,0.0253
ATP2B2,9,14,0.0804,0.0272
ATP2B3,9,10,0.0804,0.0195
ATP2B4,9,10,0.0804,0.0195
ATP2C1,0,3,0.0,0.0058
ATP2C2,0,3,0.0,0.0058
ATP4A,3,3,0.0268,0.0058
ATP4B,3,3,0.0268,0.0058
ATP5A1,0,0,0.0,0.0
ATP5B,0,0,0.0,0.0
ATP5C1,0,0,0.0,0.0
ATP5D,0,0,0.0,0.0
ATP5E,0,0,0.0,0.0
ATP5F1,0,0,0.0,0.0
ATP5F1E,9,6,0.0804,0.0117
ATP5G1,0,0,0.0,0.0
ATP5G2,0,0,0.0,0.0
ATP5G3,0,0,0.0,0.0
ATP5H,0,0,0.0,0.0
ATP5I,0,0,0.0,0.0
ATP5IF1,0,0,0.0,0.0
ATP5J,0,0,0.0,0.0
ATP5J2,0,0,0.0,0.0
ATP5L,0,0,0.0,0.0
ATP5L2,0,0,0.0,0.0
ATP5MC1,9,10,0.0804,0.0195
ATP5MC2,9,6,0.0804,0.0117
ATP5MC3,9,6,0.0804,0.0117
ATP5MD,0,0,0.0,0.0
ATP5ME,2,6,0.0179,0.0117
ATP5MF,2,6,0.0179,0.0117
ATP5MGL,0,0,0.0,0.0
ATP5MJ,0,6,0.0,0.0117
ATP5MK,0,6,0.0,0.0117
ATP5MPL,0,0,0.0,0.0
ATP5O,0,0,0.0,0.0
ATP5PB,9,6,0.0804,0.0117
ATP5PD,9,8,0.0804,0.0156
ATP5PF,9,8,0.0804,0.0156
ATP5S,0,0,0.0,0.0
ATP5SL,0,0,0.0,0.0
ATP6AP1,9,12,0.0804,0.0233
ATP6AP1L,0,0,0.0,0.0
ATP6AP2,1,6,0.0089,0.0117
ATP6V0A1,10,12,0.0893,0.0233
ATP6V0A2,10,11,0.0893,0.0214
ATP6V0A4,10,11,0.0893,0.0214
ATP6V0D1,11,22,0.0982,0.0428
ATP6V0D2,11,15,0.0982,0.0292
ATP6V0E1,8,19,0.0714,0.037
ATP6V0E2,8,15,0.0714,0.0292
ATP6V1B1,9,15,0.0804,0.0292
ATP6V1B2,9,19,0.0804,0.037
ATP6V1C1,9,19,0.0804,0.037
ATP6V1C2,9,15,0.0804,0.0292
ATP6V1E2,9,15,0.0804,0.0292
ATP6V1F,9,15,0.0804,0.0292
ATP6V1G1,9,19,0.0804,0.037
ATP6V1G2,9,15,0.0804,0.0292
ATP6V1G3,9,15,0.0804,0.0292
ATP6V1H,10,33,0.0893,0.0642
ATP7A,1,11,0.0089,0.0214
ATP7B,1,3,0.0089,0.0058
ATP8A1,0,6,0.0,0.0117
ATP8A2,0,3,0.0,0.0058
ATP8B1,0,3,0.0,0.0058
ATP8B2,0,3,0.0,0.0058
ATP8B3,0,3,0.0,0.0058
ATP8B4,0,6,0.0,0.0117
ATP9A,0,3,0.0,0.0058
ATP9B,0,3,0.0,0.0058
ATPAF1,0,0,0.0,0.0
ATPAF2,0,0,0.0,0.0
ATPIF1,0,0,0.0,0.0
ATPSCKMT,0,0,0.0,0.0
ATRAID,0,0,0.0,0.0
ATRIP,1,26,0.0089,0.0506
ATRN,0,0,0.0,0.0
ATRNL1,0,0,0.0,0.0
ATRX,0,11,0.0,0.0214
ATXN1,3,0,0.0268,0.0
ATXN10,1,0,0.0089,0.0
ATXN1L,3,0,0.0268,0.0
ATXN2,3,0,0.0268,0.0
ATXN2L,3,0,0.0268,0.0
ATXN3,3,9,0.0268,0.0175
ATXN3L,3,4,0.0268,0.0078
ATXN7,0,7,0.0,0.0136
ATXN7L1,0,0,0.0,0.0
ATXN7L2,0,0,0.0,0.0
ATXN7L3,0,3,0.0,0.0058
ATXN7L3B,0,0,0.0,0.0
ATXN8,0,0,0.0,0.0
AUH,1,7,0.0089,0.0136
AUNIP,0,0,0.0,0.0
AUP1,0,5,0.0,0.0097
AURKA,2,24,0.0179,0.0467
AURKAIP1,0,11,0.0,0.0214
AURKC,0,0,0.0,0.0
AUTS2,0,5,0.0,0.0097
AVEN,0,7,0.0,0.0136
AVIL,0,0,0.0,0.0
AVL9,0,0,0.0,0.0
AVP,4,26,0.0357,0.0506
AVPI1,0,0,0.0,0.0
AVPR1A,4,12,0.0357,0.0233
AVPR1B,4,12,0.0357,0.0233
AVPR2,3,19,0.0268,0.037
AWAT1,0,6,0.0,0.0117
AWAT2,2,10,0.0179,0.0195
AXDND1,0,0,0.0,0.0
AXIN1,14,39,0.125,0.0759
AXIN2,14,14,0.125,0.0272
AXL,0,9,0.0,0.0175
AZGP1,0,2,0.0,0.0039
AZI2,1,0,0.0089,0.0
AZIN1,0,4,0.0,0.0078
AZIN2,1,4,0.0089,0.0078
AZU1,1,3,0.0089,0.0058
B2M,6,40,0.0536,0.0778
B3GALNT1,2,5,0.0179,0.0097
B3GALNT2,1,5,0.0089,0.0097
B3GALT1,1,4,0.0089,0.0078
B3GALT2,1,4,0.0089,0.0078
B3GALT4,1,8,0.0089,0.0156
B3GALT5,2,4,0.0179,0.0078
B3GALT6,2,9,0.0179,0.0175
B3GALTL,0,0,0.0,0.0
B3GAT1,1,4,0.0089,0.0078
B3GAT2,1,4,0.0089,0.0078
B3GAT3,2,9,0.0179,0.0175
B3GLCT,1,9,0.0089,0.0175
B3GNT2,2,9,0.0179,0.0175
B3GNT3,1,16,0.0089,0.0311
B3GNT4,1,9,0.0089,0.0175
B3GNT5,1,9,0.0089,0.0175
B3GNT6,1,4,0.0089,0.0078
B3GNT7,1,9,0.0089,0.0175
B3GNT8,0,4,0.0,0.0078
B3GNT9,0,4,0.0,0.0078
B3GNTL1,0,0,0.0,0.0
B4GALNT1,1,5,0.0089,0.0097
B4GALNT2,0,7,0.0,0.0136
B4GALNT3,1,0,0.0089,0.0
B4GALNT4,1,0,0.0089,0.0
B4GALT1,7,29,0.0625,0.0564
B4GALT2,7,11,0.0625,0.0214
B4GALT3,6,11,0.0536,0.0214
B4GALT4,2,11,0.0179,0.0214
B4GALT5,1,17,0.0089,0.0331
B4GALT6,1,17,0.0089,0.0331
B4GALT7,2,9,0.0179,0.0175
B4GAT1,1,15,0.0089,0.0292
B9D1,0,4,0.0,0.0078
B9D2,0,22,0.0,0.0428
BAALC,0,0,0.0,0.0
BAAT,5,11,0.0446,0.0214
BABAM1,1,16,0.0089,0.0311
BABAM2,1,16,0.0089,0.0311
BACE1,1,2,0.0089,0.0039
BACE2,1,0,0.0089,0.0
BACH1,0,10,0.0,0.0195
BACH2,0,0,0.0,0.0
BAD,38,24,0.3393,0.0467
BAG1,1,4,0.0089,0.0078
BAG2,1,9,0.0089,0.0175
BAG3,0,4,0.0,0.0078
BAG4,1,13,0.0089,0.0253
BAG5,0,4,0.0,0.0078
BAG6,0,2,0.0,0.0039
BAGE,0,0,0.0,0.0
BAGE2,0,0,0.0,0.0
BAGE5,0,0,0.0,0.0
BAHCC1,0,0,0.0,0.0
BAHD1,0,0,0.0,0.0
BAIAP2,4,39,0.0357,0.0759
BAIAP2L1,1,8,0.0089,0.0156
BAIAP2L2,0,5,0.0,0.0097
BAIAP3,1,0,0.0089,0.0
BAK1,32,8,0.2857,0.0156
BAMBI,2,5,0.0179,0.0097
BANF2,0,0,0.0,0.0
BANK1,0,0,0.0,0.0
BANP,0,15,0.0,0.0292
BAP1,0,8,0.0,0.0156
BARD1,1,42,0.0089,0.0817
BARHL1,0,0,0.0,0.0
BARHL2,0,0,0.0,0.0
BARX1,0,0,0.0,0.0
BARX2,0,0,0.0,0.0
BASP1,0,5,0.0,0.0097
BATF,1,7,0.0089,0.0136
BATF2,1,0,0.0089,0.0
BATF3,1,0,0.0089,0.0
BAX,47,22,0.4196,0.0428
BAZ1A,0,0,0.0,0.0
BAZ1B,0,8,0.0,0.0156
BAZ2A,0,4,0.0,0.0078
BAZ2B,0,0,0.0,0.0
BBC3,8,14,0.0714,0.0272
BBIP1,0,5,0.0,0.0097
BBLN,0,0,0.0,0.0
BBOF1,0,0,0.0,0.0
BBOX1,1,3,0.0089,0.0058
BBS1,0,5,0.0,0.0097
BBS10,0,5,0.0,0.0097
BBS12,0,5,0.0,0.0097
BBS2,0,5,0.0,0.0097
BBS4,0,5,0.0,0.0097
BBS5,0,5,0.0,0.0097
BBS7,0,5,0.0,0.0097
BBS9,0,5,0.0,0.0097
BBX,0,0,0.0,0.0
BCAM,0,0,0.0,0.0
BCAN,0,21,0.0,0.0409
BCAP29,0,0,0.0,0.0
BCAP31,2,18,0.0179,0.035
BCAR1,10,18,0.0893,0.035
BCAR3,0,0,0.0,0.0
BCAS1,0,0,0.0,0.0
BCAS2,1,9,0.0089,0.0175
BCAS3,0,0,0.0,0.0
BCAS4,0,0,0.0,0.0
BCAT1,4,3,0.0357,0.0058
BCAT2,4,3,0.0357,0.0058
BCCIP,0,0,0.0,0.0
BCDIN3D,0,3,0.0,0.0058
BCHE,0,13,0.0,0.0253
BCKDHA,2,13,0.0179,0.0253
BCKDHB,2,13,0.0179,0.0253
BCKDK,0,7,0.0,0.0136
BCL10,6,24,0.0536,0.0467
BCL11A,0,14,0.0,0.0272
BCL11B,1,9,0.0089,0.0175
BCL2,39,30,0.3482,0.0584
BCL2A1,4,9,0.0357,0.0175
BCL2L1,26,34,0.2321,0.0661
BCL2L10,0,0,0.0,0.0
BCL2L11,9,32,0.0804,0.0623
BCL2L12,0,0,0.0,0.0
BCL2L13,2,0,0.0179,0.0
BCL2L14,0,6,0.0,0.0117
BCL2L15,0,0,0.0,0.0
BCL2L2,1,0,0.0089,0.0
BCL2L2-PABPN1,2,0,0.0179,0.0
BCL3,2,0,0.0179,0.0
BCL6,2,12,0.0179,0.0233
BCL6B,0,0,0.0,0.0
BCL7A,0,24,0.0,0.0467
BCL7B,0,24,0.0,0.0467
BCL7C,0,24,0.0,0.0467
BCL9,0,5,0.0,0.0097
BCL9L,0,5,0.0,0.0097
BCLAF1,0,0,0.0,0.0
BCLAF3,0,0,0.0,0.0
BCO1,1,6,0.0089,0.0117
BCO2,0,6,0.0,0.0117
BCOR,0,0,0.0,0.0
BCORL1,0,0,0.0,0.0
BCR,2,17,0.0179,0.0331
BCS1L,0,6,0.0,0.0117
BDH1,2,7,0.0179,0.0136
BDH2,2,4,0.0179,0.0078
BDKRB1,6,8,0.0536,0.0156
BDKRB2,10,8,0.0893,0.0156
BDNF,9,38,0.0804,0.0739
BDP1,0,13,0.0,0.0253
BEAN1,1,0,0.0089,0.0
BECN1,12,35,0.1071,0.0681
BECN2,12,0,0.1071,0.0
BEGAIN,0,3,0.0,0.0058
BEND2,0,0,0.0,0.0
BEND3,0,0,0.0,0.0
BEND4,0,0,0.0,0.0
BEND5,0,0,0.0,0.0
BEND6,0,0,0.0,0.0
BEND7,0,0,0.0,0.0
BEST1,0,3,0.0,0.0058
BEST2,1,3,0.0089,0.0058
BEST3,0,3,0.0,0.0058
BEST4,0,3,0.0,0.0058
BET1,1,9,0.0089,0.0175
BET1L,1,10,0.0089,0.0195
BEX1,0,0,0.0,0.0
BEX2,0,0,0.0,0.0
BEX3,1,5,0.0089,0.0097
BEX4,0,0,0.0,0.0
BEX5,0,0,0.0,0.0
BFAR,0,0,0.0,0.0
BFSP1,0,0,0.0,0.0
BFSP2,0,0,0.0,0.0
BGLAP,1,13,0.0089,0.0253
BGN,0,22,0.0,0.0428
BHLHA15,1,4,0.0089,0.0078
BHLHA9,0,0,0.0,0.0
BHLHB9,0,0,0.0,0.0
BHLHE22,0,8,0.0,0.0156
BHLHE23,0,0,0.0,0.0
BHLHE40,1,3,0.0089,0.0058
BHLHE41,1,2,0.0089,0.0039
BHMG1,0,0,0.0,0.0
BHMT,2,4,0.0179,0.0078
BHMT2,1,3,0.0089,0.0058
BICC1,0,0,0.0,0.0
BICD1,0,5,0.0,0.0097
BICD2,0,5,0.0,0.0097
BICDL1,0,0,0.0,0.0
BICDL2,0,0,0.0,0.0
BICRA,0,4,0.0,0.0078
BICRAL,0,4,0.0,0.0078
BID,23,15,0.2054,0.0292
BIK,0,0,0.0,0.0
BIN1,2,3,0.0179,0.0058
BIN2,0,7,0.0,0.0136
BIN3,0,0,0.0,0.0
BIRC2,15,36,0.1339,0.07
BIRC3,15,28,0.1339,0.0545
BIRC6,2,5,0.0179,0.0097
BIRC7,5,4,0.0446,0.0078
BIRC8,0,0,0.0,0.0
BIVM,0,0,0.0,0.0
BIVM-ERCC5,1,0,0.0089,0.0
BLCAP,0,0,0.0,0.0
BLID,0,0,0.0,0.0
BLK,0,9,0.0,0.0175
BLM,2,46,0.0179,0.0895
BLMH,0,4,0.0,0.0078
BLNK,5,17,0.0446,0.0331
BLOC1S1,0,5,0.0,0.0097
BLOC1S2,0,0,0.0,0.0
BLOC1S3,0,4,0.0,0.0078
BLOC1S4,0,4,0.0,0.0078
BLOC1S5,0,0,0.0,0.0
BLOC1S6,0,4,0.0,0.0078
BLTP1,0,0,0.0,0.0
BLTP2,0,0,0.0,0.0
BLTP3A,0,0,0.0,0.0
BLTP3B,0,5,0.0,0.0097
BLVRA,1,7,0.0089,0.0136
BLVRB,2,7,0.0179,0.0136
BLZF1,0,5,0.0,0.0097
BMAL1,2,26,0.0179,0.0506
BMAL2,0,2,0.0,0.0039
BMERB1,0,0,0.0,0.0
BMF,1,6,0.0089,0.0117
BMI1,3,36,0.0268,0.07
BMP1,0,13,0.0,0.0253
BMP10,1,6,0.0089,0.0117
BMP15,2,4,0.0179,0.0078
BMP2,5,15,0.0446,0.0292
BMP2K,1,0,0.0089,0.0
BMP3,1,0,0.0089,0.0
BMP4,8,19,0.0714,0.037
BMP5,3,0,0.0268,0.0
BMP6,4,0,0.0357,0.0
BMP7,4,7,0.0357,0.0136
BMP8A,4,0,0.0357,0.0
BMP8B,4,0,0.0357,0.0
BMPER,0,0,0.0,0.0
BMPR1A,5,3,0.0446,0.0058
BMPR1B,6,3,0.0536,0.0058
BMPR2,7,3,0.0625,0.0058
BMS1,1,8,0.0089,0.0156
BMT2,0,0,0.0,0.0
BMX,0,9,0.0,0.0175
BNC1,0,0,0.0,0.0
BNC2,0,0,0.0,0.0
BNIP1,1,5,0.0089,0.0097
BNIP2,0,4,0.0,0.0078
BNIP3,5,0,0.0446,0.0
BNIP3L,1,6,0.0089,0.0117
BNIP5,0,0,0.0,0.0
BNIPL,0,0,0.0,0.0
BOC,2,12,0.0179,0.0233
BOD1,0,4,0.0,0.0078
BOD1L1,0,4,0.0,0.0078
BOD1L2,0,0,0.0,0.0
BOK,1,0,0.0089,0.0
BOLA1,0,0,0.0,0.0
BOLA2,0,6,0.0,0.0117
BOLA2B,0,6,0.0,0.0117
BOLA3,0,0,0.0,0.0
BOLL,0,0,0.0,0.0
BOP1,0,4,0.0,0.0078
BORA,0,6,0.0,0.0117
BORCS5,0,0,0.0,0.0
BORCS6,0,0,0.0,0.0
BORCS7,0,0,0.0,0.0
BORCS8,0,0,0.0,0.0
BORCS8-MEF2B,0,0,0.0,0.0
BPGM,2,4,0.0179,0.0078
BPHL,0,3,0.0,0.0058
BPI,0,6,0.0,0.0117
BPIFA1,0,3,0.0,0.0058
BPIFA2,0,3,0.0,0.0058
BPIFA3,0,0,0.0,0.0
BPIFB1,0,3,0.0,0.0058
BPIFB2,0,7,0.0,0.0136
BPIFB3,0,0,0.0,0.0
BPIFB4,0,3,0.0,0.0058
BPIFB6,0,3,0.0,0.0058
BPIFC,0,0,0.0,0.0
BPNT1,1,4,0.0089,0.0078
BPNT2,2,4,0.0179,0.0078
BPTF,0,0,0.0,0.0
BPY2,0,0,0.0,0.0
BPY2B,0,0,0.0,0.0
BPY2C,0,0,0.0,0.0
BRAF,41,46,0.3661,0.0895
BRAP,1,13,0.0089,0.0253
BRAT1,0,0,0.0,0.0
BRCA1,6,60,0.0536,0.1167
BRCA2,5,27,0.0446,0.0525
BRCC3,2,16,0.0179,0.0311
BRD1,0,9,0.0,0.0175
BRD2,0,5,0.0,0.0097
BRD3,0,0,0.0,0.0
BRD4,0,11,0.0,0.0214
BRD7,1,10,0.0089,0.0195
BRD8,0,3,0.0,0.0058
BRD9,0,4,0.0,0.0078
BRDT,0,0,0.0,0.0
BRE,0,0,0.0,0.0
BRF1,0,11,0.0,0.0214
BRF2,0,9,0.0,0.0175
BRI3,0,3,0.0,0.0058
BRI3BP,0,0,0.0,0.0
BRICD5,0,0,0.0,0.0
BRINP1,0,0,0.0,0.0
BRINP2,0,0,0.0,0.0
BRINP3,0,0,0.0,0.0
BRIP1,2,34,0.0179,0.0661
BRIX1,0,0,0.0,0.0
BRK1,3,39,0.0268,0.0759
BRME1,0,0,0.0,0.0
BRMS1,0,8,0.0,0.0156
BRMS1L,0,0,0.0,0.0
BROX,0,0,0.0,0.0
BRPF1,0,9,0.0,0.0175
BRPF3,0,13,0.0,0.0253
BRS3,1,7,0.0089,0.0136
BRSK1,0,0,0.0,0.0
BRSK2,0,0,0.0,0.0
BRWD1,0,10,0.0,0.0195
BRWD3,0,0,0.0,0.0
BSCL2,0,0,0.0,0.0
BSDC1,0,0,0.0,0.0
BSG,0,16,0.0,0.0311
BSN,0,3,0.0,0.0058
BSND,0,3,0.0,0.0058
BSPH1,0,0,0.0,0.0
BSPRY,0,0,0.0,0.0
BST1,3,10,0.0268,0.0195
BST2,2,0,0.0179,0.0
BSX,0,0,0.0,0.0
BTAF1,0,0,0.0,0.0
BTBD1,0,7,0.0,0.0136
BTBD10,0,0,0.0,0.0
BTBD11,0,0,0.0,0.0
BTBD16,0,0,0.0,0.0
BTBD17,0,0,0.0,0.0
BTBD18,0,0,0.0,0.0
BTBD19,0,0,0.0,0.0
BTBD2,0,0,0.0,0.0
BTBD3,0,0,0.0,0.0
BTBD6,0,7,0.0,0.0136
BTBD7,0,0,0.0,0.0
BTBD8,0,0,0.0,0.0
BTBD9,0,0,0.0,0.0
BTC,1,51,0.0089,0.0992
BTD,2,9,0.0179,0.0175
BTF3,0,5,0.0,0.0097
BTF3L4,0,0,0.0,0.0
BTG1,1,5,0.0089,0.0097
BTG2,1,6,0.0089,0.0117
BTG3,1,0,0.0089,0.0
BTG4,1,3,0.0089,0.0058
BTK,7,52,0.0625,0.1012
BTLA,0,8,0.0,0.0156
BTN1A1,0,3,0.0,0.0058
BTN2A1,0,3,0.0,0.0058
BTN2A2,0,3,0.0,0.0058
BTN3A1,0,3,0.0,0.0058
BTN3A2,0,3,0.0,0.0058
BTN3A3,0,3,0.0,0.0058
BTNL10,0,0,0.0,0.0
BTNL2,0,3,0.0,0.0058
BTNL3,0,0,0.0,0.0
BTNL8,0,3,0.0,0.0058
BTNL9,0,3,0.0,0.0058
BTRC,9,89,0.0804,0.1732
BUB1,3,18,0.0268,0.035
BUD13,0,4,0.0,0.0078
BVES,0,0,0.0,0.0
BZRAP1,0,0,0.0,0.0
BZW1,0,0,0.0,0.0
BZW2,0,0,0.0,0.0
C10ORF10,0,0,0.0,0.0
C10ORF105,0,0,0.0,0.0
C10ORF107,0,0,0.0,0.0
C10ORF11,0,0,0.0,0.0
C10ORF111,0,0,0.0,0.0
C10ORF113,0,0,0.0,0.0
C10ORF12,0,0,0.0,0.0
C10ORF120,0,0,0.0,0.0
C10ORF126,0,0,0.0,0.0
C10ORF128,0,0,0.0,0.0
C10ORF131,0,0,0.0,0.0
C10ORF142,0,0,0.0,0.0
C10ORF2,0,0,0.0,0.0
C10ORF25,0,0,0.0,0.0
C10ORF32,0,0,0.0,0.0
C10ORF35,0,0,0.0,0.0
C10ORF53,0,0,0.0,0.0
C10ORF54,0,0,0.0,0.0
C10ORF55,0,0,0.0,0.0
C10ORF62,0,0,0.0,0.0
C10ORF67,0,0,0.0,0.0
C10ORF71,0,0,0.0,0.0
C10ORF76,0,0,0.0,0.0
C10ORF82,0,0,0.0,0.0
C10ORF88,0,0,0.0,0.0
C10ORF90,0,0,0.0,0.0
C10ORF91,0,0,0.0,0.0
C10ORF95,0,0,0.0,0.0
C10ORF99,0,0,0.0,0.0
C11ORF1,0,0,0.0,0.0
C11ORF16,0,0,0.0,0.0
C11ORF21,0,0,0.0,0.0
C11ORF24,0,0,0.0,0.0
C11ORF31,0,0,0.0,0.0
C11ORF40,0,0,0.0,0.0
C11ORF42,0,0,0.0,0.0
C11ORF44,0,0,0.0,0.0
C11ORF45,0,0,0.0,0.0
C11ORF49,0,0,0.0,0.0
C11ORF52,0,0,0.0,0.0
C11ORF53,0,0,0.0,0.0
C11ORF54,0,0,0.0,0.0
C11ORF57,0,0,0.0,0.0
C11ORF58,0,0,0.0,0.0
C11ORF63,0,0,0.0,0.0
C11ORF65,0,0,0.0,0.0
C11ORF68,0,0,0.0,0.0
C11ORF70,0,0,0.0,0.0
C11ORF71,0,0,0.0,0.0
C11ORF73,0,0,0.0,0.0
C11ORF74,0,0,0.0,0.0
C11ORF80,0,0,0.0,0.0
C11ORF84,0,0,0.0,0.0
C11ORF86,0,0,0.0,0.0
C11ORF87,0,0,0.0,0.0
C11ORF88,0,0,0.0,0.0
C11ORF91,0,0,0.0,0.0
C11ORF94,0,0,0.0,0.0
C11ORF95,0,0,0.0,0.0
C11ORF96,0,0,0.0,0.0
C11ORF97,0,0,0.0,0.0
C11ORF98,0,0,0.0,0.0
C12ORF10,0,0,0.0,0.0
C12ORF29,0,0,0.0,0.0
C12ORF4,0,0,0.0,0.0
C12ORF40,0,0,0.0,0.0
C12ORF42,0,0,0.0,0.0
C12ORF43,0,0,0.0,0.0
C12ORF44,0,0,0.0,0.0
C12ORF45,0,0,0.0,0.0
C12ORF49,0,0,0.0,0.0
C12ORF50,0,0,0.0,0.0
C12ORF54,0,0,0.0,0.0
C12ORF56,0,0,0.0,0.0
C12ORF57,0,0,0.0,0.0
C12ORF60,0,0,0.0,0.0
C12ORF65,0,0,0.0,0.0
C12ORF66,0,0,0.0,0.0
C12ORF71,0,0,0.0,0.0
C12ORF73,0,0,0.0,0.0
C12ORF74,0,0,0.0,0.0
C12ORF75,0,0,0.0,0.0
C12ORF76,0,0,0.0,0.0
C12ORF77,0,0,0.0,0.0
C12ORF79,0,0,0.0,0.0
C12ORF80,0,0,0.0,0.0
C14ORF1,0,0,0.0,0.0
C14ORF105,0,0,0.0,0.0
C14ORF119,0,0,0.0,0.0
C14ORF132,0,0,0.0,0.0
C14ORF159,0,0,0.0,0.0
C14ORF166,0,0,0.0,0.0
C14ORF169,0,0,0.0,0.0
C14ORF177,0,0,0.0,0.0
C14ORF178,0,0,0.0,0.0
C14ORF180,0,0,0.0,0.0
C14ORF2,0,0,0.0,0.0
C14ORF28,0,0,0.0,0.0
C14ORF37,0,0,0.0,0.0
C14ORF39,0,0,0.0,0.0
C14ORF79,0,0,0.0,0.0
C14ORF80,0,0,0.0,0.0
C14ORF93,0,0,0.0,0.0
C15ORF27,0,0,0.0,0.0
C15ORF32,0,0,0.0,0.0
C15ORF38-AP3S2,0,0,0.0,0.0
C15ORF39,0,0,0.0,0.0
C15ORF40,0,0,0.0,0.0
C15ORF41,0,0,0.0,0.0
C15ORF48,0,0,0.0,0.0
C15ORF52,0,0,0.0,0.0
C15ORF53,0,0,0.0,0.0
C15ORF54,0,0,0.0,0.0
C15ORF56,0,0,0.0,0.0
C15ORF57,0,0,0.0,0.0
C15ORF59,0,0,0.0,0.0
C15ORF61,0,0,0.0,0.0
C15ORF62,0,0,0.0,0.0
C15ORF65,0,0,0.0,0.0
C16ORF45,0,0,0.0,0.0
C16ORF46,0,0,0.0,0.0
C16ORF47,0,0,0.0,0.0
C16ORF52,0,0,0.0,0.0
C16ORF54,0,0,0.0,0.0
C16ORF58,0,0,0.0,0.0
C16ORF59,0,0,0.0,0.0
C16ORF62,0,0,0.0,0.0
C16ORF70,0,0,0.0,0.0
C16ORF71,0,0,0.0,0.0
C16ORF72,0,0,0.0,0.0
C16ORF74,0,0,0.0,0.0
C16ORF78,0,0,0.0,0.0
C16ORF82,0,0,0.0,0.0
C16ORF86,0,0,0.0,0.0
C16ORF87,0,0,0.0,0.0
C16ORF89,0,0,0.0,0.0
C16ORF90,0,0,0.0,0.0
C16ORF91,0,0,0.0,0.0
C16ORF92,0,0,0.0,0.0
C16ORF95,0,0,0.0,0.0
C16ORF96,0,0,0.0,0.0
C16ORF97,0,0,0.0,0.0
C17ORF100,0,0,0.0,0.0
C17ORF102,0,0,0.0,0.0
C17ORF105,0,0,0.0,0.0
C17ORF107,0,0,0.0,0.0
C17ORF112,0,0,0.0,0.0
C17ORF47,0,0,0.0,0.0
C17ORF49,0,0,0.0,0.0
C17ORF50,0,0,0.0,0.0
C17ORF51,0,0,0.0,0.0
C17ORF53,0,0,0.0,0.0
C17ORF58,0,0,0.0,0.0
C17ORF59,0,0,0.0,0.0
C17ORF62,0,0,0.0,0.0
C17ORF64,0,0,0.0,0.0
C17ORF67,0,0,0.0,0.0
C17ORF70,0,0,0.0,0.0
C17ORF74,0,0,0.0,0.0
C17ORF75,0,0,0.0,0.0
C17ORF77,0,0,0.0,0.0
C17ORF78,0,0,0.0,0.0
C17ORF80,0,0,0.0,0.0
C17ORF82,0,0,0.0,0.0
C17ORF85,0,0,0.0,0.0
C17ORF89,0,0,0.0,0.0
C17ORF96,0,0,0.0,0.0
C17ORF97,0,0,0.0,0.0
C17ORF98,0,0,0.0,0.0
C17ORF99,0,0,0.0,0.0
C18ORF21,0,0,0.0,0.0
C18ORF25,0,0,0.0,0.0
C18ORF32,0,0,0.0,0.0
C18ORF54,0,0,0.0,0.0
C18ORF63,0,0,0.0,0.0
C18ORF65,0,0,0.0,0.0
C18ORF8,0,0,0.0,0.0
C19ORF12,0,0,0.0,0.0
C19ORF18,0,0,0.0,0.0
C19ORF24,0,0,0.0,0.0
C19ORF25,0,0,0.0,0.0
C19ORF26,0,0,0.0,0.0
C19ORF33,0,0,0.0,0.0
C19ORF35,0,0,0.0,0.0
C19ORF38,0,0,0.0,0.0
C19ORF40,0,0,0.0,0.0
C19ORF43,0,0,0.0,0.0
C19ORF44,0,0,0.0,0.0
C19ORF47,0,0,0.0,0.0
C19ORF48,0,0,0.0,0.0
C19ORF53,0,0,0.0,0.0
C19ORF54,0,0,0.0,0.0
C19ORF57,0,0,0.0,0.0
C19ORF60,0,0,0.0,0.0
C19ORF66,0,0,0.0,0.0
C19ORF67,0,0,0.0,0.0
C19ORF68,0,0,0.0,0.0
C19ORF70,0,0,0.0,0.0
C19ORF71,0,0,0.0,0.0
C19ORF73,0,0,0.0,0.0
C19ORF80,0,0,0.0,0.0
C19ORF81,0,0,0.0,0.0
C19ORF84,0,4,0.0,0.0078
C1D,1,5,0.0089,0.0097
C1GALT1,2,9,0.0179,0.0175
C1GALT1C1,2,9,0.0179,0.0175
C1GALT1C1L,2,0,0.0179,0.0
C1ORF100,0,0,0.0,0.0
C1ORF101,0,0,0.0,0.0
C1ORF105,0,0,0.0,0.0
C1ORF106,0,0,0.0,0.0
C1ORF111,0,0,0.0,0.0
C1ORF112,0,0,0.0,0.0
C1ORF115,0,0,0.0,0.0
C1ORF116,0,0,0.0,0.0
C1ORF122,0,0,0.0,0.0
C1ORF123,0,0,0.0,0.0
C1ORF127,0,0,0.0,0.0
C1ORF131,0,0,0.0,0.0
C1ORF137,0,0,0.0,0.0
C1ORF141,0,0,0.0,0.0
C1ORF146,0,0,0.0,0.0
C1ORF158,0,0,0.0,0.0
C1ORF159,0,0,0.0,0.0
C1ORF162,0,0,0.0,0.0
C1ORF167,0,0,0.0,0.0
C1ORF168,0,0,0.0,0.0
C1ORF174,0,0,0.0,0.0
C1ORF185,0,0,0.0,0.0
C1ORF186,0,0,0.0,0.0
C1ORF189,0,0,0.0,0.0
C1ORF194,0,0,0.0,0.0
C1ORF195,0,0,0.0,0.0
C1ORF198,0,0,0.0,0.0
C1ORF204,0,0,0.0,0.0
C1ORF21,0,0,0.0,0.0
C1ORF210,0,0,0.0,0.0
C1ORF216,0,0,0.0,0.0
C1ORF226,0,0,0.0,0.0
C1ORF228,0,0,0.0,0.0
C1ORF229,0,0,0.0,0.0
C1ORF233,0,0,0.0,0.0
C1ORF27,0,0,0.0,0.0
C1ORF35,0,3,0.0,0.0058
C1ORF43,0,0,0.0,0.0
C1ORF50,0,0,0.0,0.0
C1ORF52,0,0,0.0,0.0
C1ORF53,0,0,0.0,0.0
C1ORF54,0,0,0.0,0.0
C1ORF56,0,0,0.0,0.0
C1ORF61,0,0,0.0,0.0
C1ORF64,0,0,0.0,0.0
C1ORF68,0,0,0.0,0.0
C1ORF74,0,0,0.0,0.0
C1ORF85,0,0,0.0,0.0
C1ORF87,0,0,0.0,0.0
C1ORF94,0,0,0.0,0.0
C1ORF95,0,0,0.0,0.0
C1QA,7,13,0.0625,0.0253
C1QB,7,7,0.0625,0.0136
C1QBP,0,18,0.0,0.035
C1QC,7,7,0.0625,0.0136
C1QL1,0,0,0.0,0.0
C1QL2,0,0,0.0,0.0
C1QL3,0,0,0.0,0.0
C1QL4,0,0,0.0,0.0
C1QTNF1,0,0,0.0,0.0
C1QTNF12,0,0,0.0,0.0
C1QTNF2,0,0,0.0,0.0
C1QTNF3,0,0,0.0,0.0
C1QTNF4,0,0,0.0,0.0
C1QTNF5,0,0,0.0,0.0
C1QTNF6,0,0,0.0,0.0
C1QTNF7,0,0,0.0,0.0
C1QTNF8,0,0,0.0,0.0
C1QTNF9,0,0,0.0,0.0
C1QTNF9B,0,0,0.0,0.0
C1QTNF9B-AS1,0,0,0.0,0.0
C1R,6,7,0.0536,0.0136
C1RL,0,0,0.0,0.0
C1S,5,13,0.0446,0.0253
C2,5,6,0.0446,0.0117
C20ORF141,0,0,0.0,0.0
C20ORF144,0,0,0.0,0.0
C20ORF173,0,0,0.0,0.0
C20ORF194,0,0,0.0,0.0
C20ORF195,0,0,0.0,0.0
C20ORF196,0,0,0.0,0.0
C20ORF197,0,0,0.0,0.0
C20ORF202,0,0,0.0,0.0
C20ORF203,0,0,0.0,0.0
C20ORF24,0,0,0.0,0.0
C20ORF27,0,0,0.0,0.0
C20ORF62,0,0,0.0,0.0
C20ORF78,0,0,0.0,0.0
C20ORF85,0,0,0.0,0.0
C20ORF96,0,0,0.0,0.0
C21ORF140,0,0,0.0,0.0
C21ORF2,0,0,0.0,0.0
C21ORF33,0,0,0.0,0.0
C21ORF58,0,0,0.0,0.0
C21ORF59,0,0,0.0,0.0
C21ORF62,0,0,0.0,0.0
C21ORF91,0,0,0.0,0.0
C22ORF15,0,0,0.0,0.0
C22ORF23,0,0,0.0,0.0
C22ORF24,0,0,0.0,0.0
C22ORF29,0,0,0.0,0.0
C22ORF31,0,0,0.0,0.0
C22ORF34,0,0,0.0,0.0
C22ORF39,0,0,0.0,0.0
C22ORF42,0,0,0.0,0.0
C22ORF46,0,0,0.0,0.0
C2CD2,0,0,0.0,0.0
C2CD2L,0,0,0.0,0.0
C2CD3,0,4,0.0,0.0078
C2CD4A,0,0,0.0,0.0
C2CD4B,0,0,0.0,0.0
C2CD4C,0,0,0.0,0.0
C2CD4D,0,0,0.0,0.0
C2CD5,0,3,0.0,0.0058
C2CD6,0,0,0.0,0.0
C2ORF15,0,0,0.0,0.0
C2ORF16,0,0,0.0,0.0
C2ORF27A,0,0,0.0,0.0
C2ORF27B,0,0,0.0,0.0
C2ORF40,0,0,0.0,0.0
C2ORF42,0,0,0.0,0.0
C2ORF47,0,0,0.0,0.0
C2ORF48,0,0,0.0,0.0
C2ORF49,0,3,0.0,0.0058
C2ORF50,0,0,0.0,0.0
C2ORF54,0,0,0.0,0.0
C2ORF66,0,0,0.0,0.0
C2ORF68,0,0,0.0,0.0
C2ORF69,0,0,0.0,0.0
C2ORF70,0,0,0.0,0.0
C2ORF71,0,0,0.0,0.0
C2ORF72,0,0,0.0,0.0
C2ORF73,0,0,0.0,0.0
C2ORF74,0,0,0.0,0.0
C2ORF76,0,0,0.0,0.0
C2ORF78,0,0,0.0,0.0
C2ORF80,0,0,0.0,0.0
C2ORF81,0,0,0.0,0.0
C2ORF82,0,0,0.0,0.0
C2ORF83,0,0,0.0,0.0
C2ORF88,0,0,0.0,0.0
C2ORF91,0,0,0.0,0.0
C3,16,27,0.1429,0.0525
C3AR1,4,18,0.0357,0.035
C3ORF14,0,0,0.0,0.0
C3ORF17,0,0,0.0,0.0
C3ORF18,0,0,0.0,0.0
C3ORF20,0,0,0.0,0.0
C3ORF22,0,0,0.0,0.0
C3ORF30,0,0,0.0,0.0
C3ORF33,0,0,0.0,0.0
C3ORF35,0,0,0.0,0.0
C3ORF36,0,0,0.0,0.0
C3ORF38,0,0,0.0,0.0
C3ORF52,0,0,0.0,0.0
C3ORF56,0,0,0.0,0.0
C3ORF58,0,0,0.0,0.0
C3ORF62,0,0,0.0,0.0
C3ORF67,0,0,0.0,0.0
C3ORF70,0,0,0.0,0.0
C3ORF79,0,0,0.0,0.0
C3ORF80,0,0,0.0,0.0
C3ORF84,0,0,0.0,0.0
C4A,5,16,0.0446,0.0311
C4B,5,16,0.0446,0.0311
C4BPA,2,10,0.0179,0.0195
C4BPB,2,10,0.0179,0.0195
C4ORF17,0,0,0.0,0.0
C4ORF19,0,0,0.0,0.0
C4ORF21,0,0,0.0,0.0
C4ORF22,0,0,0.0,0.0
C4ORF26,0,0,0.0,0.0
C4ORF29,0,0,0.0,0.0
C4ORF3,0,0,0.0,0.0
C4ORF32,0,0,0.0,0.0
C4ORF33,0,0,0.0,0.0
C4ORF36,0,0,0.0,0.0
C4ORF45,0,0,0.0,0.0
C4ORF46,0,0,0.0,0.0
C4ORF47,0,0,0.0,0.0
C4ORF48,0,0,0.0,0.0
C4ORF50,0,0,0.0,0.0
C4ORF51,0,0,0.0,0.0
C4ORF54,0,0,0.0,0.0
C5,9,13,0.0804,0.0253
C5AR1,5,12,0.0446,0.0233
C5AR2,0,9,0.0,0.0175
C5ORF15,0,0,0.0,0.0
C5ORF22,0,0,0.0,0.0
C5ORF24,0,0,0.0,0.0
C5ORF28,0,0,0.0,0.0
C5ORF30,0,0,0.0,0.0
C5ORF34,0,0,0.0,0.0
C5ORF38,0,0,0.0,0.0
C5ORF42,0,0,0.0,0.0
C5ORF46,0,0,0.0,0.0
C5ORF47,0,0,0.0,0.0
C5ORF49,0,0,0.0,0.0
C5ORF51,0,0,0.0,0.0
C5ORF52,0,0,0.0,0.0
C5ORF58,0,0,0.0,0.0
C5ORF60,0,0,0.0,0.0
C5ORF63,0,0,0.0,0.0
C5ORF64,0,0,0.0,0.0
C5ORF66,0,0,0.0,0.0
C5ORF67,0,0,0.0,0.0
C6,4,5,0.0357,0.0097
C6ORF1,0,0,0.0,0.0
C6ORF10,0,0,0.0,0.0
C6ORF106,0,0,0.0,0.0
C6ORF118,0,0,0.0,0.0
C6ORF120,0,3,0.0,0.0058
C6ORF132,0,0,0.0,0.0
C6ORF136,0,0,0.0,0.0
C6ORF141,0,0,0.0,0.0
C6ORF15,0,0,0.0,0.0
C6ORF163,0,0,0.0,0.0
C6ORF183,0,0,0.0,0.0
C6ORF201,0,0,0.0,0.0
C6ORF203,0,0,0.0,0.0
C6ORF222,0,0,0.0,0.0
C6ORF223,0,0,0.0,0.0
C6ORF226,0,0,0.0,0.0
C6ORF229,0,0,0.0,0.0
C6ORF25,0,0,0.0,0.0
C6ORF47,0,0,0.0,0.0
C6ORF48,0,0,0.0,0.0
C6ORF52,0,0,0.0,0.0
C6ORF58,0,0,0.0,0.0
C6ORF62,0,0,0.0,0.0
C6ORF7,0,0,0.0,0.0
C6ORF89,0,0,0.0,0.0
C6ORF99,0,0,0.0,0.0
C7,4,5,0.0357,0.0097
C7ORF25,0,0,0.0,0.0
C7ORF26,0,0,0.0,0.0
C7ORF31,0,0,0.0,0.0
C7ORF33,0,0,0.0,0.0
C7ORF34,0,0,0.0,0.0
C7ORF43,0,0,0.0,0.0
C7ORF49,0,0,0.0,0.0
C7ORF50,0,0,0.0,0.0
C7ORF55,0,0,0.0,0.0
C7ORF55-LUC7L2,0,0,0.0,0.0
C7ORF57,0,0,0.0,0.0
C7ORF60,0,0,0.0,0.0
C7ORF61,0,0,0.0,0.0
C7ORF62,0,0,0.0,0.0
C7ORF65,0,0,0.0,0.0
C7ORF66,0,0,0.0,0.0
C7ORF69,0,0,0.0,0.0
C7ORF71,0,0,0.0,0.0
C7ORF72,0,0,0.0,0.0
C7ORF73,0,0,0.0,0.0
C7ORF76,0,0,0.0,0.0
C7ORF77,0,0,0.0,0.0
C8A,5,5,0.0446,0.0097
C8B,5,5,0.0446,0.0097
C8G,5,5,0.0446,0.0097
C8ORF22,0,0,0.0,0.0
C8ORF31,0,0,0.0,0.0
C8ORF33,0,0,0.0,0.0
C8ORF34,0,0,0.0,0.0
C8ORF37,0,0,0.0,0.0
C8ORF4,0,0,0.0,0.0
C8ORF44,0,0,0.0,0.0
C8ORF44-SGK3,2,0,0.0179,0.0
C8ORF46,0,0,0.0,0.0
C8ORF48,0,0,0.0,0.0
C8ORF58,0,0,0.0,0.0
C8ORF59,0,0,0.0,0.0
C8ORF74,0,0,0.0,0.0
C8ORF76,0,0,0.0,0.0
C8ORF82,0,0,0.0,0.0
C8ORF86,0,0,0.0,0.0
C8ORF87,0,0,0.0,0.0
C8ORF88,0,0,0.0,0.0
C8ORF89,0,0,0.0,0.0
C9,5,5,0.0446,0.0097
C9ORF106,0,0,0.0,0.0
C9ORF114,0,0,0.0,0.0
C9ORF116,0,0,0.0,0.0
C9ORF117,0,0,0.0,0.0
C9ORF129,0,0,0.0,0.0
C9ORF131,0,0,0.0,0.0
C9ORF135,0,0,0.0,0.0
C9ORF139,0,0,0.0,0.0
C9ORF142,0,0,0.0,0.0
C9ORF152,0,0,0.0,0.0
C9ORF153,0,0,0.0,0.0
C9ORF156,0,0,0.0,0.0
C9ORF16,0,0,0.0,0.0
C9ORF163,0,0,0.0,0.0
C9ORF170,0,0,0.0,0.0
C9ORF171,0,0,0.0,0.0
C9ORF172,0,0,0.0,0.0
C9ORF173,0,0,0.0,0.0
C9ORF24,0,0,0.0,0.0
C9ORF3,0,0,0.0,0.0
C9ORF40,0,0,0.0,0.0
C9ORF41,0,0,0.0,0.0
C9ORF43,0,0,0.0,0.0
C9ORF47,0,0,0.0,0.0
C9ORF50,0,0,0.0,0.0
C9ORF57,0,0,0.0,0.0
C9ORF62,0,0,0.0,0.0
C9ORF64,0,0,0.0,0.0
C9ORF66,0,0,0.0,0.0
C9ORF69,0,0,0.0,0.0
C9ORF72,3,0,0.0268,0.0
C9ORF78,0,4,0.0,0.0078
C9ORF84,0,0,0.0,0.0
C9ORF85,0,0,0.0,0.0
C9ORF89,0,0,0.0,0.0
C9ORF9,0,0,0.0,0.0
C9ORF91,0,0,0.0,0.0
C9ORF92,0,0,0.0,0.0
CA1,1,12,0.0089,0.0233
CA10,0,0,0.0,0.0
CA11,0,0,0.0,0.0
CA12,1,2,0.0089,0.0039
CA13,1,2,0.0089,0.0039
CA14,1,2,0.0089,0.0039
CA2,6,10,0.0536,0.0195
CA3,1,2,0.0089,0.0039
CA4,2,6,0.0179,0.0117
CA5A,1,2,0.0089,0.0039
CA5B,1,2,0.0089,0.0039
CA6,1,2,0.0089,0.0039
CA7,1,2,0.0089,0.0039
CA8,1,0,0.0089,0.0
CA9,1,6,0.0089,0.0117
CAAP1,0,0,0.0,0.0
CAB39,2,6,0.0179,0.0117
CAB39L,2,3,0.0179,0.0058
CABCOCO1,0,0,0.0,0.0
CABIN1,0,5,0.0,0.0097
CABLES1,0,9,0.0,0.0175
CABLES2,0,2,0.0,0.0039
CABP1,0,3,0.0,0.0058
CABP2,0,3,0.0,0.0058
CABP4,0,0,0.0,0.0
CABP5,0,0,0.0,0.0
CABP7,0,0,0.0,0.0
CABS1,0,0,0.0,0.0
CABYR,0,0,0.0,0.0
CACFD1,0,0,0.0,0.0
CACHD1,0,0,0.0,0.0
CACNA1A,15,6,0.1339,0.0117
CACNA1B,14,3,0.125,0.0058
CACNA1C,33,16,0.2946,0.0311
CACNA1D,34,15,0.3036,0.0292
CACNA1E,3,6,0.0268,0.0117
CACNA1F,26,0,0.2321,0.0
CACNA1G,8,7,0.0714,0.0136
CACNA1H,7,10,0.0625,0.0195
CACNA1I,7,7,0.0625,0.0136
CACNA1S,26,5,0.2321,0.0097
CACNA2D1,7,6,0.0625,0.0117
CACNA2D2,7,17,0.0625,0.0331
CACNA2D3,7,3,0.0625,0.0058
CACNA2D4,7,0,0.0625,0.0
CACNB1,7,15,0.0625,0.0292
CACNB2,7,25,0.0625,0.0486
CACNB3,7,18,0.0625,0.035
CACNB4,7,8,0.0625,0.0156
CACNG1,7,0,0.0625,0.0
CACNG2,7,8,0.0625,0.0156
CACNG3,7,7,0.0625,0.0136
CACNG4,7,12,0.0625,0.0233
CACNG5,7,0,0.0625,0.0
CACNG6,7,4,0.0625,0.0078
CACNG7,7,7,0.0625,0.0136
CACNG8,7,11,0.0625,0.0214
CACTIN,0,4,0.0,0.0078
CACUL1,0,0,0.0,0.0
CACYBP,1,0,0.0089,0.0
CAD,2,4,0.0179,0.0078
CADM1,1,5,0.0089,0.0097
CADM2,0,4,0.0,0.0078
CADM3,1,5,0.0089,0.0097
CADM4,0,0,0.0,0.0
CADPS,0,0,0.0,0.0
CADPS2,0,0,0.0,0.0
CAGE1,0,0,0.0,0.0
CALB1,1,2,0.0089,0.0039
CALB2,0,0,0.0,0.0
CALCA,2,9,0.0179,0.0175
CALCB,2,7,0.0179,0.0136
CALCOCO1,0,0,0.0,0.0
CALCOCO2,3,0,0.0268,0.0
CALCR,2,7,0.0179,0.0136
CALCRL,2,11,0.0179,0.0214
CALD1,1,2,0.0089,0.0039
CALHM1,1,4,0.0089,0.0078
CALHM2,0,0,0.0,0.0
CALHM3,0,4,0.0,0.0078
CALHM4,0,0,0.0,0.0
CALHM5,0,0,0.0,0.0
CALHM6,0,0,0.0,0.0
CALM1,43,206,0.3839,0.4008
CALM2,43,206,0.3839,0.4008
CALM3,43,206,0.3839,0.4008
CALML3,43,0,0.3839,0.0
CALML4,43,0,0.3839,0.0
CALML5,43,7,0.3839,0.0136
CALML6,43,0,0.3839,0.0
CALN1,0,0,0.0,0.0
CALR,9,33,0.0804,0.0642
CALR3,0,0,0.0,0.0
CALU,0,8,0.0,0.0156
CALY,1,0,0.0089,0.0
CAMK1,4,13,0.0357,0.0253
CAMK1D,4,0,0.0357,0.0
CAMK1G,4,0,0.0357,0.0
CAMK2A,33,72,0.2946,0.1401
CAMK2B,33,70,0.2946,0.1362
CAMK2D,33,69,0.2946,0.1342
CAMK2G,33,70,0.2946,0.1362
CAMK2N1,0,0,0.0,0.0
CAMK2N2,0,0,0.0,0.0
CAMK4,13,53,0.1161,0.1031
CAMKK1,1,40,0.0089,0.0778
CAMKK2,6,41,0.0536,0.0798
CAMKMT,1,7,0.0089,0.0136
CAMKV,0,0,0.0,0.0
CAMLG,0,2,0.0,0.0039
CAMP,5,4,0.0446,0.0078
CAMSAP1,0,0,0.0,0.0
CAMSAP2,0,0,0.0,0.0
CAMSAP3,0,0,0.0,0.0
CAMTA1,0,0,0.0,0.0
CAMTA2,0,0,0.0,0.0
CAND1,0,8,0.0,0.0156
CAND2,0,0,0.0,0.0
CANT1,2,3,0.0179,0.0058
CANX,5,48,0.0446,0.0934
CAP1,0,12,0.0,0.0233
CAP2,0,5,0.0,0.0097
CAPG,0,0,0.0,0.0
CAPN1,7,20,0.0625,0.0389
CAPN10,0,2,0.0,0.0039
CAPN11,0,2,0.0,0.0039
CAPN12,0,2,0.0,0.0039
CAPN13,0,2,0.0,0.0039
CAPN14,0,2,0.0,0.0039
CAPN15,0,2,0.0,0.0039
CAPN2,8,21,0.0714,0.0409
CAPN3,0,2,0.0,0.0039
CAPN5,0,2,0.0,0.0039
CAPN6,0,2,0.0,0.0039
CAPN7,0,2,0.0,0.0039
CAPN8,0,2,0.0,0.0039
CAPN9,0,2,0.0,0.0039
CAPNS1,1,26,0.0089,0.0506
CAPNS2,0,21,0.0,0.0409
CAPRIN1,0,0,0.0,0.0
CAPRIN2,0,0,0.0,0.0
CAPS,0,0,0.0,0.0
CAPS2,0,0,0.0,0.0
CAPSL,0,0,0.0,0.0
CAPZA1,1,31,0.0089,0.0603
CAPZA2,1,26,0.0089,0.0506
CAPZA3,1,17,0.0089,0.0331
CAPZB,1,30,0.0089,0.0584
CARD10,1,0,0.0089,0.0
CARD11,3,20,0.0268,0.0389
CARD14,1,0,0.0089,0.0
CARD16,1,0,0.0089,0.0
CARD17,0,0,0.0,0.0
CARD18,1,0,0.0089,0.0
CARD19,0,0,0.0,0.0
CARD6,1,0,0.0089,0.0
CARD8,1,7,0.0089,0.0136
CARD9,4,8,0.0357,0.0156
CARF,0,0,0.0,0.0
CARHSP1,0,0,0.0,0.0
CARKD,0,0,0.0,0.0
CARM1,0,41,0.0,0.0798
CARMIL1,0,2,0.0,0.0039
CARMIL2,0,0,0.0,0.0
CARMIL3,0,0,0.0,0.0
CARNMT1,1,3,0.0089,0.0058
CARNS1,3,3,0.0268,0.0058
CARS,0,0,0.0,0.0
CARS1,1,8,0.0089,0.0156
CARS2,1,4,0.0089,0.0078
CARTPT,0,0,0.0,0.0
CASC1,0,0,0.0,0.0
CASC10,0,0,0.0,0.0
CASC3,2,14,0.0179,0.0272
CASC4,0,0,0.0,0.0
CASC5,0,0,0.0,0.0
CASD1,0,0,0.0,0.0
CASK,0,22,0.0,0.0428
CASKIN1,0,0,0.0,0.0
CASKIN2,0,0,0.0,0.0
CASP1,15,41,0.1339,0.0798
CASP10,5,14,0.0446,0.0272
CASP12,8,0,0.0714,0.0
CASP14,0,6,0.0,0.0117
CASP16,0,0,0.0,0.0
CASP2,1,15,0.0089,0.0292
CASP3,42,43,0.375,0.0837
CASP4,5,15,0.0446,0.0292
CASP5,2,0,0.0179,0.0
CASP6,2,12,0.0179,0.0233
CASP7,12,12,0.1071,0.0233
CASP8,34,59,0.3036,0.1148
CASP8AP2,0,5,0.0,0.0097
CASP9,34,32,0.3036,0.0623
CASQ1,1,6,0.0089,0.0117
CASQ2,2,6,0.0179,0.0117
CASR,2,7,0.0179,0.0136
CASS4,0,0,0.0,0.0
CAST,1,12,0.0089,0.0233
CASTOR1,1,4,0.0089,0.0078
CASTOR2,1,4,0.0089,0.0078
CASZ1,0,0,0.0,0.0
CAT,8,17,0.0714,0.0331
CATIP,0,0,0.0,0.0
CATSPER1,0,3,0.0,0.0058
CATSPER2,0,3,0.0,0.0058
CATSPER3,0,3,0.0,0.0058
CATSPER4,0,3,0.0,0.0058
CATSPERB,0,3,0.0,0.0058
CATSPERD,0,3,0.0,0.0058
CATSPERE,0,0,0.0,0.0
CATSPERG,0,3,0.0,0.0058
CATSPERZ,0,0,0.0,0.0
CAV1,7,63,0.0625,0.1226
CAV2,6,4,0.0536,0.0078
CAV3,6,4,0.0536,0.0078
CAVIN1,0,10,0.0,0.0195
CAVIN2,0,0,0.0,0.0
CAVIN3,0,0,0.0,0.0
CAVIN4,0,0,0.0,0.0
CBARP,0,0,0.0,0.0
CBFA2T2,0,2,0.0,0.0039
CBFA2T3,0,0,0.0,0.0
CBFB,0,47,0.0,0.0914
CBL,8,61,0.0714,0.1187
CBLB,7,4,0.0625,0.0078
CBLC,2,0,0.0179,0.0
CBLIF,1,12,0.0089,0.0233
CBLL1,0,16,0.0,0.0311
CBLL2,0,4,0.0,0.0078
CBLN1,0,0,0.0,0.0
CBLN2,0,0,0.0,0.0
CBLN3,0,0,0.0,0.0
CBLN4,0,0,0.0,0.0
CBR1,4,5,0.0357,0.0097
CBR3,2,3,0.0179,0.0058
CBR4,1,4,0.0089,0.0078
CBS,2,8,0.0179,0.0156
CBWD1,0,0,0.0,0.0
CBWD2,0,0,0.0,0.0
CBWD3,0,0,0.0,0.0
CBWD5,0,0,0.0,0.0
CBWD6,0,0,0.0,0.0
CBWD7,0,0,0.0,0.0
CBX1,0,15,0.0,0.0292
CBX2,0,35,0.0,0.0681
CBX3,1,21,0.0089,0.0409
CBX4,0,35,0.0,0.0681
CBX5,0,14,0.0,0.0272
CBX6,0,22,0.0,0.0428
CBX7,0,0,0.0,0.0
CBX8,0,35,0.0,0.0681
CBY1,1,4,0.0089,0.0078
CBY2,0,0,0.0,0.0
CBY3,0,0,0.0,0.0
CC2D1A,0,0,0.0,0.0
CC2D1B,0,7,0.0,0.0136
CC2D2A,0,4,0.0,0.0078
CC2D2B,0,0,0.0,0.0
CCAR1,0,11,0.0,0.0214
CCAR2,0,4,0.0,0.0078
CCBE1,0,0,0.0,0.0
CCBL1,0,0,0.0,0.0
CCBL2,0,0,0.0,0.0
CCDC101,0,0,0.0,0.0
CCDC102A,0,0,0.0,0.0
CCDC102B,0,0,0.0,0.0
CCDC103,0,0,0.0,0.0
CCDC105,0,0,0.0,0.0
CCDC106,0,0,0.0,0.0
CCDC107,0,0,0.0,0.0
CCDC108,0,0,0.0,0.0
CCDC109B,0,0,0.0,0.0
CCDC110,0,0,0.0,0.0
CCDC112,0,0,0.0,0.0
CCDC113,0,0,0.0,0.0
CCDC114,0,0,0.0,0.0
CCDC115,0,0,0.0,0.0
CCDC116,0,0,0.0,0.0
CCDC117,0,0,0.0,0.0
CCDC12,1,4,0.0089,0.0078
CCDC120,0,0,0.0,0.0
CCDC121,0,0,0.0,0.0
CCDC122,0,0,0.0,0.0
CCDC124,0,0,0.0,0.0
CCDC125,0,0,0.0,0.0
CCDC126,0,0,0.0,0.0
CCDC127,0,0,0.0,0.0
CCDC129,0,0,0.0,0.0
CCDC13,0,0,0.0,0.0
CCDC130,0,0,0.0,0.0
CCDC132,0,0,0.0,0.0
CCDC134,0,0,0.0,0.0
CCDC136,0,0,0.0,0.0
CCDC137,0,0,0.0,0.0
CCDC138,0,0,0.0,0.0
CCDC14,0,0,0.0,0.0
CCDC140,0,0,0.0,0.0
CCDC141,0,0,0.0,0.0
CCDC142,0,0,0.0,0.0
CCDC144A,0,0,0.0,0.0
CCDC144NL,0,0,0.0,0.0
CCDC146,0,0,0.0,0.0
CCDC148,0,0,0.0,0.0
CCDC149,0,0,0.0,0.0
CCDC15,0,0,0.0,0.0
CCDC150,0,0,0.0,0.0
CCDC151,0,0,0.0,0.0
CCDC152,0,0,0.0,0.0
CCDC153,0,0,0.0,0.0
CCDC154,0,0,0.0,0.0
CCDC155,0,0,0.0,0.0
CCDC157,0,0,0.0,0.0
CCDC158,0,0,0.0,0.0
CCDC159,0,0,0.0,0.0
CCDC160,0,0,0.0,0.0
CCDC166,0,0,0.0,0.0
CCDC167,0,0,0.0,0.0
CCDC168,0,0,0.0,0.0
CCDC169,0,0,0.0,0.0
CCDC169-SOHLH2,0,0,0.0,0.0
CCDC17,0,0,0.0,0.0
CCDC170,0,0,0.0,0.0
CCDC171,0,0,0.0,0.0
CCDC172,0,0,0.0,0.0
CCDC173,0,0,0.0,0.0
CCDC174,0,0,0.0,0.0
CCDC175,0,0,0.0,0.0
CCDC176,0,0,0.0,0.0
CCDC177,0,0,0.0,0.0
CCDC178,0,0,0.0,0.0
CCDC179,0,0,0.0,0.0
CCDC18,0,0,0.0,0.0
CCDC180,0,0,0.0,0.0
CCDC181,0,0,0.0,0.0
CCDC182,0,0,0.0,0.0
CCDC183,0,0,0.0,0.0
CCDC184,0,0,0.0,0.0
CCDC185,0,0,0.0,0.0
CCDC186,0,0,0.0,0.0
CCDC187,0,5,0.0,0.0097
CCDC190,0,0,0.0,0.0
CCDC191,0,0,0.0,0.0
CCDC198,0,0,0.0,0.0
CCDC22,0,3,0.0,0.0058
CCDC23,0,0,0.0,0.0
CCDC24,0,0,0.0,0.0
CCDC25,0,0,0.0,0.0
CCDC27,0,0,0.0,0.0
CCDC28A,0,0,0.0,0.0
CCDC28B,0,0,0.0,0.0
CCDC3,0,0,0.0,0.0
CCDC30,0,0,0.0,0.0
CCDC32,0,0,0.0,0.0
CCDC33,0,0,0.0,0.0
CCDC34,0,0,0.0,0.0
CCDC36,0,0,0.0,0.0
CCDC37,0,0,0.0,0.0
CCDC38,0,0,0.0,0.0
CCDC39,0,0,0.0,0.0
CCDC40,0,0,0.0,0.0
CCDC42,0,0,0.0,0.0
CCDC42B,0,0,0.0,0.0
CCDC43,0,0,0.0,0.0
CCDC47,0,0,0.0,0.0
CCDC50,0,0,0.0,0.0
CCDC51,0,0,0.0,0.0
CCDC53,0,0,0.0,0.0
CCDC54,0,0,0.0,0.0
CCDC57,0,0,0.0,0.0
CCDC58,0,0,0.0,0.0
CCDC59,0,2,0.0,0.0039
CCDC6,2,0,0.0179,0.0
CCDC60,0,0,0.0,0.0
CCDC61,0,0,0.0,0.0
CCDC62,0,0,0.0,0.0
CCDC63,0,0,0.0,0.0
CCDC64,0,0,0.0,0.0
CCDC64B,0,0,0.0,0.0
CCDC65,0,0,0.0,0.0
CCDC66,0,0,0.0,0.0
CCDC67,0,0,0.0,0.0
CCDC68,0,0,0.0,0.0
CCDC69,0,0,0.0,0.0
CCDC7,0,0,0.0,0.0
CCDC70,0,0,0.0,0.0
CCDC71,0,0,0.0,0.0
CCDC71L,0,0,0.0,0.0
CCDC73,0,0,0.0,0.0
CCDC74A,0,0,0.0,0.0
CCDC74B,0,0,0.0,0.0
CCDC77,0,0,0.0,0.0
CCDC78,0,0,0.0,0.0
CCDC79,0,0,0.0,0.0
CCDC8,0,3,0.0,0.0058
CCDC80,0,0,0.0,0.0
CCDC81,0,0,0.0,0.0
CCDC82,0,0,0.0,0.0
CCDC83,0,0,0.0,0.0
CCDC85A,0,0,0.0,0.0
CCDC85B,0,0,0.0,0.0
CCDC85C,0,0,0.0,0.0
CCDC86,0,0,0.0,0.0
CCDC87,0,0,0.0,0.0
CCDC88A,0,6,0.0,0.0117
CCDC88B,0,0,0.0,0.0
CCDC88C,0,4,0.0,0.0078
CCDC89,0,0,0.0,0.0
CCDC9,0,0,0.0,0.0
CCDC90B,0,0,0.0,0.0
CCDC91,0,0,0.0,0.0
CCDC92,0,0,0.0,0.0
CCDC93,0,0,0.0,0.0
CCDC94,0,0,0.0,0.0
CCDC96,0,0,0.0,0.0
CCDC97,0,0,0.0,0.0
CCDC9B,0,0,0.0,0.0
CCER1,0,0,0.0,0.0
CCER2,0,0,0.0,0.0
CCHCR1,0,0,0.0,0.0
CCIN,0,0,0.0,0.0
CCK,3,7,0.0268,0.0136
CCKAR,4,7,0.0357,0.0136
CCKBR,3,8,0.0268,0.0156
CCL1,3,8,0.0268,0.0156
CCL11,5,10,0.0446,0.0195
CCL13,4,8,0.0357,0.0156
CCL14,3,0,0.0268,0.0
CCL15,3,0,0.0268,0.0
CCL16,3,8,0.0268,0.0156
CCL17,5,6,0.0446,0.0117
CCL18,3,0,0.0268,0.0
CCL19,4,12,0.0357,0.0233
CCL2,17,20,0.1518,0.0389
CCL20,6,12,0.0536,0.0233
CCL21,4,8,0.0357,0.0156
CCL22,4,11,0.0357,0.0214
CCL23,3,9,0.0268,0.0175
CCL24,3,0,0.0268,0.0
CCL25,4,8,0.0357,0.0156
CCL26,3,0,0.0268,0.0
CCL27,3,8,0.0268,0.0156
CCL28,4,8,0.0357,0.0156
CCL3,8,13,0.0714,0.0253
CCL3L1,8,10,0.0714,0.0195
CCL3L3,8,10,0.0714,0.0195
CCL4,7,12,0.0625,0.0233
CCL4L1,7,12,0.0625,0.0233
CCL4L2,7,4,0.0625,0.0078
CCL5,16,12,0.1429,0.0233
CCL7,4,6,0.0357,0.0117
CCL8,3,0,0.0268,0.0
CCM2,0,0,0.0,0.0
CCM2L,0,0,0.0,0.0
CCN1,0,4,0.0,0.0078
CCN2,2,6,0.0179,0.0117
CCN3,0,0,0.0,0.0
CCN4,1,0,0.0089,0.0
CCN5,0,0,0.0,0.0
CCN6,0,0,0.0,0.0
CCNA1,12,62,0.1071,0.1206
CCNB1,7,62,0.0625,0.1206
CCNB1IP1,0,0,0.0,0.0
CCNB2,8,29,0.0714,0.0564
CCNB3,5,0,0.0446,0.0
CCNC,0,44,0.0,0.0856
CCND1,45,61,0.4018,0.1187
CCND2,19,16,0.1696,0.0311
CCND3,15,22,0.1339,0.0428
CCNDBP1,0,0,0.0,0.0
CCNE1,17,46,0.1518,0.0895
CCNE2,17,39,0.1518,0.0759
CCNF,0,7,0.0,0.0136
CCNG1,2,7,0.0179,0.0136
CCNG2,2,5,0.0179,0.0097
CCNI,0,0,0.0,0.0
CCNI2,0,0,0.0,0.0
CCNJ,0,0,0.0,0.0
CCNJL,0,0,0.0,0.0
CCNL1,0,0,0.0,0.0
CCNL2,0,0,0.0,0.0
CCNO,0,0,0.0,0.0
CCNP,0,0,0.0,0.0
CCNQ,0,0,0.0,0.0
CCNT1,1,47,0.0089,0.0914
CCNT2,1,27,0.0089,0.0525
CCNY,0,0,0.0,0.0
CCNYL1,0,0,0.0,0.0
CCP110,0,26,0.0,0.0506
CCPG1,0,0,0.0,0.0
CCR1,5,12,0.0446,0.0233
CCR10,4,8,0.0357,0.0156
CCR2,3,16,0.0268,0.0311
CCR3,6,8,0.0536,0.0156
CCR4,5,8,0.0446,0.0156
CCR5,9,19,0.0804,0.037
CCR6,3,13,0.0268,0.0253
CCR7,3,8,0.0268,0.0156
CCR8,5,8,0.0446,0.0156
CCR9,4,8,0.0357,0.0156
CCRL2,0,6,0.0,0.0117
CCRN4L,0,0,0.0,0.0
CCS,2,8,0.0179,0.0156
CCSAP,0,0,0.0,0.0
CCSER1,0,0,0.0,0.0
CCSER2,0,0,0.0,0.0
CCT6B,0,13,0.0,0.0253
CCT8L2,0,0,0.0,0.0
CCZ1,0,4,0.0,0.0078
CCZ1B,0,4,0.0,0.0078
CD101,0,4,0.0,0.0078
CD109,0,7,0.0,0.0136
CD14,14,43,0.125,0.0837
CD151,0,6,0.0,0.0117
CD160,0,3,0.0,0.0058
CD163,0,10,0.0,0.0195
CD163L1,0,0,0.0,0.0
CD164,1,0,0.0089,0.0
CD164L2,0,0,0.0,0.0
CD177,0,7,0.0,0.0136
CD180,0,4,0.0,0.0078
CD19,5,21,0.0446,0.0409
CD1A,3,3,0.0268,0.0058
CD1B,3,3,0.0268,0.0058
CD1C,3,3,0.0268,0.0058
CD1D,3,3,0.0268,0.0058
CD1E,3,0,0.0268,0.0
CD2,2,2,0.0179,0.0039
CD200,0,3,0.0,0.0058
CD200R1,1,3,0.0089,0.0058
CD200R1L,1,0,0.0089,0.0
CD207,0,10,0.0,0.0195
CD209,4,13,0.0357,0.0253
CD22,3,10,0.0268,0.0195
CD226,1,3,0.0089,0.0058
CD24,1,10,0.0089,0.0195
CD244,1,2,0.0089,0.0039
CD247,8,34,0.0714,0.0661
CD248,0,0,0.0,0.0
CD27,1,4,0.0089,0.0078
CD274,2,15,0.0179,0.0292
CD276,1,0,0.0089,0.0
CD28,12,22,0.1071,0.0428
CD2AP,1,2,0.0089,0.0039
CD2BP2,0,5,0.0,0.0097
CD300A,0,10,0.0,0.0195
CD300C,0,3,0.0,0.0058
CD300E,0,5,0.0,0.0097
CD300LB,0,5,0.0,0.0097
CD300LD,0,3,0.0,0.0058
CD300LF,0,3,0.0,0.0058
CD300LG,0,3,0.0,0.0058
CD302,0,0,0.0,0.0
CD320,0,10,0.0,0.0195
CD33,1,10,0.0089,0.0195
CD34,2,3,0.0179,0.0058
CD36,12,50,0.1071,0.0973
CD37,1,0,0.0089,0.0
CD38,6,4,0.0536,0.0078
CD3D,11,14,0.0982,0.0272
CD3E,11,10,0.0982,0.0195
CD3EAP,0,0,0.0,0.0
CD3G,10,33,0.0893,0.0642
CD4,12,32,0.1071,0.0623
CD40,17,6,0.1518,0.0117
CD40LG,14,6,0.125,0.0117
CD44,6,23,0.0536,0.0447
CD46,2,4,0.0179,0.0078
CD47,1,11,0.0089,0.0214
CD48,1,2,0.0089,0.0039
CD5,1,0,0.0089,0.0
CD52,0,3,0.0,0.0058
CD53,0,3,0.0,0.0058
CD55,3,17,0.0268,0.0331
CD58,2,5,0.0179,0.0097
CD59,2,15,0.0179,0.0292
CD5L,0,3,0.0,0.0058
CD6,1,0,0.0089,0.0
CD63,2,7,0.0179,0.0136
CD68,1,3,0.0089,0.0058
CD69,0,0,0.0,0.0
CD7,1,0,0.0089,0.0
CD70,1,4,0.0089,0.0078
CD72,1,5,0.0089,0.0097
CD74,3,9,0.0268,0.0175
CD79A,2,14,0.0179,0.0272
CD79B,1,14,0.0089,0.0272
CD80,10,19,0.0893,0.037
CD81,3,6,0.0268,0.0117
CD82,1,0,0.0089,0.0
CD83,0,0,0.0,0.0
CD84,0,2,0.0,0.0039
CD86,12,19,0.1071,0.037
CD8A,6,3,0.0536,0.0058
CD8B,6,11,0.0536,0.0214
CD9,1,12,0.0089,0.0233
CD93,0,3,0.0,0.0058
CD96,0,3,0.0,0.0058
CD99,2,5,0.0179,0.0097
CD99L2,2,2,0.0179,0.0039
CDA,2,7,0.0179,0.0136
CDADC1,0,0,0.0,0.0
CDAN1,0,0,0.0,0.0
CDC14A,1,8,0.0089,0.0156
CDC14B,1,3,0.0089,0.0058
CDC20B,0,0,0.0,0.0
CDC23,5,47,0.0446,0.0914
CDC25A,4,28,0.0357,0.0545
CDC25B,4,16,0.0357,0.0311
CDC25C,5,28,0.0446,0.0545
CDC26,5,47,0.0446,0.0914
CDC34,1,15,0.0089,0.0292
CDC37L1,0,4,0.0,0.0078
CDC40,1,13,0.0089,0.0253
CDC42,31,98,0.2768,0.1907
CDC42BPA,0,8,0.0,0.0156
CDC42BPB,0,7,0.0,0.0136
CDC42BPG,0,0,0.0,0.0
CDC42EP1,0,11,0.0,0.0214
CDC42EP2,0,8,0.0,0.0156
CDC42EP3,0,8,0.0,0.0156
CDC42EP4,0,8,0.0,0.0156
CDC42EP5,0,7,0.0,0.0136
CDC42SE1,0,0,0.0,0.0
CDC42SE2,0,5,0.0,0.0097
CDC45,1,18,0.0089,0.035
CDC6,1,23,0.0089,0.0447
CDC7,1,14,0.0089,0.0272
CDCA2,0,0,0.0,0.0
CDCA3,0,0,0.0,0.0
CDCA4,0,0,0.0,0.0
CDCA5,1,10,0.0089,0.0195
CDCA7,0,0,0.0,0.0
CDCA7L,0,0,0.0,0.0
CDCA8,0,23,0.0,0.0447
CDCP1,0,0,0.0,0.0
CDCP2,0,0,0.0,0.0
CDH1,12,55,0.1071,0.107
CDH10,0,4,0.0,0.0078
CDH11,0,21,0.0,0.0409
CDH12,0,4,0.0,0.0078
CDH13,0,4,0.0,0.0078
CDH15,1,8,0.0089,0.0156
CDH16,0,0,0.0,0.0
CDH17,1,4,0.0089,0.0078
CDH18,0,4,0.0,0.0078
CDH19,0,14,0.0,0.0272
CDH2,2,15,0.0179,0.0292
CDH20,0,0,0.0,0.0
CDH22,0,0,0.0,0.0
CDH23,0,4,0.0,0.0078
CDH24,0,13,0.0,0.0253
CDH26,0,0,0.0,0.0
CDH3,1,4,0.0089,0.0078
CDH4,1,8,0.0089,0.0156
CDH5,3,13,0.0268,0.0253
CDH6,0,4,0.0,0.0078
CDH7,0,4,0.0,0.0078
CDH8,0,13,0.0,0.0253
CDH9,0,4,0.0,0.0078
CDHR1,0,0,0.0,0.0
CDHR2,0,0,0.0,0.0
CDHR3,0,0,0.0,0.0
CDHR4,0,0,0.0,0.0
CDHR5,0,0,0.0,0.0
CDIN1,0,0,0.0,0.0
CDIP1,0,0,0.0,0.0
CDIPT,3,5,0.0268,0.0097
CDK10,0,0,0.0,0.0
CDK11A,0,6,0.0,0.0117
CDK11B,0,6,0.0,0.0117
CDK12,0,5,0.0,0.0097
CDK13,0,8,0.0,0.0156
CDK14,1,0,0.0089,0.0
CDK15,0,0,0.0,0.0
CDK16,0,0,0.0,0.0
CDK17,0,0,0.0,0.0
CDK18,0,0,0.0,0.0
CDK19,0,15,0.0,0.0292
CDK2,19,76,0.1696,0.1479
CDK20,0,0,0.0,0.0
CDK2AP1,0,6,0.0,0.0117
CDK2AP2,0,6,0.0,0.0117
CDK3,0,0,0.0,0.0
CDK4,27,60,0.2411,0.1167
CDK5,4,55,0.0357,0.107
CDK5R1,3,45,0.0268,0.0875
CDK5R2,0,6,0.0,0.0117
CDK5RAP1,0,0,0.0,0.0
CDK5RAP2,0,17,0.0,0.0331
CDK5RAP3,0,0,0.0,0.0
CDK6,23,28,0.2054,0.0545
CDK8,0,44,0.0,0.0856
CDK9,1,47,0.0089,0.0914
CDKAL1,0,3,0.0,0.0058
CDKL1,0,0,0.0,0.0
CDKL2,0,0,0.0,0.0
CDKL3,0,0,0.0,0.0
CDKL4,0,0,0.0,0.0
CDKL5,0,0,0.0,0.0
CDKN1A,39,69,0.3482,0.1342
CDKN1B,18,57,0.1607,0.1109
CDKN1C,1,10,0.0089,0.0195
CDKN2A,16,57,0.1429,0.1109
CDKN2AIP,0,0,0.0,0.0
CDKN2AIPNL,0,0,0.0,0.0
CDKN2B,10,19,0.0893,0.037
CDKN2C,4,11,0.0357,0.0214
CDKN2D,2,11,0.0179,0.0214
CDKN3,0,0,0.0,0.0
CDNF,0,0,0.0,0.0
CDO1,2,4,0.0179,0.0078
CDON,1,9,0.0089,0.0175
CDPF1,0,0,0.0,0.0
CDR1,0,0,0.0,0.0
CDR2,0,0,0.0,0.0
CDR2L,0,0,0.0,0.0
CDRT1,0,0,0.0,0.0
CDRT15,0,0,0.0,0.0
CDRT15L2,0,0,0.0,0.0
CDRT4,0,0,0.0,0.0
CDS1,2,5,0.0179,0.0097
CDS2,2,5,0.0179,0.0097
CDSN,0,3,0.0,0.0058
CDV3,0,0,0.0,0.0
CDX1,0,0,0.0,0.0
CDX2,1,4,0.0089,0.0078
CDX4,0,0,0.0,0.0
CDY1,0,0,0.0,0.0
CDY1B,0,0,0.0,0.0
CDY2A,0,0,0.0,0.0
CDY2B,0,0,0.0,0.0
CDYL,0,0,0.0,0.0
CDYL2,0,0,0.0,0.0
CEACAM1,0,11,0.0,0.0214
CEACAM16,0,0,0.0,0.0
CEACAM18,0,0,0.0,0.0
CEACAM19,0,0,0.0,0.0
CEACAM20,0,0,0.0,0.0
CEACAM21,0,0,0.0,0.0
CEACAM3,0,5,0.0,0.0097
CEACAM4,0,0,0.0,0.0
CEACAM5,0,5,0.0,0.0097
CEACAM6,0,7,0.0,0.0136
CEACAM7,0,3,0.0,0.0058
CEACAM8,0,7,0.0,0.0136
CEBPA,4,14,0.0357,0.0272
CEBPB,4,33,0.0357,0.0642
CEBPD,0,12,0.0,0.0233
CEBPE,2,2,0.0179,0.0039
CEBPG,1,8,0.0089,0.0156
CECR1,0,0,0.0,0.0
CECR2,0,0,0.0,0.0
CECR5,0,0,0.0,0.0
CECR6,0,0,0.0,0.0
CEL,4,7,0.0357,0.0136
CELA1,0,0,0.0,0.0
CELA2A,2,6,0.0179,0.0117
CELA2B,2,0,0.0179,0.0
CELA3A,2,0,0.0179,0.0
CELA3B,2,4,0.0179,0.0078
CELF1,0,0,0.0,0.0
CELF2,0,0,0.0,0.0
CELF3,0,0,0.0,0.0
CELF4,0,0,0.0,0.0
CELF5,0,0,0.0,0.0
CELF6,0,0,0.0,0.0
CELSR1,0,0,0.0,0.0
CELSR2,0,0,0.0,0.0
CELSR3,0,0,0.0,0.0
CEMIP,0,5,0.0,0.0097
CEMIP2,0,0,0.0,0.0
CEMP1,0,0,0.0,0.0
CENATAC,0,0,0.0,0.0
CEND1,0,0,0.0,0.0
CENPB,0,0,0.0,0.0
CENPBD1,0,0,0.0,0.0
CENPE,0,29,0.0,0.0564
CENPF,0,21,0.0,0.0409
CENPH,0,21,0.0,0.0409
CENPI,0,21,0.0,0.0409
CENPJ,0,0,0.0,0.0
CENPK,0,21,0.0,0.0409
CENPL,0,21,0.0,0.0409
CENPM,0,21,0.0,0.0409
CENPN,0,21,0.0,0.0409
CENPO,0,21,0.0,0.0409
CENPP,0,21,0.0,0.0409
CENPQ,0,21,0.0,0.0409
CENPS,1,28,0.0089,0.0545
CENPT,0,21,0.0,0.0409
CENPU,0,21,0.0,0.0409
CENPV,0,0,0.0,0.0
CENPW,0,4,0.0,0.0078
CENPX,1,11,0.0089,0.0214
CEP104,0,0,0.0,0.0
CEP112,0,0,0.0,0.0
CEP120,0,0,0.0,0.0
CEP126,0,0,0.0,0.0
CEP128,0,0,0.0,0.0
CEP131,0,17,0.0,0.0331
CEP135,0,17,0.0,0.0331
CEP15,0,0,0.0,0.0
CEP152,0,17,0.0,0.0331
CEP162,0,4,0.0,0.0078
CEP164,0,17,0.0,0.0331
CEP170,0,0,0.0,0.0
CEP170B,0,0,0.0,0.0
CEP19,0,0,0.0,0.0
CEP192,0,17,0.0,0.0331
CEP20,0,0,0.0,0.0
CEP250,0,17,0.0,0.0331
CEP290,0,20,0.0,0.0389
CEP295,0,0,0.0,0.0
CEP295NL,0,0,0.0,0.0
CEP350,0,0,0.0,0.0
CEP41,0,17,0.0,0.0331
CEP43,0,23,0.0,0.0447
CEP44,0,0,0.0,0.0
CEP55,0,0,0.0,0.0
CEP57,0,17,0.0,0.0331
CEP57L1,0,0,0.0,0.0
CEP63,0,17,0.0,0.0331
CEP68,0,0,0.0,0.0
CEP70,0,17,0.0,0.0331
CEP72,0,17,0.0,0.0331
CEP76,0,17,0.0,0.0331
CEP78,0,17,0.0,0.0331
CEP83,0,4,0.0,0.0078
CEP85,0,0,0.0,0.0
CEP85L,0,0,0.0,0.0
CEP89,0,4,0.0,0.0078
CEP95,0,0,0.0,0.0
CEP97,0,9,0.0,0.0175
CEPT1,3,6,0.0268,0.0117
CER1,1,10,0.0089,0.0195
CERCAM,0,0,0.0,0.0
CERK,1,5,0.0089,0.0097
CERKL,0,0,0.0,0.0
CERS1,2,4,0.0179,0.0078
CERS2,2,4,0.0179,0.0078
CERS3,2,4,0.0179,0.0078
CERS4,2,4,0.0179,0.0078
CERS5,2,4,0.0179,0.0078
CERS6,2,4,0.0179,0.0078
CERT1,0,4,0.0,0.0078
CES1,1,11,0.0089,0.0214
CES2,1,5,0.0089,0.0097
CES3,0,7,0.0,0.0136
CES4A,0,0,0.0,0.0
CES5A,0,0,0.0,0.0
CETN1,0,10,0.0,0.0195
CETN2,1,27,0.0089,0.0525
CETN3,0,0,0.0,0.0
CETP,1,9,0.0089,0.0175
CFAP100,0,0,0.0,0.0
CFAP107,0,0,0.0,0.0
CFAP119,0,0,0.0,0.0
CFAP126,0,0,0.0,0.0
CFAP141,0,0,0.0,0.0
CFAP144,0,0,0.0,0.0
CFAP157,0,0,0.0,0.0
CFAP161,0,0,0.0,0.0
CFAP184,0,0,0.0,0.0
CFAP20,0,0,0.0,0.0
CFAP206,0,0,0.0,0.0
CFAP20DC,0,0,0.0,0.0
CFAP210,0,0,0.0,0.0
CFAP221,0,0,0.0,0.0
CFAP251,0,0,0.0,0.0
CFAP263,0,0,0.0,0.0
CFAP276,0,0,0.0,0.0
CFAP299,0,0,0.0,0.0
CFAP300,0,0,0.0,0.0
CFAP36,0,0,0.0,0.0
CFAP410,0,0,0.0,0.0
CFAP418,0,0,0.0,0.0
CFAP43,0,0,0.0,0.0
CFAP44,0,0,0.0,0.0
CFAP45,0,0,0.0,0.0
CFAP46,0,0,0.0,0.0
CFAP47,0,0,0.0,0.0
CFAP52,0,0,0.0,0.0
CFAP53,0,0,0.0,0.0
CFAP54,0,0,0.0,0.0
CFAP57,0,0,0.0,0.0
CFAP58,0,0,0.0,0.0
CFAP61,0,0,0.0,0.0
CFAP65,0,0,0.0,0.0
CFAP68,0,0,0.0,0.0
CFAP69,0,0,0.0,0.0
CFAP70,0,0,0.0,0.0
CFAP73,0,0,0.0,0.0
CFAP74,0,0,0.0,0.0
CFAP77,0,0,0.0,0.0
CFAP90,0,0,0.0,0.0
CFAP91,0,0,0.0,0.0
CFAP92,0,0,0.0,0.0
CFAP95,0,0,0.0,0.0
CFAP96,0,0,0.0,0.0
CFAP97,0,0,0.0,0.0
CFAP97D1,0,0,0.0,0.0
CFAP99,0,0,0.0,0.0
CFB,3,7,0.0268,0.0136
CFC1,0,3,0.0,0.0058
CFC1B,0,0,0.0,0.0
CFD,3,10,0.0268,0.0195
CFDP1,0,0,0.0,0.0
CFH,2,4,0.0179,0.0078
CFHR1,1,4,0.0089,0.0078
CFHR2,1,4,0.0089,0.0078
CFHR3,1,4,0.0089,0.0078
CFHR4,1,4,0.0089,0.0078
CFHR5,1,4,0.0089,0.0078
CFI,2,4,0.0179,0.0078
CFL2,5,0,0.0446,0.0
CFLAR,7,15,0.0625,0.0292
CFP,1,17,0.0089,0.0331
CFTR,8,35,0.0714,0.0681
CGA,9,30,0.0804,0.0584
CGAS,6,10,0.0536,0.0195
CGB,0,0,0.0,0.0
CGB1,0,0,0.0,0.0
CGB2,0,0,0.0,0.0
CGB3,0,9,0.0,0.0175
CGB5,0,9,0.0,0.0175
CGB7,0,0,0.0,0.0
CGB8,0,9,0.0,0.0175
CGGBP1,0,0,0.0,0.0
CGN,1,8,0.0089,0.0156
CGNL1,1,0,0.0089,0.0
CGREF1,0,0,0.0,0.0
CGRRF1,0,0,0.0,0.0
CH17-360D5.1,0,0,0.0,0.0
CH25H,1,5,0.0089,0.0097
CHAC1,1,8,0.0089,0.0156
CHAC2,1,5,0.0089,0.0097
CHAD,4,0,0.0357,0.0
CHADL,0,0,0.0,0.0
CHAMP1,0,0,0.0,0.0
CHAT,2,9,0.0179,0.0175
CHCHD1,0,11,0.0,0.0214
CHCHD10,1,2,0.0089,0.0039
CHCHD2,0,4,0.0,0.0078
CHCHD3,0,5,0.0,0.0097
CHCHD4,0,2,0.0,0.0039
CHCHD5,0,2,0.0,0.0039
CHCHD6,0,3,0.0,0.0058
CHCHD7,0,2,0.0,0.0039
CHCT1,0,0,0.0,0.0
CHD1,0,8,0.0,0.0156
CHD1L,0,5,0.0,0.0097
CHD2,0,8,0.0,0.0156
CHD3,0,50,0.0,0.0973
CHD4,2,56,0.0179,0.1089
CHD5,0,6,0.0,0.0117
CHD6,0,20,0.0,0.0389
CHD7,0,4,0.0,0.0078
CHD8,1,8,0.0089,0.0156
CHD9,0,32,0.0,0.0623
CHDH,1,3,0.0089,0.0058
CHEK2,4,24,0.0357,0.0467
CHFR,0,0,0.0,0.0
CHGA,0,3,0.0,0.0058
CHGB,0,4,0.0,0.0078
CHI3L1,0,3,0.0,0.0058
CHI3L2,0,0,0.0,0.0
CHIA,1,3,0.0089,0.0058
CHIC1,0,0,0.0,0.0
CHIC2,0,0,0.0,0.0
CHID1,0,4,0.0,0.0078
CHIT1,1,6,0.0089,0.0117
CHKA,2,6,0.0179,0.0117
CHKB,2,6,0.0179,0.0117
CHL1,0,5,0.0,0.0097
CHL1-AS2,0,0,0.0,0.0
CHM,0,13,0.0,0.0253
CHML,0,7,0.0,0.0136
CHMP1A,2,5,0.0179,0.0097
CHMP1B,2,0,0.0179,0.0
CHMP2B,4,36,0.0357,0.07
CHMP3,2,36,0.0179,0.07
CHMP4A,2,36,0.0179,0.07
CHMP4B,2,36,0.0179,0.07
CHMP4C,2,36,0.0179,0.07
CHMP5,2,10,0.0179,0.0195
CHMP7,2,36,0.0179,0.07
CHN1,0,6,0.0,0.0117
CHN2,0,5,0.0,0.0097
CHODL,0,0,0.0,0.0
CHORDC1,0,0,0.0,0.0
CHP1,0,5,0.0,0.0097
CHP2,0,0,0.0,0.0
CHPF,1,5,0.0089,0.0097
CHPF2,1,5,0.0089,0.0097
CHPT1,4,5,0.0357,0.0097
CHRAC1,0,0,0.0,0.0
CHRD,1,0,0.0089,0.0
CHRDL1,0,7,0.0,0.0136
CHRDL2,0,0,0.0,0.0
CHRFAM7A,0,6,0.0,0.0117
CHRM1,8,8,0.0714,0.0156
CHRM2,6,12,0.0536,0.0233
CHRM3,11,12,0.0982,0.0233
CHRM4,3,8,0.0268,0.0156
CHRM5,6,8,0.0536,0.0156
CHRNA1,1,8,0.0089,0.0156
CHRNA10,1,4,0.0089,0.0078
CHRNA2,1,8,0.0089,0.0156
CHRNA3,2,9,0.0179,0.0175
CHRNA4,3,9,0.0268,0.0175
CHRNA5,1,8,0.0089,0.0156
CHRNA6,3,8,0.0268,0.0156
CHRNA7,7,6,0.0625,0.0117
CHRNA9,1,10,0.0089,0.0195
CHRNB1,1,0,0.0089,0.0
CHRNB2,3,9,0.0268,0.0175
CHRNB3,1,8,0.0089,0.0156
CHRNB4,2,12,0.0179,0.0233
CHRND,1,7,0.0089,0.0136
CHRNE,1,7,0.0089,0.0136
CHRNG,1,7,0.0089,0.0136
CHST1,1,5,0.0089,0.0097
CHST10,1,9,0.0089,0.0175
CHST11,1,5,0.0089,0.0097
CHST12,1,5,0.0089,0.0097
CHST13,1,5,0.0089,0.0097
CHST14,1,10,0.0089,0.0195
CHST15,1,6,0.0089,0.0117
CHST2,1,5,0.0089,0.0097
CHST3,1,12,0.0089,0.0233
CHST4,1,4,0.0089,0.0078
CHST5,0,5,0.0,0.0097
CHST6,1,10,0.0089,0.0195
CHST7,1,5,0.0089,0.0097
CHST8,1,6,0.0089,0.0117
CHST9,1,5,0.0089,0.0097
CHSY1,1,10,0.0089,0.0195
CHSY3,1,5,0.0089,0.0097
CHTF18,0,6,0.0,0.0117
CHTF8,0,6,0.0,0.0117
CHTOP,0,5,0.0,0.0097
CHUK,50,92,0.4464,0.179
CHURC1,0,0,0.0,0.0
CHURC1-FNTB,0,19,0.0,0.037
CIAO2A,0,0,0.0,0.0
CIAPIN1,0,2,0.0,0.0039
CIART,0,0,0.0,0.0
CIB1,0,0,0.0,0.0
CIB2,0,4,0.0,0.0078
CIB3,0,0,0.0,0.0
CIB4,0,0,0.0,0.0
CIBAR1,0,0,0.0,0.0
CIBAR2,0,0,0.0,0.0
CIC,1,0,0.0089,0.0
CIDEA,0,7,0.0,0.0136
CIDEB,0,0,0.0,0.0
CIDEC,0,13,0.0,0.0253
CIITA,5,4,0.0446,0.0078
CILK1,0,0,0.0,0.0
CILP,0,3,0.0,0.0058
CILP2,0,0,0.0,0.0
CIMAP1A,0,0,0.0,0.0
CIMAP1B,0,0,0.0,0.0
CIMAP1C,0,0,0.0,0.0
CIMAP1D,0,0,0.0,0.0
CIMAP2,0,0,0.0,0.0
CIMAP3,0,0,0.0,0.0
CIMIP1,0,0,0.0,0.0
CIMIP2A,0,0,0.0,0.0
CIMIP2B,0,0,0.0,0.0
CIMIP2C,0,0,0.0,0.0
CIMIP4,0,0,0.0,0.0
CIP2A,0,0,0.0,0.0
CIPC,0,2,0.0,0.0039
CIR1,0,0,0.0,0.0
CIRBP,0,0,0.0,0.0
CIRH1A,0,0,0.0,0.0
CISD1,0,0,0.0,0.0
CISD2,0,0,0.0,0.0
CISD3,0,0,0.0,0.0
CISH,2,10,0.0179,0.0195
CIT,0,15,0.0,0.0292
CITED1,0,9,0.0,0.0175
CITED2,1,12,0.0089,0.0233
CITED4,0,5,0.0,0.0097
CIZ1,0,0,0.0,0.0
CKAP2,0,0,0.0,0.0
CKAP2L,0,0,0.0,0.0
CKAP4,1,14,0.0089,0.0272
CKB,1,8,0.0089,0.0156
CKLF,0,0,0.0,0.0
CKLF-CMTM1,0,0,0.0,0.0
CKM,1,3,0.0089,0.0058
CKMT1A,1,3,0.0089,0.0058
CKMT1B,1,3,0.0089,0.0058
CKMT2,1,3,0.0089,0.0058
CKS1B,2,10,0.0179,0.0195
CKS2,2,0,0.0179,0.0
CLASP1,0,36,0.0,0.07
CLASP2,0,23,0.0,0.0447
CLASRP,0,0,0.0,0.0
CLBA1,0,0,0.0,0.0
CLC,0,0,0.0,0.0
CLCA1,2,3,0.0179,0.0058
CLCA2,2,3,0.0179,0.0058
CLCA4,2,3,0.0179,0.0058
CLCC1,0,0,0.0,0.0
CLCF1,1,5,0.0089,0.0097
CLCN1,0,3,0.0,0.0058
CLCN2,1,3,0.0089,0.0058
CLCN3,1,3,0.0089,0.0058
CLCN4,1,3,0.0089,0.0058
CLCN5,1,3,0.0089,0.0058
CLCN6,0,7,0.0,0.0136
CLCN7,0,3,0.0,0.0058
CLCNKA,0,3,0.0,0.0058
CLCNKB,1,3,0.0089,0.0058
CLDN1,5,9,0.0446,0.0175
CLDN10,5,8,0.0446,0.0156
CLDN11,5,4,0.0446,0.0078
CLDN12,0,4,0.0,0.0078
CLDN14,5,4,0.0446,0.0078
CLDN15,5,4,0.0446,0.0078
CLDN16,5,4,0.0446,0.0078
CLDN17,5,4,0.0446,0.0078
CLDN18,5,4,0.0446,0.0078
CLDN19,5,4,0.0446,0.0078
CLDN2,5,4,0.0446,0.0078
CLDN20,5,4,0.0446,0.0078
CLDN22,5,4,0.0446,0.0078
CLDN23,5,4,0.0446,0.0078
CLDN24,5,0,0.0446,0.0
CLDN25,5,0,0.0446,0.0
CLDN3,5,4,0.0446,0.0078
CLDN34,5,0,0.0446,0.0
CLDN4,5,4,0.0446,0.0078
CLDN5,5,9,0.0446,0.0175
CLDN6,5,4,0.0446,0.0078
CLDN7,5,4,0.0446,0.0078
CLDN8,5,4,0.0446,0.0078
CLDN9,5,4,0.0446,0.0078
CLDND1,0,0,0.0,0.0
CLDND2,0,0,0.0,0.0
CLEC10A,0,4,0.0,0.0078
CLEC11A,0,0,0.0,0.0
CLEC12A,0,3,0.0,0.0058
CLEC12B,0,0,0.0,0.0
CLEC14A,0,0,0.0,0.0
CLEC16A,0,0,0.0,0.0
CLEC17A,0,0,0.0,0.0
CLEC18A,0,0,0.0,0.0
CLEC18B,0,0,0.0,0.0
CLEC18C,0,0,0.0,0.0
CLEC19A,0,0,0.0,0.0
CLEC1A,0,0,0.0,0.0
CLEC1B,1,6,0.0089,0.0117
CLEC2A,0,0,0.0,0.0
CLEC2B,1,3,0.0089,0.0058
CLEC2D,0,3,0.0,0.0058
CLEC2L,0,0,0.0,0.0
CLEC3A,0,0,0.0,0.0
CLEC3B,0,4,0.0,0.0078
CLEC4A,0,4,0.0,0.0078
CLEC4C,0,5,0.0,0.0097
CLEC4D,1,5,0.0089,0.0097
CLEC4E,2,8,0.0179,0.0156
CLEC4F,0,0,0.0,0.0
CLEC4G,0,3,0.0,0.0058
CLEC4M,4,5,0.0357,0.0097
CLEC5A,0,10,0.0,0.0195
CLEC6A,1,8,0.0089,0.0156
CLEC7A,4,8,0.0357,0.0156
CLEC9A,0,0,0.0,0.0
CLECL1,0,0,0.0,0.0
CLGN,0,0,0.0,0.0
CLHC1,0,0,0.0,0.0
CLIC1,0,0,0.0,0.0
CLIC2,0,6,0.0,0.0117
CLIC3,0,0,0.0,0.0
CLIC4,0,0,0.0,0.0
CLIC5,0,4,0.0,0.0078
CLIC6,0,0,0.0,0.0
CLINT1,0,9,0.0,0.0175
CLIP1,1,22,0.0089,0.0428
CLIP2,0,0,0.0,0.0
CLIP3,0,4,0.0,0.0078
CLIP4,0,0,0.0,0.0
CLK1,1,0,0.0089,0.0
CLK2,0,0,0.0,0.0
CLK3,0,0,0.0,0.0
CLK4,1,0,0.0089,0.0
CLLU1,0,0,0.0,0.0
CLLU1OS,0,0,0.0,0.0
CLMN,0,0,0.0,0.0
CLMP,0,0,0.0,0.0
CLN3,1,2,0.0089,0.0039
CLN5,1,0,0.0089,0.0
CLN6,0,0,0.0,0.0
CLN8,0,0,0.0,0.0
CLNK,0,0,0.0,0.0
CLOCK,2,19,0.0179,0.037
CLPB,1,0,0.0089,0.0
CLPP,0,2,0.0,0.0039
CLPS,1,9,0.0089,0.0175
CLPSL1,0,0,0.0,0.0
CLPSL2,0,0,0.0,0.0
CLPTM1,0,0,0.0,0.0
CLPTM1L,0,0,0.0,0.0
CLPX,0,2,0.0,0.0039
CLRN1,0,0,0.0,0.0
CLRN2,0,0,0.0,0.0
CLRN3,0,0,0.0,0.0
CLSPN,0,17,0.0,0.0331
CLSTN1,0,0,0.0,0.0
CLSTN2,0,0,0.0,0.0
CLSTN3,0,0,0.0,0.0
CLTA,6,51,0.0536,0.0992
CLTB,6,21,0.0536,0.0409
CLTCL1,6,13,0.0536,0.0253
CLTRN,0,3,0.0,0.0058
CLU,1,16,0.0089,0.0311
CLUAP1,0,0,0.0,0.0
CLUH,0,0,0.0,0.0
CLUL1,0,0,0.0,0.0
CLVS1,0,4,0.0,0.0078
CLVS2,0,4,0.0,0.0078
CLXN,0,0,0.0,0.0
CLYBL,0,0,0.0,0.0
CMA1,2,9,0.0179,0.0175
CMAS,1,6,0.0089,0.0117
CMBL,0,3,0.0,0.0058
CMC1,0,4,0.0,0.0078
CMC2,0,2,0.0,0.0039
CMC4,0,2,0.0,0.0039
CMIP,0,0,0.0,0.0
CMKLR1,0,4,0.0,0.0078
CMKLR2,0,0,0.0,0.0
CMPK2,1,0,0.0089,0.0
CMSS1,0,0,0.0,0.0
CMTM1,0,0,0.0,0.0
CMTM2,0,0,0.0,0.0
CMTM3,0,0,0.0,0.0
CMTM4,0,0,0.0,0.0
CMTM5,0,0,0.0,0.0
CMTM6,0,3,0.0,0.0058
CMTM7,0,0,0.0,0.0
CMTM8,0,0,0.0,0.0
CMTR2,0,0,0.0,0.0
CMYA5,0,0,0.0,0.0
CNBD1,0,0,0.0,0.0
CNBD2,0,0,0.0,0.0
CNBP,0,7,0.0,0.0136
CNDP1,3,0,0.0268,0.0
CNDP2,3,7,0.0268,0.0136
CNEP1R1,0,6,0.0,0.0117
CNFN,0,0,0.0,0.0
CNGA1,3,5,0.0268,0.0097
CNGA2,2,12,0.0179,0.0233
CNGA3,2,0,0.0179,0.0
CNGA4,2,12,0.0179,0.0233
CNGB1,4,17,0.0357,0.0331
CNGB3,1,0,0.0089,0.0
CNIH1,0,9,0.0,0.0175
CNIH2,0,9,0.0,0.0175
CNIH3,0,9,0.0,0.0175
CNIH4,0,0,0.0,0.0
CNKSR1,0,15,0.0,0.0292
CNKSR2,0,15,0.0,0.0292
CNKSR3,0,0,0.0,0.0
CNMD,0,0,0.0,0.0
CNN1,0,5,0.0,0.0097
CNN2,0,8,0.0,0.0156
CNN3,0,0,0.0,0.0
CNNM1,0,0,0.0,0.0
CNNM2,0,0,0.0,0.0
CNNM3,0,0,0.0,0.0
CNNM4,0,0,0.0,0.0
CNOT1,1,12,0.0089,0.0233
CNOT10,1,12,0.0089,0.0233
CNOT11,0,12,0.0,0.0233
CNOT2,1,12,0.0089,0.0233
CNOT4,1,12,0.0089,0.0233
CNOT6,1,14,0.0089,0.0272
CNOT6L,1,12,0.0089,0.0233
CNOT7,1,12,0.0089,0.0233
CNOT8,1,12,0.0089,0.0233
CNOT9,1,14,0.0089,0.0272
CNP,0,0,0.0,0.0
CNPPD1,0,0,0.0,0.0
CNPY1,0,0,0.0,0.0
CNPY2,0,0,0.0,0.0
CNPY3,0,4,0.0,0.0078
CNPY4,0,0,0.0,0.0
CNR1,4,6,0.0357,0.0117
CNR2,1,6,0.0089,0.0117
CNRIP1,0,0,0.0,0.0
CNST,0,0,0.0,0.0
CNTD1,0,0,0.0,0.0
CNTD2,0,0,0.0,0.0
CNTF,2,5,0.0179,0.0097
CNTFR,2,5,0.0179,0.0097
CNTLN,0,0,0.0,0.0
CNTN1,1,11,0.0089,0.0214
CNTN2,1,7,0.0089,0.0136
CNTN3,0,3,0.0,0.0058
CNTN4,0,3,0.0,0.0058
CNTN5,0,3,0.0,0.0058
CNTN6,0,5,0.0,0.0097
CNTNAP1,1,5,0.0089,0.0097
CNTNAP2,1,0,0.0089,0.0
CNTNAP3,0,0,0.0,0.0
CNTNAP3B,0,0,0.0,0.0
CNTNAP4,0,0,0.0,0.0
CNTNAP5,0,0,0.0,0.0
CNTRL,0,23,0.0,0.0447
CNTROB,0,0,0.0,0.0
COA1,1,5,0.0089,0.0097
COA3,1,4,0.0089,0.0078
COA4,1,2,0.0089,0.0039
COA6,1,2,0.0089,0.0039
COA7,1,0,0.0089,0.0
COA8,0,0,0.0,0.0
COASY,1,5,0.0089,0.0097
COBL,0,0,0.0,0.0
COBLL1,0,0,0.0,0.0
COCH,0,0,0.0,0.0
COG1,0,16,0.0,0.0311
COG2,0,11,0.0,0.0214
COG3,0,11,0.0,0.0214
COG4,0,11,0.0,0.0214
COG5,0,11,0.0,0.0214
COG6,0,11,0.0,0.0214
COG7,0,11,0.0,0.0214
COG8,0,11,0.0,0.0214
COIL,0,0,0.0,0.0
COL10A1,1,12,0.0089,0.0233
COL11A1,1,20,0.0089,0.0389
COL11A2,1,20,0.0089,0.0389
COL12A1,1,7,0.0089,0.0136
COL13A1,1,7,0.0089,0.0136
COL14A1,1,8,0.0089,0.0156
COL15A1,1,7,0.0089,0.0136
COL16A1,1,8,0.0089,0.0156
COL17A1,1,14,0.0089,0.0272
COL18A1,1,10,0.0089,0.0195
COL19A1,1,6,0.0089,0.0117
COL1A1,11,58,0.0982,0.1128
COL1A2,11,62,0.0982,0.1206
COL20A1,1,4,0.0089,0.0078
COL21A1,1,4,0.0089,0.0078
COL22A1,1,4,0.0089,0.0078
COL23A1,1,8,0.0089,0.0156
COL24A1,1,14,0.0089,0.0272
COL25A1,1,6,0.0089,0.0117
COL26A1,1,6,0.0089,0.0117
COL27A1,1,14,0.0089,0.0272
COL28A1,1,4,0.0089,0.0078
COL2A1,5,33,0.0446,0.0642
COL3A1,6,37,0.0536,0.072
COL4A1,10,36,0.0893,0.07
COL4A2,10,36,0.0893,0.07
COL4A2-AS2,0,0,0.0,0.0
COL4A3,10,33,0.0893,0.0642
COL4A3BP,0,0,0.0,0.0
COL4A4,10,33,0.0893,0.0642
COL4A5,10,38,0.0893,0.0739
COL4A6,10,25,0.0893,0.0486
COL5A1,1,34,0.0089,0.0661
COL5A2,1,34,0.0089,0.0661
COL5A3,1,34,0.0089,0.0661
COL6A1,5,19,0.0446,0.037
COL6A2,5,19,0.0446,0.037
COL6A3,5,19,0.0446,0.037
COL6A5,5,19,0.0446,0.037
COL6A6,5,19,0.0446,0.037
COL7A1,1,24,0.0089,0.0467
COL8A1,1,11,0.0089,0.0214
COL8A2,1,11,0.0089,0.0214
COL9A1,5,18,0.0446,0.035
COL9A2,5,18,0.0446,0.035
COL9A3,5,18,0.0446,0.035
COLCA1,0,0,0.0,0.0
COLCA2,0,0,0.0,0.0
COLEC10,0,6,0.0,0.0117
COLEC11,1,9,0.0089,0.0175
COLEC12,1,6,0.0089,0.0117
COLGALT1,2,3,0.0179,0.0058
COLGALT2,2,3,0.0179,0.0058
COLQ,0,0,0.0,0.0
COMMD1,0,3,0.0,0.0058
COMMD10,0,3,0.0,0.0058
COMMD2,0,3,0.0,0.0058
COMMD3,0,6,0.0,0.0117
COMMD3-BMI1,3,36,0.0268,0.07
COMMD4,0,3,0.0,0.0058
COMMD5,0,3,0.0,0.0058
COMMD6,0,3,0.0,0.0058
COMMD7,0,3,0.0,0.0058
COMMD8,0,3,0.0,0.0058
COMMD9,0,6,0.0,0.0117
COMP,6,3,0.0536,0.0058
COMT,3,15,0.0268,0.0292
COMTD1,0,0,0.0,0.0
COP1,2,10,0.0179,0.0195
COPE,0,11,0.0,0.0214
COPG1,0,11,0.0,0.0214
COPG2,0,11,0.0,0.0214
COPRS,0,3,0.0,0.0058
COPS2,0,19,0.0,0.037
COPS4,0,19,0.0,0.037
COPS5,0,20,0.0,0.0389
COPS7A,0,13,0.0,0.0253
COPS7B,0,13,0.0,0.0253
COPS8,0,13,0.0,0.0253
COPS9,0,0,0.0,0.0
COPZ2,0,11,0.0,0.0214
COQ10A,0,4,0.0,0.0078
COQ10B,0,4,0.0,0.0078
COQ2,1,8,0.0089,0.0156
COQ3,1,4,0.0089,0.0078
COQ5,1,4,0.0089,0.0078
COQ6,1,4,0.0089,0.0078
COQ7,1,4,0.0089,0.0078
COQ8A,0,4,0.0,0.0078
COQ8B,0,4,0.0,0.0078
COQ9,0,4,0.0,0.0078
CORIN,0,3,0.0,0.0058
CORO1A,2,7,0.0179,0.0136
CORO1B,0,0,0.0,0.0
CORO1C,0,0,0.0,0.0
CORO2A,0,0,0.0,0.0
CORO2B,0,0,0.0,0.0
CORO6,0,0,0.0,0.0
CORO7,0,0,0.0,0.0
CORO7-PAM16,0,0,0.0,0.0
CORT,1,7,0.0089,0.0136
COTL1,0,3,0.0,0.0058
COX14,1,4,0.0089,0.0078
COX16,1,4,0.0089,0.0078
COX17,2,6,0.0179,0.0117
COX18,1,4,0.0089,0.0078
COX19,1,6,0.0089,0.0117
COX20,1,4,0.0089,0.0078
COX4I2,11,13,0.0982,0.0253
COX5A,11,15,0.0982,0.0292
COX6A1,11,13,0.0982,0.0253
COX6A2,11,13,0.0982,0.0253
COX6B2,11,13,0.0982,0.0253
COX6C,11,13,0.0982,0.0253
COX7A1,11,17,0.0982,0.0331
COX7A2,11,13,0.0982,0.0253
COX7A2L,11,13,0.0982,0.0253
COX7B,11,13,0.0982,0.0253
COX7B2,11,0,0.0982,0.0
COX7C,11,13,0.0982,0.0253
COX8A,11,13,0.0982,0.0253
COX8C,11,13,0.0982,0.0253
CP,2,13,0.0179,0.0253
CPA1,2,4,0.0179,0.0078
CPA2,2,4,0.0179,0.0078
CPA3,3,3,0.0268,0.0058
CPA4,0,0,0.0,0.0
CPA5,0,0,0.0,0.0
CPA6,0,0,0.0,0.0
CPAMD8,0,0,0.0,0.0
CPB1,2,7,0.0179,0.0136
CPB2,3,7,0.0268,0.0136
CPD,0,10,0.0,0.0195
CPE,1,3,0.0089,0.0058
CPEB1,2,0,0.0179,0.0
CPEB2,2,0,0.0179,0.0
CPEB3,2,0,0.0179,0.0
CPEB4,2,0,0.0179,0.0
CPED1,0,0,0.0,0.0
CPLANE1,0,0,0.0,0.0
CPLANE2,0,0,0.0,0.0
CPLX1,1,9,0.0089,0.0175
CPLX2,1,0,0.0089,0.0
CPLX3,1,0,0.0089,0.0
CPLX4,1,0,0.0089,0.0
CPM,0,3,0.0,0.0058
CPN1,0,4,0.0,0.0078
CPN2,0,4,0.0,0.0078
CPNE1,0,7,0.0,0.0136
CPNE2,0,0,0.0,0.0
CPNE3,0,7,0.0,0.0136
CPNE4,0,0,0.0,0.0
CPNE5,0,0,0.0,0.0
CPNE6,0,4,0.0,0.0078
CPNE7,0,4,0.0,0.0078
CPNE8,0,8,0.0,0.0156
CPNE9,0,0,0.0,0.0
CPO,0,0,0.0,0.0
CPOX,1,3,0.0089,0.0058
CPPED1,0,3,0.0,0.0058
CPQ,0,0,0.0,0.0
CPS1,3,10,0.0268,0.0195
CPSF3L,0,0,0.0,0.0
CPSF4L,2,0,0.0179,0.0
CPSF6,1,19,0.0089,0.037
CPSF7,1,20,0.0089,0.0389
CPT1A,7,10,0.0625,0.0195
CPT1B,8,4,0.0714,0.0078
CPT1C,6,0,0.0536,0.0
CPT2,4,6,0.0357,0.0117
CPTP,0,2,0.0,0.0039
CPVL,0,0,0.0,0.0
CPXCR1,0,0,0.0,0.0
CPXM1,0,0,0.0,0.0
CPXM2,0,0,0.0,0.0
CPZ,0,0,0.0,0.0
CR1,7,10,0.0625,0.0195
CR1L,7,0,0.0625,0.0
CR2,4,4,0.0357,0.0078
CRABP1,0,4,0.0,0.0078
CRABP2,0,3,0.0,0.0058
CRACD,0,0,0.0,0.0
CRACDL,0,0,0.0,0.0
CRACR2A,0,3,0.0,0.0058
CRACR2B,0,0,0.0,0.0
CRADD,0,6,0.0,0.0117
CRAMP1,0,0,0.0,0.0
CRAMP1L,0,0,0.0,0.0
CRAT,1,11,0.0089,0.0214
CRB1,1,0,0.0089,0.0
CRB2,1,0,0.0089,0.0
CRB3,2,11,0.0179,0.0214
CRBN,0,5,0.0,0.0097
CRCP,0,18,0.0,0.035
CRCT1,0,0,0.0,0.0
CREB1,41,129,0.3661,0.251
CREB3,34,8,0.3036,0.0156
CREB3L1,34,4,0.3036,0.0078
CREB3L2,34,4,0.3036,0.0078
CREB3L3,34,8,0.3036,0.0156
CREB3L4,34,4,0.3036,0.0078
CREB5,33,0,0.2946,0.0
CREBBP,26,171,0.2321,0.3327
CREBL2,0,0,0.0,0.0
CREBRF,0,4,0.0,0.0078
CREBZF,0,0,0.0,0.0
CREG1,0,3,0.0,0.0058
CREG2,0,0,0.0,0.0
CRELD1,0,0,0.0,0.0
CRELD2,0,0,0.0,0.0
CREM,1,2,0.0089,0.0039
CRH,4,11,0.0357,0.0214
CRHBP,0,4,0.0,0.0078
CRHR1,3,6,0.0268,0.0117
CRHR2,2,9,0.0179,0.0175
CRIM1,0,0,0.0,0.0
CRIP1,0,0,0.0,0.0
CRIP2,0,0,0.0,0.0
CRIP3,0,0,0.0,0.0
CRIPAK,0,0,0.0,0.0
CRIPT,0,0,0.0,0.0
CRIPTO,0,6,0.0,0.0117
CRISP1,0,0,0.0,0.0
CRISP2,0,0,0.0,0.0
CRISP3,0,3,0.0,0.0058
CRISPLD1,0,0,0.0,0.0
CRISPLD2,0,3,0.0,0.0058
CRK,19,45,0.1696,0.0875
CRKL,19,29,0.1696,0.0564
CRLF1,0,7,0.0,0.0136
CRLF2,2,8,0.0179,0.0156
CRLF3,0,0,0.0,0.0
CRLS1,1,6,0.0089,0.0117
CRMP1,0,5,0.0,0.0097
CRNDE,0,0,0.0,0.0
CRNN,0,0,0.0,0.0
CROCC,0,0,0.0,0.0
CROCC2,0,0,0.0,0.0
CROT,1,9,0.0089,0.0175
CRP,0,6,0.0,0.0117
CRPPA,2,5,0.0179,0.0097
CRTAC1,0,0,0.0,0.0
CRTAM,0,3,0.0,0.0058
CRTAP,0,3,0.0,0.0058
CRTC1,1,9,0.0089,0.0175
CRTC2,5,8,0.0446,0.0156
CRTC3,1,8,0.0089,0.0156
CRX,0,0,0.0,0.0
CRY1,1,5,0.0089,0.0097
CRY2,1,5,0.0089,0.0097
CRYAA,1,0,0.0089,0.0
CRYAB,2,4,0.0179,0.0078
CRYBA1,0,0,0.0,0.0
CRYBA2,0,0,0.0,0.0
CRYBA4,0,0,0.0,0.0
CRYBB1,0,0,0.0,0.0
CRYBB2,0,0,0.0,0.0
CRYBB3,0,0,0.0,0.0
CRYBG1,0,0,0.0,0.0
CRYBG2,0,0,0.0,0.0
CRYBG3,0,0,0.0,0.0
CRYGA,0,0,0.0,0.0
CRYGB,0,0,0.0,0.0
CRYGC,0,0,0.0,0.0
CRYGD,0,0,0.0,0.0
CRYGN,0,0,0.0,0.0
CRYGS,0,0,0.0,0.0
CRYL1,1,3,0.0089,0.0058
CRYM,0,3,0.0,0.0058
CRYZ,0,0,0.0,0.0
CRYZL1,0,0,0.0,0.0
CS,2,8,0.0179,0.0156
CSAD,1,4,0.0089,0.0078
CSAG1,0,0,0.0,0.0
CSAG3,0,0,0.0,0.0
CSDC2,0,0,0.0,0.0
CSDE1,0,0,0.0,0.0
CSF1,12,15,0.1071,0.0292
CSF1R,11,11,0.0982,0.0214
CSF2,16,16,0.1429,0.0311
CSF2RA,4,17,0.0357,0.0331
CSF2RB,4,21,0.0357,0.0409
CSF3,7,11,0.0625,0.0214
CSF3R,5,12,0.0446,0.0233
CSGALNACT1,1,5,0.0089,0.0097
CSGALNACT2,1,5,0.0089,0.0097
CSH1,5,7,0.0446,0.0136
CSH2,5,0,0.0446,0.0
CSHL1,0,0,0.0,0.0
CSK,1,35,0.0089,0.0681
CSKMT,0,4,0.0,0.0078
CSMD1,0,0,0.0,0.0
CSMD2,0,0,0.0,0.0
CSMD3,0,0,0.0,0.0
CSN1S1,0,2,0.0,0.0039
CSN2,1,9,0.0089,0.0175
CSN3,0,2,0.0,0.0039
CSNK1A1,8,47,0.0714,0.0914
CSNK1A1L,8,0,0.0714,0.0
CSNK1D,4,32,0.0357,0.0623
CSNK1E,8,32,0.0714,0.0623
CSNK1G1,1,0,0.0089,0.0
CSNK1G2,1,8,0.0089,0.0156
CSNK1G3,1,0,0.0089,0.0
CSNK2A1,10,68,0.0893,0.1323
CSNK2A2,10,67,0.0893,0.1304
CSNK2A3,10,8,0.0893,0.0156
CSNK2B,10,70,0.0893,0.1362
CSPG4,0,22,0.0,0.0428
CSPG5,0,18,0.0,0.035
CSPP1,0,0,0.0,0.0
CSRNP1,0,0,0.0,0.0
CSRNP2,0,0,0.0,0.0
CSRNP3,0,0,0.0,0.0
CSRP1,0,3,0.0,0.0058
CSRP2,0,0,0.0,0.0
CSRP2BP,0,0,0.0,0.0
CSRP3,0,0,0.0,0.0
CST1,1,0,0.0089,0.0
CST11,0,0,0.0,0.0
CST2,1,0,0.0089,0.0
CST3,1,8,0.0089,0.0156
CST4,1,0,0.0089,0.0
CST5,1,0,0.0089,0.0
CST6,0,0,0.0,0.0
CST7,0,0,0.0,0.0
CST8,0,0,0.0,0.0
CST9,0,0,0.0,0.0
CST9L,0,0,0.0,0.0
CSTA,0,3,0.0,0.0058
CSTB,0,3,0.0,0.0058
CSTF1,1,14,0.0089,0.0272
CSTF2,1,16,0.0089,0.0311
CSTF2T,1,14,0.0089,0.0272
CSTF3,1,14,0.0089,0.0272
CSTL1,0,0,0.0,0.0
CSTPP1,0,0,0.0,0.0
CT45A1,0,0,0.0,0.0
CT45A10,0,0,0.0,0.0
CT45A2,0,0,0.0,0.0
CT45A3,0,0,0.0,0.0
CT45A4,0,0,0.0,0.0
CT45A5,0,0,0.0,0.0
CT45A6,0,0,0.0,0.0
CT45A7,0,0,0.0,0.0
CT45A9,0,0,0.0,0.0
CT47A1,0,0,0.0,0.0
CT47A10,0,0,0.0,0.0
CT47A11,0,0,0.0,0.0
CT47A12,0,0,0.0,0.0
CT47A2,0,0,0.0,0.0
CT47A3,0,0,0.0,0.0
CT47A4,0,0,0.0,0.0
CT47A5,0,0,0.0,0.0
CT47A6,0,0,0.0,0.0
CT47A7,0,0,0.0,0.0
CT47A8,0,0,0.0,0.0
CT47A9,0,0,0.0,0.0
CT47B1,0,0,0.0,0.0
CT55,0,0,0.0,0.0
CT62,0,0,0.0,0.0
CT83,0,0,0.0,0.0
CTAG1A,0,0,0.0,0.0
CTAG1B,0,0,0.0,0.0
CTAG2,0,0,0.0,0.0
CTAGE1,0,0,0.0,0.0
CTAGE15,0,0,0.0,0.0
CTAGE4,0,0,0.0,0.0
CTAGE5,0,0,0.0,0.0
CTAGE6,0,0,0.0,0.0
CTAGE8,0,0,0.0,0.0
CTAGE9,0,0,0.0,0.0
CTBP1,4,24,0.0357,0.0467
CTBP2,4,20,0.0357,0.0389
CTBS,0,0,0.0,0.0
CTC1,0,7,0.0,0.0136
CTCF,0,7,0.0,0.0136
CTCFL,0,0,0.0,0.0
CTDNEP1,0,6,0.0,0.0117
CTDSP1,0,0,0.0,0.0
CTDSP2,0,5,0.0,0.0097
CTDSPL,0,0,0.0,0.0
CTDSPL2,0,0,0.0,0.0
CTF1,2,5,0.0179,0.0097
CTGF,0,0,0.0,0.0
CTH,3,9,0.0268,0.0175
CTHRC1,0,0,0.0,0.0
CTIF,0,0,0.0,0.0
CTLA4,4,10,0.0357,0.0195
CTNNA1,8,36,0.0714,0.07
CTNNA2,8,4,0.0714,0.0078
CTNNA3,8,0,0.0714,0.0
CTNNAL1,0,0,0.0,0.0
CTNNB1,30,118,0.2679,0.2296
CTNNBIP1,1,4,0.0089,0.0078
CTNNBL1,1,9,0.0089,0.0175
CTNND1,3,36,0.0268,0.07
CTNND2,1,0,0.0089,0.0
CTNS,1,4,0.0089,0.0078
CTPS2,1,3,0.0089,0.0058
CTRB1,2,8,0.0179,0.0156
CTRB2,2,8,0.0179,0.0156
CTRC,0,4,0.0,0.0078
CTRL,2,4,0.0179,0.0078
CTSA,2,21,0.0179,0.0409
CTSB,6,23,0.0536,0.0447
CTSC,2,14,0.0179,0.0272
CTSD,7,18,0.0625,0.035
CTSE,1,3,0.0089,0.0058
CTSF,2,3,0.0179,0.0058
CTSG,6,25,0.0536,0.0486
CTSH,2,7,0.0179,0.0136
CTSK,5,15,0.0446,0.0292
CTSL,8,46,0.0714,0.0895
CTSO,2,3,0.0179,0.0058
CTSS,5,29,0.0446,0.0564
CTSV,2,21,0.0179,0.0409
CTSW,2,4,0.0179,0.0078
CTSZ,2,16,0.0179,0.0311
CTTN,5,8,0.0446,0.0156
CTTNBP2,0,0,0.0,0.0
CTTNBP2NL,0,0,0.0,0.0
CTU1,1,3,0.0089,0.0058
CTU2,1,3,0.0089,0.0058
CTXN1,0,0,0.0,0.0
CTXN2,0,0,0.0,0.0
CTXN3,0,0,0.0,0.0
CUBN,1,18,0.0089,0.035
CUEDC1,0,0,0.0,0.0
CUEDC2,0,0,0.0,0.0
CUL1,11,119,0.0982,0.2315
CUL2,4,23,0.0357,0.0447
CUL3,2,38,0.0179,0.0739
CUL4A,3,15,0.0268,0.0292
CUL4B,3,15,0.0268,0.0292
CUL5,2,27,0.0179,0.0525
CUL7,1,12,0.0089,0.0233
CUL9,0,3,0.0,0.0058
CUTA,0,0,0.0,0.0
CUTC,0,3,0.0,0.0058
CUX1,0,10,0.0,0.0195
CUX2,0,0,0.0,0.0
CUZD1,0,0,0.0,0.0
CWC15,1,9,0.0089,0.0175
CWC22,0,9,0.0,0.0175
CWC25,0,9,0.0,0.0175
CWC27,0,9,0.0,0.0175
CWF19L1,0,0,0.0,0.0
CWF19L2,0,4,0.0,0.0078
CWH43,0,0,0.0,0.0
CX3CL1,5,8,0.0446,0.0156
CX3CR1,3,14,0.0268,0.0272
CXADR,1,5,0.0089,0.0097
CXCL1,13,14,0.1161,0.0272
CXCL10,12,12,0.1071,0.0233
CXCL11,4,8,0.0357,0.0156
CXCL12,11,18,0.0982,0.035
CXCL13,3,8,0.0268,0.0156
CXCL14,3,0,0.0268,0.0
CXCL16,2,8,0.0179,0.0156
CXCL17,1,0,0.0089,0.0
CXCL2,13,12,0.1161,0.0233
CXCL3,13,8,0.1161,0.0156
CXCL5,7,8,0.0625,0.0156
CXCL6,7,8,0.0625,0.0156
CXCL8,32,20,0.2857,0.0389
CXCL9,4,8,0.0357,0.0156
CXCR1,6,11,0.0536,0.0214
CXCR2,7,11,0.0625,0.0214
CXCR3,3,11,0.0268,0.0214
CXCR4,12,26,0.1071,0.0506
CXCR5,3,8,0.0268,0.0156
CXCR6,2,8,0.0179,0.0156
CXORF21,0,0,0.0,0.0
CXORF23,0,0,0.0,0.0
CXORF36,0,0,0.0,0.0
CXORF38,0,0,0.0,0.0
CXORF40A,0,0,0.0,0.0
CXORF40B,0,0,0.0,0.0
CXORF49,0,0,0.0,0.0
CXORF49B,0,0,0.0,0.0
CXORF51A,0,0,0.0,0.0
CXORF51B,0,0,0.0,0.0
CXORF56,0,0,0.0,0.0
CXORF57,0,0,0.0,0.0
CXORF58,0,0,0.0,0.0
CXORF65,0,0,0.0,0.0
CXORF66,0,0,0.0,0.0
CXORF67,0,0,0.0,0.0
CXXC1,0,9,0.0,0.0175
CXXC4,1,0,0.0089,0.0
CXXC5,0,4,0.0,0.0078
CYB561,0,0,0.0,0.0
CYB561A3,0,0,0.0,0.0
CYB561D1,0,0,0.0,0.0
CYB561D2,0,0,0.0,0.0
CYB5A,0,8,0.0,0.0156
CYB5B,0,8,0.0,0.0156
CYB5D1,0,0,0.0,0.0
CYB5D2,0,0,0.0,0.0
CYB5R1,1,7,0.0089,0.0136
CYB5R2,1,3,0.0089,0.0058
CYB5R3,1,9,0.0089,0.0175
CYB5R4,1,3,0.0089,0.0058
CYB5RL,1,3,0.0089,0.0058
CYBA,10,30,0.0893,0.0584
CYBB,15,24,0.1339,0.0467
CYBC1,0,0,0.0,0.0
CYBRD1,1,2,0.0089,0.0039
CYC1,11,10,0.0982,0.0195
CYFIP1,4,41,0.0357,0.0798
CYFIP2,4,37,0.0357,0.072
CYGB,0,5,0.0,0.0097
CYHR1,0,0,0.0,0.0
CYLC1,0,0,0.0,0.0
CYLC2,0,0,0.0,0.0
CYLD,5,16,0.0446,0.0311
CYP11A1,5,13,0.0446,0.0253
CYP11B1,3,13,0.0268,0.0253
CYP11B2,2,14,0.0179,0.0272
CYP17A1,5,10,0.0446,0.0195
CYP19A1,2,13,0.0179,0.0253
CYP1A1,7,15,0.0625,0.0292
CYP1A2,8,19,0.0714,0.037
CYP1B1,6,14,0.0536,0.0272
CYP20A1,0,0,0.0,0.0
CYP21A2,4,14,0.0357,0.0272
CYP24A1,3,12,0.0268,0.0233
CYP26A1,1,9,0.0089,0.0175
CYP26B1,1,13,0.0089,0.0253
CYP26C1,1,13,0.0089,0.0253
CYP27A1,3,16,0.0268,0.0311
CYP27B1,3,12,0.0268,0.0233
CYP27C1,1,0,0.0089,0.0
CYP2A13,2,8,0.0179,0.0156
CYP2A6,7,6,0.0625,0.0117
CYP2A7,7,7,0.0625,0.0136
CYP2B6,5,7,0.0446,0.0136
CYP2C18,3,5,0.0268,0.0097
CYP2C19,5,13,0.0446,0.0253
CYP2C8,7,17,0.0625,0.0331
CYP2C9,8,17,0.0714,0.0331
CYP2D6,3,15,0.0268,0.0292
CYP2E1,8,14,0.0714,0.0272
CYP2F1,1,7,0.0089,0.0136
CYP2J2,6,10,0.0536,0.0195
CYP2R1,1,12,0.0089,0.0233
CYP2S1,2,7,0.0179,0.0136
CYP2U1,2,13,0.0179,0.0253
CYP2W1,1,6,0.0089,0.0117
CYP39A1,1,10,0.0089,0.0195
CYP3A4,8,15,0.0714,0.0292
CYP3A43,1,6,0.0089,0.0117
CYP3A5,5,6,0.0446,0.0117
CYP3A7,3,5,0.0268,0.0097
CYP3A7-CYP3A51P,3,5,0.0268,0.0097
CYP46A1,1,10,0.0089,0.0195
CYP4A11,0,14,0.0,0.0272
CYP4A22,0,11,0.0,0.0214
CYP4B1,0,11,0.0,0.0214
CYP4F11,0,11,0.0,0.0214
CYP4F12,0,6,0.0,0.0117
CYP4F2,1,12,0.0089,0.0233
CYP4F22,0,15,0.0,0.0292
CYP4F3,1,11,0.0089,0.0214
CYP4F8,1,10,0.0089,0.0195
CYP4V2,0,8,0.0,0.0156
CYP4X1,1,0,0.0089,0.0
CYP4Z1,0,0,0.0,0.0
CYP51A1,1,15,0.0089,0.0292
CYP7A1,5,13,0.0446,0.0253
CYP7B1,2,15,0.0179,0.0292
CYP8B1,2,17,0.0179,0.0331
CYR61,0,0,0.0,0.0
CYREN,0,0,0.0,0.0
CYRIA,0,0,0.0,0.0
CYRIB,0,4,0.0,0.0078
CYS1,0,5,0.0,0.0097
CYSLTR1,2,18,0.0179,0.035
CYSLTR2,2,16,0.0179,0.0311
CYSRT1,0,0,0.0,0.0
CYSTM1,0,3,0.0,0.0058
CYTH1,5,4,0.0446,0.0078
CYTH2,5,4,0.0446,0.0078
CYTH3,5,4,0.0446,0.0078
CYTH4,5,4,0.0446,0.0078
CYTIP,0,0,0.0,0.0
CYTL1,0,0,0.0,0.0
CYYR1,0,0,0.0,0.0
CYYR1-AS1,0,0,0.0,0.0
CZIB,0,0,0.0,0.0
D2HGDH,0,3,0.0,0.0058
DAAM1,1,13,0.0089,0.0253
DAAM2,1,0,0.0089,0.0
DAB1,1,4,0.0089,0.0078
DAB2,1,8,0.0089,0.0156
DAB2IP,2,5,0.0179,0.0097
DACH1,0,0,0.0,0.0
DACH2,0,0,0.0,0.0
DACT1,0,4,0.0,0.0078
DACT2,0,0,0.0,0.0
DACT3,0,0,0.0,0.0
DAG1,5,31,0.0446,0.0603
DAGLA,2,8,0.0179,0.0156
DAGLB,2,8,0.0179,0.0156
DALRD3,0,0,0.0,0.0
DAND5,0,3,0.0,0.0058
DAO,4,7,0.0357,0.0136
DAOA,0,0,0.0,0.0
DAP,0,0,0.0,0.0
DAP3,0,11,0.0,0.0214
DAPK1,3,4,0.0268,0.0078
DAPK2,3,4,0.0268,0.0078
DAPK3,3,4,0.0268,0.0078
DAPL1,0,0,0.0,0.0
DAPP1,1,4,0.0089,0.0078
DARS,0,0,0.0,0.0
DARS1,1,10,0.0089,0.0195
DARS2,1,4,0.0089,0.0078
DAW1,0,0,0.0,0.0
DAXX,6,30,0.0536,0.0584
DAZ1,0,0,0.0,0.0
DAZ2,0,0,0.0,0.0
DAZ3,0,0,0.0,0.0
DAZ4,0,0,0.0,0.0
DAZAP1,1,0,0.0089,0.0
DAZAP2,0,0,0.0,0.0
DAZL,0,0,0.0,0.0
DBF4,1,10,0.0089,0.0195
DBF4B,0,0,0.0,0.0
DBH,1,4,0.0089,0.0078
DBI,1,4,0.0089,0.0078
DBN1,0,9,0.0,0.0175
DBNDD1,0,0,0.0,0.0
DBNDD2,0,0,0.0,0.0
DBNL,0,11,0.0,0.0214
DBP,0,2,0.0,0.0039
DBT,2,22,0.0179,0.0428
DBX1,0,0,0.0,0.0
DBX2,0,0,0.0,0.0
DCAF1,1,4,0.0089,0.0078
DCAF10,0,3,0.0,0.0058
DCAF11,0,3,0.0,0.0058
DCAF12,0,0,0.0,0.0
DCAF12L1,0,0,0.0,0.0
DCAF12L2,0,0,0.0,0.0
DCAF13,0,11,0.0,0.0214
DCAF15,0,0,0.0,0.0
DCAF16,0,3,0.0,0.0058
DCAF17,0,3,0.0,0.0058
DCAF4,0,3,0.0,0.0058
DCAF4L1,0,0,0.0,0.0
DCAF4L2,0,0,0.0,0.0
DCAF5,0,3,0.0,0.0058
DCAF6,0,3,0.0,0.0058
DCAF7,0,7,0.0,0.0136
DCAF8,0,3,0.0,0.0058
DCAF8L1,0,0,0.0,0.0
DCAF8L2,0,0,0.0,0.0
DCAKD,0,5,0.0,0.0097
DCANP1,0,0,0.0,0.0
DCBLD1,0,0,0.0,0.0
DCBLD2,0,0,0.0,0.0
DCC,3,20,0.0268,0.0389
DCD,0,3,0.0,0.0058
DCDC1,0,0,0.0,0.0
DCDC2,0,0,0.0,0.0
DCDC2B,0,0,0.0,0.0
DCDC2C,0,0,0.0,0.0
DCDC5,0,0,0.0,0.0
DCHS1,1,0,0.0089,0.0
DCHS2,1,0,0.0089,0.0
DCK,2,5,0.0179,0.0097
DCLK1,0,0,0.0,0.0
DCLK2,0,0,0.0,0.0
DCLK3,0,0,0.0,0.0
DCLRE1A,0,2,0.0,0.0039
DCLRE1B,0,2,0.0,0.0039
DCLRE1C,2,3,0.0179,0.0058
DCN,2,23,0.0179,0.0447
DCP1A,1,8,0.0089,0.0156
DCP1B,1,3,0.0089,0.0058
DCP2,1,12,0.0089,0.0233
DCPS,1,0,0.0089,0.0
DCST1,0,0,0.0,0.0
DCST2,0,0,0.0,0.0
DCSTAMP,0,4,0.0,0.0078
DCT,2,7,0.0179,0.0136
DCTD,1,3,0.0089,0.0058
DCTN1,5,41,0.0446,0.0798
DCTN2,5,34,0.0446,0.0661
DCTN3,4,34,0.0357,0.0661
DCTN4,5,17,0.0446,0.0331
DCTN6,5,17,0.0446,0.0331
DCTPP1,1,3,0.0089,0.0058
DCUN1D1,0,3,0.0,0.0058
DCUN1D2,0,3,0.0,0.0058
DCUN1D3,0,3,0.0,0.0058
DCUN1D4,0,3,0.0,0.0058
DCUN1D5,0,3,0.0,0.0058
DCX,0,5,0.0,0.0097
DCXR,1,7,0.0089,0.0136
DDA1,0,3,0.0,0.0058
DDAH1,0,3,0.0,0.0058
DDAH2,0,0,0.0,0.0
DDB2,20,16,0.1786,0.0311
DDC,8,5,0.0714,0.0097
DDHD1,0,5,0.0,0.0097
DDHD2,0,5,0.0,0.0097
DDI1,0,0,0.0,0.0
DDI2,0,0,0.0,0.0
DDIAS,0,0,0.0,0.0
DDIT3,11,20,0.0982,0.0389
DDIT4,4,5,0.0357,0.0097
DDIT4L,0,0,0.0,0.0
DDN,0,0,0.0,0.0
DDO,2,7,0.0179,0.0136
DDR1,0,2,0.0,0.0039
DDR2,0,2,0.0,0.0039
DDRGK1,0,5,0.0,0.0097
DDT,0,0,0.0,0.0
DDTL,0,0,0.0,0.0
DDTP1,0,0,0.0,0.0
DDX1,0,3,0.0,0.0058
DDX11,0,5,0.0,0.0097
DDX17,0,5,0.0,0.0097
DDX19A,2,0,0.0179,0.0
DDX19B,2,0,0.0179,0.0
DDX23,1,10,0.0089,0.0195
DDX24,0,0,0.0,0.0
DDX25,0,0,0.0,0.0
DDX26B,0,0,0.0,0.0
DDX28,0,0,0.0,0.0
DDX31,0,0,0.0,0.0
DDX39A,0,5,0.0,0.0097
DDX39B,3,13,0.0268,0.0253
DDX3X,3,9,0.0268,0.0175
DDX3Y,0,0,0.0,0.0
DDX4,0,8,0.0,0.0156
DDX42,1,16,0.0089,0.0311
DDX43,0,0,0.0,0.0
DDX46,1,15,0.0089,0.0292
DDX5,3,32,0.0268,0.0623
DDX50,0,0,0.0,0.0
DDX51,0,0,0.0,0.0
DDX52,0,8,0.0,0.0156
DDX53,0,0,0.0,0.0
DDX54,0,0,0.0,0.0
DDX58,0,0,0.0,0.0
DDX59,0,0,0.0,0.0
DDX6,1,3,0.0089,0.0058
DDX60,0,0,0.0,0.0
DDX60L,0,0,0.0,0.0
DEAF1,0,0,0.0,0.0
DEC1,0,0,0.0,0.0
DECR1,0,5,0.0,0.0097
DECR2,1,9,0.0089,0.0175
DEDD,0,0,0.0,0.0
DEDD2,0,0,0.0,0.0
DEF6,0,8,0.0,0.0156
DEF8,0,0,0.0,0.0
DEFA1,3,6,0.0268,0.0117
DEFA1B,3,6,0.0268,0.0117
DEFA3,3,5,0.0268,0.0097
DEFA4,3,6,0.0268,0.0117
DEFA5,3,8,0.0268,0.0156
DEFA6,3,5,0.0268,0.0097
DEFB1,2,5,0.0179,0.0097
DEFB103A,2,5,0.0179,0.0097
DEFB103B,2,5,0.0179,0.0097
DEFB104A,0,5,0.0,0.0097
DEFB104B,0,5,0.0,0.0097
DEFB105A,0,5,0.0,0.0097
DEFB105B,0,5,0.0,0.0097
DEFB106A,0,5,0.0,0.0097
DEFB106B,0,5,0.0,0.0097
DEFB107A,0,5,0.0,0.0097
DEFB107B,0,5,0.0,0.0097
DEFB108B,0,5,0.0,0.0097
DEFB110,0,5,0.0,0.0097
DEFB112,0,0,0.0,0.0
DEFB113,0,5,0.0,0.0097
DEFB114,0,5,0.0,0.0097
DEFB115,0,5,0.0,0.0097
DEFB116,0,5,0.0,0.0097
DEFB118,0,5,0.0,0.0097
DEFB119,0,5,0.0,0.0097
DEFB121,0,5,0.0,0.0097
DEFB123,0,5,0.0,0.0097
DEFB124,0,5,0.0,0.0097
DEFB125,0,5,0.0,0.0097
DEFB126,0,5,0.0,0.0097
DEFB127,0,5,0.0,0.0097
DEFB128,0,5,0.0,0.0097
DEFB129,0,5,0.0,0.0097
DEFB130,0,0,0.0,0.0
DEFB130A,0,5,0.0,0.0097
DEFB131,0,0,0.0,0.0
DEFB131A,0,5,0.0,0.0097
DEFB132,0,5,0.0,0.0097
DEFB133,0,0,0.0,0.0
DEFB134,0,5,0.0,0.0097
DEFB135,0,5,0.0,0.0097
DEFB136,0,5,0.0,0.0097
DEFB4A,3,5,0.0268,0.0097
DEFB4B,3,5,0.0268,0.0097
DEGS1,2,7,0.0179,0.0136
DEGS2,2,4,0.0179,0.0078
DEK,0,11,0.0,0.0214
DELE1,0,3,0.0,0.0058
DENND10,0,0,0.0,0.0
DENND11,0,0,0.0,0.0
DENND1A,0,4,0.0,0.0078
DENND1B,0,4,0.0,0.0078
DENND1C,0,4,0.0,0.0078
DENND2A,0,4,0.0,0.0078
DENND2B,0,4,0.0,0.0078
DENND2C,0,4,0.0,0.0078
DENND2D,0,4,0.0,0.0078
DENND3,0,4,0.0,0.0078
DENND4A,0,4,0.0,0.0078
DENND4B,0,4,0.0,0.0078
DENND4C,0,4,0.0,0.0078
DENND5A,0,4,0.0,0.0078
DENND5B,0,4,0.0,0.0078
DENND6A,0,4,0.0,0.0078
DENND6B,0,4,0.0,0.0078
DENR,0,0,0.0,0.0
DEPDC1,0,0,0.0,0.0
DEPDC1B,0,21,0.0,0.0409
DEPDC4,0,0,0.0,0.0
DEPDC5,1,4,0.0089,0.0078
DEPDC7,0,0,0.0,0.0
DEPP1,0,0,0.0,0.0
DEPTOR,2,0,0.0179,0.0
DERA,1,6,0.0089,0.0117
DERL1,3,19,0.0268,0.037
DERL2,1,25,0.0089,0.0486
DERL3,1,13,0.0089,0.0253
DES,3,2,0.0268,0.0039
DESI1,0,0,0.0,0.0
DESI2,0,0,0.0,0.0
DET1,1,4,0.0089,0.0078
DEUP1,0,0,0.0,0.0
DEXI,0,0,0.0,0.0
DFFA,1,4,0.0089,0.0078
DFFB,1,4,0.0089,0.0078
DFNA5,0,0,0.0,0.0
DFNB31,0,0,0.0,0.0
DFNB59,0,0,0.0,0.0
DGAT1,3,10,0.0268,0.0195
DGAT2,2,13,0.0179,0.0253
DGAT2L6,0,5,0.0,0.0097
DGCR14,0,0,0.0,0.0
DGCR2,0,0,0.0,0.0
DGCR6,0,0,0.0,0.0
DGCR6L,0,0,0.0,0.0
DGKA,5,7,0.0446,0.0136
DGKB,5,7,0.0446,0.0136
DGKD,5,7,0.0446,0.0136
DGKE,5,7,0.0446,0.0136
DGKG,5,7,0.0446,0.0136
DGKH,5,7,0.0446,0.0136
DGKI,5,7,0.0446,0.0136
DGKK,5,7,0.0446,0.0136
DGKQ,5,7,0.0446,0.0136
DGKZ,5,7,0.0446,0.0136
DGLUCY,1,0,0.0089,0.0
DGUOK,1,4,0.0089,0.0078
DHCR24,1,7,0.0089,0.0136
DHCR7,1,8,0.0089,0.0156
DHDDS,1,11,0.0089,0.0214
DHDH,2,0,0.0179,0.0
DHFR,2,13,0.0179,0.0253
DHFR2,2,4,0.0179,0.0078
DHFRL1,0,0,0.0,0.0
DHH,1,22,0.0089,0.0428
DHRS1,0,0,0.0,0.0
DHRS11,1,0,0.0089,0.0
DHRS12,0,0,0.0,0.0
DHRS13,0,0,0.0,0.0
DHRS2,0,0,0.0,0.0
DHRS3,1,7,0.0089,0.0136
DHRS4,2,8,0.0179,0.0156
DHRS4L1,0,0,0.0,0.0
DHRS4L2,1,0,0.0089,0.0
DHRS7,0,0,0.0,0.0
DHRS7B,0,4,0.0,0.0078
DHRS7C,0,0,0.0,0.0
DHRS9,1,7,0.0089,0.0136
DHRSX,0,6,0.0,0.0117
DHTKD1,2,4,0.0179,0.0078
DHX16,1,9,0.0089,0.0175
DHX29,0,0,0.0,0.0
DHX30,0,0,0.0,0.0
DHX32,0,0,0.0,0.0
DHX34,0,0,0.0,0.0
DHX35,0,4,0.0,0.0078
DHX36,1,4,0.0089,0.0078
DHX38,1,12,0.0089,0.0233
DHX40,0,0,0.0,0.0
DHX57,0,0,0.0,0.0
DHX58,1,3,0.0089,0.0058
DIABLO,2,18,0.0179,0.035
DIAPH1,4,21,0.0357,0.0409
DIAPH2,1,8,0.0089,0.0156
DIAPH3,1,18,0.0089,0.035
DICER1,1,15,0.0089,0.0292
DIDO1,0,4,0.0,0.0078
DIEXF,0,0,0.0,0.0
DIO1,1,5,0.0089,0.0097
DIO2,1,5,0.0089,0.0097
DIO3,1,5,0.0089,0.0097
DIP2A,0,0,0.0,0.0
DIP2B,0,0,0.0,0.0
DIP2C,0,0,0.0,0.0
DIPK1A,0,0,0.0,0.0
DIPK1B,0,0,0.0,0.0
DIPK1C,0,0,0.0,0.0
DIPK2A,0,0,0.0,0.0
DIPK2B,0,0,0.0,0.0
DIRAS1,0,0,0.0,0.0
DIRAS2,0,0,0.0,0.0
DIRAS3,0,0,0.0,0.0
DIRC1,0,0,0.0,0.0
DIRC2,0,0,0.0,0.0
DIS3L,1,0,0.0089,0.0
DIS3L2,0,3,0.0,0.0058
DISC1,0,0,0.0,0.0
DISP1,1,0,0.0089,0.0
DISP2,0,8,0.0,0.0156
DISP3,0,0,0.0,0.0
DIXDC1,0,0,0.0,0.0
DKK1,3,11,0.0268,0.0214
DKK2,3,15,0.0268,0.0292
DKK3,0,0,0.0,0.0
DKK4,3,11,0.0268,0.0214
DKKL1,0,0,0.0,0.0
DLAT,3,12,0.0268,0.0233
DLC1,0,10,0.0,0.0195
DLD,9,28,0.0804,0.0545
DLEC1,0,0,0.0,0.0
DLEU7,0,0,0.0,0.0
DLG1,6,32,0.0536,0.0623
DLG2,3,24,0.0268,0.0467
DLG3,3,33,0.0268,0.0642
DLG4,5,44,0.0446,0.0856
DLG5,1,9,0.0089,0.0175
DLGAP1,1,6,0.0089,0.0117
DLGAP2,0,0,0.0,0.0
DLGAP3,0,6,0.0,0.0117
DLGAP4,0,6,0.0,0.0117
DLGAP5,0,4,0.0,0.0078
DLK1,0,4,0.0,0.0078
DLK2,0,0,0.0,0.0
DLL1,4,40,0.0357,0.0778
DLL3,4,4,0.0357,0.0078
DLL4,4,27,0.0357,0.0525
DLX1,0,0,0.0,0.0
DLX2,0,0,0.0,0.0
DLX3,0,0,0.0,0.0
DLX4,0,0,0.0,0.0
DLX5,1,13,0.0089,0.0253
DLX6,0,5,0.0,0.0097
DMAC1,0,4,0.0,0.0078
DMAC2,0,4,0.0,0.0078
DMAC2L,0,6,0.0,0.0117
DMBT1,1,2,0.0089,0.0039
DMBX1,0,0,0.0,0.0
DMC1,0,8,0.0,0.0156
DMD,4,8,0.0357,0.0156
DMGDH,1,3,0.0089,0.0058
DMKN,0,4,0.0,0.0078
DMP1,1,6,0.0089,0.0117
DMPK,0,3,0.0,0.0058
DMRT1,0,2,0.0,0.0039
DMRT2,0,0,0.0,0.0
DMRT3,0,0,0.0,0.0
DMRTA1,0,0,0.0,0.0
DMRTA2,0,0,0.0,0.0
DMRTB1,0,0,0.0,0.0
DMRTC1,0,0,0.0,0.0
DMRTC1B,0,0,0.0,0.0
DMRTC2,0,0,0.0,0.0
DMTF1,0,0,0.0,0.0
DMTN,0,2,0.0,0.0039
DMWD,0,0,0.0,0.0
DMXL1,0,0,0.0,0.0
DMXL2,0,0,0.0,0.0
DNA2,1,46,0.0089,0.0895
DNAAF1,0,0,0.0,0.0
DNAAF10,0,0,0.0,0.0
DNAAF11,0,0,0.0,0.0
DNAAF2,0,0,0.0,0.0
DNAAF3,0,0,0.0,0.0
DNAAF4,0,0,0.0,0.0
DNAAF5,0,0,0.0,0.0
DNAAF6,0,0,0.0,0.0
DNAAF8,0,0,0.0,0.0
DNAAF9,0,0,0.0,0.0
DNAH1,3,0,0.0268,0.0
DNAH10,3,0,0.0268,0.0
DNAH11,3,0,0.0268,0.0
DNAH12,3,0,0.0268,0.0
DNAH14,3,0,0.0268,0.0
DNAH17,3,0,0.0268,0.0
DNAH2,3,0,0.0268,0.0
DNAH3,3,0,0.0268,0.0
DNAH5,3,0,0.0268,0.0
DNAH6,3,0,0.0268,0.0
DNAH7,3,0,0.0268,0.0
DNAH8,3,0,0.0268,0.0
DNAH9,3,0,0.0268,0.0
DNAI1,3,0,0.0268,0.0
DNAI2,3,0,0.0268,0.0
DNAI3,0,0,0.0,0.0
DNAI4,0,0,0.0,0.0
DNAI7,0,0,0.0,0.0
DNAJA1,1,4,0.0089,0.0078
DNAJA2,1,8,0.0089,0.0156
DNAJA4,0,3,0.0,0.0058
DNAJB1,2,10,0.0179,0.0195
DNAJB11,1,11,0.0089,0.0214
DNAJB12,1,0,0.0089,0.0
DNAJB13,0,0,0.0,0.0
DNAJB14,0,0,0.0,0.0
DNAJB2,1,0,0.0089,0.0
DNAJB3,0,0,0.0,0.0
DNAJB4,0,0,0.0,0.0
DNAJB5,0,0,0.0,0.0
DNAJB6,0,4,0.0,0.0078
DNAJB7,0,0,0.0,0.0
DNAJB8,0,0,0.0,0.0
DNAJB9,0,5,0.0,0.0097
DNAJC1,1,0,0.0089,0.0
DNAJC10,1,6,0.0089,0.0117
DNAJC11,0,3,0.0,0.0058
DNAJC12,0,0,0.0,0.0
DNAJC13,0,3,0.0,0.0058
DNAJC14,0,0,0.0,0.0
DNAJC15,0,0,0.0,0.0
DNAJC16,0,0,0.0,0.0
DNAJC17,0,0,0.0,0.0
DNAJC18,0,0,0.0,0.0
DNAJC19,0,2,0.0,0.0039
DNAJC2,0,4,0.0,0.0078
DNAJC21,0,0,0.0,0.0
DNAJC22,0,0,0.0,0.0
DNAJC24,0,4,0.0,0.0078
DNAJC25,0,0,0.0,0.0
DNAJC25-GNG10,0,0,0.0,0.0
DNAJC27,0,0,0.0,0.0
DNAJC28,0,0,0.0,0.0
DNAJC3,2,25,0.0179,0.0486
DNAJC30,0,0,0.0,0.0
DNAJC4,0,0,0.0,0.0
DNAJC5,1,10,0.0089,0.0195
DNAJC5B,1,0,0.0089,0.0
DNAJC5G,1,0,0.0089,0.0
DNAJC6,1,6,0.0089,0.0117
DNAJC7,0,4,0.0,0.0078
DNAJC8,0,11,0.0,0.0214
DNAL1,3,0,0.0268,0.0
DNAL4,3,5,0.0268,0.0097
DNALI1,3,0,0.0268,0.0
DNASE1,0,0,0.0,0.0
DNASE1L1,0,3,0.0,0.0058
DNASE1L2,0,0,0.0,0.0
DNASE1L3,0,0,0.0,0.0
DNASE2,1,4,0.0089,0.0078
DNASE2B,1,0,0.0089,0.0
DND1,0,0,0.0,0.0
DNER,0,4,0.0,0.0078
DNHD1,0,0,0.0,0.0
DNLZ,0,0,0.0,0.0
DNM1,5,25,0.0446,0.0486
DNM1L,3,3,0.0268,0.0058
DNM3,5,19,0.0446,0.037
DNMBP,0,5,0.0,0.0097
DNMT3A,2,19,0.0179,0.037
DNMT3B,2,16,0.0179,0.0311
DNMT3L,0,5,0.0,0.0097
DNPEP,0,0,0.0,0.0
DNPH1,0,4,0.0,0.0078
DNTT,2,0,0.0179,0.0
DNTTIP1,0,9,0.0,0.0175
DNTTIP2,0,0,0.0,0.0
DOC2A,0,0,0.0,0.0
DOC2B,0,0,0.0,0.0
DOCK1,6,42,0.0536,0.0817
DOCK10,0,10,0.0,0.0195
DOCK11,0,8,0.0,0.0156
DOCK2,1,20,0.0089,0.0389
DOCK3,0,20,0.0,0.0389
DOCK4,1,9,0.0089,0.0175
DOCK5,0,8,0.0,0.0156
DOCK6,0,8,0.0,0.0156
DOCK7,0,12,0.0,0.0233
DOCK8,0,9,0.0,0.0175
DOCK9,0,8,0.0,0.0156
DOHH,0,4,0.0,0.0078
DOK1,0,8,0.0,0.0156
DOK2,0,7,0.0,0.0136
DOK3,0,3,0.0,0.0058
DOK4,0,4,0.0,0.0078
DOK5,0,4,0.0,0.0078
DOK6,0,4,0.0,0.0078
DOK7,0,0,0.0,0.0
DOLPP1,1,6,0.0089,0.0117
DOP1A,0,0,0.0,0.0
DOP1B,0,0,0.0,0.0
DOPEY1,0,0,0.0,0.0
DOPEY2,0,0,0.0,0.0
DOT1L,2,3,0.0179,0.0058
DPCD,0,0,0.0,0.0
DPCR1,0,0,0.0,0.0
DPEP1,0,14,0.0,0.0272
DPEP2,0,14,0.0,0.0272
DPEP3,0,0,0.0,0.0
DPF1,2,20,0.0179,0.0389
DPF2,0,22,0.0,0.0428
DPF3,2,20,0.0179,0.0389
DPH1,0,4,0.0,0.0078
DPH2,0,4,0.0,0.0078
DPH3,0,4,0.0,0.0078
DPH3P1,0,0,0.0,0.0
DPH5,0,4,0.0,0.0078
DPH6,0,4,0.0,0.0078
DPH7,0,4,0.0,0.0078
DPM1,1,19,0.0089,0.037
DPM2,2,20,0.0179,0.0389
DPM3,1,19,0.0089,0.037
DPP10,0,0,0.0,0.0
DPP3,0,7,0.0,0.0136
DPP4,1,5,0.0089,0.0097
DPP6,0,0,0.0,0.0
DPP7,0,3,0.0,0.0058
DPP8,0,0,0.0,0.0
DPP9,0,0,0.0,0.0
DPP9-AS1,0,0,0.0,0.0
DPPA2,0,3,0.0,0.0058
DPPA3,0,3,0.0,0.0058
DPPA4,0,6,0.0,0.0117
DPPA5,0,0,0.0,0.0
DPRX,0,0,0.0,0.0
DPT,0,0,0.0,0.0
DPY19L1,0,0,0.0,0.0
DPY19L2,0,0,0.0,0.0
DPY19L3,0,0,0.0,0.0
DPY19L4,0,0,0.0,0.0
DPY30,0,38,0.0,0.0739
DPYD,4,4,0.0357,0.0078
DPYS,4,4,0.0357,0.0078
DPYSL2,1,7,0.0089,0.0136
DPYSL3,0,5,0.0,0.0097
DPYSL4,0,5,0.0,0.0097
DPYSL5,1,5,0.0089,0.0097
DQX1,0,0,0.0,0.0
DR1,0,7,0.0,0.0136
DRAM1,0,0,0.0,0.0
DRAM2,0,0,0.0,0.0
DRAP1,0,5,0.0,0.0097
DRAXIN,0,0,0.0,0.0
DRC1,0,0,0.0,0.0
DRC12,0,0,0.0,0.0
DRC3,0,0,0.0,0.0
DRC7,0,0,0.0,0.0
DRD1,10,8,0.0893,0.0156
DRD2,8,6,0.0714,0.0117
DRD3,2,8,0.0179,0.0156
DRD4,2,8,0.0179,0.0156
DRD5,4,8,0.0357,0.0156
DRG1,0,4,0.0,0.0078
DRG2,0,4,0.0,0.0078
DRGX,0,0,0.0,0.0
DRICH1,0,0,0.0,0.0
DROSHA,2,3,0.0179,0.0058
DRP2,0,9,0.0,0.0175
DSC1,0,6,0.0,0.0117
DSC2,1,3,0.0089,0.0058
DSC3,0,3,0.0,0.0058
DSCAM,0,10,0.0,0.0195
DSCAML1,0,5,0.0,0.0097
DSCC1,0,6,0.0,0.0117
DSCR3,0,0,0.0,0.0
DSCR4,0,0,0.0,0.0
DSE,1,5,0.0089,0.0097
DSEL,0,5,0.0,0.0097
DSG1,1,17,0.0089,0.0331
DSG2,1,15,0.0089,0.0292
DSG3,0,8,0.0,0.0156
DSG4,0,3,0.0,0.0058
DSN1,0,21,0.0,0.0409
DSP,1,17,0.0089,0.0331
DSPP,1,2,0.0089,0.0039
DST,0,15,0.0,0.0292
DSTN,0,0,0.0,0.0
DSTYK,0,0,0.0,0.0
DTD1,0,0,0.0,0.0
DTD2,0,0,0.0,0.0
DTHD1,0,0,0.0,0.0
DTNA,0,6,0.0,0.0117
DTNB,0,6,0.0,0.0117
DTNBP1,0,4,0.0,0.0078
DTWD1,0,0,0.0,0.0
DTWD2,0,0,0.0,0.0
DTX1,1,8,0.0089,0.0156
DTX2,1,8,0.0089,0.0156
DTX3,1,0,0.0089,0.0
DTX3L,1,4,0.0089,0.0078
DTX4,1,16,0.0089,0.0311
DUOX1,1,4,0.0089,0.0078
DUOX2,1,4,0.0089,0.0078
DUOXA1,0,4,0.0,0.0078
DUOXA2,1,4,0.0089,0.0078
DUPD1,0,0,0.0,0.0
DUS1L,0,0,0.0,0.0
DUS2,0,8,0.0,0.0156
DUS3L,0,0,0.0,0.0
DUS4L,0,0,0.0,0.0
DUSP1,4,6,0.0357,0.0117
DUSP10,1,10,0.0089,0.0195
DUSP11,0,0,0.0,0.0
DUSP12,0,0,0.0,0.0
DUSP13,0,0,0.0,0.0
DUSP13B,0,0,0.0,0.0
DUSP14,0,0,0.0,0.0
DUSP15,0,0,0.0,0.0
DUSP16,1,15,0.0089,0.0292
DUSP18,0,0,0.0,0.0
DUSP19,0,0,0.0,0.0
DUSP2,1,6,0.0089,0.0117
DUSP21,0,0,0.0,0.0
DUSP22,0,0,0.0,0.0
DUSP23,0,0,0.0,0.0
DUSP26,0,0,0.0,0.0
DUSP27,0,0,0.0,0.0
DUSP28,0,0,0.0,0.0
DUSP29,0,0,0.0,0.0
DUSP3,1,30,0.0089,0.0584
DUSP4,1,35,0.0089,0.0681
DUSP5,1,6,0.0089,0.0117
DUSP6,3,39,0.0268,0.0759
DUSP7,1,39,0.0089,0.0759
DUSP8,1,10,0.0089,0.0195
DUSP9,2,10,0.0179,0.0195
DUT,2,3,0.0179,0.0058
DUX4,0,6,0.0,0.0117
DUXA,0,3,0.0,0.0058
DVL1,15,31,0.1339,0.0603
DVL2,15,38,0.1339,0.0739
DVL3,15,31,0.1339,0.0603
DXO,0,2,0.0,0.0039
DYDC1,0,0,0.0,0.0
DYDC2,0,0,0.0,0.0
DYM,0,0,0.0,0.0
DYNAP,0,0,0.0,0.0
DYNC1H1,3,63,0.0268,0.1226
DYNC1I1,3,48,0.0268,0.0934
DYNC1LI1,3,50,0.0268,0.0973
DYNC1LI2,3,48,0.0268,0.0934
DYNC2H1,3,7,0.0268,0.0136
DYNC2I1,0,4,0.0,0.0078
DYNC2I2,0,4,0.0,0.0078
DYNC2LI1,2,4,0.0179,0.0078
DYNLL1,2,69,0.0179,0.1342
DYNLL2,2,57,0.0179,0.1109
DYNLRB1,1,4,0.0089,0.0078
DYNLRB2,1,4,0.0089,0.0078
DYNLT1,1,8,0.0089,0.0156
DYNLT2,0,4,0.0,0.0078
DYNLT2B,0,4,0.0,0.0078
DYNLT3,1,0,0.0089,0.0
DYNLT4,0,0,0.0,0.0
DYNLT5,0,4,0.0,0.0078
DYRK1A,0,4,0.0,0.0078
DYRK1B,0,0,0.0,0.0
DYRK2,0,6,0.0,0.0117
DYRK3,0,0,0.0,0.0
DYRK4,0,0,0.0,0.0
DYSF,0,4,0.0,0.0078
DYTN,0,0,0.0,0.0
DYX1C1,0,0,0.0,0.0
DZANK1,0,0,0.0,0.0
DZIP1,0,3,0.0,0.0058
DZIP1L,0,0,0.0,0.0
DZIP3,0,4,0.0,0.0078
E2F1,24,59,0.2143,0.1148
E2F2,22,15,0.1964,0.0292
E2F3,22,25,0.1964,0.0486
E2F4,3,31,0.0268,0.0603
E2F5,3,28,0.0268,0.0545
E2F6,0,9,0.0,0.0175
E2F7,0,6,0.0,0.0117
E2F8,0,6,0.0,0.0117
E4F1,0,0,0.0,0.0
EAF1,0,5,0.0,0.0097
EAF2,0,5,0.0,0.0097
EAPP,0,0,0.0,0.0
EARS2,2,4,0.0179,0.0078
EBAG9,1,4,0.0089,0.0078
EBF1,0,6,0.0,0.0117
EBF2,0,4,0.0,0.0078
EBF3,0,0,0.0,0.0
EBF4,0,0,0.0,0.0
EBI3,1,6,0.0089,0.0117
EBLN1,0,0,0.0,0.0
EBLN2,0,0,0.0,0.0
EBNA1BP2,0,4,0.0,0.0078
EBP,1,6,0.0089,0.0117
EBPL,0,0,0.0,0.0
ECE1,0,5,0.0,0.0097
ECE2,0,5,0.0,0.0097
ECEL1,0,0,0.0,0.0
ECH1,1,6,0.0089,0.0117
ECHDC1,1,0,0.0089,0.0
ECHDC2,0,0,0.0,0.0
ECHDC3,0,0,0.0,0.0
ECHS1,8,16,0.0714,0.0311
ECI1,1,7,0.0089,0.0136
ECI2,2,9,0.0179,0.0175
ECM1,0,4,0.0,0.0078
ECM2,0,0,0.0,0.0
ECPAS,0,0,0.0,0.0
ECRG4,0,0,0.0,0.0
ECSCR,0,0,0.0,0.0
ECSIT,1,19,0.0089,0.037
ECT2,0,15,0.0,0.0292
ECT2L,0,0,0.0,0.0
EDA,2,4,0.0179,0.0078
EDA2R,2,4,0.0179,0.0078
EDAR,2,4,0.0179,0.0078
EDARADD,1,4,0.0089,0.0078
EDC3,1,3,0.0089,0.0058
EDC4,1,3,0.0089,0.0058
EDDM3A,0,0,0.0,0.0
EDDM3B,0,0,0.0,0.0
EDEM1,1,11,0.0089,0.0214
EDEM2,1,14,0.0089,0.0272
EDEM3,1,6,0.0089,0.0117
EDF1,0,0,0.0,0.0
EDIL3,0,4,0.0,0.0078
EDN1,12,10,0.1071,0.0195
EDN2,4,7,0.0357,0.0136
EDN3,4,10,0.0357,0.0195
EDNRA,7,7,0.0625,0.0136
EDNRB,6,10,0.0536,0.0195
EDRF1,0,0,0.0,0.0
EEA1,3,4,0.0268,0.0078
EED,0,48,0.0,0.0934
EEF1A1,3,25,0.0268,0.0486
EEF1A2,3,3,0.0268,0.0058
EEF1AKMT1,0,3,0.0,0.0058
EEF1AKMT2,0,3,0.0,0.0058
EEF1AKMT3,0,0,0.0,0.0
EEF1AKMT4,0,0,0.0,0.0
EEF1AKNMT,0,0,0.0,0.0
EEF1B2,0,3,0.0,0.0058
EEF1D,0,3,0.0,0.0058
EEF1E1,0,10,0.0,0.0195
EEF1G,1,7,0.0089,0.0136
EEF2K,2,3,0.0179,0.0058
EEF2KMT,0,3,0.0,0.0058
EEFSEC,0,4,0.0,0.0078
EEIG1,0,0,0.0,0.0
EEIG2,0,0,0.0,0.0
EEPD1,0,4,0.0,0.0078
EFCAB1,0,0,0.0,0.0
EFCAB11,0,0,0.0,0.0
EFCAB12,0,0,0.0,0.0
EFCAB13,0,0,0.0,0.0
EFCAB14,0,0,0.0,0.0
EFCAB2,0,0,0.0,0.0
EFCAB3,0,0,0.0,0.0
EFCAB5,0,0,0.0,0.0
EFCAB6,0,0,0.0,0.0
EFCAB7,1,4,0.0089,0.0078
EFCAB8,0,0,0.0,0.0
EFCAB9,0,0,0.0,0.0
EFCC1,0,0,0.0,0.0
EFEMP1,0,6,0.0,0.0117
EFEMP2,0,6,0.0,0.0117
EFHB,0,0,0.0,0.0
EFHC1,0,0,0.0,0.0
EFHC2,0,0,0.0,0.0
EFHD1,0,0,0.0,0.0
EFHD2,0,5,0.0,0.0097
EFL1,1,0,0.0089,0.0
EFNA1,6,12,0.0536,0.0233
EFNA2,6,12,0.0536,0.0233
EFNA3,6,12,0.0536,0.0233
EFNA4,6,12,0.0536,0.0233
EFNA5,6,12,0.0536,0.0233
EFNB1,1,13,0.0089,0.0253
EFNB2,1,13,0.0089,0.0253
EFNB3,1,13,0.0089,0.0253
EFR3A,0,0,0.0,0.0
EFR3B,0,0,0.0,0.0
EFS,0,0,0.0,0.0
EFTUD1,0,0,0.0,0.0
EGF,28,76,0.25,0.1479
EGFL6,0,0,0.0,0.0
EGFL7,0,0,0.0,0.0
EGFL8,0,0,0.0,0.0
EGFLAM,0,0,0.0,0.0
EGFR,44,82,0.3929,0.1595
EGLN1,3,8,0.0268,0.0156
EGLN2,3,8,0.0268,0.0156
EGLN3,3,8,0.0268,0.0156
EGR1,6,24,0.0536,0.0467
EGR2,4,22,0.0357,0.0428
EGR3,3,12,0.0268,0.0233
EGR4,0,6,0.0,0.0117
EHBP1,0,0,0.0,0.0
EHBP1L1,0,0,0.0,0.0
EHD1,1,2,0.0089,0.0039
EHD2,1,2,0.0089,0.0039
EHD3,1,2,0.0089,0.0039
EHD4,1,0,0.0089,0.0
EHF,0,0,0.0,0.0
EHHADH,9,9,0.0804,0.0175
EHMT1,2,19,0.0179,0.037
EHMT2,2,24,0.0179,0.0467
EI24,1,0,0.0089,0.0
EID1,0,0,0.0,0.0
EID2,0,0,0.0,0.0
EID2B,0,0,0.0,0.0
EID3,0,5,0.0,0.0097
EIF1,1,0,0.0089,0.0
EIF1AD,0,0,0.0,0.0
EIF1AX,1,11,0.0089,0.0214
EIF1AY,1,0,0.0089,0.0
EIF1B,1,0,0.0089,0.0
EIF2A,0,0,0.0,0.0
EIF2AK1,4,6,0.0357,0.0117
EIF2AK2,12,21,0.1071,0.0409
EIF2AK3,14,17,0.125,0.0331
EIF2AK4,5,4,0.0446,0.0078
EIF2B2,2,5,0.0179,0.0097
EIF2B4,2,5,0.0179,0.0097
EIF2D,0,0,0.0,0.0
EIF3CL,1,0,0.0089,0.0
EIF3E,2,11,0.0179,0.0214
EIF3F,1,11,0.0089,0.0214
EIF3H,2,11,0.0179,0.0214
EIF3J,1,11,0.0089,0.0214
EIF3K,0,11,0.0,0.0214
EIF3L,0,11,0.0,0.0214
EIF3M,0,11,0.0,0.0214
EIF4A1,1,29,0.0089,0.0564
EIF4A2,1,29,0.0089,0.0564
EIF4B,4,22,0.0357,0.0428
EIF4E,6,38,0.0536,0.0739
EIF4E1B,6,0,0.0536,0.0
EIF4E2,6,5,0.0536,0.0097
EIF4E3,0,10,0.0,0.0195
EIF4EBP1,14,8,0.125,0.0156
EIF4EBP2,2,0,0.0179,0.0
EIF4EBP3,1,0,0.0089,0.0
EIF4ENIF1,0,0,0.0,0.0
EIF4G1,2,41,0.0179,0.0798
EIF4G2,2,10,0.0179,0.0195
EIF4G3,2,10,0.0179,0.0195
EIF4H,0,9,0.0,0.0175
EIF5,1,6,0.0089,0.0117
EIF5A2,0,4,0.0,0.0078
EIF5AL1,0,0,0.0,0.0
EIPR1,0,0,0.0,0.0
ELAC1,1,0,0.0089,0.0
ELANE,3,20,0.0268,0.0389
ELAPOR1,0,0,0.0,0.0
ELAPOR2,0,0,0.0,0.0
ELAVL1,2,8,0.0179,0.0156
ELAVL2,0,5,0.0,0.0097
ELAVL3,0,0,0.0,0.0
ELAVL4,0,0,0.0,0.0
ELF1,0,6,0.0,0.0117
ELF2,0,5,0.0,0.0097
ELF3,0,4,0.0,0.0078
ELF4,0,0,0.0,0.0
ELF5,1,6,0.0089,0.0117
ELFN1,0,0,0.0,0.0
ELFN2,0,0,0.0,0.0
ELK1,15,48,0.1339,0.0934
ELK3,0,0,0.0,0.0
ELK4,3,0,0.0268,0.0
ELL2,0,6,0.0,0.0117
ELL3,0,6,0.0,0.0117
ELMO1,5,29,0.0446,0.0564
ELMO2,4,22,0.0357,0.0428
ELMO3,1,0,0.0089,0.0
ELMOD1,0,0,0.0,0.0
ELMOD2,0,0,0.0,0.0
ELMOD3,0,0,0.0,0.0
ELMSAN1,0,0,0.0,0.0
ELN,1,7,0.0089,0.0136
ELOA,0,23,0.0,0.0447
ELOA2,0,23,0.0,0.0447
ELOA3B,0,0,0.0,0.0
ELOA3D,0,0,0.0,0.0
ELOB,5,62,0.0446,0.1206
ELOC,5,62,0.0446,0.1206
ELOF1,0,0,0.0,0.0
ELOVL1,2,13,0.0179,0.0253
ELOVL2,2,8,0.0179,0.0156
ELOVL3,2,12,0.0179,0.0233
ELOVL4,2,5,0.0179,0.0097
ELOVL5,2,14,0.0179,0.0272
ELOVL6,2,8,0.0179,0.0156
ELOVL7,2,5,0.0179,0.0097
ELP1,0,3,0.0,0.0058
ELP2,0,3,0.0,0.0058
ELP3,0,3,0.0,0.0058
ELP4,0,3,0.0,0.0058
ELP5,0,3,0.0,0.0058
ELP6,0,3,0.0,0.0058
ELSPBP1,0,0,0.0,0.0
EMB,0,4,0.0,0.0078
EMC1,0,0,0.0,0.0
EMC10,0,0,0.0,0.0
EMC2,0,0,0.0,0.0
EMC3,0,5,0.0,0.0097
EMC4,0,5,0.0,0.0097
EMC6,0,0,0.0,0.0
EMC7,0,0,0.0,0.0
EMC8,0,0,0.0,0.0
EMC9,0,0,0.0,0.0
EMCN,0,0,0.0,0.0
EMD,3,23,0.0268,0.0447
EME1,2,8,0.0179,0.0156
EME2,1,8,0.0089,0.0156
EMG1,1,8,0.0089,0.0156
EMID1,0,3,0.0,0.0058
EMILIN1,0,6,0.0,0.0117
EMILIN2,0,6,0.0,0.0117
EMILIN3,0,6,0.0,0.0117
EML1,0,0,0.0,0.0
EML2,0,0,0.0,0.0
EML2-AS1,0,0,0.0,0.0
EML3,0,0,0.0,0.0
EML4,3,10,0.0268,0.0195
EML5,0,0,0.0,0.0
EML6,0,0,0.0,0.0
EMP1,0,0,0.0,0.0
EMP2,0,0,0.0,0.0
EMP3,0,0,0.0,0.0
EMSY,0,0,0.0,0.0
EMX1,0,0,0.0,0.0
EMX2,0,3,0.0,0.0058
EN1,0,0,0.0,0.0
EN2,0,0,0.0,0.0
ENAH,3,12,0.0268,0.0233
ENAM,0,4,0.0,0.0078
ENC1,0,0,0.0,0.0
ENDOD1,0,4,0.0,0.0078
ENDOG,1,0,0.0089,0.0
ENDOU,0,0,0.0,0.0
ENDOV,0,0,0.0,0.0
ENG,0,0,0.0,0.0
ENGASE,1,4,0.0089,0.0078
ENHO,0,0,0.0,0.0
ENKD1,0,0,0.0,0.0
ENKUR,0,0,0.0,0.0
ENO1,3,11,0.0268,0.0214
ENO2,3,5,0.0268,0.0097
ENO3,3,5,0.0268,0.0097
ENO4,3,5,0.0268,0.0097
ENOPH1,1,4,0.0089,0.0078
ENOSF1,1,0,0.0089,0.0
ENOX1,0,0,0.0,0.0
ENOX2,0,0,0.0,0.0
ENPEP,1,3,0.0089,0.0058
ENPP1,6,5,0.0536,0.0097
ENPP2,1,4,0.0089,0.0078
ENPP3,6,4,0.0536,0.0078
ENPP4,1,3,0.0089,0.0058
ENPP5,0,0,0.0,0.0
ENPP6,1,5,0.0089,0.0097
ENPP7,1,5,0.0089,0.0097
ENSA,0,10,0.0,0.0195
ENTHD1,0,0,0.0,0.0
ENTHD2,0,0,0.0,0.0
ENTPD1,3,10,0.0268,0.0195
ENTPD2,2,4,0.0179,0.0078
ENTPD3,3,4,0.0268,0.0078
ENTPD4,3,4,0.0268,0.0078
ENTPD5,2,10,0.0179,0.0195
ENTPD6,2,4,0.0179,0.0078
ENTPD7,0,4,0.0,0.0078
ENTPD8,3,4,0.0268,0.0078
ENTR1,0,0,0.0,0.0
ENTREP1,0,0,0.0,0.0
ENTREP2,0,0,0.0,0.0
ENTREP3,0,0,0.0,0.0
ENY2,0,3,0.0,0.0058
EOGT,1,0,0.0089,0.0
EOLA1,0,0,0.0,0.0
EOLA2,0,0,0.0,0.0
EOMES,0,11,0.0,0.0214
EP300,26,197,0.2321,0.3833
EP400,0,8,0.0,0.0156
EPAS1,2,28,0.0179,0.0545
EPB41,0,3,0.0,0.0058
EPB41L1,0,11,0.0,0.0214
EPB41L2,0,3,0.0,0.0058
EPB41L3,0,7,0.0,0.0136
EPB41L4A,0,0,0.0,0.0
EPB41L4B,1,0,0.0089,0.0
EPB41L5,0,3,0.0,0.0058
EPB42,0,0,0.0,0.0
EPC1,0,7,0.0,0.0136
EPC2,0,0,0.0,0.0
EPCAM,0,16,0.0,0.0311
EPCIP,0,0,0.0,0.0
EPDR1,0,0,0.0,0.0
EPG5,0,0,0.0,0.0
EPGN,0,30,0.0,0.0584
EPHA1,1,14,0.0089,0.0272
EPHA10,0,12,0.0,0.0233
EPHA2,5,25,0.0446,0.0486
EPHA3,1,12,0.0089,0.0233
EPHA4,1,15,0.0089,0.0292
EPHA5,1,12,0.0089,0.0233
EPHA6,1,12,0.0089,0.0233
EPHA7,1,12,0.0089,0.0233
EPHA8,1,12,0.0089,0.0233
EPHB1,1,13,0.0089,0.0253
EPHB2,1,14,0.0089,0.0272
EPHB3,1,13,0.0089,0.0253
EPHB4,1,13,0.0089,0.0253
EPHB6,1,13,0.0089,0.0253
EPHX1,3,3,0.0268,0.0058
EPHX2,2,12,0.0179,0.0233
EPHX3,0,0,0.0,0.0
EPHX4,0,0,0.0,0.0
EPM2A,0,9,0.0,0.0175
EPM2AIP1,0,0,0.0,0.0
EPN1,1,8,0.0089,0.0156
EPN2,1,4,0.0089,0.0078
EPN3,1,0,0.0089,0.0
EPO,6,14,0.0536,0.0272
EPOP,0,3,0.0,0.0058
EPOR,5,10,0.0446,0.0195
EPPIN,0,3,0.0,0.0058
EPPIN-WFDC6,0,0,0.0,0.0
EPPK1,0,0,0.0,0.0
EPRS1,2,13,0.0179,0.0253
EPS15,1,24,0.0089,0.0467
EPS15L1,1,8,0.0089,0.0156
EPS8,0,4,0.0,0.0078
EPS8L1,0,0,0.0,0.0
EPS8L2,0,4,0.0,0.0078
EPS8L3,0,0,0.0,0.0
EPSTI1,0,5,0.0,0.0097
EPT1,0,0,0.0,0.0
EPX,1,3,0.0089,0.0058
EPYC,0,0,0.0,0.0
EQTN,0,0,0.0,0.0
ERAL1,0,11,0.0,0.0214
ERAP1,0,4,0.0,0.0078
ERAP2,0,4,0.0,0.0078
ERAS,0,0,0.0,0.0
ERBB2,19,63,0.1696,0.1226
ERBB2IP,0,0,0.0,0.0
ERBB3,6,31,0.0536,0.0603
ERBB4,6,45,0.0536,0.0875
ERBIN,1,32,0.0089,0.0623
ERC1,1,0,0.0089,0.0
ERC2,0,0,0.0,0.0
ERCC1,2,12,0.0179,0.0233
ERCC4,2,12,0.0179,0.0233
ERCC5,1,7,0.0089,0.0136
ERCC6,1,17,0.0089,0.0331
ERCC6-PGBD3,0,0,0.0,0.0
ERCC6L,0,18,0.0,0.035
ERCC6L2,0,0,0.0,0.0
ERCC8,2,9,0.0179,0.0175
EREG,4,51,0.0357,0.0992
ERF,0,8,0.0,0.0156
ERFE,0,0,0.0,0.0
ERG,2,0,0.0179,0.0
ERG28,0,0,0.0,0.0
ERGIC1,0,0,0.0,0.0
ERGIC2,0,0,0.0,0.0
ERGIC3,0,0,0.0,0.0
ERI1,0,4,0.0,0.0078
ERI2,0,0,0.0,0.0
ERI3,0,0,0.0,0.0
ERICH1,0,0,0.0,0.0
ERICH2,0,0,0.0,0.0
ERICH3,0,0,0.0,0.0
ERICH4,0,0,0.0,0.0
ERICH5,0,4,0.0,0.0078
ERICH6,0,0,0.0,0.0
ERICH6B,0,0,0.0,0.0
ERLEC1,1,19,0.0089,0.037
ERLIN1,0,13,0.0,0.0253
ERLIN2,0,18,0.0,0.035
ERMAP,0,0,0.0,0.0
ERMARD,0,0,0.0,0.0
ERMN,0,0,0.0,0.0
ERMP1,0,0,0.0,0.0
ERN1,11,8,0.0982,0.0156
ERN1.00,0,0,0.0,0.0
ERN2,0,0,0.0,0.0
ERO1A,3,4,0.0268,0.0078
ERO1B,1,3,0.0089,0.0058
ERO1L,0,0,0.0,0.0
ERO1LB,0,0,0.0,0.0
ERP27,0,0,0.0,0.0
ERP29,1,0,0.0089,0.0
ERP44,0,3,0.0,0.0058
ERRFI1,0,0,0.0,0.0
ERV3-1,0,0,0.0,0.0
ERVFRD-1,0,0,0.0,0.0
ERVH48-1,0,0,0.0,0.0
ERVMER34-1,0,0,0.0,0.0
ERVV-1,0,0,0.0,0.0
ERVV-2,0,0,0.0,0.0
ERVW-1,0,0,0.0,0.0
ESAM,2,2,0.0179,0.0039
ESCO1,0,4,0.0,0.0078
ESCO2,0,4,0.0,0.0078
ESD,0,4,0.0,0.0078
ESF1,0,0,0.0,0.0
ESM1,0,0,0.0,0.0
ESPL1,3,6,0.0268,0.0117
ESPN,0,4,0.0,0.0078
ESPNL,0,4,0.0,0.0078
ESR1,7,48,0.0625,0.0934
ESR2,5,16,0.0446,0.0311
ESRP1,0,9,0.0,0.0175
ESRP2,0,5,0.0,0.0097
ESRRA,0,21,0.0,0.0409
ESRRB,1,4,0.0089,0.0078
ESRRG,0,4,0.0,0.0078
ESS2,0,0,0.0,0.0
ESX1,1,0,0.0089,0.0
ESYT1,0,12,0.0,0.0233
ESYT2,0,2,0.0,0.0039
ESYT3,0,2,0.0,0.0039
ETAA1,0,0,0.0,0.0
ETF1,1,18,0.0089,0.035
ETFA,0,3,0.0,0.0058
ETFB,0,6,0.0,0.0117
ETFBKMT,0,3,0.0,0.0058
ETFDH,0,3,0.0,0.0058
ETFRF1,0,0,0.0,0.0
ETHE1,1,5,0.0089,0.0097
ETNK1,1,5,0.0089,0.0097
ETNK2,1,5,0.0089,0.0097
ETNPPL,1,5,0.0089,0.0097
ETS1,5,7,0.0446,0.0136
ETS2,2,4,0.0179,0.0078
ETV1,1,0,0.0089,0.0
ETV2,0,0,0.0,0.0
ETV3,0,0,0.0,0.0
ETV3L,0,0,0.0,0.0
ETV4,1,3,0.0089,0.0058
ETV5,2,0,0.0179,0.0
ETV6,1,10,0.0089,0.0195
ETV7,1,0,0.0089,0.0
EVA1A,0,4,0.0,0.0078
EVA1B,0,0,0.0,0.0
EVA1C,0,0,0.0,0.0
EVC,1,8,0.0089,0.0156
EVC2,1,8,0.0089,0.0156
EVI2A,0,0,0.0,0.0
EVI2B,0,0,0.0,0.0
EVI5,0,0,0.0,0.0
EVI5L,0,0,0.0,0.0
EVL,1,17,0.0089,0.0331
EVPL,0,3,0.0,0.0058
EVPLL,0,0,0.0,0.0
EVX1,0,0,0.0,0.0
EVX2,0,0,0.0,0.0
EWSR1,1,0,0.0089,0.0
EXD1,0,0,0.0,0.0
EXD2,0,0,0.0,0.0
EXD3,0,0,0.0,0.0
EXO1,1,37,0.0089,0.072
EXO5,0,0,0.0,0.0
EXOC1,0,17,0.0,0.0331
EXOC2,2,11,0.0179,0.0214
EXOC3,0,11,0.0,0.0214
EXOC3-AS1,0,0,0.0,0.0
EXOC3L1,0,0,0.0,0.0
EXOC3L2,0,0,0.0,0.0
EXOC3L4,0,0,0.0,0.0
EXOC4,1,11,0.0089,0.0214
EXOC5,1,11,0.0089,0.0214
EXOC6,0,11,0.0,0.0214
EXOC6B,0,0,0.0,0.0
EXOC7,2,11,0.0179,0.0214
EXOC8,0,11,0.0,0.0214
EXOG,0,2,0.0,0.0039
EXOSC1,1,0,0.0089,0.0
EXOSC10,1,5,0.0089,0.0097
EXOSC5,1,0,0.0089,0.0
EXOSC9,1,0,0.0089,0.0
EXPH5,0,0,0.0,0.0
EXT1,1,11,0.0089,0.0214
EXT2,1,11,0.0089,0.0214
EXTL1,1,5,0.0089,0.0097
EXTL2,1,10,0.0089,0.0195
EXTL3,1,10,0.0089,0.0195
EYA1,1,7,0.0089,0.0136
EYA2,0,4,0.0,0.0078
EYA3,0,4,0.0,0.0078
EYA4,0,4,0.0,0.0078
EYS,0,0,0.0,0.0
EZH1,1,3,0.0089,0.0058
EZH2,2,48,0.0179,0.0934
EZHIP,0,3,0.0,0.0058
EZR,7,15,0.0625,0.0292
F10,1,20,0.0089,0.0389
F11,1,10,0.0089,0.0195
F11R,4,16,0.0357,0.0311
F12,1,14,0.0089,0.0272
F13A1,2,10,0.0179,0.0195
F13B,2,3,0.0179,0.0058
F2,8,41,0.0714,0.0798
F2R,11,12,0.0982,0.0233
F2RL1,3,7,0.0268,0.0136
F2RL2,2,13,0.0179,0.0253
F2RL3,5,13,0.0446,0.0253
F3,2,10,0.0179,0.0195
F5,1,25,0.0089,0.0486
F7,1,13,0.0089,0.0253
F8,1,32,0.0089,0.0623
F8A1,0,0,0.0,0.0
F8A2,0,0,0.0,0.0
F8A3,0,0,0.0,0.0
F9,1,28,0.0089,0.0545
FA2H,0,4,0.0,0.0078
FAAH,1,4,0.0089,0.0078
FAAH2,0,4,0.0,0.0078
FAAP100,1,7,0.0089,0.0136
FAAP20,0,7,0.0,0.0136
FAAP24,1,7,0.0089,0.0136
FABP1,2,12,0.0179,0.0233
FABP12,0,4,0.0,0.0078
FABP2,2,4,0.0179,0.0078
FABP3,1,4,0.0089,0.0078
FABP4,2,20,0.0179,0.0389
FABP5,1,14,0.0089,0.0272
FABP6,1,11,0.0089,0.0214
FABP7,1,8,0.0089,0.0156
FABP9,0,4,0.0,0.0078
FADD,25,31,0.2232,0.0603
FADS1,1,8,0.0089,0.0156
FADS2,3,11,0.0268,0.0214
FADS3,0,0,0.0,0.0
FADS6,0,0,0.0,0.0
FAF1,1,0,0.0089,0.0
FAF2,0,8,0.0,0.0156
FAH,1,4,0.0089,0.0078
FAHD1,1,3,0.0089,0.0058
FAHD2A,0,0,0.0,0.0
FAHD2B,0,0,0.0,0.0
FAIM,0,0,0.0,0.0
FAIM2,0,0,0.0,0.0
FAIM3,0,0,0.0,0.0
FAM101A,0,0,0.0,0.0
FAM101B,0,0,0.0,0.0
FAM102A,0,0,0.0,0.0
FAM102B,0,0,0.0,0.0
FAM103A1,0,0,0.0,0.0
FAM104A,0,0,0.0,0.0
FAM104B,0,0,0.0,0.0
FAM105A,0,0,0.0,0.0
FAM107A,0,0,0.0,0.0
FAM107B,0,0,0.0,0.0
FAM109A,0,0,0.0,0.0
FAM109B,0,0,0.0,0.0
FAM110A,0,0,0.0,0.0
FAM110B,0,0,0.0,0.0
FAM110C,0,0,0.0,0.0
FAM110D,0,0,0.0,0.0
FAM111A,0,0,0.0,0.0
FAM111B,0,0,0.0,0.0
FAM114A1,0,0,0.0,0.0
FAM114A2,0,4,0.0,0.0078
FAM117A,0,0,0.0,0.0
FAM117B,0,0,0.0,0.0
FAM118A,0,0,0.0,0.0
FAM118B,0,0,0.0,0.0
FAM120A,0,0,0.0,0.0
FAM120AOS,0,0,0.0,0.0
FAM120B,0,10,0.0,0.0195
FAM120C,0,0,0.0,0.0
FAM122A,0,0,0.0,0.0
FAM122B,0,0,0.0,0.0
FAM122C,0,0,0.0,0.0
FAM124A,0,0,0.0,0.0
FAM124B,0,4,0.0,0.0078
FAM126A,0,0,0.0,0.0
FAM126B,0,0,0.0,0.0
FAM127A,0,0,0.0,0.0
FAM127B,0,0,0.0,0.0
FAM127C,0,0,0.0,0.0
FAM129A,0,0,0.0,0.0
FAM129B,0,0,0.0,0.0
FAM129C,0,0,0.0,0.0
FAM131A,0,0,0.0,0.0
FAM131B,0,4,0.0,0.0078
FAM131C,0,0,0.0,0.0
FAM132A,0,0,0.0,0.0
FAM132B,0,0,0.0,0.0
FAM133A,0,0,0.0,0.0
FAM133B,0,0,0.0,0.0
FAM134A,0,0,0.0,0.0
FAM134B,0,0,0.0,0.0
FAM134C,0,0,0.0,0.0
FAM135A,0,5,0.0,0.0097
FAM135B,0,0,0.0,0.0
FAM136A,0,0,0.0,0.0
FAM13A,0,6,0.0,0.0117
FAM13B,0,6,0.0,0.0117
FAM13C,0,0,0.0,0.0
FAM149A,0,0,0.0,0.0
FAM149B1,0,0,0.0,0.0
FAM150A,0,0,0.0,0.0
FAM150B,0,0,0.0,0.0
FAM151A,0,0,0.0,0.0
FAM151B,0,0,0.0,0.0
FAM153A,0,0,0.0,0.0
FAM153B,0,0,0.0,0.0
FAM155A,0,0,0.0,0.0
FAM155B,0,0,0.0,0.0
FAM156A,0,0,0.0,0.0
FAM156B,0,0,0.0,0.0
FAM157A,0,0,0.0,0.0
FAM157B,0,0,0.0,0.0
FAM159A,0,0,0.0,0.0
FAM159B,0,0,0.0,0.0
FAM160A1,0,0,0.0,0.0
FAM160A2,0,0,0.0,0.0
FAM160B1,0,0,0.0,0.0
FAM160B2,0,0,0.0,0.0
FAM161A,0,0,0.0,0.0
FAM161B,0,0,0.0,0.0
FAM162A,0,0,0.0,0.0
FAM162B,0,0,0.0,0.0
FAM163A,0,0,0.0,0.0
FAM163B,0,0,0.0,0.0
FAM166A,0,0,0.0,0.0
FAM166B,0,0,0.0,0.0
FAM167A,0,0,0.0,0.0
FAM167B,0,0,0.0,0.0
FAM168A,0,0,0.0,0.0
FAM168B,0,0,0.0,0.0
FAM169A,0,5,0.0,0.0097
FAM169B,0,0,0.0,0.0
FAM170A,0,0,0.0,0.0
FAM170B,0,0,0.0,0.0
FAM171A1,0,0,0.0,0.0
FAM171A2,0,0,0.0,0.0
FAM171B,0,0,0.0,0.0
FAM172A,0,0,0.0,0.0
FAM173A,0,0,0.0,0.0
FAM173B,0,0,0.0,0.0
FAM174A,0,0,0.0,0.0
FAM174B,0,0,0.0,0.0
FAM174C,0,0,0.0,0.0
FAM175A,0,0,0.0,0.0
FAM175B,0,0,0.0,0.0
FAM177A1,0,0,0.0,0.0
FAM177B,0,0,0.0,0.0
FAM178A,0,0,0.0,0.0
FAM178B,0,0,0.0,0.0
FAM179A,0,0,0.0,0.0
FAM179B,0,0,0.0,0.0
FAM180A,0,0,0.0,0.0
FAM180B,0,0,0.0,0.0
FAM181A,0,0,0.0,0.0
FAM181B,0,0,0.0,0.0
FAM183A,0,0,0.0,0.0
FAM184A,0,0,0.0,0.0
FAM184B,0,0,0.0,0.0
FAM185A,0,0,0.0,0.0
FAM186A,0,0,0.0,0.0
FAM186B,0,0,0.0,0.0
FAM187A,0,0,0.0,0.0
FAM187B,0,0,0.0,0.0
FAM188A,0,0,0.0,0.0
FAM188B,0,0,0.0,0.0
FAM189A1,0,0,0.0,0.0
FAM189A2,0,0,0.0,0.0
FAM189B,0,0,0.0,0.0
FAM192A,0,0,0.0,0.0
FAM193A,0,0,0.0,0.0
FAM193B,0,0,0.0,0.0
FAM195A,0,0,0.0,0.0
FAM195B,0,0,0.0,0.0
FAM196A,0,0,0.0,0.0
FAM196B,0,0,0.0,0.0
FAM198A,0,0,0.0,0.0
FAM198B,0,0,0.0,0.0
FAM199X,0,0,0.0,0.0
FAM19A1,0,0,0.0,0.0
FAM19A2,0,0,0.0,0.0
FAM19A3,0,0,0.0,0.0
FAM19A4,0,0,0.0,0.0
FAM19A5,0,0,0.0,0.0
FAM200A,0,0,0.0,0.0
FAM200B,0,0,0.0,0.0
FAM200C,0,0,0.0,0.0
FAM204A,0,0,0.0,0.0
FAM205A,0,0,0.0,0.0
FAM205C,0,0,0.0,0.0
FAM206A,0,0,0.0,0.0
FAM207A,0,0,0.0,0.0
FAM208A,0,0,0.0,0.0
FAM208B,0,0,0.0,0.0
FAM209A,0,0,0.0,0.0
FAM209B,0,0,0.0,0.0
FAM20A,0,4,0.0,0.0078
FAM20B,0,4,0.0,0.0078
FAM20C,0,4,0.0,0.0078
FAM210A,0,0,0.0,0.0
FAM210B,0,0,0.0,0.0
FAM212A,0,0,0.0,0.0
FAM212B,0,0,0.0,0.0
FAM213A,0,0,0.0,0.0
FAM213B,0,0,0.0,0.0
FAM214A,0,0,0.0,0.0
FAM214B,0,0,0.0,0.0
FAM215A,0,0,0.0,0.0
FAM216A,0,0,0.0,0.0
FAM216B,0,0,0.0,0.0
FAM217A,0,0,0.0,0.0
FAM217B,0,0,0.0,0.0
FAM218A,0,0,0.0,0.0
FAM219A,0,0,0.0,0.0
FAM219B,0,0,0.0,0.0
FAM21A,0,0,0.0,0.0
FAM21C,0,0,0.0,0.0
FAM220A,0,0,0.0,0.0
FAM221A,0,0,0.0,0.0
FAM221B,0,0,0.0,0.0
FAM222A,0,0,0.0,0.0
FAM222B,0,0,0.0,0.0
FAM227A,0,0,0.0,0.0
FAM227B,0,0,0.0,0.0
FAM228A,0,0,0.0,0.0
FAM228B,0,0,0.0,0.0
FAM229A,0,0,0.0,0.0
FAM229B,0,0,0.0,0.0
FAM231A,0,0,0.0,0.0
FAM231C,0,0,0.0,0.0
FAM234A,0,0,0.0,0.0
FAM234B,0,0,0.0,0.0
FAM237A,0,0,0.0,0.0
FAM240A,0,0,0.0,0.0
FAM241A,0,0,0.0,0.0
FAM241B,0,0,0.0,0.0
FAM24A,0,0,0.0,0.0
FAM24B,0,0,0.0,0.0
FAM25A,0,0,0.0,0.0
FAM25BP,0,0,0.0,0.0
FAM25C,0,0,0.0,0.0
FAM25G,0,0,0.0,0.0
FAM26D,0,0,0.0,0.0
FAM26E,0,0,0.0,0.0
FAM26F,0,0,0.0,0.0
FAM32A,0,4,0.0,0.0078
FAM35A,0,0,0.0,0.0
FAM3A,0,0,0.0,0.0
FAM3B,0,0,0.0,0.0
FAM3C,0,4,0.0,0.0078
FAM3D,0,0,0.0,0.0
FAM43A,0,0,0.0,0.0
FAM43B,0,0,0.0,0.0
FAM45A,0,0,0.0,0.0
FAM46A,0,0,0.0,0.0
FAM46B,0,0,0.0,0.0
FAM46C,0,0,0.0,0.0
FAM46D,0,0,0.0,0.0
FAM47A,0,0,0.0,0.0
FAM47B,0,0,0.0,0.0
FAM47C,0,0,0.0,0.0
FAM47E,0,0,0.0,0.0
FAM47E-STBD1,0,0,0.0,0.0
FAM49A,0,0,0.0,0.0
FAM49B,0,0,0.0,0.0
FAM50A,0,4,0.0,0.0078
FAM50B,0,0,0.0,0.0
FAM53A,0,0,0.0,0.0
FAM53B,0,0,0.0,0.0
FAM53C,0,0,0.0,0.0
FAM57A,0,0,0.0,0.0
FAM57B,0,0,0.0,0.0
FAM58A,0,0,0.0,0.0
FAM60A,0,0,0.0,0.0
FAM63A,0,0,0.0,0.0
FAM63B,0,0,0.0,0.0
FAM64A,0,0,0.0,0.0
FAM65A,0,0,0.0,0.0
FAM65B,0,0,0.0,0.0
FAM65C,0,0,0.0,0.0
FAM69A,0,0,0.0,0.0
FAM69B,0,0,0.0,0.0
FAM69C,0,0,0.0,0.0
FAM71A,0,0,0.0,0.0
FAM71B,0,0,0.0,0.0
FAM71C,0,0,0.0,0.0
FAM71D,0,0,0.0,0.0
FAM71E1,0,0,0.0,0.0
FAM71E2,0,0,0.0,0.0
FAM71F1,0,0,0.0,0.0
FAM71F2,0,0,0.0,0.0
FAM72A,0,0,0.0,0.0
FAM72B,0,0,0.0,0.0
FAM72C,0,0,0.0,0.0
FAM72D,0,0,0.0,0.0
FAM73A,0,0,0.0,0.0
FAM73B,0,0,0.0,0.0
FAM76A,0,0,0.0,0.0
FAM76B,0,0,0.0,0.0
FAM78A,0,0,0.0,0.0
FAM78B,0,0,0.0,0.0
FAM81A,0,0,0.0,0.0
FAM81B,0,0,0.0,0.0
FAM83A,0,0,0.0,0.0
FAM83B,0,0,0.0,0.0
FAM83C,0,0,0.0,0.0
FAM83D,0,0,0.0,0.0
FAM83E,0,0,0.0,0.0
FAM83F,0,0,0.0,0.0
FAM83G,0,0,0.0,0.0
FAM83H,0,0,0.0,0.0
FAM84A,0,0,0.0,0.0
FAM84B,0,0,0.0,0.0
FAM86B1,0,0,0.0,0.0
FAM86B2,0,0,0.0,0.0
FAM86C1,0,0,0.0,0.0
FAM89A,0,0,0.0,0.0
FAM89B,0,0,0.0,0.0
FAM8A1,0,0,0.0,0.0
FAM90A1,0,0,0.0,0.0
FAM91A1,0,5,0.0,0.0097
FAM92A,0,0,0.0,0.0
FAM92A1,0,0,0.0,0.0
FAM92B,0,0,0.0,0.0
FAM96A,0,0,0.0,0.0
FAM96B,0,0,0.0,0.0
FAM98A,0,0,0.0,0.0
FAM98B,0,3,0.0,0.0058
FAM98C,0,0,0.0,0.0
FAM9A,0,0,0.0,0.0
FAM9B,0,0,0.0,0.0
FAM9C,0,0,0.0,0.0
FAN1,1,2,0.0089,0.0039
FANCA,1,7,0.0089,0.0136
FANCB,1,7,0.0089,0.0136
FANCC,1,12,0.0089,0.0233
FANCD2,1,7,0.0089,0.0136
FANCD2OS,0,0,0.0,0.0
FANCE,1,7,0.0089,0.0136
FANCF,1,7,0.0089,0.0136
FANCG,1,7,0.0089,0.0136
FANCI,1,7,0.0089,0.0136
FANCL,2,7,0.0179,0.0136
FANCM,1,7,0.0089,0.0136
FANK1,0,0,0.0,0.0
FAP,0,0,0.0,0.0
FAR1,1,4,0.0089,0.0078
FAR2,1,4,0.0089,0.0078
FARP1,0,8,0.0,0.0156
FARP2,2,21,0.0179,0.0409
FAS,30,19,0.2679,0.037
FASLG,29,29,0.2589,0.0564
FASN,3,26,0.0268,0.0506
FASTK,0,3,0.0,0.0058
FASTKD1,0,0,0.0,0.0
FASTKD2,0,7,0.0,0.0136
FASTKD3,0,0,0.0,0.0
FASTKD5,0,3,0.0,0.0058
FAT1,0,0,0.0,0.0
FAT2,0,0,0.0,0.0
FAT3,0,0,0.0,0.0
FAT4,1,0,0.0089,0.0
FATE1,0,0,0.0,0.0
FAXC,0,0,0.0,0.0
FAXDC2,0,0,0.0,0.0
FBF1,0,4,0.0,0.0078
FBH1,0,0,0.0,0.0
FBL,1,8,0.0089,0.0156
FBLIM1,0,3,0.0,0.0058
FBLN1,0,6,0.0,0.0117
FBLN2,0,6,0.0,0.0117
FBLN5,0,6,0.0,0.0117
FBLN7,0,0,0.0,0.0
FBN1,1,17,0.0089,0.0331
FBN2,0,7,0.0,0.0136
FBN3,0,7,0.0,0.0136
FBP1,6,10,0.0536,0.0195
FBP2,6,4,0.0536,0.0078
FBRS,0,0,0.0,0.0
FBRSL1,0,0,0.0,0.0
FBXL12,0,7,0.0,0.0136
FBXL13,0,7,0.0,0.0136
FBXL14,0,7,0.0,0.0136
FBXL15,0,7,0.0,0.0136
FBXL16,0,7,0.0,0.0136
FBXL17,0,5,0.0,0.0097
FBXL18,0,12,0.0,0.0233
FBXL19,0,7,0.0,0.0136
FBXL2,0,0,0.0,0.0
FBXL20,0,7,0.0,0.0136
FBXL21,0,0,0.0,0.0
FBXL22,0,7,0.0,0.0136
FBXL3,1,13,0.0089,0.0253
FBXL4,0,7,0.0,0.0136
FBXL5,0,13,0.0,0.0253
FBXL6,0,0,0.0,0.0
FBXL7,0,12,0.0,0.0233
FBXL8,0,7,0.0,0.0136
FBXO10,0,7,0.0,0.0136
FBXO11,0,7,0.0,0.0136
FBXO15,0,7,0.0,0.0136
FBXO16,0,0,0.0,0.0
FBXO17,0,7,0.0,0.0136
FBXO18,0,0,0.0,0.0
FBXO2,2,7,0.0179,0.0136
FBXO21,0,7,0.0,0.0136
FBXO22,1,7,0.0089,0.0136
FBXO24,0,0,0.0,0.0
FBXO25,1,0,0.0089,0.0
FBXO27,0,7,0.0,0.0136
FBXO28,0,0,0.0,0.0
FBXO3,0,0,0.0,0.0
FBXO30,0,7,0.0,0.0136
FBXO31,0,7,0.0,0.0136
FBXO32,1,12,0.0089,0.0233
FBXO33,0,0,0.0,0.0
FBXO34,0,0,0.0,0.0
FBXO36,0,0,0.0,0.0
FBXO38,0,0,0.0,0.0
FBXO39,0,0,0.0,0.0
FBXO4,1,11,0.0089,0.0214
FBXO40,0,7,0.0,0.0136
FBXO41,0,7,0.0,0.0136
FBXO42,0,0,0.0,0.0
FBXO43,1,0,0.0089,0.0
FBXO44,0,7,0.0,0.0136
FBXO45,0,0,0.0,0.0
FBXO46,0,0,0.0,0.0
FBXO47,0,0,0.0,0.0
FBXO48,0,0,0.0,0.0
FBXO5,1,13,0.0089,0.0253
FBXO6,1,11,0.0089,0.0214
FBXO7,0,7,0.0,0.0136
FBXO8,0,0,0.0,0.0
FBXO9,0,7,0.0,0.0136
FBXW10,0,11,0.0,0.0214
FBXW10B,0,0,0.0,0.0
FBXW11,9,54,0.0804,0.1051
FBXW12,0,7,0.0,0.0136
FBXW2,0,11,0.0,0.0214
FBXW4,0,11,0.0,0.0214
FBXW5,0,11,0.0,0.0214
FBXW7,1,26,0.0089,0.0506
FBXW8,1,7,0.0089,0.0136
FBXW9,0,11,0.0,0.0214
FCAMR,0,2,0.0,0.0039
FCAR,2,3,0.0179,0.0058
FCER1A,4,12,0.0357,0.0233
FCER1G,8,22,0.0714,0.0428
FCER2,2,9,0.0179,0.0175
FCF1,1,8,0.0089,0.0156
FCGBP,0,0,0.0,0.0
FCGR1A,11,29,0.0982,0.0564
FCGR1B,0,0,0.0,0.0
FCGR2A,12,18,0.1071,0.035
FCGR2B,7,3,0.0625,0.0058
FCGR2C,0,0,0.0,0.0
FCGR3A,9,22,0.0804,0.0428
FCGR3B,9,6,0.0804,0.0117
FCGRT,0,0,0.0,0.0
FCHO1,0,4,0.0,0.0078
FCHO2,0,4,0.0,0.0078
FCHSD1,0,0,0.0,0.0
FCHSD2,0,0,0.0,0.0
FCMR,0,0,0.0,0.0
FCN1,0,8,0.0,0.0156
FCN2,0,7,0.0,0.0136
FCN3,0,7,0.0,0.0136
FCRL1,0,0,0.0,0.0
FCRL2,0,0,0.0,0.0
FCRL3,0,0,0.0,0.0
FCRL4,0,0,0.0,0.0
FCRL5,0,0,0.0,0.0
FCRL6,0,0,0.0,0.0
FCRLA,0,0,0.0,0.0
FCRLB,0,0,0.0,0.0
FCSK,2,6,0.0179,0.0117
FDCSP,0,0,0.0,0.0
FDFT1,1,9,0.0089,0.0175
FDPS,3,7,0.0268,0.0136
FDX1,0,18,0.0,0.035
FDX1L,0,0,0.0,0.0
FDX2,0,15,0.0,0.0292
FDXACB1,0,0,0.0,0.0
FDXR,0,15,0.0,0.0292
FECH,1,5,0.0089,0.0097
FEM1A,0,3,0.0,0.0058
FEM1B,0,3,0.0,0.0058
FEM1C,0,3,0.0,0.0058
FEN1,3,30,0.0268,0.0584
FER,1,3,0.0089,0.0058
FER1L5,0,0,0.0,0.0
FER1L6,0,0,0.0,0.0
FERD3L,0,0,0.0,0.0
FERMT1,0,0,0.0,0.0
FERMT2,0,9,0.0,0.0175
FERMT3,1,4,0.0089,0.0078
FERRY3,0,0,0.0,0.0
FES,1,14,0.0089,0.0272
FETUB,0,0,0.0,0.0
FEV,1,0,0.0089,0.0
FEZ1,0,0,0.0,0.0
FEZ2,0,0,0.0,0.0
FEZF1,0,0,0.0,0.0
FEZF2,0,0,0.0,0.0
FFAR1,1,17,0.0089,0.0331
FFAR2,1,7,0.0089,0.0136
FFAR3,0,7,0.0,0.0136
FFAR4,0,13,0.0,0.0253
FGA,4,52,0.0357,0.1012
FGB,4,47,0.0357,0.0914
FGD1,1,12,0.0089,0.0233
FGD2,0,12,0.0,0.0233
FGD3,1,12,0.0089,0.0233
FGD4,0,12,0.0,0.0233
FGD5,0,5,0.0,0.0097
FGD6,0,0,0.0,0.0
FGF1,11,75,0.0982,0.1459
FGF10,10,54,0.0893,0.1051
FGF11,0,3,0.0,0.0058
FGF12,0,3,0.0,0.0058
FGF13,0,3,0.0,0.0058
FGF14,1,3,0.0089,0.0058
FGF16,10,54,0.0893,0.1051
FGF17,10,68,0.0893,0.1323
FGF18,10,57,0.0893,0.1109
FGF19,10,30,0.0893,0.0584
FGF2,13,96,0.1161,0.1868
FGF20,10,67,0.0893,0.1304
FGF21,11,7,0.0982,0.0136
FGF22,10,44,0.0893,0.0856
FGF23,11,72,0.0982,0.1401
FGF3,10,44,0.0893,0.0856
FGF4,10,74,0.0893,0.144
FGF5,10,59,0.0893,0.1148
FGF6,10,54,0.0893,0.1051
FGF7,10,38,0.0893,0.0739
FGF8,10,71,0.0893,0.1381
FGF9,10,69,0.0893,0.1342
FGFBP1,0,6,0.0,0.0117
FGFBP2,0,6,0.0,0.0117
FGFBP3,0,6,0.0,0.0117
FGFR1,16,50,0.1429,0.0973
FGFR1OP,0,0,0.0,0.0
FGFR1OP2,0,6,0.0,0.0117
FGFR2,12,43,0.1071,0.0837
FGFR3,12,37,0.1071,0.072
FGFR4,9,33,0.0804,0.0642
FGFRL1,0,5,0.0,0.0097
FGG,5,51,0.0446,0.0992
FGGY,0,0,0.0,0.0
FGL1,0,0,0.0,0.0
FGL2,0,3,0.0,0.0058
FGR,1,18,0.0089,0.035
FH,5,5,0.0446,0.0097
FHAD1,0,0,0.0,0.0
FHDC1,0,0,0.0,0.0
FHIP1A,0,0,0.0,0.0
FHIP1B,0,0,0.0,0.0
FHIP2A,0,0,0.0,0.0
FHIP2B,0,0,0.0,0.0
FHIT,3,0,0.0268,0.0
FHL1,1,0,0.0089,0.0
FHL2,1,4,0.0089,0.0078
FHL3,0,0,0.0,0.0
FHL5,0,0,0.0,0.0
FHOD1,1,0,0.0089,0.0
FHOD3,0,0,0.0,0.0
FIBCD1,0,0,0.0,0.0
FIBIN,0,0,0.0,0.0
FIBP,0,0,0.0,0.0
FICD,0,0,0.0,0.0
FIG4,3,14,0.0268,0.0272
FIGF,0,0,0.0,0.0
FIGLA,0,0,0.0,0.0
FIGN,0,0,0.0,0.0
FIGNL1,0,11,0.0,0.0214
FIGNL2,0,0,0.0,0.0
FILIP1,0,5,0.0,0.0097
FILIP1L,0,0,0.0,0.0
FIP1L1,1,20,0.0089,0.0389
FIRRM,0,15,0.0,0.0292
FIS1,1,2,0.0089,0.0039
FITM1,0,3,0.0,0.0058
FITM2,0,3,0.0,0.0058
FIZ1,0,0,0.0,0.0
FJX1,0,0,0.0,0.0
FKBP10,0,0,0.0,0.0
FKBP11,0,0,0.0,0.0
FKBP14,0,5,0.0,0.0097
FKBP15,0,0,0.0,0.0
FKBP1A,0,32,0.0,0.0623
FKBP1B,0,6,0.0,0.0117
FKBP2,0,0,0.0,0.0
FKBP3,0,0,0.0,0.0
FKBP4,1,15,0.0089,0.0292
FKBP5,1,15,0.0089,0.0292
FKBP6,0,7,0.0,0.0136
FKBP7,0,0,0.0,0.0
FKBP8,0,4,0.0,0.0078
FKBP9,0,4,0.0,0.0078
FKBPL,0,5,0.0,0.0097
FKRP,1,5,0.0089,0.0097
FKTN,1,5,0.0089,0.0097
FLACC1,0,0,0.0,0.0
FLAD1,1,4,0.0089,0.0078
FLCN,2,4,0.0179,0.0078
FLG,0,6,0.0,0.0117
FLG2,0,3,0.0,0.0058
FLI1,1,2,0.0089,0.0039
FLII,0,0,0.0,0.0
FLJ44635,0,0,0.0,0.0
FLJ45513,0,0,0.0,0.0
FLNA,4,18,0.0357,0.035
FLNB,4,5,0.0357,0.0097
FLNC,4,3,0.0357,0.0058
FLOT1,1,14,0.0089,0.0272
FLOT2,1,16,0.0089,0.0311
FLRT1,0,5,0.0,0.0097
FLRT2,0,5,0.0,0.0097
FLRT3,0,9,0.0,0.0175
FLT1,9,6,0.0804,0.0117
FLT3,8,54,0.0714,0.1051
FLT3LG,5,32,0.0446,0.0623
FLT4,8,13,0.0714,0.0253
FLVCR1,0,5,0.0,0.0097
FLVCR2,0,0,0.0,0.0
FLYWCH1,0,0,0.0,0.0
FLYWCH2,0,0,0.0,0.0
FMC1,0,0,0.0,0.0
FMN1,0,0,0.0,0.0
FMN2,0,0,0.0,0.0
FMNL1,0,13,0.0,0.0253
FMNL2,0,8,0.0,0.0156
FMNL3,0,10,0.0,0.0195
FMO1,1,7,0.0089,0.0136
FMO2,1,4,0.0089,0.0078
FMO3,1,8,0.0089,0.0156
FMO4,1,0,0.0089,0.0
FMO5,1,0,0.0089,0.0
FMOD,1,15,0.0089,0.0292
FMR1,1,0,0.0089,0.0
FMR1NB,0,0,0.0,0.0
FN1,12,71,0.1071,0.1381
FN3K,0,3,0.0,0.0058
FN3KRP,0,3,0.0,0.0058
FNBP1,1,11,0.0089,0.0214
FNBP1L,1,9,0.0089,0.0175
FNBP4,0,0,0.0,0.0
FNDC1,0,0,0.0,0.0
FNDC10,0,0,0.0,0.0
FNDC11,0,0,0.0,0.0
FNDC3A,0,0,0.0,0.0
FNDC3B,0,0,0.0,0.0
FNDC4,0,0,0.0,0.0
FNDC5,0,0,0.0,0.0
FNDC7,0,0,0.0,0.0
FNDC8,0,0,0.0,0.0
FNDC9,0,0,0.0,0.0
FNIP1,1,4,0.0089,0.0078
FNIP2,1,4,0.0089,0.0078
FOCAD,0,0,0.0,0.0
FOLH1,2,3,0.0179,0.0058
FOLH1B,0,0,0.0,0.0
FOLR1,1,10,0.0089,0.0195
FOLR2,1,7,0.0089,0.0136
FOLR3,1,3,0.0089,0.0058
FOPNL,0,0,0.0,0.0
FOS,42,67,0.375,0.1304
FOSB,5,21,0.0446,0.0409
FOSL1,4,12,0.0357,0.0233
FOSL2,1,0,0.0089,0.0
FOXA1,0,7,0.0,0.0136
FOXA2,2,21,0.0179,0.0409
FOXA3,1,3,0.0089,0.0058
FOXB1,0,0,0.0,0.0
FOXB2,0,0,0.0,0.0
FOXC1,0,5,0.0,0.0097
FOXC2,0,5,0.0,0.0097
FOXD1,0,0,0.0,0.0
FOXD2,0,0,0.0,0.0
FOXD3,0,8,0.0,0.0156
FOXD4,0,0,0.0,0.0
FOXD4L1,0,0,0.0,0.0
FOXD4L3,0,0,0.0,0.0
FOXD4L4,0,0,0.0,0.0
FOXD4L5,0,0,0.0,0.0
FOXD4L6,0,0,0.0,0.0
FOXE1,0,0,0.0,0.0
FOXE3,0,0,0.0,0.0
FOXF1,0,11,0.0,0.0214
FOXF2,0,0,0.0,0.0
FOXG1,1,10,0.0089,0.0195
FOXH1,0,8,0.0,0.0156
FOXI1,0,0,0.0,0.0
FOXI2,0,0,0.0,0.0
FOXI3,0,0,0.0,0.0
FOXJ1,0,0,0.0,0.0
FOXJ2,0,9,0.0,0.0175
FOXJ3,0,0,0.0,0.0
FOXK1,0,4,0.0,0.0078
FOXK2,0,4,0.0,0.0078
FOXL1,0,0,0.0,0.0
FOXL2,0,5,0.0,0.0097
FOXL2NB,0,0,0.0,0.0
FOXM1,1,11,0.0089,0.0214
FOXN1,0,0,0.0,0.0
FOXN2,0,0,0.0,0.0
FOXN3,0,0,0.0,0.0
FOXN4,0,0,0.0,0.0
FOXO1,15,38,0.1339,0.0739
FOXO3,13,51,0.1161,0.0992
FOXO3B,0,0,0.0,0.0
FOXO4,3,30,0.0268,0.0584
FOXO6,2,0,0.0179,0.0
FOXP1,1,2,0.0089,0.0039
FOXP2,0,9,0.0,0.0175
FOXP3,2,6,0.0179,0.0117
FOXP4,0,0,0.0,0.0
FOXQ1,0,9,0.0,0.0175
FOXR1,0,0,0.0,0.0
FOXR2,0,0,0.0,0.0
FOXRED1,0,4,0.0,0.0078
FOXRED2,0,0,0.0,0.0
FOXS1,0,0,0.0,0.0
FPGS,1,4,0.0089,0.0078
FPGT,2,6,0.0179,0.0117
FPGT-TNNI3K,0,0,0.0,0.0
FPR1,4,14,0.0357,0.0272
FPR2,3,12,0.0268,0.0233
FPR3,3,8,0.0268,0.0156
FRA10AC1,0,0,0.0,0.0
FRAS1,1,0,0.0089,0.0
FRAT1,7,6,0.0625,0.0117
FRAT2,7,6,0.0625,0.0117
FREM1,1,0,0.0089,0.0
FREM2,1,0,0.0089,0.0
FREM3,0,0,0.0,0.0
FREY1,0,0,0.0,0.0
FRG1,0,0,0.0,0.0
FRG2,0,0,0.0,0.0
FRG2B,0,0,0.0,0.0
FRG2C,0,0,0.0,0.0
FRK,0,8,0.0,0.0156
FRMD1,2,0,0.0179,0.0
FRMD3,0,0,0.0,0.0
FRMD4A,0,0,0.0,0.0
FRMD4B,0,0,0.0,0.0
FRMD5,0,0,0.0,0.0
FRMD6,2,0,0.0179,0.0
FRMD7,0,0,0.0,0.0
FRMD8,0,0,0.0,0.0
FRMPD1,0,0,0.0,0.0
FRMPD2,0,0,0.0,0.0
FRMPD3,0,3,0.0,0.0058
FRMPD4,0,0,0.0,0.0
FRRS1,0,0,0.0,0.0
FRRS1L,0,0,0.0,0.0
FRS2,3,74,0.0268,0.144
FRS3,0,32,0.0,0.0623
FRY,0,0,0.0,0.0
FRYL,0,0,0.0,0.0
FRZB,0,0,0.0,0.0
FSBP,0,0,0.0,0.0
FSCB,0,0,0.0,0.0
FSCN1,1,4,0.0089,0.0078
FSCN2,0,4,0.0,0.0078
FSCN3,0,0,0.0,0.0
FSD1,0,0,0.0,0.0
FSD1L,0,0,0.0,0.0
FSD2,0,0,0.0,0.0
FSHB,4,11,0.0357,0.0214
FSHR,3,7,0.0268,0.0136
FSIP1,0,0,0.0,0.0
FSIP2,0,0,0.0,0.0
FST,1,4,0.0089,0.0078
FSTL1,0,7,0.0,0.0136
FSTL3,0,8,0.0,0.0156
FSTL4,0,0,0.0,0.0
FSTL5,0,0,0.0,0.0
FTCD,2,3,0.0179,0.0058
FTH1,3,12,0.0268,0.0233
FTH1P18,0,0,0.0,0.0
FTHL17,0,0,0.0,0.0
FTL,3,12,0.0268,0.0233
FTMT,1,2,0.0089,0.0039
FTO,0,3,0.0,0.0058
FTSJ1,0,3,0.0,0.0058
FTSJ2,0,0,0.0,0.0
FUBP1,0,0,0.0,0.0
FUBP3,0,0,0.0,0.0
FUCA1,2,9,0.0179,0.0175
FUCA2,2,7,0.0179,0.0136
FUK,0,0,0.0,0.0
FUNDC1,1,5,0.0089,0.0097
FUNDC2,0,0,0.0,0.0
FUOM,0,6,0.0,0.0117
FURIN,0,83,0.0,0.1615
FUS,6,11,0.0536,0.0214
FUT1,2,8,0.0179,0.0156
FUT10,0,0,0.0,0.0
FUT11,0,0,0.0,0.0
FUT2,2,9,0.0179,0.0175
FUT3,1,10,0.0089,0.0195
FUT4,2,4,0.0179,0.0078
FUT5,1,4,0.0089,0.0078
FUT6,1,4,0.0089,0.0078
FUT7,1,4,0.0089,0.0078
FUT8,4,14,0.0357,0.0272
FUT9,3,4,0.0268,0.0078
FUZ,0,3,0.0,0.0058
FXN,1,11,0.0089,0.0214
FXR1,1,4,0.0089,0.0078
FXR2,1,0,0.0089,0.0
FXYD1,1,11,0.0089,0.0214
FXYD2,16,11,0.1429,0.0214
FXYD3,0,11,0.0,0.0214
FXYD4,1,11,0.0089,0.0214
FXYD5,0,0,0.0,0.0
FXYD6,0,11,0.0,0.0214
FXYD6-FXYD2,0,0,0.0,0.0
FXYD7,0,11,0.0,0.0214
FYB,0,0,0.0,0.0
FYB1,2,10,0.0179,0.0195
FYB2,0,0,0.0,0.0
FYCO1,1,0,0.0089,0.0
FYN,14,131,0.125,0.2549
FYTTD1,0,5,0.0,0.0097
FZD1,15,16,0.1339,0.0311
FZD10,15,4,0.1339,0.0078
FZD2,15,18,0.1339,0.035
FZD3,17,15,0.1518,0.0292
FZD4,15,24,0.1339,0.0467
FZD5,15,21,0.1339,0.0409
FZD6,15,19,0.1339,0.037
FZD7,15,24,0.1339,0.0467
FZD8,15,15,0.1339,0.0292
FZD9,15,4,0.1339,0.0078
FZR1,3,37,0.0268,0.072
G0S2,0,4,0.0,0.0078
G2E3,0,0,0.0,0.0
G3BP1,0,7,0.0,0.0136
G3BP2,0,7,0.0,0.0136
G6PC,0,0,0.0,0.0
G6PC1,11,20,0.0982,0.0389
G6PC2,11,4,0.0982,0.0078
G6PC3,11,9,0.0982,0.0175
G6PD,4,14,0.0357,0.0272
GAA,3,12,0.0268,0.0233
GAB1,9,64,0.0804,0.1245
GAB2,7,58,0.0625,0.1128
GAB3,0,3,0.0,0.0058
GAB4,0,0,0.0,0.0
GABARAP,11,6,0.0982,0.0117
GABARAPL1,11,2,0.0982,0.0039
GABARAPL2,11,6,0.0982,0.0117
GABARAPL3,0,0,0.0,0.0
GABBR1,7,17,0.0625,0.0331
GABBR2,7,17,0.0625,0.0331
GABPB1,0,3,0.0,0.0058
GABPB2,0,0,0.0,0.0
GABRA1,6,11,0.0536,0.0214
GABRA2,6,8,0.0536,0.0156
GABRA3,6,8,0.0536,0.0156
GABRA4,6,8,0.0536,0.0156
GABRA5,6,8,0.0536,0.0156
GABRA6,6,8,0.0536,0.0156
GABRB1,6,11,0.0536,0.0214
GABRB2,6,11,0.0536,0.0214
GABRB3,6,11,0.0536,0.0214
GABRD,5,0,0.0446,0.0
GABRE,5,0,0.0446,0.0
GABRG1,5,0,0.0446,0.0
GABRG2,5,11,0.0446,0.0214
GABRG3,5,11,0.0446,0.0214
GABRP,5,0,0.0446,0.0
GABRQ,5,11,0.0446,0.0214
GABRR1,5,4,0.0446,0.0078
GABRR2,5,4,0.0446,0.0078
GABRR3,5,4,0.0446,0.0078
GAD1,6,10,0.0536,0.0195
GAD2,6,10,0.0536,0.0195
GADD45A,23,11,0.2054,0.0214
GADD45B,23,0,0.2054,0.0
GADD45G,23,0,0.2054,0.0
GADD45GIP1,0,11,0.0,0.0214
GADL1,3,5,0.0268,0.0097
GAGE1,0,0,0.0,0.0
GAGE10,0,0,0.0,0.0
GAGE12C,0,0,0.0,0.0
GAGE12E,0,0,0.0,0.0
GAGE12G,0,0,0.0,0.0
GAGE12H,0,0,0.0,0.0
GAGE12I,0,0,0.0,0.0
GAGE12J,0,0,0.0,0.0
GAGE2A,0,0,0.0,0.0
GAGE2B,0,0,0.0,0.0
GAGE2D,0,0,0.0,0.0
GAGE2E,0,0,0.0,0.0
GAK,0,5,0.0,0.0097
GAL,1,7,0.0089,0.0136
GAL3ST1,2,5,0.0179,0.0097
GAL3ST2,0,0,0.0,0.0
GAL3ST3,0,0,0.0,0.0
GAL3ST4,0,0,0.0,0.0
GALC,2,5,0.0179,0.0097
GALE,2,8,0.0179,0.0156
GALK1,2,8,0.0179,0.0156
GALK2,0,0,0.0,0.0
GALM,2,8,0.0179,0.0156
GALNS,2,13,0.0179,0.0253
GALNT1,2,24,0.0179,0.0467
GALNT10,2,4,0.0179,0.0078
GALNT11,2,4,0.0179,0.0078
GALNT12,2,9,0.0179,0.0175
GALNT13,2,4,0.0179,0.0078
GALNT14,2,4,0.0179,0.0078
GALNT15,2,4,0.0179,0.0078
GALNT16,2,4,0.0179,0.0078
GALNT17,2,4,0.0179,0.0078
GALNT18,2,4,0.0179,0.0078
GALNT2,2,9,0.0179,0.0175
GALNT3,2,15,0.0179,0.0292
GALNT4,2,4,0.0179,0.0078
GALNT5,2,4,0.0179,0.0078
GALNT6,2,4,0.0179,0.0078
GALNT7,2,4,0.0179,0.0078
GALNT8,2,4,0.0179,0.0078
GALNT9,2,4,0.0179,0.0078
GALNTL5,2,4,0.0179,0.0078
GALNTL6,2,4,0.0179,0.0078
GALP,0,0,0.0,0.0
GALR1,1,7,0.0089,0.0136
GALR2,1,7,0.0089,0.0136
GALR3,1,7,0.0089,0.0136
GALT,3,8,0.0268,0.0156
GAMT,2,7,0.0179,0.0136
GAN,0,7,0.0,0.0136
GANAB,2,24,0.0179,0.0467
GANC,2,0,0.0179,0.0
GAP43,0,4,0.0,0.0078
GAPDHS,1,9,0.0089,0.0175
GAPT,0,0,0.0,0.0
GAPVD1,0,5,0.0,0.0097
GAR1,1,9,0.0089,0.0175
GAREM,0,0,0.0,0.0
GAREM1,0,0,0.0,0.0
GAREM2,0,0,0.0,0.0
GAREML,0,0,0.0,0.0
GARIN1A,0,0,0.0,0.0
GARIN1B,0,0,0.0,0.0
GARIN2,0,0,0.0,0.0
GARIN3,0,0,0.0,0.0
GARIN4,0,0,0.0,0.0
GARIN5A,0,0,0.0,0.0
GARIN5B,0,0,0.0,0.0
GARIN6,0,0,0.0,0.0
GARNL3,0,0,0.0,0.0
GARRE1,0,8,0.0,0.0156
GARS,0,0,0.0,0.0
GARS1,1,5,0.0089,0.0097
GAS1,1,5,0.0089,0.0097
GAS2,0,5,0.0,0.0097
GAS2L1,0,0,0.0,0.0
GAS2L2,0,0,0.0,0.0
GAS2L3,0,0,0.0,0.0
GAS6,0,23,0.0,0.0447
GAS7,0,0,0.0,0.0
GAS8,0,0,0.0,0.0
GASK1A,0,0,0.0,0.0
GASK1B,0,0,0.0,0.0
GAST,1,5,0.0089,0.0097
GATA1,0,8,0.0,0.0156
GATA2,0,9,0.0,0.0175
GATA3,4,29,0.0357,0.0564
GATA4,4,25,0.0357,0.0486
GATA5,0,2,0.0,0.0039
GATA6,0,14,0.0,0.0272
GATAD1,0,0,0.0,0.0
GATAD2A,0,45,0.0,0.0875
GATAD2B,0,45,0.0,0.0875
GATB,1,0,0.0089,0.0
GATC,1,0,0.0089,0.0
GATD1,0,0,0.0,0.0
GATD3,0,0,0.0,0.0
GATD3A,0,0,0.0,0.0
GATM,2,3,0.0179,0.0058
GATS,0,0,0.0,0.0
GATSL2,0,0,0.0,0.0
GATSL3,0,0,0.0,0.0
GBA,0,0,0.0,0.0
GBA1,3,9,0.0268,0.0175
GBA2,2,5,0.0179,0.0097
GBA3,1,5,0.0089,0.0097
GBAS,0,0,0.0,0.0
GBE1,1,9,0.0089,0.0175
GBF1,1,23,0.0089,0.0447
GBGT1,1,0,0.0089,0.0
GBP1,1,18,0.0089,0.035
GBP2,1,15,0.0089,0.0292
GBP3,1,14,0.0089,0.0272
GBP4,1,14,0.0089,0.0272
GBP5,1,6,0.0089,0.0117
GBP6,0,9,0.0,0.0175
GBP7,1,4,0.0089,0.0078
GBX1,0,0,0.0,0.0
GBX2,0,5,0.0,0.0097
GC,0,4,0.0,0.0078
GCA,0,3,0.0,0.0058
GCAT,1,0,0.0089,0.0
GCC1,0,4,0.0,0.0078
GCC2,1,8,0.0089,0.0156
GCDH,3,3,0.0268,0.0058
GCFC2,0,4,0.0,0.0078
GCG,5,26,0.0446,0.0506
GCGR,2,11,0.0179,0.0214
GCH1,1,4,0.0089,0.0078
GCHFR,0,4,0.0,0.0078
GCK,12,18,0.1071,0.035
GCKR,0,9,0.0,0.0175
GCLC,3,15,0.0268,0.0292
GCLM,3,15,0.0268,0.0292
GCM1,1,0,0.0089,0.0
GCM2,1,0,0.0089,0.0
GCN1,0,4,0.0,0.0078
GCN1L1,0,0,0.0,0.0
GCNA,0,0,0.0,0.0
GCNT1,1,4,0.0089,0.0078
GCNT2,1,0,0.0089,0.0
GCNT3,1,4,0.0089,0.0078
GCNT4,1,4,0.0089,0.0078
GCNT7,0,4,0.0,0.0078
GCOM1,0,0,0.0,0.0
GCSAM,0,0,0.0,0.0
GCSAML,0,0,0.0,0.0
GCSH,2,7,0.0179,0.0136
GDA,1,4,0.0089,0.0078
GDAP1,0,2,0.0,0.0039
GDAP1L1,0,0,0.0,0.0
GDAP2,0,0,0.0,0.0
GDE1,0,5,0.0,0.0097
GDF1,1,2,0.0089,0.0039
GDF10,1,0,0.0089,0.0
GDF11,1,0,0.0089,0.0
GDF15,1,0,0.0089,0.0
GDF2,1,3,0.0089,0.0058
GDF3,1,0,0.0089,0.0
GDF5,3,3,0.0268,0.0058
GDF6,3,0,0.0268,0.0
GDF7,4,0,0.0357,0.0
GDF9,1,0,0.0089,0.0
GDI1,0,4,0.0,0.0078
GDI2,0,7,0.0,0.0136
GDNF,1,15,0.0089,0.0292
GDNF-AS1,0,0,0.0,0.0
GDPD1,1,5,0.0089,0.0097
GDPD2,0,0,0.0,0.0
GDPD3,1,5,0.0089,0.0097
GDPD4,0,0,0.0,0.0
GDPD5,0,5,0.0,0.0097
GDPGP1,0,0,0.0,0.0
GEM,0,5,0.0,0.0097
GEMIN2,1,10,0.0089,0.0195
GEMIN4,1,10,0.0089,0.0195
GEMIN6,1,10,0.0089,0.0195
GEMIN7,1,10,0.0089,0.0195
GEN1,0,7,0.0,0.0136
GET1,0,2,0.0,0.0039
GET3,0,2,0.0,0.0039
GET4,0,2,0.0,0.0039
GFAP,1,6,0.0089,0.0117
GFER,0,2,0.0,0.0039
GFI1,0,2,0.0,0.0039
GFI1B,0,0,0.0,0.0
GFM2,0,4,0.0,0.0078
GFOD1,0,5,0.0,0.0097
GFOD2,0,0,0.0,0.0
GFPT1,4,16,0.0357,0.0311
GFPT2,4,6,0.0357,0.0117
GFRA1,0,15,0.0,0.0292
GFRA2,0,13,0.0,0.0253
GFRA3,0,8,0.0,0.0156
GFRA4,0,13,0.0,0.0253
GFRAL,0,0,0.0,0.0
GFUS,2,6,0.0179,0.0117
GFY,0,0,0.0,0.0
GGA1,1,6,0.0089,0.0117
GGA2,1,6,0.0089,0.0117
GGA3,1,10,0.0089,0.0195
GGACT,0,0,0.0,0.0
GGCT,1,5,0.0089,0.0097
GGCX,1,15,0.0089,0.0292
GGH,1,3,0.0089,0.0058
GGN,0,0,0.0,0.0
GGNBP2,0,0,0.0,0.0
GGT1,3,23,0.0268,0.0447
GGT2,0,0,0.0,0.0
GGT5,3,19,0.0268,0.037
GGT6,2,8,0.0179,0.0156
GGT7,2,8,0.0179,0.0156
GGTLC1,0,0,0.0,0.0
GGTLC2,0,0,0.0,0.0
GH1,5,11,0.0446,0.0214
GH2,5,8,0.0446,0.0156
GHDC,0,3,0.0,0.0058
GHITM,0,0,0.0,0.0
GHR,5,7,0.0446,0.0136
GHRH,2,7,0.0179,0.0136
GHRHR,2,7,0.0179,0.0136
GHRL,3,12,0.0268,0.0233
GHSR,3,9,0.0268,0.0175
GID4,0,4,0.0,0.0078
GID8,0,4,0.0,0.0078
GIF,0,0,0.0,0.0
GIGYF1,0,0,0.0,0.0
GIGYF2,0,0,0.0,0.0
GIMAP1,0,0,0.0,0.0
GIMAP1-GIMAP5,0,0,0.0,0.0
GIMAP2,0,0,0.0,0.0
GIMAP4,0,0,0.0,0.0
GIMAP5,0,0,0.0,0.0
GIMAP6,0,0,0.0,0.0
GIMAP7,0,0,0.0,0.0
GIMAP8,0,0,0.0,0.0
GIMD1,0,0,0.0,0.0
GIN1,0,0,0.0,0.0
GINM1,0,0,0.0,0.0
GINS1,0,14,0.0,0.0272
GIP,3,15,0.0268,0.0292
GIPC1,0,11,0.0,0.0214
GIPC2,0,0,0.0,0.0
GIPC3,0,0,0.0,0.0
GIPR,2,7,0.0179,0.0136
GIT1,3,28,0.0268,0.0545
GIT2,2,12,0.0179,0.0233
GJA1,2,34,0.0179,0.0661
GJA10,0,8,0.0,0.0156
GJA3,0,5,0.0,0.0097
GJA4,0,5,0.0,0.0097
GJA5,0,5,0.0,0.0097
GJA8,0,5,0.0,0.0097
GJA9,0,5,0.0,0.0097
GJB1,0,13,0.0,0.0253
GJB2,0,13,0.0,0.0253
GJB3,0,9,0.0,0.0175
GJB4,0,5,0.0,0.0097
GJB5,0,5,0.0,0.0097
GJB6,0,5,0.0,0.0097
GJB7,0,5,0.0,0.0097
GJC1,0,8,0.0,0.0156
GJC2,0,5,0.0,0.0097
GJC3,0,0,0.0,0.0
GJD2,1,8,0.0089,0.0156
GJD3,0,5,0.0,0.0097
GJD4,0,5,0.0,0.0097
GK,2,4,0.0179,0.0078
GK2,2,4,0.0179,0.0078
GK5,0,0,0.0,0.0
GKAP1,0,0,0.0,0.0
GKN1,0,0,0.0,0.0
GKN2,0,0,0.0,0.0
GLA,5,8,0.0446,0.0156
GLB1,6,29,0.0536,0.0564
GLB1L,0,11,0.0,0.0214
GLB1L2,0,11,0.0,0.0214
GLB1L3,0,11,0.0,0.0214
GLCCI1,0,0,0.0,0.0
GLCE,1,5,0.0089,0.0097
GLDC,2,4,0.0179,0.0078
GLDN,0,0,0.0,0.0
GLE1,3,4,0.0268,0.0078
GLG1,1,2,0.0089,0.0039
GLI1,4,10,0.0357,0.0195
GLI2,4,15,0.0357,0.0292
GLI3,4,12,0.0357,0.0233
GLI4,0,0,0.0,0.0
GLIPR1,0,7,0.0,0.0136
GLIPR1L1,0,0,0.0,0.0
GLIPR1L2,0,0,0.0,0.0
GLIPR2,0,0,0.0,0.0
GLIS1,0,0,0.0,0.0
GLIS2,0,0,0.0,0.0
GLIS3,0,0,0.0,0.0
GLMN,1,4,0.0089,0.0078
GLMP,0,0,0.0,0.0
GLO1,1,3,0.0089,0.0058
GLOD4,0,0,0.0,0.0
GLOD5,0,0,0.0,0.0
GLP1R,3,15,0.0268,0.0292
GLP2R,1,7,0.0089,0.0136
GLRA1,1,6,0.0089,0.0117
GLRA2,1,6,0.0089,0.0117
GLRA3,1,6,0.0089,0.0117
GLRA4,0,0,0.0,0.0
GLRB,1,6,0.0089,0.0117
GLRX,0,3,0.0,0.0058
GLRX2,0,0,0.0,0.0
GLRX3,0,2,0.0,0.0039
GLRX5,0,2,0.0,0.0039
GLS,8,12,0.0714,0.0233
GLS2,8,12,0.0714,0.0233
GLT1D1,0,0,0.0,0.0
GLT6D1,0,0,0.0,0.0
GLT8D1,0,0,0.0,0.0
GLT8D2,0,0,0.0,0.0
GLTP,0,2,0.0,0.0039
GLTPD2,0,0,0.0,0.0
GLTSCR1,0,0,0.0,0.0
GLTSCR1L,0,0,0.0,0.0
GLTSCR2,0,0,0.0,0.0
GLUD1,6,8,0.0536,0.0156
GLUD2,6,6,0.0536,0.0117
GLUL,7,7,0.0625,0.0136
GLYAT,1,11,0.0089,0.0214
GLYATL1,0,9,0.0,0.0175
GLYATL2,0,9,0.0,0.0175
GLYATL3,0,9,0.0,0.0175
GLYCTK,4,4,0.0357,0.0078
GLYR1,0,0,0.0,0.0
GM2A,1,8,0.0089,0.0156
GMCL1,0,0,0.0,0.0
GMDS,2,6,0.0179,0.0117
GMEB1,0,0,0.0,0.0
GMEB2,0,0,0.0,0.0
GMFB,0,0,0.0,0.0
GMFG,0,3,0.0,0.0058
GMIP,0,7,0.0,0.0136
GML,0,0,0.0,0.0
GMNC,0,0,0.0,0.0
GMNN,0,11,0.0,0.0214
GMPPA,2,6,0.0179,0.0117
GMPR,1,8,0.0089,0.0156
GMPR2,1,4,0.0089,0.0078
GNA11,19,48,0.1696,0.0934
GNA12,11,10,0.0982,0.0195
GNA13,12,21,0.1071,0.0409
GNA14,3,43,0.0268,0.0837
GNA15,4,43,0.0357,0.0837
GNAI1,40,51,0.3571,0.0992
GNAI2,40,51,0.3571,0.0992
GNAI3,40,43,0.3571,0.0837
GNAL,6,18,0.0536,0.035
GNAO1,19,8,0.1696,0.0156
GNAQ,48,48,0.4286,0.0934
GNAS,49,54,0.4375,0.1051
GNAT1,1,14,0.0089,0.0272
GNAT2,1,11,0.0089,0.0214
GNAT3,2,53,0.0179,0.1031
GNAZ,1,18,0.0089,0.035
GNB1,20,105,0.1786,0.2043
GNB1L,0,0,0.0,0.0
GNB2,18,87,0.1607,0.1693
GNB2L1,0,0,0.0,0.0
GNB3,19,96,0.1696,0.1868
GNB4,18,87,0.1607,0.1693
GNB5,18,94,0.1607,0.1829
GNE,1,11,0.0089,0.0214
GNG10,18,87,0.1607,0.1693
GNG11,18,87,0.1607,0.1693
GNG12,20,87,0.1786,0.1693
GNG13,20,98,0.1786,0.1907
GNG2,18,87,0.1607,0.1693
GNG3,18,87,0.1607,0.1693
GNG4,18,87,0.1607,0.1693
GNG5,18,87,0.1607,0.1693
GNG7,19,87,0.1696,0.1693
GNG8,18,87,0.1607,0.1693
GNGT1,19,96,0.1696,0.1868
GNGT2,18,86,0.1607,0.1673
GNL1,0,0,0.0,0.0
GNL2,1,0,0.0089,0.0
GNL3L,1,0,0.0089,0.0
GNLY,0,3,0.0,0.0058
GNMT,1,11,0.0089,0.0214
GNPAT,2,11,0.0179,0.0214
GNPDA1,1,4,0.0089,0.0078
GNPDA2,1,4,0.0089,0.0078
GNPNAT1,1,6,0.0089,0.0117
GNPTAB,1,0,0.0089,0.0
GNPTG,1,0,0.0089,0.0
GNRH1,3,7,0.0268,0.0136
GNRH2,3,7,0.0268,0.0136
GNRHR,2,7,0.0179,0.0136
GNS,2,17,0.0179,0.0331
GOLGA1,0,4,0.0,0.0078
GOLGA2,0,24,0.0,0.0467
GOLGA3,0,5,0.0,0.0097
GOLGA4,0,8,0.0,0.0156
GOLGA5,0,4,0.0,0.0078
GOLGA6A,0,0,0.0,0.0
GOLGA6B,0,0,0.0,0.0
GOLGA6C,0,0,0.0,0.0
GOLGA6D,0,0,0.0,0.0
GOLGA6L1,0,0,0.0,0.0
GOLGA6L10,0,0,0.0,0.0
GOLGA6L2,0,0,0.0,0.0
GOLGA6L22,0,0,0.0,0.0
GOLGA6L4,0,0,0.0,0.0
GOLGA6L6,0,0,0.0,0.0
GOLGA6L9,0,0,0.0,0.0
GOLGA7,0,16,0.0,0.0311
GOLGA7B,0,0,0.0,0.0
GOLGA8A,0,0,0.0,0.0
GOLGA8B,0,0,0.0,0.0
GOLGA8H,0,0,0.0,0.0
GOLGA8J,0,0,0.0,0.0
GOLGA8K,0,0,0.0,0.0
GOLGA8M,0,0,0.0,0.0
GOLGA8N,0,0,0.0,0.0
GOLGA8O,0,0,0.0,0.0
GOLGA8R,0,6,0.0,0.0117
GOLGB1,0,18,0.0,0.035
GOLIM4,0,4,0.0,0.0078
GOLM1,0,4,0.0,0.0078
GOLM2,0,0,0.0,0.0
GOLPH3,0,0,0.0,0.0
GOLPH3L,0,0,0.0,0.0
GOLT1A,0,0,0.0,0.0
GOLT1B,0,0,0.0,0.0
GON4L,0,0,0.0,0.0
GON7,0,3,0.0,0.0058
GOPC,0,7,0.0,0.0136
GORAB,1,0,0.0089,0.0
GORASP1,0,19,0.0,0.037
GORASP2,0,5,0.0,0.0097
GOSR1,1,10,0.0089,0.0195
GOSR2,1,17,0.0089,0.0331
GOT1,7,10,0.0625,0.0195
GOT1L1,7,0,0.0625,0.0
GOT2,8,12,0.0714,0.0233
GP1BA,4,22,0.0357,0.0428
GP1BB,3,17,0.0268,0.0331
GP2,0,7,0.0,0.0136
GP5,3,17,0.0268,0.0331
GP6,2,5,0.0179,0.0097
GP9,3,17,0.0268,0.0331
GPA33,0,0,0.0,0.0
GPAA1,1,4,0.0089,0.0078
GPALPP1,0,0,0.0,0.0
GPAM,2,25,0.0179,0.0486
GPANK1,0,0,0.0,0.0
GPAT2,2,7,0.0179,0.0136
GPAT3,2,5,0.0179,0.0097
GPAT4,2,5,0.0179,0.0097
GPATCH1,0,4,0.0,0.0078
GPATCH11,0,0,0.0,0.0
GPATCH2,0,0,0.0,0.0
GPATCH2L,0,0,0.0,0.0
GPATCH3,0,0,0.0,0.0
GPATCH4,0,0,0.0,0.0
GPATCH8,0,0,0.0,0.0
GPBAR1,0,6,0.0,0.0117
GPBP1,0,0,0.0,0.0
GPBP1L1,0,0,0.0,0.0
GPC1,2,54,0.0179,0.1051
GPC2,0,49,0.0,0.0953
GPC3,1,53,0.0089,0.1031
GPC4,1,49,0.0089,0.0953
GPC5,0,53,0.0,0.1031
GPC6,0,49,0.0,0.0953
GPCPD1,2,6,0.0179,0.0117
GPD1,1,5,0.0089,0.0097
GPD1L,1,5,0.0089,0.0097
GPD2,1,7,0.0089,0.0136
GPER1,2,9,0.0179,0.0175
GPHA2,0,7,0.0,0.0136
GPHB5,0,7,0.0,0.0136
GPHN,2,4,0.0179,0.0078
GPI,4,13,0.0357,0.0253
GPIHBP1,0,14,0.0,0.0272
GPKOW,0,9,0.0,0.0175
GPLD1,1,3,0.0089,0.0058
GPM6A,0,0,0.0,0.0
GPM6B,0,0,0.0,0.0
GPN1,0,0,0.0,0.0
GPN2,0,0,0.0,0.0
GPNMB,0,4,0.0,0.0078
GPR1,0,0,0.0,0.0
GPR101,0,0,0.0,0.0
GPR107,0,0,0.0,0.0
GPR108,0,0,0.0,0.0
GPR116,0,0,0.0,0.0
GPR119,2,5,0.0179,0.0097
GPR12,0,0,0.0,0.0
GPR132,0,6,0.0,0.0117
GPR135,0,0,0.0,0.0
GPR137,0,0,0.0,0.0
GPR137B,0,0,0.0,0.0
GPR137C,0,0,0.0,0.0
GPR139,0,0,0.0,0.0
GPR141,0,0,0.0,0.0
GPR142,0,0,0.0,0.0
GPR143,0,11,0.0,0.0214
GPR146,0,0,0.0,0.0
GPR148,0,0,0.0,0.0
GPR149,0,0,0.0,0.0
GPR15,0,4,0.0,0.0078
GPR150,0,4,0.0,0.0078
GPR151,0,0,0.0,0.0
GPR152,0,0,0.0,0.0
GPR153,0,0,0.0,0.0
GPR155,0,0,0.0,0.0
GPR156,1,0,0.0089,0.0
GPR157,0,0,0.0,0.0
GPR158,0,0,0.0,0.0
GPR15LG,0,0,0.0,0.0
GPR160,0,0,0.0,0.0
GPR161,1,4,0.0089,0.0078
GPR162,0,0,0.0,0.0
GPR17,0,11,0.0,0.0214
GPR171,0,0,0.0,0.0
GPR173,0,0,0.0,0.0
GPR174,0,0,0.0,0.0
GPR176,0,4,0.0,0.0078
GPR179,0,0,0.0,0.0
GPR18,0,6,0.0,0.0117
GPR180,0,0,0.0,0.0
GPR182,0,0,0.0,0.0
GPR183,0,6,0.0,0.0117
GPR19,0,0,0.0,0.0
GPR20,0,4,0.0,0.0078
GPR21,0,0,0.0,0.0
GPR22,0,0,0.0,0.0
GPR25,0,4,0.0,0.0078
GPR26,0,0,0.0,0.0
GPR27,0,4,0.0,0.0078
GPR3,0,0,0.0,0.0
GPR31,0,7,0.0,0.0136
GPR32,0,4,0.0,0.0078
GPR33,0,0,0.0,0.0
GPR34,0,0,0.0,0.0
GPR35,1,4,0.0089,0.0078
GPR37,2,7,0.0179,0.0136
GPR37L1,0,7,0.0,0.0136
GPR39,0,7,0.0,0.0136
GPR4,0,6,0.0,0.0117
GPR45,0,4,0.0,0.0078
GPR50,1,0,0.0089,0.0
GPR52,0,0,0.0,0.0
GPR55,0,6,0.0,0.0117
GPR6,0,0,0.0,0.0
GPR61,0,0,0.0,0.0
GPR62,0,0,0.0,0.0
GPR63,0,0,0.0,0.0
GPR65,0,6,0.0,0.0117
GPR68,0,6,0.0,0.0117
GPR75,0,0,0.0,0.0
GPR75-ASB3,0,7,0.0,0.0136
GPR78,0,0,0.0,0.0
GPR82,0,0,0.0,0.0
GPR83,2,4,0.0179,0.0078
GPR84,0,7,0.0,0.0136
GPR85,0,0,0.0,0.0
GPR87,0,0,0.0,0.0
GPR88,0,0,0.0,0.0
GPR89A,0,0,0.0,0.0
GPR89B,0,0,0.0,0.0
GPRASP1,0,0,0.0,0.0
GPRASP2,0,0,0.0,0.0
GPRASP3,0,0,0.0,0.0
GPRC5A,0,0,0.0,0.0
GPRC5B,0,0,0.0,0.0
GPRC5C,0,0,0.0,0.0
GPRC5D,0,0,0.0,0.0
GPRC6A,1,6,0.0089,0.0117
GPRIN1,0,5,0.0,0.0097
GPRIN2,0,0,0.0,0.0
GPRIN3,0,0,0.0,0.0
GPS2,1,38,0.0089,0.0739
GPSM1,1,4,0.0089,0.0078
GPSM2,0,4,0.0,0.0078
GPSM3,0,4,0.0,0.0078
GPT,2,5,0.0179,0.0097
GPT2,2,3,0.0179,0.0058
GPX1,6,15,0.0536,0.0292
GPX2,6,20,0.0536,0.0389
GPX3,6,4,0.0536,0.0078
GPX4,2,18,0.0179,0.035
GPX5,6,4,0.0536,0.0078
GPX6,6,4,0.0536,0.0078
GPX7,6,4,0.0536,0.0078
GPX8,6,4,0.0536,0.0078
GRAMD1A,0,0,0.0,0.0
GRAMD1B,0,0,0.0,0.0
GRAMD1C,0,0,0.0,0.0
GRAMD2,0,0,0.0,0.0
GRAMD2A,0,0,0.0,0.0
GRAMD2B,0,0,0.0,0.0
GRAMD3,0,0,0.0,0.0
GRAMD4,0,0,0.0,0.0
GRAP,0,3,0.0,0.0058
GRAP2,1,23,0.0089,0.0447
GRAPL,0,0,0.0,0.0
GRASP,0,0,0.0,0.0
GRB10,1,17,0.0089,0.0331
GRB14,0,3,0.0,0.0058
GRB2,46,238,0.4107,0.463
GRB7,0,18,0.0,0.035
GREB1,0,4,0.0,0.0078
GREB1L,0,0,0.0,0.0
GREM1,1,3,0.0089,0.0058
GREM2,1,3,0.0089,0.0058
GRHL1,0,4,0.0,0.0078
GRHL2,0,0,0.0,0.0
GRHL3,0,0,0.0,0.0
GRHPR,3,3,0.0268,0.0058
GRIA1,14,27,0.125,0.0525
GRIA2,15,21,0.1339,0.0409
GRIA3,13,16,0.1161,0.0311
GRIA4,10,16,0.0893,0.0311
GRID1,1,0,0.0089,0.0
GRID2,2,0,0.0179,0.0
GRID2IP,0,0,0.0,0.0
GRIFIN,0,0,0.0,0.0
GRIK1,2,7,0.0179,0.0136
GRIK2,2,7,0.0179,0.0136
GRIK3,2,7,0.0179,0.0136
GRIK4,2,6,0.0179,0.0117
GRIK5,2,6,0.0179,0.0117
GRIN1,18,35,0.1607,0.0681
GRIN2A,19,24,0.1696,0.0467
GRIN2B,19,45,0.1696,0.0875
GRIN2C,15,19,0.1339,0.037
GRIN2D,15,25,0.1339,0.0486
GRIN3A,9,10,0.0804,0.0195
GRIN3B,9,5,0.0804,0.0097
GRINA,0,0,0.0,0.0
GRIP1,0,6,0.0,0.0117
GRIP2,0,6,0.0,0.0117
GRIPAP1,0,0,0.0,0.0
GRK1,3,8,0.0268,0.0156
GRK2,6,25,0.0536,0.0486
GRK3,6,8,0.0536,0.0156
GRK4,3,4,0.0268,0.0078
GRK5,3,8,0.0268,0.0156
GRK6,3,4,0.0268,0.0078
GRK7,3,4,0.0268,0.0078
GRM1,13,15,0.1161,0.0292
GRM2,4,6,0.0357,0.0117
GRM3,4,6,0.0357,0.0117
GRM4,4,9,0.0357,0.0175
GRM5,10,12,0.0893,0.0233
GRM6,3,6,0.0268,0.0117
GRM7,3,6,0.0268,0.0117
GRM8,3,6,0.0268,0.0117
GRN,0,3,0.0,0.0058
GRP,1,11,0.0089,0.0214
GRPEL2,0,2,0.0,0.0039
GRPR,2,7,0.0179,0.0136
GRSF1,0,8,0.0,0.0156
GRTP1,0,0,0.0,0.0
GRXCR1,0,4,0.0,0.0078
GRXCR2,0,4,0.0,0.0078
GS1-259H13.2,0,0,0.0,0.0
GSAP,0,0,0.0,0.0
GSC,0,4,0.0,0.0078
GSC2,0,0,0.0,0.0
GSDMA,0,0,0.0,0.0
GSDMB,0,0,0.0,0.0
GSDMC,0,0,0.0,0.0
GSDMD,3,25,0.0268,0.0486
GSDME,0,14,0.0,0.0272
GSE1,0,0,0.0,0.0
GSG1,0,0,0.0,0.0
GSG1L,0,0,0.0,0.0
GSG2,0,0,0.0,0.0
GSK3A,4,27,0.0357,0.0525
GSK3B,44,86,0.3929,0.1673
GSKIP,0,0,0.0,0.0
GSN,3,13,0.0268,0.0253
GSPT2,1,15,0.0089,0.0292
GSR,3,19,0.0268,0.037
GSS,3,9,0.0268,0.0175
GSTA1,8,14,0.0714,0.0272
GSTA2,8,12,0.0714,0.0233
GSTA3,8,10,0.0714,0.0195
GSTA4,8,4,0.0714,0.0078
GSTA5,8,4,0.0714,0.0078
GSTCD,0,0,0.0,0.0
GSTK1,5,8,0.0446,0.0156
GSTM1,8,7,0.0714,0.0136
GSTM2,8,4,0.0714,0.0078
GSTM3,8,4,0.0714,0.0078
GSTM4,8,9,0.0714,0.0175
GSTM5,8,4,0.0714,0.0078
GSTO1,8,14,0.0714,0.0272
GSTO2,8,7,0.0714,0.0136
GSTP1,9,13,0.0804,0.0253
GSTT1,8,6,0.0714,0.0117
GSTT2,8,4,0.0714,0.0078
GSTT2B,8,4,0.0714,0.0078
GSTZ1,1,11,0.0089,0.0214
GSX1,0,0,0.0,0.0
GSX2,0,0,0.0,0.0
GTDC1,0,0,0.0,0.0
GTF2A1,2,24,0.0179,0.0467
GTF2A1L,2,0,0.0179,0.0
GTF2A2,2,24,0.0179,0.0467
GTF2E1,2,20,0.0179,0.0389
GTF2E2,2,20,0.0179,0.0389
GTF2F1,1,74,0.0089,0.144
GTF2F2,1,74,0.0089,0.144
GTF2H2,3,49,0.0268,0.0953
GTF2H3,3,49,0.0268,0.0953
GTF2H5,2,49,0.0179,0.0953
GTF2I,2,0,0.0179,0.0
GTF2IRD1,2,0,0.0179,0.0
GTF2IRD2,0,0,0.0,0.0
GTF2IRD2B,0,0,0.0,0.0
GTF3C3,0,11,0.0,0.0214
GTF3C4,0,11,0.0,0.0214
GTF3C6,0,11,0.0,0.0214
GTPBP1,0,0,0.0,0.0
GTPBP10,0,0,0.0,0.0
GTPBP2,0,4,0.0,0.0078
GTPBP3,0,3,0.0,0.0058
GTPBP6,0,0,0.0,0.0
GTPBP8,0,0,0.0,0.0
GTSCR1,0,0,0.0,0.0
GTSE1,1,7,0.0089,0.0136
GTSF1,0,0,0.0,0.0
GTSF1L,0,0,0.0,0.0
GUCA1A,1,4,0.0089,0.0078
GUCA1ANB-GUCA1A,1,4,0.0089,0.0078
GUCA1B,1,4,0.0089,0.0078
GUCA1C,1,4,0.0089,0.0078
GUCA2A,0,2,0.0,0.0039
GUCA2B,0,2,0.0,0.0039
GUCD1,0,0,0.0,0.0
GUCY1A1,10,7,0.0893,0.0136
GUCY1A2,10,7,0.0893,0.0136
GUCY1A3,0,0,0.0,0.0
GUCY1B1,10,7,0.0893,0.0136
GUCY1B3,0,0,0.0,0.0
GUCY2C,1,7,0.0089,0.0136
GUCY2D,3,4,0.0268,0.0078
GUCY2F,2,4,0.0179,0.0078
GUF1,0,0,0.0,0.0
GULP1,0,0,0.0,0.0
GUSB,6,16,0.0536,0.0311
GVQW1,0,0,0.0,0.0
GVQW2,0,0,0.0,0.0
GXYLT1,1,0,0.0089,0.0
GXYLT2,1,4,0.0089,0.0078
GYG1,1,20,0.0089,0.0389
GYG2,1,11,0.0089,0.0214
GYLTL1B,0,0,0.0,0.0
GYPA,2,2,0.0179,0.0039
GYPB,1,2,0.0089,0.0039
GYPC,1,2,0.0089,0.0039
GYPE,0,0,0.0,0.0
GYS1,7,11,0.0625,0.0214
GYS2,7,10,0.0625,0.0195
GZF1,0,0,0.0,0.0
GZMA,1,0,0.0089,0.0
GZMB,7,15,0.0625,0.0292
GZMH,0,4,0.0,0.0078
GZMK,0,0,0.0,0.0
GZMM,0,5,0.0,0.0097
H1-0,0,9,0.0,0.0175
H1-1,0,9,0.0,0.0175
H1-10,0,0,0.0,0.0
H1-2,0,9,0.0,0.0175
H1-3,0,9,0.0,0.0175
H1-4,0,9,0.0,0.0175
H1-5,0,9,0.0,0.0175
H1-6,0,0,0.0,0.0
H1-7,0,0,0.0,0.0
H1-8,0,3,0.0,0.0058
H1F0,0,0,0.0,0.0
H1FNT,0,0,0.0,0.0
H1FOO,0,0,0.0,0.0
H1FX,0,0,0.0,0.0
H2AB1,4,148,0.0357,0.2879
H2AB2,4,0,0.0357,0.0
H2AB3,4,0,0.0357,0.0
H2AC1,4,22,0.0357,0.0428
H2AC11,4,22,0.0357,0.0428
H2AC12,4,22,0.0357,0.0428
H2AC13,4,22,0.0357,0.0428
H2AC14,4,164,0.0357,0.3191
H2AC15,4,22,0.0357,0.0428
H2AC16,4,22,0.0357,0.0428
H2AC17,4,22,0.0357,0.0428
H2AC18,4,164,0.0357,0.3191
H2AC19,4,164,0.0357,0.3191
H2AC20,4,164,0.0357,0.3191
H2AC21,4,22,0.0357,0.0428
H2AC25,4,22,0.0357,0.0428
H2AC4,4,164,0.0357,0.3191
H2AC6,4,164,0.0357,0.3191
H2AC7,4,164,0.0357,0.3191
H2AC8,4,164,0.0357,0.3191
H2AFB1,0,0,0.0,0.0
H2AFB2,0,0,0.0,0.0
H2AFB3,0,0,0.0,0.0
H2AFJ,0,0,0.0,0.0
H2AFV,0,0,0.0,0.0
H2AFX,0,0,0.0,0.0
H2AFY,0,0,0.0,0.0
H2AFY2,0,0,0.0,0.0
H2AFZ,0,0,0.0,0.0
H2AJ,4,144,0.0357,0.2802
H2AP,0,0,0.0,0.0
H2AX,4,159,0.0357,0.3093
H2AZ1,4,5,0.0357,0.0097
H2AZ2,4,144,0.0357,0.2802
H2BC1,4,174,0.0357,0.3385
H2BC10,4,174,0.0357,0.3385
H2BC11,4,174,0.0357,0.3385
H2BC12,4,174,0.0357,0.3385
H2BC13,4,174,0.0357,0.3385
H2BC14,4,174,0.0357,0.3385
H2BC15,4,176,0.0357,0.3424
H2BC17,4,174,0.0357,0.3385
H2BC18,4,19,0.0357,0.037
H2BC21,4,172,0.0357,0.3346
H2BC26,4,172,0.0357,0.3346
H2BC3,4,174,0.0357,0.3385
H2BC4,4,174,0.0357,0.3385
H2BC5,4,174,0.0357,0.3385
H2BC6,4,174,0.0357,0.3385
H2BC7,4,174,0.0357,0.3385
H2BC8,4,174,0.0357,0.3385
H2BC9,4,174,0.0357,0.3385
H2BFM,0,0,0.0,0.0
H2BFWT,0,0,0.0,0.0
H2BW1,4,0,0.0357,0.0
H2BW2,4,0,0.0357,0.0
H3-3A,5,124,0.0446,0.2412
H3-3B,5,124,0.0446,0.2412
H3-4,5,51,0.0446,0.0992
H3-5,5,0,0.0446,0.0
H3C1,5,144,0.0446,0.2802
H3C10,5,144,0.0446,0.2802
H3C11,5,144,0.0446,0.2802
H3C12,5,144,0.0446,0.2802
H3C13,5,144,0.0446,0.2802
H3C14,5,144,0.0446,0.2802
H3C15,5,144,0.0446,0.2802
H3C2,5,144,0.0446,0.2802
H3C3,5,144,0.0446,0.2802
H3C4,5,144,0.0446,0.2802
H3C6,5,144,0.0446,0.2802
H3C7,5,144,0.0446,0.2802
H3C8,5,144,0.0446,0.2802
H3F3A,0,0,0.0,0.0
H3F3B,0,0,0.0,0.0
H3F3C,0,0,0.0,0.0
H4C1,4,176,0.0357,0.3424
H4C11,4,176,0.0357,0.3424
H4C12,4,176,0.0357,0.3424
H4C13,4,176,0.0357,0.3424
H4C14,4,176,0.0357,0.3424
H4C15,4,176,0.0357,0.3424
H4C16,4,176,0.0357,0.3424
H4C2,4,176,0.0357,0.3424
H4C3,4,176,0.0357,0.3424
H4C4,4,176,0.0357,0.3424
H4C5,4,176,0.0357,0.3424
H4C6,4,176,0.0357,0.3424
H4C7,4,0,0.0357,0.0
H4C8,4,176,0.0357,0.3424
H4C9,4,176,0.0357,0.3424
H6PD,1,0,0.0089,0.0
HAAO,1,3,0.0089,0.0058
HABP2,0,0,0.0,0.0
HABP4,0,4,0.0,0.0078
HACD1,2,5,0.0179,0.0097
HACD2,2,5,0.0179,0.0097
HACD3,2,5,0.0179,0.0097
HACD4,2,5,0.0179,0.0097
HACE1,0,9,0.0,0.0175
HACL1,1,9,0.0089,0.0175
HADH,6,12,0.0536,0.0233
HADHA,8,15,0.0714,0.0292
HADHB,3,15,0.0268,0.0292
HAGH,1,3,0.0089,0.0058
HAGHL,0,0,0.0,0.0
HAL,1,3,0.0089,0.0058
HAMP,1,0,0.0089,0.0
HAND1,1,2,0.0089,0.0039
HAND2,0,6,0.0,0.0117
HAO1,2,7,0.0179,0.0136
HAO2,2,8,0.0179,0.0156
HAP1,4,0,0.0357,0.0
HAPLN1,0,2,0.0,0.0039
HAPLN2,0,0,0.0,0.0
HAPLN3,0,0,0.0,0.0
HAPLN4,0,0,0.0,0.0
HAPSTR1,0,0,0.0,0.0
HARBI1,0,0,0.0,0.0
HARS1,1,4,0.0089,0.0078
HARS2,1,4,0.0089,0.0078
HAS1,0,4,0.0,0.0078
HAS2,0,4,0.0,0.0078
HAS3,0,4,0.0,0.0078
HASPIN,0,0,0.0,0.0
HAT1,2,3,0.0179,0.0058
HAUS2,0,17,0.0,0.0331
HAUS3,0,17,0.0,0.0331
HAUS4,0,17,0.0,0.0331
HAUS6,0,17,0.0,0.0331
HAUS7,0,17,0.0,0.0331
HAUS8,0,17,0.0,0.0331
HAVCR1,0,9,0.0,0.0175
HAVCR2,0,4,0.0,0.0078
HAX1,0,0,0.0,0.0
HBA1,2,18,0.0179,0.035
HBA2,2,18,0.0179,0.035
HBB,2,26,0.0179,0.0506
HBD,0,2,0.0,0.0039
HBE1,0,2,0.0,0.0039
HBEGF,8,66,0.0714,0.1284
HBG1,0,2,0.0,0.0039
HBG2,0,2,0.0,0.0039
HBM,0,0,0.0,0.0
HBP1,0,0,0.0,0.0
HBQ1,0,0,0.0,0.0
HBS1L,2,0,0.0179,0.0
HBZ,0,0,0.0,0.0
HCAR1,1,7,0.0089,0.0136
HCAR2,1,7,0.0089,0.0136
HCAR3,1,7,0.0089,0.0136
HCCS,1,3,0.0089,0.0058
HCFC1R1,0,0,0.0,0.0
HCFC2,1,4,0.0089,0.0078
HCK,3,35,0.0268,0.0681
HCLS1,5,0,0.0446,0.0
HCN1,1,3,0.0089,0.0058
HCN2,2,3,0.0179,0.0058
HCN3,1,3,0.0089,0.0058
HCN4,2,3,0.0179,0.0058
HCRT,1,8,0.0089,0.0156
HCRTR1,1,8,0.0089,0.0156
HCRTR2,1,8,0.0089,0.0156
HCST,1,3,0.0089,0.0058
HDAC1,15,133,0.1339,0.2588
HDAC10,3,21,0.0268,0.0409
HDAC11,3,18,0.0268,0.035
HDAC2,15,92,0.1339,0.179
HDAC4,5,32,0.0446,0.0623
HDAC5,5,22,0.0446,0.0428
HDAC6,4,43,0.0357,0.0837
HDAC7,3,27,0.0268,0.0525
HDAC8,3,29,0.0268,0.0564
HDAC9,3,18,0.0268,0.035
HDC,1,3,0.0089,0.0058
HDDC2,0,0,0.0,0.0
HDDC3,1,0,0.0089,0.0
HDGF,0,5,0.0,0.0097
HDGFL1,0,0,0.0,0.0
HDGFL2,0,0,0.0,0.0
HDGFL3,0,0,0.0,0.0
HDGFRP2,0,0,0.0,0.0
HDGFRP3,0,0,0.0,0.0
HDHD1,0,0,0.0,0.0
HDHD2,0,0,0.0,0.0
HDHD3,0,0,0.0,0.0
HDHD5,0,0,0.0,0.0
HDLBP,0,9,0.0,0.0175
HDX,0,0,0.0,0.0
HEATR3,0,0,0.0,0.0
HEATR4,0,0,0.0,0.0
HEATR5A,0,0,0.0,0.0
HEATR5B,0,0,0.0,0.0
HEATR6,0,0,0.0,0.0
HEATR9,0,0,0.0,0.0
HEBP1,0,8,0.0,0.0156
HEBP2,0,3,0.0,0.0058
HECA,0,0,0.0,0.0
HECTD1,0,4,0.0,0.0078
HECTD2,0,4,0.0,0.0078
HECTD3,0,4,0.0,0.0078
HECTD4,0,0,0.0,0.0
HECW1,0,4,0.0,0.0078
HECW2,0,4,0.0,0.0078
HEG1,0,0,0.0,0.0
HELB,0,0,0.0,0.0
HELLS,0,4,0.0,0.0078
HELQ,0,0,0.0,0.0
HELT,0,0,0.0,0.0
HELZ,0,0,0.0,0.0
HELZ2,0,31,0.0,0.0603
HEMGN,0,0,0.0,0.0
HEMK1,0,0,0.0,0.0
HENMT1,0,3,0.0,0.0058
HEPACAM,0,0,0.0,0.0
HEPACAM2,0,0,0.0,0.0
HEPH,2,8,0.0179,0.0156
HEPHL1,0,0,0.0,0.0
HEPN1,0,0,0.0,0.0
HERC1,1,4,0.0089,0.0078
HERC2,1,21,0.0089,0.0409
HERC3,1,4,0.0089,0.0078
HERC4,1,4,0.0089,0.0078
HERC5,0,18,0.0,0.035
HERC6,0,4,0.0,0.0078
HERPUD1,1,5,0.0089,0.0097
HERPUD2,0,0,0.0,0.0
HES1,7,35,0.0625,0.0681
HES2,1,0,0.0089,0.0
HES3,1,0,0.0089,0.0
HES4,1,0,0.0089,0.0
HES5,4,19,0.0357,0.037
HES6,1,0,0.0089,0.0
HES7,1,4,0.0089,0.0078
HESX1,1,0,0.0089,0.0
HEXA,7,18,0.0625,0.035
HEXB,7,21,0.0625,0.0409
HEXD,2,0,0.0179,0.0
HEXDC,0,0,0.0,0.0
HEXIM1,0,0,0.0,0.0
HEXIM2,0,0,0.0,0.0
HEY1,4,25,0.0357,0.0486
HEY2,4,25,0.0357,0.0486
HEYL,4,31,0.0357,0.0603
HFE,0,3,0.0,0.0058
HFE2,0,0,0.0,0.0
HFM1,0,0,0.0,0.0
HGC6.3,0,0,0.0,0.0
HGD,1,4,0.0089,0.0078
HGF,14,38,0.125,0.0739
HGFAC,0,4,0.0,0.0078
HGH1,0,0,0.0,0.0
HGS,2,35,0.0179,0.0681
HGSNAT,2,13,0.0179,0.0253
HHAT,1,7,0.0089,0.0136
HHATL,1,0,0.0089,0.0
HHEX,2,4,0.0179,0.0078
HHIP,4,4,0.0357,0.0078
HHIPL1,0,0,0.0,0.0
HHIPL2,0,0,0.0,0.0
HHLA1,0,0,0.0,0.0
HHLA2,0,0,0.0,0.0
HHLA3,0,0,0.0,0.0
HIAT1,0,0,0.0,0.0
HIATL1,0,0,0.0,0.0
HIBADH,1,3,0.0089,0.0058
HIBCH,3,7,0.0268,0.0136
HIC1,0,5,0.0,0.0097
HIC2,0,0,0.0,0.0
HID1,0,0,0.0,0.0
HIF1A,12,31,0.1071,0.0603
HIF1AN,0,3,0.0,0.0058
HIF3A,0,10,0.0,0.0195
HIGD1A,0,8,0.0,0.0156
HIGD1B,0,0,0.0,0.0
HIGD1C,0,12,0.0,0.0233
HIGD2A,0,4,0.0,0.0078
HIKESHI,0,4,0.0,0.0078
HILPDA,0,3,0.0,0.0058
HINT1,0,6,0.0,0.0117
HINT2,0,5,0.0,0.0097
HINT3,0,0,0.0,0.0
HIP1,2,8,0.0179,0.0156
HIP1R,0,5,0.0,0.0097
HIPK1,1,10,0.0089,0.0195
HIPK2,1,19,0.0089,0.037
HIPK3,1,0,0.0089,0.0
HIPK4,1,0,0.0089,0.0
HIRA,0,8,0.0,0.0156
HIRIP3,0,0,0.0,0.0
HIST1H1A,0,0,0.0,0.0
HIST1H1B,0,0,0.0,0.0
HIST1H1C,0,0,0.0,0.0
HIST1H1D,0,0,0.0,0.0
HIST1H1E,0,0,0.0,0.0
HIST1H1T,0,0,0.0,0.0
HIST1H2AA,0,0,0.0,0.0
HIST1H2AB,0,0,0.0,0.0
HIST1H2AC,0,0,0.0,0.0
HIST1H2AD,0,0,0.0,0.0
HIST1H2AE,0,0,0.0,0.0
HIST1H2AG,0,0,0.0,0.0
HIST1H2AH,0,0,0.0,0.0
HIST1H2AI,0,0,0.0,0.0
HIST1H2AK,0,0,0.0,0.0
HIST1H2AL,0,0,0.0,0.0
HIST1H2AM,0,0,0.0,0.0
HIST1H2BA,0,0,0.0,0.0
HIST1H2BB,0,0,0.0,0.0
HIST1H2BC,0,0,0.0,0.0
HIST1H2BD,0,0,0.0,0.0
HIST1H2BE,0,0,0.0,0.0
HIST1H2BF,0,0,0.0,0.0
HIST1H2BG,0,0,0.0,0.0
HIST1H2BH,0,0,0.0,0.0
HIST1H2BI,0,0,0.0,0.0
HIST1H2BJ,0,0,0.0,0.0
HIST1H2BK,0,0,0.0,0.0
HIST1H2BL,0,0,0.0,0.0
HIST1H2BM,0,0,0.0,0.0
HIST1H2BN,0,0,0.0,0.0
HIST1H2BO,0,0,0.0,0.0
HIST1H3A,0,0,0.0,0.0
HIST1H3B,0,0,0.0,0.0
HIST1H3C,0,0,0.0,0.0
HIST1H3D,0,0,0.0,0.0
HIST1H3E,0,0,0.0,0.0
HIST1H3F,0,0,0.0,0.0
HIST1H3G,0,0,0.0,0.0
HIST1H3H,0,0,0.0,0.0
HIST1H3I,0,0,0.0,0.0
HIST1H3J,0,0,0.0,0.0
HIST1H4A,0,0,0.0,0.0
HIST1H4B,0,0,0.0,0.0
HIST1H4C,0,0,0.0,0.0
HIST1H4D,0,0,0.0,0.0
HIST1H4E,0,0,0.0,0.0
HIST1H4F,0,0,0.0,0.0
HIST1H4G,0,0,0.0,0.0
HIST1H4H,0,0,0.0,0.0
HIST1H4I,0,0,0.0,0.0
HIST1H4J,0,0,0.0,0.0
HIST1H4K,0,0,0.0,0.0
HIST1H4L,0,0,0.0,0.0
HIST2H2AA4,0,0,0.0,0.0
HIST2H2AB,0,0,0.0,0.0
HIST2H2AC,0,0,0.0,0.0
HIST2H2BE,0,0,0.0,0.0
HIST2H2BF,0,0,0.0,0.0
HIST2H3A,0,0,0.0,0.0
HIST2H3C,0,0,0.0,0.0
HIST2H3D,0,0,0.0,0.0
HIST2H4A,0,0,0.0,0.0
HIST2H4B,0,0,0.0,0.0
HIST3H2A,0,0,0.0,0.0
HIST3H2BB,0,0,0.0,0.0
HIST3H3,0,0,0.0,0.0
HIST4H4,0,0,0.0,0.0
HIVEP1,0,0,0.0,0.0
HIVEP2,0,0,0.0,0.0
HIVEP3,0,5,0.0,0.0097
HJV,1,4,0.0089,0.0078
HK1,12,14,0.1071,0.0272
HK2,12,4,0.1071,0.0078
HK3,12,7,0.1071,0.0136
HKDC1,12,4,0.1071,0.0078
HKR1,0,0,0.0,0.0
HLA-A,19,34,0.1696,0.0661
HLA-B,19,28,0.1696,0.0545
HLA-C,19,28,0.1696,0.0545
HLA-DMA,24,3,0.2143,0.0058
HLA-DMB,24,3,0.2143,0.0058
HLA-DOA,24,3,0.2143,0.0058
HLA-DOB,24,3,0.2143,0.0058
HLA-DPA1,24,13,0.2143,0.0253
HLA-DPB1,24,13,0.2143,0.0253
HLA-DQA1,24,13,0.2143,0.0253
HLA-DQA2,24,13,0.2143,0.0253
HLA-DQB1,24,13,0.2143,0.0253
HLA-DQB2,0,13,0.0,0.0253
HLA-DRA,24,13,0.2143,0.0253
HLA-DRB1,24,13,0.2143,0.0253
HLA-DRB3,24,13,0.2143,0.0253
HLA-DRB5,24,13,0.2143,0.0253
HLA-E,19,31,0.1696,0.0603
HLA-F,18,25,0.1607,0.0486
HLA-G,19,25,0.1696,0.0486
HLCS,1,9,0.0089,0.0175
HLF,0,0,0.0,0.0
HLTF,0,4,0.0,0.0078
HLX,0,0,0.0,0.0
HM13,0,5,0.0,0.0097
HMBOX1,0,0,0.0,0.0
HMBS,1,3,0.0089,0.0058
HMCES,0,0,0.0,0.0
HMCN1,0,0,0.0,0.0
HMCN2,0,0,0.0,0.0
HMG20A,0,0,0.0,0.0
HMG20B,0,10,0.0,0.0195
HMGA1,0,19,0.0,0.037
HMGA2,2,5,0.0179,0.0097
HMGB1,4,49,0.0357,0.0953
HMGB2,0,4,0.0,0.0078
HMGB3,0,0,0.0,0.0
HMGB4,0,0,0.0,0.0
HMGCL,4,8,0.0357,0.0156
HMGCLL1,4,4,0.0357,0.0078
HMGCR,3,12,0.0268,0.0233
HMGCS1,5,9,0.0446,0.0175
HMGCS2,5,8,0.0446,0.0156
HMGN1,0,0,0.0,0.0
HMGN2,0,0,0.0,0.0
HMGN3,0,0,0.0,0.0
HMGN4,0,0,0.0,0.0
HMGN5,0,0,0.0,0.0
HMGXB3,0,0,0.0,0.0
HMGXB4,0,0,0.0,0.0
HMHA1,0,0,0.0,0.0
HMHB1,0,0,0.0,0.0
HMMR,1,10,0.0089,0.0195
HMOX1,8,37,0.0714,0.072
HMOX2,2,17,0.0179,0.0331
HMP19,0,0,0.0,0.0
HMSD,0,0,0.0,0.0
HMX1,0,0,0.0,0.0
HMX2,0,0,0.0,0.0
HMX3,0,0,0.0,0.0
HN1,0,0,0.0,0.0
HN1L,0,0,0.0,0.0
HNF1A,1,3,0.0089,0.0058
HNF1B,1,12,0.0089,0.0233
HNF4A,2,9,0.0179,0.0175
HNF4G,1,7,0.0089,0.0136
HNMT,1,7,0.0089,0.0136
HNRNPA0,0,5,0.0,0.0097
HNRNPA1,2,20,0.0179,0.0389
HNRNPA1L2,2,0,0.0179,0.0
HNRNPA2B1,1,17,0.0089,0.0331
HNRNPA3,2,11,0.0179,0.0214
HNRNPAB,0,0,0.0,0.0
HNRNPCL1,1,0,0.0089,0.0
HNRNPCL2,0,0,0.0,0.0
HNRNPCL3,0,0,0.0,0.0
HNRNPCL4,0,0,0.0,0.0
HNRNPD,0,14,0.0,0.0272
HNRNPDL,0,6,0.0,0.0117
HNRNPF,0,22,0.0,0.0428
HNRNPH1,0,16,0.0,0.0311
HNRNPH2,0,11,0.0,0.0214
HNRNPH3,0,0,0.0,0.0
HNRNPLL,0,0,0.0,0.0
HNRNPM,1,16,0.0089,0.0311
HNRNPR,0,11,0.0,0.0214
HNRNPUL1,1,5,0.0089,0.0097
HNRNPUL2,0,0,0.0,0.0
HOATZ,0,0,0.0,0.0
HOGA1,2,3,0.0179,0.0058
HOMER1,2,6,0.0179,0.0117
HOMER2,2,6,0.0179,0.0117
HOMER3,2,6,0.0179,0.0117
HOMEZ,0,0,0.0,0.0
HOOK1,0,0,0.0,0.0
HOOK2,0,0,0.0,0.0
HOOK3,0,0,0.0,0.0
HOPX,0,4,0.0,0.0078
HORMAD1,0,0,0.0,0.0
HORMAD2,0,0,0.0,0.0
HOXA1,1,3,0.0089,0.0058
HOXA10,1,0,0.0089,0.0
HOXA11,1,3,0.0089,0.0058
HOXA13,0,0,0.0,0.0
HOXA2,0,7,0.0,0.0136
HOXA3,0,3,0.0,0.0058
HOXA4,0,3,0.0,0.0058
HOXA5,0,0,0.0,0.0
HOXA6,0,3,0.0,0.0058
HOXA7,0,0,0.0,0.0
HOXA9,1,0,0.0089,0.0
HOXB1,1,3,0.0089,0.0058
HOXB13,0,0,0.0,0.0
HOXB2,0,3,0.0,0.0058
HOXB3,0,3,0.0,0.0058
HOXB4,0,5,0.0,0.0097
HOXB5,0,0,0.0,0.0
HOXB6,0,0,0.0,0.0
HOXB7,0,0,0.0,0.0
HOXB8,0,0,0.0,0.0
HOXB9,0,0,0.0,0.0
HOXC10,0,0,0.0,0.0
HOXC11,0,3,0.0,0.0058
HOXC12,0,0,0.0,0.0
HOXC13,0,0,0.0,0.0
HOXC4,0,3,0.0,0.0058
HOXC5,0,0,0.0,0.0
HOXC6,0,0,0.0,0.0
HOXC8,0,16,0.0,0.0311
HOXC9,0,0,0.0,0.0
HOXD1,1,3,0.0089,0.0058
HOXD10,2,0,0.0179,0.0
HOXD11,0,3,0.0,0.0058
HOXD12,0,0,0.0,0.0
HOXD13,0,0,0.0,0.0
HOXD3,0,3,0.0,0.0058
HOXD4,0,3,0.0,0.0058
HOXD8,0,0,0.0,0.0
HOXD9,0,0,0.0,0.0
HP,0,6,0.0,0.0117
HP11026,0,0,0.0,0.0
HP1BP3,0,0,0.0,0.0
HPCA,0,0,0.0,0.0
HPCAL1,0,0,0.0,0.0
HPCAL4,0,0,0.0,0.0
HPD,3,4,0.0268,0.0078
HPDL,0,4,0.0,0.0078
HPF1,0,0,0.0,0.0
HPGD,1,13,0.0089,0.0253
HPGDS,5,8,0.0446,0.0156
HPN,1,5,0.0089,0.0097
HPR,1,3,0.0089,0.0058
HPRT1,2,11,0.0179,0.0214
HPS1,0,4,0.0,0.0078
HPS3,0,0,0.0,0.0
HPS4,0,4,0.0,0.0078
HPS5,0,0,0.0,0.0
HPS6,0,0,0.0,0.0
HPSE,2,8,0.0179,0.0156
HPSE2,2,5,0.0179,0.0097
HPX,0,3,0.0,0.0058
HR,0,0,0.0,0.0
HRAS,80,151,0.7143,0.2938
HRASLS,0,0,0.0,0.0
HRASLS2,0,0,0.0,0.0
HRASLS5,0,0,0.0,0.0
HRC,2,4,0.0179,0.0078
HRCT1,0,0,0.0,0.0
HRG,0,9,0.0,0.0175
HRH1,3,8,0.0268,0.0156
HRH2,3,8,0.0268,0.0156
HRH3,1,6,0.0089,0.0117
HRH4,1,8,0.0089,0.0156
HRK,1,0,0.0089,0.0
HRNR,0,3,0.0,0.0058
HROB,0,0,0.0,0.0
HRSP12,0,0,0.0,0.0
HS1BP3,0,0,0.0,0.0
HS2ST1,1,5,0.0089,0.0097
HS3ST1,1,5,0.0089,0.0097
HS3ST2,1,5,0.0089,0.0097
HS3ST3A1,1,5,0.0089,0.0097
HS3ST3B1,1,5,0.0089,0.0097
HS3ST4,0,5,0.0,0.0097
HS3ST5,1,5,0.0089,0.0097
HS3ST6,0,5,0.0,0.0097
HS6ST1,1,5,0.0089,0.0097
HS6ST2,1,5,0.0089,0.0097
HS6ST3,1,5,0.0089,0.0097
HSBP1,0,6,0.0,0.0117
HSBP1L1,0,0,0.0,0.0
HSCB,0,10,0.0,0.0195
HSD11B1,3,7,0.0268,0.0136
HSD11B1L,3,0,0.0268,0.0
HSD11B2,2,7,0.0179,0.0136
HSD17B1,2,8,0.0179,0.0156
HSD17B11,0,5,0.0,0.0097
HSD17B12,3,8,0.0268,0.0156
HSD17B13,0,3,0.0,0.0058
HSD17B14,0,5,0.0,0.0097
HSD17B2,2,5,0.0179,0.0097
HSD17B3,1,8,0.0089,0.0156
HSD17B4,3,17,0.0268,0.0331
HSD17B6,2,3,0.0179,0.0058
HSD17B7,3,6,0.0268,0.0117
HSD17B8,2,4,0.0179,0.0078
HSD3B1,5,7,0.0446,0.0136
HSD3B2,5,7,0.0446,0.0136
HSD3B7,1,8,0.0089,0.0156
HSDL1,0,0,0.0,0.0
HSDL2,0,0,0.0,0.0
HSF1,1,12,0.0089,0.0233
HSF2,0,0,0.0,0.0
HSF2BP,0,0,0.0,0.0
HSF4,0,0,0.0,0.0
HSF5,0,0,0.0,0.0
HSFX1,0,0,0.0,0.0
HSFX2,0,0,0.0,0.0
HSFY1,0,0,0.0,0.0
HSFY2,0,0,0.0,0.0
HSH2D,0,0,0.0,0.0
HSP90AA1,14,126,0.125,0.2451
HSP90AB1,14,63,0.125,0.1226
HSP90B1,10,22,0.0893,0.0428
HSPA12A,0,4,0.0,0.0078
HSPA12B,0,4,0.0,0.0078
HSPA13,0,4,0.0,0.0078
HSPA14,0,4,0.0,0.0078
HSPA1A,12,20,0.1071,0.0389
HSPA1B,12,20,0.1071,0.0389
HSPA1L,12,12,0.1071,0.0233
HSPA2,12,16,0.1071,0.0311
HSPA4,3,4,0.0268,0.0078
HSPA4L,1,4,0.0089,0.0078
HSPA5,9,35,0.0804,0.0681
HSPA6,12,7,0.1071,0.0136
HSPA8,12,55,0.1071,0.107
HSPB1,3,12,0.0268,0.0233
HSPB11,0,0,0.0,0.0
HSPB2,1,0,0.0089,0.0
HSPB3,0,0,0.0,0.0
HSPB6,0,0,0.0,0.0
HSPB7,0,0,0.0,0.0
HSPB8,0,4,0.0,0.0078
HSPB9,0,0,0.0,0.0
HSPBAP1,0,0,0.0,0.0
HSPBP1,1,0,0.0089,0.0
HSPE1,0,8,0.0,0.0156
HSPE1-MOB4,0,0,0.0,0.0
HSPG2,3,65,0.0268,0.1265
HSPH1,1,10,0.0089,0.0195
HTATIP2,0,0,0.0,0.0
HTATSF1,0,6,0.0,0.0117
HTN1,1,3,0.0089,0.0058
HTN3,1,3,0.0089,0.0058
HTR1A,4,6,0.0357,0.0117
HTR1B,4,8,0.0357,0.0156
HTR1D,4,8,0.0357,0.0156
HTR1E,4,8,0.0357,0.0156
HTR1F,4,8,0.0357,0.0156
HTR2A,5,8,0.0446,0.0156
HTR2B,5,8,0.0446,0.0156
HTR2C,5,8,0.0446,0.0156
HTR3A,2,3,0.0179,0.0058
HTR3B,2,3,0.0179,0.0058
HTR3C,2,3,0.0179,0.0058
HTR3D,2,3,0.0179,0.0058
HTR3E,2,3,0.0179,0.0058
HTR4,4,8,0.0357,0.0156
HTR5A,3,8,0.0268,0.0156
HTR6,4,8,0.0357,0.0156
HTR7,4,10,0.0357,0.0195
HTRA1,0,2,0.0,0.0039
HTRA2,4,5,0.0357,0.0097
HTRA3,0,0,0.0,0.0
HTRA4,0,0,0.0,0.0
HTT,2,5,0.0179,0.0097
HUNK,0,0,0.0,0.0
HUS1,1,25,0.0089,0.0486
HUS1B,0,0,0.0,0.0
HVCN1,0,7,0.0,0.0136
HYAL1,2,13,0.0179,0.0253
HYAL2,2,5,0.0179,0.0097
HYAL3,2,7,0.0179,0.0136
HYAL4,2,7,0.0179,0.0136
HYCC1,0,0,0.0,0.0
HYCC2,0,0,0.0,0.0
HYDIN,0,0,0.0,0.0
HYI,1,0,0.0089,0.0
HYKK,1,3,0.0089,0.0058
HYLS1,0,0,0.0,0.0
HYOU1,1,17,0.0089,0.0331
HYPM,0,0,0.0,0.0
IAH1,0,0,0.0,0.0
IAPP,2,12,0.0179,0.0233
IARS1,1,10,0.0089,0.0195
IARS2,1,5,0.0089,0.0097
IBA57,0,0,0.0,0.0
IBSP,4,4,0.0357,0.0078
IBTK,0,0,0.0,0.0
ICA1,1,0,0.0089,0.0
ICA1L,0,0,0.0,0.0
ICAM1,17,11,0.1518,0.0214
ICAM2,2,8,0.0179,0.0156
ICAM3,1,8,0.0089,0.0156
ICAM4,0,5,0.0,0.0097
ICAM5,0,5,0.0,0.0097
ICE1,0,6,0.0,0.0117
ICE2,0,6,0.0,0.0117
ICK,0,0,0.0,0.0
ICMT,1,8,0.0089,0.0156
ICOS,4,16,0.0357,0.0311
ICOSLG,2,4,0.0179,0.0078
ICT1,0,0,0.0,0.0
ID1,4,13,0.0357,0.0253
ID2,4,6,0.0357,0.0117
ID3,2,6,0.0179,0.0117
ID4,2,9,0.0179,0.0175
IDE,1,12,0.0089,0.0233
IDH1,4,20,0.0357,0.0389
IDH2,4,9,0.0357,0.0175
IDH3A,1,5,0.0089,0.0097
IDH3B,1,3,0.0089,0.0058
IDH3G,1,5,0.0089,0.0097
IDI1,1,7,0.0089,0.0136
IDI2,1,5,0.0089,0.0097
IDNK,1,0,0.0089,0.0
IDO1,2,3,0.0179,0.0058
IDO2,2,3,0.0179,0.0058
IDS,2,13,0.0179,0.0253
IDUA,2,13,0.0179,0.0253
IER2,0,0,0.0,0.0
IER3,0,5,0.0,0.0097
IER3IP1,0,0,0.0,0.0
IER5,0,0,0.0,0.0
IER5L,0,0,0.0,0.0
IFFO1,0,0,0.0,0.0
IFFO2,0,0,0.0,0.0
IFI16,1,5,0.0089,0.0097
IFI27,0,0,0.0,0.0
IFI27L1,0,0,0.0,0.0
IFI27L2,0,0,0.0,0.0
IFI30,1,6,0.0089,0.0117
IFI35,0,0,0.0,0.0
IFI44,0,4,0.0,0.0078
IFI44L,0,4,0.0,0.0078
IFI6,0,0,0.0,0.0
IFIH1,6,41,0.0536,0.0798
IFIT1,1,0,0.0089,0.0
IFIT1B,1,0,0.0089,0.0
IFIT2,0,0,0.0,0.0
IFIT3,0,0,0.0,0.0
IFIT5,0,0,0.0,0.0
IFITM1,1,6,0.0089,0.0117
IFITM10,0,0,0.0,0.0
IFITM2,0,0,0.0,0.0
IFITM3,0,0,0.0,0.0
IFITM5,0,0,0.0,0.0
IFNA1,24,0,0.2143,0.0
IFNA10,24,25,0.2143,0.0486
IFNA13,24,0,0.2143,0.0
IFNA14,24,25,0.2143,0.0486
IFNA16,24,25,0.2143,0.0486
IFNA17,24,25,0.2143,0.0486
IFNA2,24,25,0.2143,0.0486
IFNA21,24,25,0.2143,0.0486
IFNA4,24,25,0.2143,0.0486
IFNA5,24,25,0.2143,0.0486
IFNA6,24,25,0.2143,0.0486
IFNA7,24,25,0.2143,0.0486
IFNA8,24,25,0.2143,0.0486
IFNAR1,18,21,0.1607,0.0409
IFNAR2,17,21,0.1518,0.0409
IFNB1,27,30,0.2411,0.0584
IFNE,3,0,0.0268,0.0
IFNG,32,23,0.2857,0.0447
IFNGR1,18,16,0.1607,0.0311
IFNGR2,17,16,0.1518,0.0311
IFNK,3,0,0.0268,0.0
IFNL1,2,5,0.0179,0.0097
IFNL2,2,4,0.0179,0.0078
IFNL3,2,4,0.0179,0.0078
IFNL4,0,0,0.0,0.0
IFNLR1,2,5,0.0179,0.0097
IFNW1,3,0,0.0268,0.0
IFRD1,0,0,0.0,0.0
IFRD2,0,0,0.0,0.0
IFT122,0,7,0.0,0.0136
IFT140,0,7,0.0,0.0136
IFT172,0,11,0.0,0.0214
IFT20,0,8,0.0,0.0156
IFT22,0,8,0.0,0.0156
IFT25,0,8,0.0,0.0156
IFT27,0,8,0.0,0.0156
IFT43,0,4,0.0,0.0078
IFT46,0,8,0.0,0.0156
IFT52,0,11,0.0,0.0214
IFT56,0,8,0.0,0.0156
IFT57,2,11,0.0179,0.0214
IFT70A,0,8,0.0,0.0156
IFT70B,0,8,0.0,0.0156
IFT74,0,8,0.0,0.0156
IFT80,0,8,0.0,0.0156
IFT81,0,8,0.0,0.0156
IFT88,0,21,0.0,0.0409
IFTAP,0,0,0.0,0.0
IGDCC3,0,0,0.0,0.0
IGDCC4,0,0,0.0,0.0
IGF1,29,14,0.2589,0.0272
IGF1R,27,14,0.2411,0.0272
IGF2,6,16,0.0536,0.0311
IGF2BP1,1,5,0.0089,0.0097
IGF2BP2,0,2,0.0,0.0039
IGF2BP3,0,2,0.0,0.0039
IGF2R,2,11,0.0179,0.0214
IGFALS,1,2,0.0089,0.0039
IGFBP1,0,14,0.0,0.0272
IGFBP2,0,2,0.0,0.0039
IGFBP3,4,10,0.0357,0.0195
IGFBP4,0,4,0.0,0.0078
IGFBP5,0,4,0.0,0.0078
IGFBP6,0,2,0.0,0.0039
IGFBP7,0,8,0.0,0.0156
IGFBPL1,0,0,0.0,0.0
IGFL1,0,0,0.0,0.0
IGFL2,0,0,0.0,0.0
IGFL3,0,0,0.0,0.0
IGFL4,0,0,0.0,0.0
IGFLR1,0,0,0.0,0.0
IGFN1,0,0,0.0,0.0
IGH,0,0,0.0,0.0
IGHMBP2,0,0,0.0,0.0
IGIP,0,0,0.0,0.0
IGK,0,0,0.0,0.0
IGLL1,1,2,0.0089,0.0039
IGLL5,0,0,0.0,0.0
IGLON5,0,0,0.0,0.0
IGSF1,0,0,0.0,0.0
IGSF10,0,0,0.0,0.0
IGSF11,1,0,0.0089,0.0
IGSF21,0,0,0.0,0.0
IGSF22,0,0,0.0,0.0
IGSF23,0,0,0.0,0.0
IGSF3,0,0,0.0,0.0
IGSF5,2,0,0.0179,0.0
IGSF6,0,0,0.0,0.0
IGSF8,0,0,0.0,0.0
IGSF9,0,0,0.0,0.0
IGSF9B,0,0,0.0,0.0
IHH,2,29,0.0179,0.0564
IHO1,0,0,0.0,0.0
IK,0,4,0.0,0.0078
IKBIP,0,24,0.0,0.0467
IKBKAP,0,0,0.0,0.0
IKBKB,56,87,0.5,0.1693
IKBKE,16,42,0.1429,0.0817
IKBKG,49,93,0.4375,0.1809
IKZF1,0,10,0.0,0.0195
IKZF2,0,6,0.0,0.0117
IKZF3,0,6,0.0,0.0117
IKZF4,0,0,0.0,0.0
IKZF5,0,0,0.0,0.0
IL10,22,19,0.1964,0.037
IL10RA,6,9,0.0536,0.0175
IL10RB,6,6,0.0536,0.0117
IL11,4,5,0.0357,0.0097
IL11RA,3,5,0.0268,0.0097
IL12A,24,13,0.2143,0.0253
IL12B,24,14,0.2143,0.0272
IL12RB1,6,12,0.0536,0.0233
IL12RB2,5,14,0.0446,0.0272
IL13,8,0,0.0714,0.0
IL13RA1,3,4,0.0268,0.0078
IL13RA2,2,4,0.0179,0.0078
IL15,7,10,0.0625,0.0195
IL15RA,5,10,0.0446,0.0195
IL16,1,4,0.0089,0.0078
IL17A,5,12,0.0446,0.0233
IL17B,2,0,0.0179,0.0
IL17C,2,4,0.0179,0.0078
IL17D,5,0,0.0446,0.0
IL17F,4,12,0.0357,0.0233
IL17RA,2,11,0.0179,0.0214
IL17RB,2,4,0.0179,0.0078
IL17RC,2,11,0.0179,0.0214
IL17RD,0,5,0.0,0.0097
IL17RE,2,4,0.0179,0.0078
IL17REL,0,0,0.0,0.0
IL18,16,0,0.1429,0.0
IL18BP,0,6,0.0,0.0117
IL18R1,4,6,0.0357,0.0117
IL18RAP,3,5,0.0268,0.0097
IL19,3,4,0.0268,0.0078
IL1A,21,21,0.1875,0.0409
IL1B,42,0,0.375,0.0
IL1F10,1,6,0.0089,0.0117
IL1R1,13,11,0.1161,0.0214
IL1R2,7,6,0.0625,0.0117
IL1RAP,4,15,0.0357,0.0292
IL1RAPL1,0,8,0.0,0.0156
IL1RAPL2,0,3,0.0,0.0058
IL1RL1,1,10,0.0089,0.0195
IL1RL2,1,6,0.0089,0.0117
IL1RN,1,6,0.0089,0.0117
IL2,20,16,0.1786,0.0311
IL20,3,4,0.0268,0.0078
IL20RA,3,4,0.0268,0.0078
IL20RB,3,4,0.0268,0.0078
IL21,4,5,0.0357,0.0097
IL21R,4,5,0.0357,0.0097
IL22,4,8,0.0357,0.0156
IL22RA1,3,4,0.0268,0.0078
IL22RA2,1,4,0.0089,0.0078
IL23A,9,11,0.0804,0.0214
IL23R,5,11,0.0446,0.0214
IL24,3,4,0.0268,0.0078
IL25,2,4,0.0179,0.0078
IL26,1,4,0.0089,0.0078
IL27,1,10,0.0089,0.0195
IL27RA,3,11,0.0268,0.0214
IL2RA,11,16,0.0982,0.0311
IL2RB,11,17,0.0982,0.0331
IL2RG,12,25,0.1071,0.0486
IL3,10,15,0.0893,0.0292
IL31,1,5,0.0089,0.0097
IL31RA,1,5,0.0089,0.0097
IL32,1,9,0.0089,0.0175
IL33,4,14,0.0357,0.0272
IL34,2,7,0.0179,0.0136
IL36A,1,5,0.0089,0.0097
IL36B,1,5,0.0089,0.0097
IL36G,1,5,0.0089,0.0097
IL36RN,1,5,0.0089,0.0097
IL37,2,6,0.0179,0.0117
IL3RA,6,10,0.0536,0.0195
IL4,16,9,0.1429,0.0175
IL4I1,7,4,0.0625,0.0078
IL4R,8,7,0.0714,0.0136
IL5,13,13,0.1161,0.0253
IL5RA,4,10,0.0357,0.0195
IL6,48,38,0.4286,0.0739
IL6R,11,24,0.0982,0.0467
IL6ST,9,32,0.0804,0.0623
IL7,5,8,0.0446,0.0156
IL7R,7,12,0.0625,0.0233
IL9,3,5,0.0268,0.0097
IL9R,3,5,0.0268,0.0097
ILDR1,0,0,0.0,0.0
ILDR2,0,0,0.0,0.0
ILF2,0,7,0.0,0.0136
ILK,6,4,0.0536,0.0078
ILKAP,0,0,0.0,0.0
ILRUN,0,0,0.0,0.0
ILVBL,0,0,0.0,0.0
IMMP1L,1,0,0.0089,0.0
IMMP2L,1,0,0.0089,0.0
IMMT,0,3,0.0,0.0058
IMPA1,2,3,0.0179,0.0058
IMPA2,2,3,0.0179,0.0058
IMPACT,0,4,0.0,0.0078
IMPAD1,0,0,0.0,0.0
IMPDH1,2,14,0.0179,0.0272
IMPDH2,2,14,0.0179,0.0272
IMPG1,0,0,0.0,0.0
IMPG2,0,0,0.0,0.0
INA,0,0,0.0,0.0
INADL,0,0,0.0,0.0
INAFM1,0,0,0.0,0.0
INAFM2,0,0,0.0,0.0
INAVA,0,0,0.0,0.0
INCA1,0,0,0.0,0.0
INCENP,0,23,0.0,0.0447
INF2,0,0,0.0,0.0
ING1,0,0,0.0,0.0
ING2,0,12,0.0,0.0233
ING3,0,3,0.0,0.0058
ING4,0,3,0.0,0.0058
ING5,0,9,0.0,0.0175
INHA,1,13,0.0089,0.0253
INHBA,3,14,0.0268,0.0272
INHBB,3,11,0.0268,0.0214
INHBC,3,4,0.0268,0.0078
INHBE,3,4,0.0268,0.0078
INIP,0,0,0.0,0.0
INKA1,0,0,0.0,0.0
INKA2,0,0,0.0,0.0
INMT,2,4,0.0179,0.0078
INO80,0,8,0.0,0.0156
INO80B,0,8,0.0,0.0156
INO80C,0,8,0.0,0.0156
INO80D,0,8,0.0,0.0156
INO80E,0,8,0.0,0.0156
INPP1,2,3,0.0179,0.0058
INPP4A,2,8,0.0179,0.0156
INPP4B,2,8,0.0179,0.0156
INPP5A,3,3,0.0268,0.0058
INPP5B,2,4,0.0179,0.0078
INPP5D,5,22,0.0446,0.0428
INPP5E,2,10,0.0179,0.0195
INPP5F,2,5,0.0179,0.0097
INPP5J,1,8,0.0089,0.0156
INPP5K,1,5,0.0089,0.0097
INPPL1,5,16,0.0446,0.0311
INS,30,44,0.2679,0.0856
INS-IGF2,0,0,0.0,0.0
INSC,0,0,0.0,0.0
INSIG1,0,4,0.0,0.0078
INSIG2,0,4,0.0,0.0078
INSL3,2,8,0.0179,0.0156
INSL4,0,0,0.0,0.0
INSL5,2,8,0.0179,0.0156
INSL6,0,0,0.0,0.0
INSM1,0,3,0.0,0.0058
INSM2,0,0,0.0,0.0
INSR,22,11,0.1964,0.0214
INSRR,2,0,0.0179,0.0
INSYN1,0,0,0.0,0.0
INSYN2A,0,0,0.0,0.0
INSYN2B,0,0,0.0,0.0
INTS10,0,6,0.0,0.0117
INTS11,0,6,0.0,0.0117
INTS12,0,6,0.0,0.0117
INTS13,0,6,0.0,0.0117
INTS14,0,6,0.0,0.0117
INTS15,0,0,0.0,0.0
INTS2,0,6,0.0,0.0117
INTS4,0,6,0.0,0.0117
INTS5,0,6,0.0,0.0117
INTS6,0,6,0.0,0.0117
INTS6L,0,0,0.0,0.0
INTS7,0,6,0.0,0.0117
INTU,0,3,0.0,0.0058
INVS,1,0,0.0089,0.0
IP6K1,1,4,0.0089,0.0078
IP6K2,1,7,0.0089,0.0136
IP6K3,1,3,0.0089,0.0058
IPCEF1,0,0,0.0,0.0
IPMK,2,3,0.0179,0.0058
IPO11,0,0,0.0,0.0
IPO4,0,0,0.0,0.0
IPO5,0,6,0.0,0.0117
IPO7,0,6,0.0,0.0117
IPO8,0,3,0.0,0.0058
IPO9,0,0,0.0,0.0
IPP,0,0,0.0,0.0
IPPK,2,4,0.0179,0.0078
IQCA1,0,0,0.0,0.0
IQCA1L,0,0,0.0,0.0
IQCB1,0,4,0.0,0.0078
IQCC,0,0,0.0,0.0
IQCD,0,0,0.0,0.0
IQCE,1,4,0.0089,0.0078
IQCF1,0,0,0.0,0.0
IQCF2,0,0,0.0,0.0
IQCF3,0,0,0.0,0.0
IQCF5,0,0,0.0,0.0
IQCF6,0,0,0.0,0.0
IQCG,0,0,0.0,0.0
IQCH,0,0,0.0,0.0
IQCJ,0,0,0.0,0.0
IQCJ-SCHIP1,0,0,0.0,0.0
IQCK,0,0,0.0,0.0
IQCN,0,0,0.0,0.0
IQGAP1,3,37,0.0268,0.072
IQGAP2,1,12,0.0089,0.0233
IQGAP3,1,13,0.0089,0.0253
IQSEC1,1,0,0.0089,0.0
IQSEC2,1,0,0.0089,0.0
IQSEC3,1,5,0.0089,0.0097
IQUB,0,0,0.0,0.0
IRAG1,2,4,0.0179,0.0078
IRAG2,0,3,0.0,0.0058
IRAK1,19,58,0.1696,0.1128
IRAK1BP1,0,0,0.0,0.0
IRAK2,2,42,0.0179,0.0817
IRAK3,1,12,0.0089,0.0233
IRAK4,21,30,0.1875,0.0584
IREB2,0,2,0.0,0.0039
IRF1,5,15,0.0446,0.0292
IRF2,0,10,0.0,0.0195
IRF2BP1,0,0,0.0,0.0
IRF2BP2,0,0,0.0,0.0
IRF2BPL,0,0,0.0,0.0
IRF3,20,44,0.1786,0.0856
IRF4,1,19,0.0089,0.037
IRF5,1,10,0.0089,0.0195
IRF6,0,5,0.0,0.0097
IRF7,13,29,0.1161,0.0564
IRF8,1,5,0.0089,0.0097
IRF9,14,5,0.125,0.0097
IRG1,0,0,0.0,0.0
IRGC,0,0,0.0,0.0
IRGM,1,0,0.0089,0.0
IRGQ,0,0,0.0,0.0
IRS1,20,52,0.1786,0.1012
IRS2,15,58,0.1339,0.1128
IRS4,12,5,0.1071,0.0097
IRX1,0,3,0.0,0.0058
IRX2,0,3,0.0,0.0058
IRX3,0,0,0.0,0.0
IRX4,0,0,0.0,0.0
IRX5,0,0,0.0,0.0
IRX6,0,0,0.0,0.0
ISCA1,0,5,0.0,0.0097
ISCA2,0,5,0.0,0.0097
ISG15,4,26,0.0357,0.0506
ISG20,0,0,0.0,0.0
ISL1,1,10,0.0089,0.0195
ISL2,0,0,0.0,0.0
ISLR,0,4,0.0,0.0078
ISLR2,0,0,0.0,0.0
ISM1,0,0,0.0,0.0
ISM2,0,0,0.0,0.0
ISOC1,0,0,0.0,0.0
ISOC2,0,0,0.0,0.0
ISPD,0,0,0.0,0.0
IST1,1,10,0.0089,0.0195
ISX,0,0,0.0,0.0
ISY1,1,15,0.0089,0.0292
ISY1-RAB43,1,15,0.0089,0.0292
ISYNA1,1,3,0.0089,0.0058
ITCH,4,40,0.0357,0.0778
ITFG1,0,0,0.0,0.0
ITFG2,0,4,0.0,0.0078
ITFG3,0,0,0.0,0.0
ITGA1,9,16,0.0804,0.0311
ITGA10,8,11,0.0714,0.0214
ITGA11,8,4,0.0714,0.0078
ITGA2,14,25,0.125,0.0486
ITGA2B,15,38,0.1339,0.0739
ITGA3,11,13,0.0982,0.0253
ITGA4,14,19,0.125,0.037
ITGA5,17,32,0.1518,0.0623
ITGA6,13,25,0.1161,0.0486
ITGA7,8,6,0.0714,0.0117
ITGA8,9,14,0.0804,0.0272
ITGA9,9,10,0.0804,0.0195
ITGAD,1,2,0.0089,0.0039
ITGAE,1,2,0.0089,0.0039
ITGAL,12,14,0.1071,0.0272
ITGAM,16,12,0.1429,0.0233
ITGAV,16,41,0.1429,0.0798
ITGAX,3,11,0.0268,0.0214
ITGB1,25,86,0.2232,0.1673
ITGB1BP1,0,0,0.0,0.0
ITGB1BP2,0,0,0.0,0.0
ITGB2,19,14,0.1696,0.0272
ITGB3,20,56,0.1786,0.1089
ITGB3BP,0,30,0.0,0.0584
ITGB4,8,13,0.0714,0.0253
ITGB5,10,22,0.0893,0.0428
ITGB6,8,9,0.0714,0.0175
ITGB7,11,5,0.0982,0.0097
ITGB8,9,8,0.0804,0.0156
ITGBL1,0,5,0.0,0.0097
ITIH1,0,0,0.0,0.0
ITIH2,0,4,0.0,0.0078
ITIH3,0,4,0.0,0.0078
ITIH4,0,4,0.0,0.0078
ITIH5,0,0,0.0,0.0
ITIH6,0,0,0.0,0.0
ITK,3,11,0.0268,0.0214
ITLN1,0,3,0.0,0.0058
ITLN2,0,0,0.0,0.0
ITM2A,0,0,0.0,0.0
ITM2B,0,2,0.0,0.0039
ITM2C,0,0,0.0,0.0
ITPA,2,6,0.0179,0.0117
ITPK1,2,6,0.0179,0.0117
ITPKA,3,3,0.0268,0.0058
ITPKB,3,3,0.0268,0.0058
ITPKC,3,3,0.0268,0.0058
ITPR1,49,64,0.4375,0.1245
ITPR2,45,62,0.4018,0.1206
ITPR3,49,65,0.4375,0.1265
ITPRID1,0,0,0.0,0.0
ITPRID2,0,0,0.0,0.0
ITPRIP,0,0,0.0,0.0
ITPRIPL1,0,0,0.0,0.0
ITPRIPL2,0,0,0.0,0.0
ITSN1,0,28,0.0,0.0545
ITSN2,0,9,0.0,0.0175
IVD,1,7,0.0089,0.0136
IVL,0,6,0.0,0.0117
IVNS1ABP,0,0,0.0,0.0
IWS1,0,5,0.0,0.0097
IYD,1,4,0.0089,0.0078
IZUMO1,0,3,0.0,0.0058
IZUMO1R,1,3,0.0089,0.0058
IZUMO2,0,3,0.0,0.0058
IZUMO3,0,3,0.0,0.0058
IZUMO4,0,3,0.0,0.0058
JADE1,0,3,0.0,0.0058
JADE2,0,3,0.0,0.0058
JADE3,0,3,0.0,0.0058
JAG1,7,40,0.0625,0.0778
JAG2,4,27,0.0357,0.0525
JAGN1,0,0,0.0,0.0
JAK1,26,84,0.2321,0.1634
JAK2,22,96,0.1964,0.1868
JAK3,15,30,0.1339,0.0584
JAKMIP1,0,0,0.0,0.0
JAKMIP2,0,0,0.0,0.0
JAKMIP3,0,0,0.0,0.0
JAM2,4,4,0.0357,0.0078
JAM3,4,4,0.0357,0.0078
JAML,0,5,0.0,0.0097
JARID2,1,3,0.0089,0.0058
JAZF1,0,0,0.0,0.0
JCAD,0,0,0.0,0.0
JCHAIN,0,5,0.0,0.0097
JDP2,0,0,0.0,0.0
JHY,0,0,0.0,0.0
JKAMP,0,0,0.0,0.0
JMJD1C,1,2,0.0089,0.0039
JMJD4,0,4,0.0,0.0078
JMJD6,0,7,0.0,0.0136
JMJD7,0,4,0.0,0.0078
JMJD7-PLA2G4B,22,0,0.1964,0.0
JMJD8,0,0,0.0,0.0
JMY,0,0,0.0,0.0
JOSD1,0,4,0.0,0.0078
JOSD2,0,4,0.0,0.0078
JPH1,0,0,0.0,0.0
JPH2,0,0,0.0,0.0
JPH3,0,0,0.0,0.0
JPH4,0,0,0.0,0.0
JPT1,0,0,0.0,0.0
JPT2,0,0,0.0,0.0
JRK,0,0,0.0,0.0
JRKL,0,0,0.0,0.0
JSRP1,0,0,0.0,0.0
JTB,0,0,0.0,0.0
JUN,53,78,0.4732,0.1518
JUNB,3,28,0.0268,0.0545
JUND,4,21,0.0357,0.0409
JUP,5,48,0.0446,0.0934
KAAG1,0,0,0.0,0.0
KALRN,0,22,0.0,0.0428
KANK1,0,8,0.0,0.0156
KANK2,0,0,0.0,0.0
KANK3,0,0,0.0,0.0
KANK4,0,0,0.0,0.0
KANSL1,0,7,0.0,0.0136
KANSL1L,0,0,0.0,0.0
KANSL2,0,7,0.0,0.0136
KARS1,1,11,0.0089,0.0214
KASH5,0,0,0.0,0.0
KAT14,0,7,0.0,0.0136
KAT2A,4,59,0.0357,0.1148
KAT2B,4,69,0.0357,0.1342
KAT5,2,56,0.0179,0.1089
KAT6A,1,9,0.0089,0.0175
KAT6B,0,3,0.0,0.0058
KAT7,0,3,0.0,0.0058
KATNA1,0,0,0.0,0.0
KATNAL1,0,0,0.0,0.0
KATNAL2,0,0,0.0,0.0
KATNB1,0,0,0.0,0.0
KATNBL1,0,0,0.0,0.0
KATNIP,0,0,0.0,0.0
KAZALD1,0,0,0.0,0.0
KAZN,0,3,0.0,0.0058
KBTBD11,0,0,0.0,0.0
KBTBD12,0,0,0.0,0.0
KBTBD13,0,7,0.0,0.0136
KBTBD2,0,0,0.0,0.0
KBTBD3,0,0,0.0,0.0
KBTBD4,0,0,0.0,0.0
KBTBD6,0,7,0.0,0.0136
KBTBD7,0,12,0.0,0.0233
KBTBD8,0,7,0.0,0.0136
KCMF1,0,3,0.0,0.0058
KCNA1,0,3,0.0,0.0058
KCNA10,0,3,0.0,0.0058
KCNA2,0,3,0.0,0.0058
KCNA3,0,3,0.0,0.0058
KCNA4,2,3,0.0179,0.0058
KCNA5,0,6,0.0,0.0117
KCNA6,0,3,0.0,0.0058
KCNA7,0,3,0.0,0.0058
KCNAB1,0,3,0.0,0.0058
KCNAB2,0,6,0.0,0.0117
KCNAB3,0,3,0.0,0.0058
KCNB1,0,7,0.0,0.0136
KCNB2,0,3,0.0,0.0058
KCNC1,0,3,0.0,0.0058
KCNC2,0,7,0.0,0.0136
KCNC3,1,3,0.0089,0.0058
KCNC4,0,3,0.0,0.0058
KCND1,0,6,0.0,0.0117
KCND2,1,6,0.0089,0.0117
KCND3,1,6,0.0089,0.0117
KCNE1,1,4,0.0089,0.0078
KCNE2,1,4,0.0089,0.0078
KCNE3,1,4,0.0089,0.0078
KCNE4,0,4,0.0,0.0078
KCNE5,0,4,0.0,0.0078
KCNF1,0,3,0.0,0.0058
KCNG1,0,3,0.0,0.0058
KCNG2,0,7,0.0,0.0136
KCNG3,0,3,0.0,0.0058
KCNG4,0,3,0.0,0.0058
KCNH1,0,3,0.0,0.0058
KCNH2,0,6,0.0,0.0117
KCNH3,0,3,0.0,0.0058
KCNH4,0,3,0.0,0.0058
KCNH5,0,3,0.0,0.0058
KCNH6,0,3,0.0,0.0058
KCNH7,0,3,0.0,0.0058
KCNH8,0,3,0.0,0.0058
KCNIP1,0,3,0.0,0.0058
KCNIP2,0,3,0.0,0.0058
KCNIP3,0,9,0.0,0.0175
KCNIP4,0,3,0.0,0.0058
KCNJ1,2,4,0.0179,0.0078
KCNJ10,2,12,0.0179,0.0233
KCNJ11,3,17,0.0268,0.0331
KCNJ12,2,15,0.0179,0.0292
KCNJ13,1,0,0.0089,0.0
KCNJ14,2,7,0.0179,0.0136
KCNJ15,1,11,0.0089,0.0214
KCNJ16,1,12,0.0089,0.0233
KCNJ18,2,0,0.0179,0.0
KCNJ2,4,18,0.0357,0.035
KCNJ3,10,11,0.0893,0.0214
KCNJ4,2,15,0.0179,0.0292
KCNJ5,9,11,0.0804,0.0214
KCNJ6,10,11,0.0893,0.0214
KCNJ8,1,4,0.0089,0.0078
KCNJ9,8,11,0.0714,0.0214
KCNK1,0,7,0.0,0.0136
KCNK10,1,7,0.0089,0.0136
KCNK12,0,3,0.0,0.0058
KCNK13,0,7,0.0,0.0136
KCNK15,0,3,0.0,0.0058
KCNK16,0,7,0.0,0.0136
KCNK17,0,7,0.0,0.0136
KCNK18,0,7,0.0,0.0136
KCNK2,3,7,0.0268,0.0136
KCNK3,3,7,0.0268,0.0136
KCNK4,0,7,0.0,0.0136
KCNK5,2,3,0.0179,0.0058
KCNK6,0,7,0.0,0.0136
KCNK7,0,7,0.0,0.0136
KCNK9,1,7,0.0089,0.0136
KCNMA1,6,12,0.0536,0.0233
KCNMB1,3,12,0.0268,0.0233
KCNMB2,3,7,0.0268,0.0136
KCNMB3,3,7,0.0268,0.0136
KCNMB4,3,7,0.0268,0.0136
KCNN1,2,3,0.0179,0.0058
KCNN2,4,7,0.0357,0.0136
KCNN3,2,3,0.0179,0.0058
KCNN4,4,3,0.0357,0.0058
KCNQ1,6,7,0.0536,0.0136
KCNQ2,1,8,0.0089,0.0156
KCNQ3,1,8,0.0089,0.0156
KCNQ4,1,7,0.0089,0.0136
KCNQ5,1,3,0.0089,0.0058
KCNRG,0,0,0.0,0.0
KCNS1,0,3,0.0,0.0058
KCNS2,0,3,0.0,0.0058
KCNS3,0,7,0.0,0.0136
KCNT1,0,0,0.0,0.0
KCNT2,0,0,0.0,0.0
KCNU1,3,3,0.0268,0.0058
KCNV1,0,3,0.0,0.0058
KCNV2,0,3,0.0,0.0058
KCP,0,0,0.0,0.0
KCTD1,0,5,0.0,0.0097
KCTD10,0,0,0.0,0.0
KCTD11,0,0,0.0,0.0
KCTD12,0,0,0.0,0.0
KCTD13,0,6,0.0,0.0117
KCTD14,0,0,0.0,0.0
KCTD15,0,5,0.0,0.0097
KCTD16,0,0,0.0,0.0
KCTD17,0,0,0.0,0.0
KCTD18,0,0,0.0,0.0
KCTD19,0,0,0.0,0.0
KCTD2,0,0,0.0,0.0
KCTD20,0,0,0.0,0.0
KCTD21,0,0,0.0,0.0
KCTD3,0,5,0.0,0.0097
KCTD4,0,0,0.0,0.0
KCTD5,0,0,0.0,0.0
KCTD6,0,16,0.0,0.0311
KCTD7,0,7,0.0,0.0136
KCTD8,0,0,0.0,0.0
KCTD9,0,0,0.0,0.0
KDELC1,0,0,0.0,0.0
KDELC2,0,0,0.0,0.0
KDELR1,1,16,0.0089,0.0311
KDELR2,1,11,0.0089,0.0214
KDELR3,1,16,0.0089,0.0311
KDF1,0,0,0.0,0.0
KDM1A,1,36,0.0089,0.07
KDM1B,0,11,0.0,0.0214
KDM2A,0,3,0.0,0.0058
KDM2B,0,3,0.0,0.0058
KDM3A,1,7,0.0089,0.0136
KDM3B,1,3,0.0089,0.0058
KDM4A,0,11,0.0,0.0214
KDM4B,0,11,0.0,0.0214
KDM4C,0,9,0.0,0.0175
KDM4D,0,3,0.0,0.0058
KDM4E,0,3,0.0,0.0058
KDM5A,0,6,0.0,0.0117
KDM5B,0,11,0.0,0.0214
KDM5C,0,3,0.0,0.0058
KDM5D,0,3,0.0,0.0058
KDM6A,1,19,0.0089,0.037
KDM6B,0,10,0.0,0.0195
KDM7A,0,7,0.0,0.0136
KDM8,0,4,0.0,0.0078
KDR,9,22,0.0804,0.0428
KDSR,1,4,0.0089,0.0078
KEAP1,4,19,0.0357,0.037
KEL,0,5,0.0,0.0097
KERA,0,13,0.0,0.0253
KGD4,0,18,0.0,0.035
KHDC1,0,0,0.0,0.0
KHDC1L,0,0,0.0,0.0
KHDC3L,0,0,0.0,0.0
KHDC4,0,0,0.0,0.0
KHDRBS1,0,4,0.0,0.0078
KHDRBS2,0,4,0.0,0.0078
KHDRBS3,0,4,0.0,0.0078
KHK,1,8,0.0089,0.0156
KHNYN,0,0,0.0,0.0
KHSRP,0,11,0.0,0.0214
KIAA0020,0,0,0.0,0.0
KIAA0040,0,0,0.0,0.0
KIAA0100,0,0,0.0,0.0
KIAA0101,0,0,0.0,0.0
KIAA0141,0,0,0.0,0.0
KIAA0195,0,0,0.0,0.0
KIAA0196,0,0,0.0,0.0
KIAA0226,0,0,0.0,0.0
KIAA0226L,0,0,0.0,0.0
KIAA0232,0,0,0.0,0.0
KIAA0319,0,4,0.0,0.0078
KIAA0319L,0,0,0.0,0.0
KIAA0355,0,0,0.0,0.0
KIAA0368,0,0,0.0,0.0
KIAA0391,0,0,0.0,0.0
KIAA0408,0,0,0.0,0.0
KIAA0430,0,0,0.0,0.0
KIAA0513,0,0,0.0,0.0
KIAA0556,0,0,0.0,0.0
KIAA0586,0,0,0.0,0.0
KIAA0753,0,0,0.0,0.0
KIAA0754,0,0,0.0,0.0
KIAA0825,0,0,0.0,0.0
KIAA0895,0,0,0.0,0.0
KIAA0895L,0,0,0.0,0.0
KIAA0907,0,0,0.0,0.0
KIAA0922,0,0,0.0,0.0
KIAA0930,0,0,0.0,0.0
KIAA1024,0,0,0.0,0.0
KIAA1024L,0,0,0.0,0.0
KIAA1033,0,0,0.0,0.0
KIAA1045,0,0,0.0,0.0
KIAA1107,0,0,0.0,0.0
KIAA1109,0,0,0.0,0.0
KIAA1143,0,0,0.0,0.0
KIAA1147,0,0,0.0,0.0
KIAA1161,0,0,0.0,0.0
KIAA1191,0,0,0.0,0.0
KIAA1210,0,0,0.0,0.0
KIAA1211,0,0,0.0,0.0
KIAA1211L,0,0,0.0,0.0
KIAA1217,0,0,0.0,0.0
KIAA1257,0,0,0.0,0.0
KIAA1324,0,0,0.0,0.0
KIAA1324L,0,0,0.0,0.0
KIAA1328,0,0,0.0,0.0
KIAA1407,0,0,0.0,0.0
KIAA1429,0,0,0.0,0.0
KIAA1456,0,0,0.0,0.0
KIAA1462,0,0,0.0,0.0
KIAA1467,0,0,0.0,0.0
KIAA1468,0,0,0.0,0.0
KIAA1522,0,0,0.0,0.0
KIAA1524,0,0,0.0,0.0
KIAA1549,0,4,0.0,0.0078
KIAA1549L,0,0,0.0,0.0
KIAA1551,0,0,0.0,0.0
KIAA1586,0,0,0.0,0.0
KIAA1598,0,0,0.0,0.0
KIAA1614,0,0,0.0,0.0
KIAA1644,0,0,0.0,0.0
KIAA1671,0,0,0.0,0.0
KIAA1683,0,0,0.0,0.0
KIAA1715,0,0,0.0,0.0
KIAA1755,0,0,0.0,0.0
KIAA1804,0,0,0.0,0.0
KIAA1841,0,0,0.0,0.0
KIAA1919,0,0,0.0,0.0
KIAA1958,0,0,0.0,0.0
KIAA2012,0,0,0.0,0.0
KIAA2013,0,0,0.0,0.0
KIAA2018,0,0,0.0,0.0
KIAA2022,0,0,0.0,0.0
KIAA2026,0,0,0.0,0.0
KICS2,0,4,0.0,0.0078
KIDINS220,1,19,0.0089,0.037
KIF12,0,8,0.0,0.0156
KIF13A,0,4,0.0,0.0078
KIF13B,0,8,0.0,0.0156
KIF14,0,8,0.0,0.0156
KIF15,0,14,0.0,0.0272
KIF16B,0,8,0.0,0.0156
KIF17,0,9,0.0,0.0175
KIF18A,0,32,0.0,0.0623
KIF18B,0,8,0.0,0.0156
KIF19,0,8,0.0,0.0156
KIF1A,0,8,0.0,0.0156
KIF1B,0,8,0.0,0.0156
KIF1BP,0,0,0.0,0.0
KIF1C,0,8,0.0,0.0156
KIF20A,0,15,0.0,0.0292
KIF20B,0,8,0.0,0.0156
KIF21A,0,8,0.0,0.0156
KIF21B,0,8,0.0,0.0156
KIF22,1,11,0.0089,0.0214
KIF24,0,4,0.0,0.0078
KIF25,0,8,0.0,0.0156
KIF26A,0,11,0.0,0.0214
KIF26B,0,8,0.0,0.0156
KIF27,0,8,0.0,0.0156
KIF28P,0,0,0.0,0.0
KIF2A,0,29,0.0,0.0564
KIF2B,0,29,0.0,0.0564
KIF2C,0,29,0.0,0.0564
KIF3A,1,30,0.0089,0.0584
KIF3B,0,21,0.0,0.0409
KIF3C,0,18,0.0,0.035
KIF4A,0,21,0.0,0.0409
KIF4B,0,21,0.0,0.0409
KIF5A,10,19,0.0893,0.037
KIF5B,10,23,0.0893,0.0447
KIF5C,10,3,0.0893,0.0058
KIF6,0,8,0.0,0.0156
KIF7,3,4,0.0268,0.0078
KIF9,0,11,0.0,0.0214
KIFAP3,0,21,0.0,0.0409
KIFBP,0,0,0.0,0.0
KIFC1,0,11,0.0,0.0214
KIFC2,0,8,0.0,0.0156
KIFC3,0,4,0.0,0.0078
KIN,0,3,0.0,0.0058
KIR2DL1,3,3,0.0268,0.0058
KIR2DL2,3,3,0.0268,0.0058
KIR2DL3,3,3,0.0268,0.0058
KIR2DL4,2,3,0.0179,0.0058
KIR2DS4,2,3,0.0179,0.0058
KIR3DL1,3,3,0.0268,0.0058
KIR3DL2,3,3,0.0268,0.0058
KIR3DL3,3,0,0.0268,0.0
KIRREL,0,0,0.0,0.0
KIRREL1,0,4,0.0,0.0078
KIRREL2,0,2,0.0,0.0039
KIRREL3,0,2,0.0,0.0039
KISS1,2,7,0.0179,0.0136
KISS1R,2,7,0.0179,0.0136
KIT,11,46,0.0982,0.0895
KITLG,8,22,0.0714,0.0428
KIZ,0,0,0.0,0.0
KL,5,30,0.0446,0.0584
KLB,1,30,0.0089,0.0584
KLC1,7,20,0.0625,0.0389
KLC2,7,16,0.0625,0.0311
KLC3,7,16,0.0625,0.0311
KLC4,7,16,0.0625,0.0311
KLF1,0,0,0.0,0.0
KLF10,0,0,0.0,0.0
KLF11,0,0,0.0,0.0
KLF12,0,0,0.0,0.0
KLF13,0,3,0.0,0.0058
KLF14,0,0,0.0,0.0
KLF15,0,2,0.0,0.0039
KLF16,0,4,0.0,0.0078
KLF17,0,0,0.0,0.0
KLF2,3,0,0.0268,0.0
KLF3,1,0,0.0089,0.0
KLF4,1,22,0.0089,0.0428
KLF5,0,4,0.0,0.0078
KLF6,0,0,0.0,0.0
KLF7,0,0,0.0,0.0
KLF8,0,0,0.0,0.0
KLF9,0,9,0.0,0.0175
KLHDC1,0,0,0.0,0.0
KLHDC10,0,4,0.0,0.0078
KLHDC2,0,0,0.0,0.0
KLHDC3,0,5,0.0,0.0097
KLHDC4,0,0,0.0,0.0
KLHDC7A,0,0,0.0,0.0
KLHDC7B,0,0,0.0,0.0
KLHDC8A,0,0,0.0,0.0
KLHDC8B,0,0,0.0,0.0
KLHDC9,0,0,0.0,0.0
KLHL1,0,0,0.0,0.0
KLHL10,0,0,0.0,0.0
KLHL11,0,7,0.0,0.0136
KLHL12,0,4,0.0,0.0078
KLHL13,1,7,0.0089,0.0136
KLHL14,0,0,0.0,0.0
KLHL15,0,0,0.0,0.0
KLHL17,0,0,0.0,0.0
KLHL18,0,0,0.0,0.0
KLHL2,0,7,0.0,0.0136
KLHL20,0,7,0.0,0.0136
KLHL21,0,7,0.0,0.0136
KLHL22,0,7,0.0,0.0136
KLHL23,0,0,0.0,0.0
KLHL24,0,0,0.0,0.0
KLHL25,0,7,0.0,0.0136
KLHL26,0,0,0.0,0.0
KLHL28,0,0,0.0,0.0
KLHL29,0,0,0.0,0.0
KLHL3,0,7,0.0,0.0136
KLHL30,0,0,0.0,0.0
KLHL31,0,0,0.0,0.0
KLHL32,0,0,0.0,0.0
KLHL33,0,0,0.0,0.0
KLHL34,0,0,0.0,0.0
KLHL35,0,0,0.0,0.0
KLHL36,0,0,0.0,0.0
KLHL38,0,0,0.0,0.0
KLHL4,0,0,0.0,0.0
KLHL40,0,0,0.0,0.0
KLHL41,0,7,0.0,0.0136
KLHL42,0,7,0.0,0.0136
KLHL5,0,7,0.0,0.0136
KLHL6,0,0,0.0,0.0
KLHL7,0,0,0.0,0.0
KLHL8,0,0,0.0,0.0
KLHL9,1,7,0.0089,0.0136
KLK1,2,6,0.0179,0.0117
KLK10,0,0,0.0,0.0
KLK11,0,0,0.0,0.0
KLK12,0,3,0.0,0.0058
KLK13,0,5,0.0,0.0097
KLK14,0,3,0.0,0.0058
KLK15,0,0,0.0,0.0
KLK2,2,11,0.0179,0.0214
KLK3,2,8,0.0179,0.0156
KLK4,0,0,0.0,0.0
KLK5,0,9,0.0,0.0175
KLK6,0,0,0.0,0.0
KLK7,0,6,0.0,0.0117
KLK8,0,3,0.0,0.0058
KLK9,0,0,0.0,0.0
KLKB1,1,16,0.0089,0.0311
KLLN,0,0,0.0,0.0
KLRB1,1,3,0.0089,0.0058
KLRC1,3,3,0.0268,0.0058
KLRC2,2,8,0.0179,0.0156
KLRC3,2,0,0.0179,0.0
KLRC4,1,0,0.0089,0.0
KLRC4-KLRK1,0,0,0.0,0.0
KLRD1,3,10,0.0268,0.0195
KLRF1,0,3,0.0,0.0058
KLRF2,0,0,0.0,0.0
KLRG1,0,3,0.0,0.0058
KLRG2,0,0,0.0,0.0
KLRK1,2,10,0.0179,0.0195
KMO,1,3,0.0089,0.0058
KMT2A,3,31,0.0268,0.0603
KMT2B,1,20,0.0089,0.0389
KMT2C,1,27,0.0089,0.0525
KMT2D,2,25,0.0179,0.0486
KMT2E,1,0,0.0089,0.0
KMT5A,1,23,0.0089,0.0447
KMT5B,1,3,0.0089,0.0058
KMT5C,1,3,0.0089,0.0058
KNCN,0,0,0.0,0.0
KNDC1,0,0,0.0,0.0
KNG1,9,23,0.0804,0.0447
KNL1,0,21,0.0,0.0409
KNOP1,0,0,0.0,0.0
KNSTRN,0,0,0.0,0.0
KNTC1,0,18,0.0,0.035
KPLCE,0,0,0.0,0.0
KPNA1,2,41,0.0179,0.0798
KPNA2,1,53,0.0089,0.1031
KPNA3,1,19,0.0089,0.037
KPNA4,1,19,0.0089,0.037
KPNA5,1,19,0.0089,0.037
KPNA6,1,4,0.0089,0.0078
KPNA7,1,19,0.0089,0.037
KPRP,0,4,0.0,0.0078
KPTN,0,4,0.0,0.0078
KRAS,79,161,0.7054,0.3132
KRBA1,0,0,0.0,0.0
KRBA2,0,0,0.0,0.0
KRBOX1,0,0,0.0,0.0
KRBOX4,0,0,0.0,0.0
KRBOX5,0,0,0.0,0.0
KRCC1,0,0,0.0,0.0
KREMEN1,0,11,0.0,0.0214
KREMEN2,0,11,0.0,0.0214
KRIT1,1,0,0.0089,0.0
KRT1,0,11,0.0,0.0214
KRT10,2,6,0.0179,0.0117
KRT12,2,3,0.0179,0.0058
KRT13,2,3,0.0179,0.0058
KRT14,2,11,0.0179,0.0214
KRT15,2,6,0.0179,0.0117
KRT16,2,3,0.0179,0.0058
KRT17,2,6,0.0179,0.0117
KRT18,2,8,0.0179,0.0156
KRT19,2,11,0.0179,0.0214
KRT2,0,3,0.0,0.0058
KRT20,2,3,0.0179,0.0058
KRT222,0,0,0.0,0.0
KRT23,2,6,0.0179,0.0117
KRT24,2,6,0.0179,0.0117
KRT25,2,3,0.0179,0.0058
KRT26,2,3,0.0179,0.0058
KRT27,2,3,0.0179,0.0058
KRT28,2,3,0.0179,0.0058
KRT3,0,3,0.0,0.0058
KRT31,2,3,0.0179,0.0058
KRT32,2,3,0.0179,0.0058
KRT33A,2,3,0.0179,0.0058
KRT33B,2,3,0.0179,0.0058
KRT34,2,3,0.0179,0.0058
KRT35,2,3,0.0179,0.0058
KRT36,2,3,0.0179,0.0058
KRT37,2,3,0.0179,0.0058
KRT38,2,3,0.0179,0.0058
KRT39,2,3,0.0179,0.0058
KRT4,0,3,0.0,0.0058
KRT40,2,3,0.0179,0.0058
KRT5,0,13,0.0,0.0253
KRT6A,0,3,0.0,0.0058
KRT6B,0,3,0.0,0.0058
KRT6C,0,3,0.0,0.0058
KRT7,0,6,0.0,0.0117
KRT71,0,3,0.0,0.0058
KRT72,0,3,0.0,0.0058
KRT73,0,3,0.0,0.0058
KRT74,0,3,0.0,0.0058
KRT75,0,3,0.0,0.0058
KRT76,0,3,0.0,0.0058
KRT77,0,3,0.0,0.0058
KRT78,0,6,0.0,0.0117
KRT79,0,3,0.0,0.0058
KRT8,0,8,0.0,0.0156
KRT80,0,3,0.0,0.0058
KRT81,0,3,0.0,0.0058
KRT82,0,3,0.0,0.0058
KRT83,0,3,0.0,0.0058
KRT84,0,3,0.0,0.0058
KRT85,0,3,0.0,0.0058
KRT86,0,3,0.0,0.0058
KRT9,2,3,0.0179,0.0058
KRTAP1-1,0,2,0.0,0.0039
KRTAP1-3,0,2,0.0,0.0039
KRTAP1-4,0,2,0.0,0.0039
KRTAP1-5,0,2,0.0,0.0039
KRTAP10-1,0,2,0.0,0.0039
KRTAP10-10,0,2,0.0,0.0039
KRTAP10-11,0,2,0.0,0.0039
KRTAP10-12,0,2,0.0,0.0039
KRTAP10-2,0,2,0.0,0.0039
KRTAP10-3,0,2,0.0,0.0039
KRTAP10-4,0,2,0.0,0.0039
KRTAP10-5,0,2,0.0,0.0039
KRTAP10-6,0,2,0.0,0.0039
KRTAP10-7,0,2,0.0,0.0039
KRTAP10-8,0,2,0.0,0.0039
KRTAP10-9,0,2,0.0,0.0039
KRTAP11-1,0,2,0.0,0.0039
KRTAP12-1,0,2,0.0,0.0039
KRTAP12-2,0,2,0.0,0.0039
KRTAP12-3,0,2,0.0,0.0039
KRTAP12-4,0,2,0.0,0.0039
KRTAP13-1,0,2,0.0,0.0039
KRTAP13-2,0,2,0.0,0.0039
KRTAP13-3,0,2,0.0,0.0039
KRTAP13-4,0,2,0.0,0.0039
KRTAP15-1,0,2,0.0,0.0039
KRTAP16-1,0,2,0.0,0.0039
KRTAP17-1,0,2,0.0,0.0039
KRTAP19-1,0,2,0.0,0.0039
KRTAP19-2,0,2,0.0,0.0039
KRTAP19-3,0,2,0.0,0.0039
KRTAP19-4,0,2,0.0,0.0039
KRTAP19-5,0,2,0.0,0.0039
KRTAP19-6,0,2,0.0,0.0039
KRTAP19-7,0,2,0.0,0.0039
KRTAP19-8,0,2,0.0,0.0039
KRTAP2-1,0,2,0.0,0.0039
KRTAP2-2,0,2,0.0,0.0039
KRTAP2-3,0,2,0.0,0.0039
KRTAP2-4,0,2,0.0,0.0039
KRTAP20-1,0,2,0.0,0.0039
KRTAP20-2,0,2,0.0,0.0039
KRTAP20-3,0,0,0.0,0.0
KRTAP21-1,0,2,0.0,0.0039
KRTAP21-2,0,2,0.0,0.0039
KRTAP21-3,0,2,0.0,0.0039
KRTAP22-1,0,2,0.0,0.0039
KRTAP22-2,0,0,0.0,0.0
KRTAP23-1,0,2,0.0,0.0039
KRTAP24-1,0,2,0.0,0.0039
KRTAP25-1,0,2,0.0,0.0039
KRTAP26-1,0,2,0.0,0.0039
KRTAP27-1,0,2,0.0,0.0039
KRTAP29-1,0,2,0.0,0.0039
KRTAP3-1,0,2,0.0,0.0039
KRTAP3-2,0,2,0.0,0.0039
KRTAP3-3,0,2,0.0,0.0039
KRTAP4-1,0,2,0.0,0.0039
KRTAP4-11,0,2,0.0,0.0039
KRTAP4-12,0,0,0.0,0.0
KRTAP4-2,0,2,0.0,0.0039
KRTAP4-3,0,2,0.0,0.0039
KRTAP4-4,0,2,0.0,0.0039
KRTAP4-5,0,2,0.0,0.0039
KRTAP4-6,0,2,0.0,0.0039
KRTAP4-7,0,2,0.0,0.0039
KRTAP4-8,0,2,0.0,0.0039
KRTAP4-9,0,2,0.0,0.0039
KRTAP5-1,0,2,0.0,0.0039
KRTAP5-10,0,2,0.0,0.0039
KRTAP5-11,0,2,0.0,0.0039
KRTAP5-2,0,2,0.0,0.0039
KRTAP5-3,0,2,0.0,0.0039
KRTAP5-4,0,2,0.0,0.0039
KRTAP5-5,0,2,0.0,0.0039
KRTAP5-6,0,2,0.0,0.0039
KRTAP5-7,0,2,0.0,0.0039
KRTAP5-8,0,2,0.0,0.0039
KRTAP5-9,0,2,0.0,0.0039
KRTAP6-1,0,2,0.0,0.0039
KRTAP6-2,0,2,0.0,0.0039
KRTAP6-3,0,0,0.0,0.0
KRTAP7-1,0,0,0.0,0.0
KRTAP8-1,0,2,0.0,0.0039
KRTAP9-1,0,2,0.0,0.0039
KRTAP9-2,0,2,0.0,0.0039
KRTAP9-3,0,2,0.0,0.0039
KRTAP9-4,0,2,0.0,0.0039
KRTAP9-6,0,2,0.0,0.0039
KRTAP9-7,0,2,0.0,0.0039
KRTAP9-8,0,2,0.0,0.0039
KRTAP9-9,0,2,0.0,0.0039
KRTCAP2,0,0,0.0,0.0
KRTCAP3,0,0,0.0,0.0
KRTDAP,0,4,0.0,0.0078
KSR1,3,17,0.0268,0.0331
KSR2,1,15,0.0089,0.0292
KTI12,0,0,0.0,0.0
KTN1,0,16,0.0,0.0311
KXD1,0,0,0.0,0.0
KY,0,0,0.0,0.0
KYAT1,4,6,0.0357,0.0117
KYAT3,4,3,0.0357,0.0058
KYNU,1,3,0.0089,0.0058
L1CAM,2,16,0.0179,0.0311
L1TD1,0,0,0.0,0.0
L2HGDH,1,3,0.0089,0.0058
L3HYPDH,1,0,0.0089,0.0
L3MBTL1,0,0,0.0,0.0
L3MBTL2,0,9,0.0,0.0175
L3MBTL3,0,0,0.0,0.0
L3MBTL4,0,0,0.0,0.0
LACC1,0,0,0.0,0.0
LACE1,0,0,0.0,0.0
LACRT,0,0,0.0,0.0
LACTB,0,0,0.0,0.0
LACTB2,0,0,0.0,0.0
LACTBL1,0,0,0.0,0.0
LAD1,0,0,0.0,0.0
LAG3,0,3,0.0,0.0058
LAGE3,0,3,0.0,0.0058
LAIR1,0,5,0.0,0.0097
LAIR2,0,3,0.0,0.0058
LALBA,1,8,0.0089,0.0156
LAMA1,12,28,0.1071,0.0545
LAMA2,12,27,0.1071,0.0525
LAMA3,8,32,0.0714,0.0623
LAMA4,9,24,0.0804,0.0467
LAMA5,8,29,0.0714,0.0564
LAMB1,8,34,0.0714,0.0661
LAMB2,8,28,0.0714,0.0545
LAMB3,8,31,0.0714,0.0603
LAMB4,8,0,0.0714,0.0
LAMC1,9,34,0.0804,0.0661
LAMC2,8,31,0.0714,0.0603
LAMC3,8,23,0.0714,0.0447
LAMP1,4,3,0.0357,0.0058
LAMP2,4,9,0.0357,0.0175
LAMP3,1,0,0.0089,0.0
LAMP5,0,0,0.0,0.0
LAMTOR1,1,33,0.0089,0.0642
LAMTOR2,1,26,0.0089,0.0506
LAMTOR3,2,26,0.0179,0.0506
LAMTOR4,1,19,0.0089,0.037
LAMTOR5,1,19,0.0089,0.037
LANCL1,0,0,0.0,0.0
LANCL2,0,0,0.0,0.0
LANCL3,0,0,0.0,0.0
LAP3,2,0,0.0179,0.0
LAPTM4A,1,0,0.0089,0.0
LAPTM4B,1,0,0.0089,0.0
LAPTM5,1,0,0.0089,0.0
LARGE,0,0,0.0,0.0
LARGE1,1,10,0.0089,0.0195
LARGE2,1,5,0.0089,0.0097
LARP1,0,7,0.0,0.0136
LARP1B,0,0,0.0,0.0
LARP4,0,0,0.0,0.0
LARP4B,0,0,0.0,0.0
LARP6,0,0,0.0,0.0
LARP7,0,0,0.0,0.0
LARS1,1,10,0.0089,0.0195
LARS2,1,4,0.0089,0.0078
LASP1,0,0,0.0,0.0
LAT,11,21,0.0982,0.0409
LAT2,0,8,0.0,0.0156
LATS1,2,2,0.0179,0.0039
LATS2,2,2,0.0179,0.0039
LAX1,0,0,0.0,0.0
LAYN,0,0,0.0,0.0
LBH,0,0,0.0,0.0
LBHD1,0,0,0.0,0.0
LBP,4,9,0.0357,0.0175
LBR,1,29,0.0089,0.0564
LBX1,0,0,0.0,0.0
LBX2,0,0,0.0,0.0
LCA10,0,0,0.0,0.0
LCA5,0,0,0.0,0.0
LCA5L,0,0,0.0,0.0
LCAT,2,4,0.0179,0.0078
LCE1A,0,3,0.0,0.0058
LCE1B,0,3,0.0,0.0058
LCE1C,0,3,0.0,0.0058
LCE1D,0,3,0.0,0.0058
LCE1E,0,3,0.0,0.0058
LCE1F,0,3,0.0,0.0058
LCE2A,0,3,0.0,0.0058
LCE2B,0,3,0.0,0.0058
LCE2C,0,3,0.0,0.0058
LCE2D,0,3,0.0,0.0058
LCE3A,0,3,0.0,0.0058
LCE3B,0,3,0.0,0.0058
LCE3C,0,3,0.0,0.0058
LCE3D,0,3,0.0,0.0058
LCE3E,0,3,0.0,0.0058
LCE4A,0,3,0.0,0.0058
LCE5A,0,3,0.0,0.0058
LCE6A,0,3,0.0,0.0058
LCK,10,60,0.0893,0.1167
LCLAT1,2,6,0.0179,0.0117
LCMT1,0,5,0.0,0.0097
LCMT2,0,8,0.0,0.0156
LCN1,0,4,0.0,0.0078
LCN10,0,0,0.0,0.0
LCN12,0,4,0.0,0.0078
LCN15,0,4,0.0,0.0078
LCN2,1,12,0.0089,0.0233
LCN6,0,0,0.0,0.0
LCN8,0,0,0.0,0.0
LCN9,0,0,0.0,0.0
LCNL1,0,0,0.0,0.0
LCOR,0,0,0.0,0.0
LCORL,0,0,0.0,0.0
LCP1,0,6,0.0,0.0117
LCP2,7,20,0.0625,0.0389
LCT,2,7,0.0179,0.0136
LCTL,0,0,0.0,0.0
LDAF1,0,0,0.0,0.0
LDAH,0,0,0.0,0.0
LDB1,1,14,0.0089,0.0272
LDB2,0,0,0.0,0.0
LDB3,0,0,0.0,0.0
LDHA,7,4,0.0625,0.0078
LDHAL6A,7,3,0.0625,0.0058
LDHAL6B,7,3,0.0625,0.0058
LDHB,7,3,0.0625,0.0058
LDHC,7,3,0.0625,0.0058
LDHD,1,6,0.0089,0.0117
LDLR,10,19,0.0893,0.037
LDLRAD1,0,0,0.0,0.0
LDLRAD2,0,0,0.0,0.0
LDLRAD3,0,0,0.0,0.0
LDLRAD4,0,0,0.0,0.0
LDLRAP1,2,17,0.0179,0.0331
LDOC1,0,0,0.0,0.0
LDOC1L,0,0,0.0,0.0
LEAP2,0,3,0.0,0.0058
LECT1,0,0,0.0,0.0
LECT2,0,0,0.0,0.0
LEF1,18,43,0.1607,0.0837
LEFTY1,2,3,0.0179,0.0058
LEFTY2,2,7,0.0179,0.0136
LEKR1,0,0,0.0,0.0
LELP1,0,3,0.0,0.0058
LEMD1,0,0,0.0,0.0
LEMD2,0,11,0.0,0.0214
LEMD3,0,22,0.0,0.0428
LENEP,0,0,0.0,0.0
LENG1,0,4,0.0,0.0078
LENG8,0,0,0.0,0.0
LENG9,0,0,0.0,0.0
LEO1,0,23,0.0,0.0447
LEP,6,10,0.0536,0.0195
LEPR,6,2,0.0536,0.0039
LEPROT,0,0,0.0,0.0
LEPROTL1,0,0,0.0,0.0
LETM1,0,11,0.0,0.0214
LETM2,0,0,0.0,0.0
LETMD1,0,0,0.0,0.0
LEUTX,0,3,0.0,0.0058
LEXM,0,0,0.0,0.0
LFNG,3,15,0.0268,0.0292
LGALS1,0,4,0.0,0.0078
LGALS12,0,0,0.0,0.0
LGALS13,0,0,0.0,0.0
LGALS14,0,0,0.0,0.0
LGALS16,0,0,0.0,0.0
LGALS2,0,0,0.0,0.0
LGALS3,0,13,0.0,0.0253
LGALS3BP,0,4,0.0,0.0078
LGALS4,0,0,0.0,0.0
LGALS7,0,4,0.0,0.0078
LGALS7B,0,4,0.0,0.0078
LGALS8,0,0,0.0,0.0
LGALS9,0,4,0.0,0.0078
LGALS9B,0,0,0.0,0.0
LGALS9C,0,0,0.0,0.0
LGALSL,0,0,0.0,0.0
LGI1,0,2,0.0,0.0039
LGI2,0,2,0.0,0.0039
LGI3,0,2,0.0,0.0039
LGI4,0,2,0.0,0.0039
LGMN,2,10,0.0179,0.0195
LGR4,1,4,0.0089,0.0078
LGR5,1,4,0.0089,0.0078
LGR6,1,4,0.0089,0.0078
LGSN,0,0,0.0,0.0
LHB,6,22,0.0536,0.0428
LHCGR,5,7,0.0446,0.0136
LHFP,0,0,0.0,0.0
LHFPL1,0,0,0.0,0.0
LHFPL2,0,4,0.0,0.0078
LHFPL3,0,0,0.0,0.0
LHFPL4,0,0,0.0,0.0
LHFPL5,0,4,0.0,0.0078
LHFPL6,0,0,0.0,0.0
LHFPL7,0,0,0.0,0.0
LHPP,1,2,0.0089,0.0039
LHX1,0,6,0.0,0.0117
LHX2,0,8,0.0,0.0156
LHX3,0,5,0.0,0.0097
LHX4,0,5,0.0,0.0097
LHX5,1,0,0.0089,0.0
LHX6,0,0,0.0,0.0
LHX8,0,0,0.0,0.0
LHX9,0,5,0.0,0.0097
LIAS,1,3,0.0089,0.0058
LIAT1,0,0,0.0,0.0
LIF,4,7,0.0357,0.0136
LIFR,3,10,0.0268,0.0195
LIG1,4,41,0.0357,0.0798
LIG3,1,15,0.0089,0.0292
LIG4,1,11,0.0089,0.0214
LILRA1,2,3,0.0179,0.0058
LILRA2,2,3,0.0179,0.0058
LILRA3,2,5,0.0179,0.0097
LILRA4,2,3,0.0179,0.0058
LILRA5,2,3,0.0179,0.0058
LILRA6,2,3,0.0179,0.0058
LILRB1,2,3,0.0179,0.0058
LILRB2,2,5,0.0179,0.0097
LILRB3,2,0,0.0179,0.0
LILRB4,2,3,0.0179,0.0058
LILRB5,2,3,0.0179,0.0058
LIM2,0,0,0.0,0.0
LIMA1,0,0,0.0,0.0
LIMCH1,0,0,0.0,0.0
LIMD1,2,8,0.0179,0.0156
LIMD2,0,0,0.0,0.0
LIME1,0,0,0.0,0.0
LIMK1,5,32,0.0446,0.0623
LIMK2,4,13,0.0357,0.0253
LIMS1,0,4,0.0,0.0078
LIMS2,0,3,0.0,0.0058
LIMS3,0,0,0.0,0.0
LIMS3L,0,0,0.0,0.0
LIMS4,0,0,0.0,0.0
LIN28A,0,2,0.0,0.0039
LIN28B,0,0,0.0,0.0
LIN37,1,19,0.0089,0.037
LIN52,1,19,0.0089,0.037
LIN54,1,19,0.0089,0.037
LIN7A,0,11,0.0,0.0214
LIN7B,0,16,0.0,0.0311
LIN7C,0,11,0.0,0.0214
LIN9,1,19,0.0089,0.037
LINC00452,0,0,0.0,0.0
LINC01272,0,0,0.0,0.0
LINC01750,0,0,0.0,0.0
LINC01835,0,0,0.0,0.0
LINC01862,0,0,0.0,0.0
LINC02210-CRHR1,0,0,0.0,0.0
LINC02312,0,0,0.0,0.0
LINGO1,0,5,0.0,0.0097
LINGO2,0,0,0.0,0.0
LINGO3,0,0,0.0,0.0
LINGO4,0,0,0.0,0.0
LINS,0,0,0.0,0.0
LINS1,0,0,0.0,0.0
LIPA,3,4,0.0268,0.0078
LIPC,2,6,0.0179,0.0117
LIPE,7,10,0.0625,0.0195
LIPF,2,3,0.0179,0.0058
LIPG,2,4,0.0179,0.0078
LIPH,0,5,0.0,0.0097
LIPI,0,5,0.0,0.0097
LIPJ,0,3,0.0,0.0058
LIPK,0,3,0.0,0.0058
LIPM,0,3,0.0,0.0058
LIPN,0,3,0.0,0.0058
LIPT1,1,3,0.0089,0.0058
LIPT2,1,3,0.0089,0.0058
LITAF,1,0,0.0089,0.0
LIX1,0,0,0.0,0.0
LIX1L,0,0,0.0,0.0
LKAAEAR1,0,0,0.0,0.0
LLCFC1,0,0,0.0,0.0
LLGL1,3,0,0.0268,0.0
LLGL2,3,0,0.0268,0.0
LLPH,0,0,0.0,0.0
LMAN1,1,19,0.0089,0.037
LMAN1L,1,9,0.0089,0.0175
LMAN2,1,9,0.0089,0.0175
LMAN2L,0,9,0.0,0.0175
LMBR1,0,0,0.0,0.0
LMBR1L,0,0,0.0,0.0
LMBRD1,1,13,0.0089,0.0253
LMBRD2,0,0,0.0,0.0
LMCD1,0,2,0.0,0.0039
LMF1,0,4,0.0,0.0078
LMF2,0,4,0.0,0.0078
LMLN,0,0,0.0,0.0
LMNA,4,33,0.0357,0.0642
LMNB1,1,41,0.0089,0.0798
LMNB2,1,0,0.0089,0.0
LMNTD1,0,0,0.0,0.0
LMNTD2,0,0,0.0,0.0
LMO1,0,5,0.0,0.0097
LMO2,1,5,0.0089,0.0097
LMO3,0,0,0.0,0.0
LMO4,0,0,0.0,0.0
LMO7,1,11,0.0089,0.0214
LMO7DN,0,0,0.0,0.0
LMOD1,0,2,0.0,0.0039
LMOD2,0,0,0.0,0.0
LMOD3,0,0,0.0,0.0
LMTK2,0,0,0.0,0.0
LMTK3,0,0,0.0,0.0
LMX1A,0,0,0.0,0.0
LMX1B,0,0,0.0,0.0
LNP1,0,0,0.0,0.0
LNPEP,1,9,0.0089,0.0175
LNPK,0,0,0.0,0.0
LNX1,0,4,0.0,0.0078
LNX2,0,0,0.0,0.0
LOC100128429,0,0,0.0,0.0
LOC100128905,0,0,0.0,0.0
LOC100128988,0,0,0.0,0.0
LOC100129083,0,0,0.0,0.0
LOC100129098,0,0,0.0,0.0
LOC100129112,0,0,0.0,0.0
LOC100129216,0,0,0.0,0.0
LOC100129520,0,0,0.0,0.0
LOC100129697,0,0,0.0,0.0
LOC100129721,0,0,0.0,0.0
LOC100129924,0,0,0.0,0.0
LOC100129940,0,0,0.0,0.0
LOC100130357,0,0,0.0,0.0
LOC100130370,0,0,0.0,0.0
LOC100130442,0,0,0.0,0.0
LOC100130451,0,0,0.0,0.0
LOC100130597,0,0,0.0,0.0
LOC100130705,0,0,0.0,0.0
LOC100130880,0,0,0.0,0.0
LOC100131150,0,0,0.0,0.0
LOC100131303,0,0,0.0,0.0
LOC100132146,0,0,0.0,0.0
LOC100132731,0,0,0.0,0.0
LOC100132813,0,0,0.0,0.0
LOC100133267,0,0,0.0,0.0
LOC100134391,0,0,0.0,0.0
LOC100144595,0,0,0.0,0.0
LOC100287036,0,0,0.0,0.0
LOC100287290,0,0,0.0,0.0
LOC100287387,0,0,0.0,0.0
LOC100287477,0,0,0.0,0.0
LOC100287837,0,0,0.0,0.0
LOC100288336,0,0,0.0,0.0
LOC100289561,0,0,0.0,0.0
LOC100505478,0,0,0.0,0.0
LOC100505549,0,0,0.0,0.0
LOC100505841,0,0,0.0,0.0
LOC100506127,0,0,0.0,0.0
LOC100506388,0,0,0.0,0.0
LOC100506422,0,0,0.0,0.0
LOC100506504,0,0,0.0,0.0
LOC100506514,0,0,0.0,0.0
LOC100506571,0,0,0.0,0.0
LOC100506667,0,0,0.0,0.0
LOC100507462,0,0,0.0,0.0
LOC100509091,0,0,0.0,0.0
LOC100652758,0,0,0.0,0.0
LOC100652807,0,0,0.0,0.0
LOC100652894,0,0,0.0,0.0
LOC100996273,0,0,0.0,0.0
LOC100996573,0,0,0.0,0.0
LOC100996634,0,0,0.0,0.0
LOC100996693,0,0,0.0,0.0
LOC101059906,0,0,0.0,0.0
LOC101059914,0,0,0.0,0.0
LOC101059915,0,0,0.0,0.0
LOC101060179,0,0,0.0,0.0
LOC101060181,0,0,0.0,0.0
LOC101060321,0,0,0.0,0.0
LOC101060389,0,0,0.0,0.0
LOC101927322,0,0,0.0,0.0
LOC101927572,0,0,0.0,0.0
LOC101927844,0,0,0.0,0.0
LOC101928093,0,0,0.0,0.0
LOC101928436,0,0,0.0,0.0
LOC101928841,0,0,0.0,0.0
LOC101929372,0,0,0.0,0.0
LOC101929726,0,0,0.0,0.0
LOC101929747,0,0,0.0,0.0
LOC101929926,0,0,0.0,0.0
LOC101929983,0,0,0.0,0.0
LOC102723859,0,0,0.0,0.0
LOC102724265,0,0,0.0,0.0
LOC102724279,0,0,0.0,0.0
LOC102724862,0,0,0.0,0.0
LOC102724957,0,0,0.0,0.0
LOC105377134,0,0,0.0,0.0
LOC113230,0,0,0.0,0.0
LOC149373,0,0,0.0,0.0
LOC157562,0,0,0.0,0.0
LOC157860,0,0,0.0,0.0
LOC158434,0,0,0.0,0.0
LOC200726,0,0,0.0,0.0
LOC283357,0,0,0.0,0.0
LOC283454,0,0,0.0,0.0
LOC283485,0,0,0.0,0.0
LOC283710,0,0,0.0,0.0
LOC283713,0,0,0.0,0.0
LOC284108,0,0,0.0,0.0
LOC284513,0,0,0.0,0.0
LOC284570,0,0,0.0,0.0
LOC284898,0,0,0.0,0.0
LOC285423,0,0,0.0,0.0
LOC285500,0,0,0.0,0.0
LOC285556,0,0,0.0,0.0
LOC286068,0,0,0.0,0.0
LOC286238,0,0,0.0,0.0
LOC286254,0,0,0.0,0.0
LOC338667,0,0,0.0,0.0
LOC339862,0,0,0.0,0.0
LOC340178,0,0,0.0,0.0
LOC388282,0,0,0.0,0.0
LOC388436,0,0,0.0,0.0
LOC388780,0,0,0.0,0.0
LOC388813,0,0,0.0,0.0
LOC388849,0,0,0.0,0.0
LOC389602,0,0,0.0,0.0
LOC389895,0,0,0.0,0.0
LOC390877,2,0,0.0179,0.0
LOC391003,0,0,0.0,0.0
LOC391722,0,0,0.0,0.0
LOC400499,0,0,0.0,0.0
LOC400736,0,0,0.0,0.0
LOC400863,0,0,0.0,0.0
LOC400927-CSNK1E,0,0,0.0,0.0
LOC401052,0,0,0.0,0.0
LOC403312,0,0,0.0,0.0
LOC441155,0,0,0.0,0.0
LOC441239,0,0,0.0,0.0
LOC554223,0,0,0.0,0.0
LOC643355,0,0,0.0,0.0
LOC643802,0,0,0.0,0.0
LOC643936,0,0,0.0,0.0
LOC645382,0,0,0.0,0.0
LOC646588,0,0,0.0,0.0
LOC646730,0,0,0.0,0.0
LOC648044,0,0,0.0,0.0
LOC649238,0,0,0.0,0.0
LOC650293,0,0,0.0,0.0
LOC653602,0,0,0.0,0.0
LOC728392,0,0,0.0,0.0
LOC728485,0,0,0.0,0.0
LOC728763,0,0,0.0,0.0
LOC729159,0,0,0.0,0.0
LOC730098,0,0,0.0,0.0
LOC730159,0,0,0.0,0.0
LOC730183,0,0,0.0,0.0
LOC79999,0,0,0.0,0.0
LOC81691,0,0,0.0,0.0
LOH12CR1,0,0,0.0,0.0
LONP2,0,8,0.0,0.0156
LONRF1,0,4,0.0,0.0078
LONRF2,0,0,0.0,0.0
LONRF3,0,0,0.0,0.0
LOR,0,0,0.0,0.0
LORICRIN,0,6,0.0,0.0117
LOX,0,5,0.0,0.0097
LOXHD1,0,0,0.0,0.0
LOXL1,0,5,0.0,0.0097
LOXL2,0,5,0.0,0.0097
LOXL3,0,5,0.0,0.0097
LOXL4,0,5,0.0,0.0097
LPA,1,4,0.0089,0.0078
LPAR1,8,8,0.0714,0.0156
LPAR2,7,8,0.0625,0.0156
LPAR3,5,8,0.0446,0.0156
LPAR4,7,8,0.0625,0.0156
LPAR5,6,8,0.0536,0.0156
LPAR6,4,8,0.0357,0.0156
LPCAT1,2,11,0.0179,0.0214
LPCAT2,2,5,0.0179,0.0097
LPCAT3,2,7,0.0179,0.0136
LPCAT4,2,9,0.0179,0.0175
LPGAT1,1,5,0.0089,0.0097
LPIN1,3,20,0.0268,0.0389
LPIN2,3,14,0.0268,0.0272
LPIN3,3,14,0.0268,0.0272
LPL,4,20,0.0357,0.0389
LPO,1,4,0.0089,0.0078
LPP,0,0,0.0,0.0
LPPR1,0,0,0.0,0.0
LPPR2,0,0,0.0,0.0
LPPR3,0,0,0.0,0.0
LPPR4,0,0,0.0,0.0
LPPR5,0,0,0.0,0.0
LPXN,0,0,0.0,0.0
LRAT,2,12,0.0179,0.0233
LRATD1,0,0,0.0,0.0
LRATD2,0,0,0.0,0.0
LRBA,0,0,0.0,0.0
LRCH1,0,0,0.0,0.0
LRCH2,0,0,0.0,0.0
LRCH3,0,0,0.0,0.0
LRCH4,0,0,0.0,0.0
LRCOL1,0,0,0.0,0.0
LRFN1,0,3,0.0,0.0058
LRFN2,0,3,0.0,0.0058
LRFN3,0,3,0.0,0.0058
LRFN4,0,3,0.0,0.0058
LRFN5,0,0,0.0,0.0
LRG1,0,3,0.0,0.0058
LRGUK,0,0,0.0,0.0
LRIF1,0,0,0.0,0.0
LRIG1,0,9,0.0,0.0175
LRIG2,1,0,0.0089,0.0
LRIG3,0,0,0.0,0.0
LRIT1,0,0,0.0,0.0
LRIT2,0,0,0.0,0.0
LRIT3,0,0,0.0,0.0
LRMDA,0,0,0.0,0.0
LRMP,0,0,0.0,0.0
LRP1,3,9,0.0268,0.0175
LRP10,0,6,0.0,0.0117
LRP11,0,0,0.0,0.0
LRP12,0,6,0.0,0.0117
LRP1B,0,0,0.0,0.0
LRP2,3,16,0.0268,0.0311
LRP2BP,0,0,0.0,0.0
LRP3,0,0,0.0,0.0
LRP4,0,2,0.0,0.0039
LRP5,9,15,0.0804,0.0292
LRP5L,0,0,0.0,0.0
LRP6,9,14,0.0804,0.0272
LRP8,0,9,0.0,0.0175
LRPAP1,1,0,0.0089,0.0
LRPPRC,0,3,0.0,0.0058
LRRC1,0,5,0.0,0.0097
LRRC10,0,0,0.0,0.0
LRRC10B,0,0,0.0,0.0
LRRC14,0,24,0.0,0.0467
LRRC14B,0,0,0.0,0.0
LRRC15,0,0,0.0,0.0
LRRC16A,0,0,0.0,0.0
LRRC16B,0,0,0.0,0.0
LRRC17,0,0,0.0,0.0
LRRC18,0,0,0.0,0.0
LRRC19,0,0,0.0,0.0
LRRC2,0,0,0.0,0.0
LRRC20,0,0,0.0,0.0
LRRC23,0,0,0.0,0.0
LRRC24,0,0,0.0,0.0
LRRC25,0,0,0.0,0.0
LRRC26,0,0,0.0,0.0
LRRC27,0,0,0.0,0.0
LRRC28,0,0,0.0,0.0
LRRC29,0,0,0.0,0.0
LRRC3,0,0,0.0,0.0
LRRC30,0,0,0.0,0.0
LRRC31,0,0,0.0,0.0
LRRC32,0,0,0.0,0.0
LRRC34,0,0,0.0,0.0
LRRC36,0,0,0.0,0.0
LRRC37A,0,0,0.0,0.0
LRRC37A2,0,0,0.0,0.0
LRRC37A3,0,0,0.0,0.0
LRRC37B,0,0,0.0,0.0
LRRC38,0,0,0.0,0.0
LRRC39,0,0,0.0,0.0
LRRC3B,0,0,0.0,0.0
LRRC3C,0,0,0.0,0.0
LRRC4,2,0,0.0179,0.0
LRRC40,0,0,0.0,0.0
LRRC41,0,10,0.0,0.0195
LRRC42,0,0,0.0,0.0
LRRC43,0,0,0.0,0.0
LRRC45,0,0,0.0,0.0
LRRC46,0,0,0.0,0.0
LRRC47,0,0,0.0,0.0
LRRC48,0,0,0.0,0.0
LRRC49,0,3,0.0,0.0058
LRRC4B,1,3,0.0089,0.0058
LRRC4C,2,0,0.0179,0.0
LRRC51,0,0,0.0,0.0
LRRC52,0,3,0.0,0.0058
LRRC53,0,0,0.0,0.0
LRRC55,0,0,0.0,0.0
LRRC56,0,0,0.0,0.0
LRRC57,0,0,0.0,0.0
LRRC58,0,0,0.0,0.0
LRRC59,0,0,0.0,0.0
LRRC6,0,0,0.0,0.0
LRRC61,0,0,0.0,0.0
LRRC63,0,0,0.0,0.0
LRRC66,0,0,0.0,0.0
LRRC69,0,0,0.0,0.0
LRRC7,0,0,0.0,0.0
LRRC70,0,0,0.0,0.0
LRRC71,0,0,0.0,0.0
LRRC72,0,0,0.0,0.0
LRRC73,0,0,0.0,0.0
LRRC74A,0,0,0.0,0.0
LRRC74B,0,0,0.0,0.0
LRRC75A,0,0,0.0,0.0
LRRC75B,0,0,0.0,0.0
LRRC8A,0,2,0.0,0.0039
LRRC8B,0,2,0.0,0.0039
LRRC8C,0,2,0.0,0.0039
LRRC8D,0,2,0.0,0.0039
LRRC8E,0,2,0.0,0.0039
LRRCC1,0,0,0.0,0.0
LRRD1,0,0,0.0,0.0
LRRFIP1,0,10,0.0,0.0195
LRRFIP2,0,0,0.0,0.0
LRRIQ1,0,0,0.0,0.0
LRRIQ3,0,0,0.0,0.0
LRRIQ4,0,0,0.0,0.0
LRRK1,0,0,0.0,0.0
LRRK2,2,4,0.0179,0.0078
LRRN1,0,0,0.0,0.0
LRRN2,0,0,0.0,0.0
LRRN3,0,0,0.0,0.0
LRRN4,0,0,0.0,0.0
LRRN4CL,0,0,0.0,0.0
LRRTM1,0,3,0.0,0.0058
LRRTM2,0,3,0.0,0.0058
LRRTM3,0,3,0.0,0.0058
LRRTM4,0,3,0.0,0.0058
LRSAM1,0,4,0.0,0.0078
LRTM1,0,0,0.0,0.0
LRTM2,0,0,0.0,0.0
LRTOMT,3,5,0.0268,0.0097
LRWD1,0,0,0.0,0.0
LSAMP,0,3,0.0,0.0058
LSM1,1,6,0.0089,0.0117
LSM10,0,7,0.0,0.0136
LSM14A,0,0,0.0,0.0
LSM14B,0,0,0.0,0.0
LSM3,2,9,0.0179,0.0175
LSM4,2,9,0.0179,0.0175
LSM5,2,9,0.0179,0.0175
LSM6,2,9,0.0179,0.0175
LSMEM1,0,0,0.0,0.0
LSMEM2,0,0,0.0,0.0
LSP1,2,0,0.0179,0.0
LSR,0,5,0.0,0.0097
LSS,1,7,0.0089,0.0136
LST1,0,0,0.0,0.0
LTA,7,9,0.0625,0.0175
LTA4H,1,16,0.0089,0.0311
LTB,3,8,0.0268,0.0156
LTB4R,1,8,0.0089,0.0156
LTB4R2,2,8,0.0179,0.0156
LTBP1,1,11,0.0089,0.0214
LTBP2,0,7,0.0,0.0136
LTBP3,0,7,0.0,0.0136
LTBP4,0,7,0.0,0.0136
LTBR,7,8,0.0625,0.0156
LTC4S,1,12,0.0089,0.0233
LTF,0,13,0.0,0.0253
LTK,0,3,0.0,0.0058
LTN1,0,12,0.0,0.0233
LTV1,0,4,0.0,0.0078
LUC7L,0,0,0.0,0.0
LUC7L2,0,0,0.0,0.0
LUM,1,17,0.0089,0.0331
LURAP1,0,0,0.0,0.0
LURAP1L,0,0,0.0,0.0
LUZP1,0,0,0.0,0.0
LUZP2,0,0,0.0,0.0
LUZP4,0,5,0.0,0.0097
LUZP6,0,0,0.0,0.0
LVRN,0,0,0.0,0.0
LXN,0,0,0.0,0.0
LY6D,0,3,0.0,0.0058
LY6E,0,8,0.0,0.0156
LY6G5B,0,0,0.0,0.0
LY6G5C,0,0,0.0,0.0
LY6G6C,0,3,0.0,0.0058
LY6G6D,0,3,0.0,0.0058
LY6G6F,0,4,0.0,0.0078
LY6H,0,3,0.0,0.0058
LY6K,0,3,0.0,0.0058
LY6L,0,0,0.0,0.0
LY75,0,0,0.0,0.0
LY75-CD302,0,0,0.0,0.0
LY86,0,4,0.0,0.0078
LY9,0,0,0.0,0.0
LY96,6,44,0.0536,0.0856
LYAR,0,0,0.0,0.0
LYG1,0,0,0.0,0.0
LYG2,0,0,0.0,0.0
LYL1,1,6,0.0089,0.0117
LYN,12,96,0.1071,0.1868
LYNX1,0,0,0.0,0.0
LYPD1,0,3,0.0,0.0058
LYPD2,0,3,0.0,0.0058
LYPD3,0,3,0.0,0.0058
LYPD4,0,3,0.0,0.0058
LYPD5,0,3,0.0,0.0058
LYPD6,0,0,0.0,0.0
LYPD6B,0,3,0.0,0.0058
LYPD8,0,3,0.0,0.0058
LYPLA1,2,8,0.0179,0.0156
LYPLA2,1,4,0.0089,0.0078
LYPLAL1,0,0,0.0,0.0
LYRM1,0,0,0.0,0.0
LYRM2,0,4,0.0,0.0078
LYRM4,0,7,0.0,0.0136
LYRM7,0,4,0.0,0.0078
LYRM9,0,0,0.0,0.0
LYSET,0,0,0.0,0.0
LYSMD1,0,0,0.0,0.0
LYSMD2,0,0,0.0,0.0
LYSMD3,0,0,0.0,0.0
LYSMD4,0,0,0.0,0.0
LYST,0,0,0.0,0.0
LYVE1,0,5,0.0,0.0097
LYZ,1,6,0.0089,0.0117
LYZL1,1,0,0.0089,0.0
LYZL2,0,0,0.0,0.0
LYZL4,0,0,0.0,0.0
LYZL6,0,0,0.0,0.0
LZIC,0,0,0.0,0.0
LZTFL1,0,5,0.0,0.0097
LZTR1,0,0,0.0,0.0
LZTS1,0,0,0.0,0.0
LZTS2,0,0,0.0,0.0
LZTS3,0,0,0.0,0.0
M1AP,0,0,0.0,0.0
M6PR,3,13,0.0268,0.0253
MAATS1,0,0,0.0,0.0
MAB21L1,0,0,0.0,0.0
MAB21L2,0,0,0.0,0.0
MAB21L3,0,0,0.0,0.0
MAB21L4,0,0,0.0,0.0
MACC1,0,0,0.0,0.0
MACF1,0,0,0.0,0.0
MACIR,0,0,0.0,0.0
MACO1,0,6,0.0,0.0117
MACROD1,0,0,0.0,0.0
MACROD2,0,0,0.0,0.0
MACROH2A1,4,0,0.0357,0.0
MACROH2A2,4,0,0.0357,0.0
MAD1L1,5,18,0.0446,0.035
MAD2L1BP,0,0,0.0,0.0
MAD2L2,4,6,0.0357,0.0117
MADCAM1,2,5,0.0179,0.0097
MADD,0,8,0.0,0.0156
MAEA,0,4,0.0,0.0078
MAEL,0,3,0.0,0.0058
MAF,3,9,0.0268,0.0175
MAF1,0,10,0.0,0.0195
MAFA,2,3,0.0179,0.0058
MAFB,1,3,0.0089,0.0058
MAFF,0,4,0.0,0.0078
MAFG,0,10,0.0,0.0195
MAFK,0,34,0.0,0.0661
MAG,1,11,0.0089,0.0214
MAGEA1,0,0,0.0,0.0
MAGEA10,0,0,0.0,0.0
MAGEA10-MAGEA5,0,0,0.0,0.0
MAGEA11,0,0,0.0,0.0
MAGEA12,0,0,0.0,0.0
MAGEA2,0,0,0.0,0.0
MAGEA2B,0,0,0.0,0.0
MAGEA3,0,0,0.0,0.0
MAGEA4,0,0,0.0,0.0
MAGEA5,0,0,0.0,0.0
MAGEA6,0,0,0.0,0.0
MAGEA8,0,0,0.0,0.0
MAGEA9,0,0,0.0,0.0
MAGEA9B,0,0,0.0,0.0
MAGEB1,0,0,0.0,0.0
MAGEB10,0,0,0.0,0.0
MAGEB16,0,0,0.0,0.0
MAGEB17,0,0,0.0,0.0
MAGEB18,0,0,0.0,0.0
MAGEB2,0,0,0.0,0.0
MAGEB3,0,0,0.0,0.0
MAGEB4,0,0,0.0,0.0
MAGEB5,0,0,0.0,0.0
MAGEB6,0,0,0.0,0.0
MAGEC1,0,0,0.0,0.0
MAGEC2,0,0,0.0,0.0
MAGEC3,0,0,0.0,0.0
MAGED1,1,14,0.0089,0.0272
MAGED2,0,4,0.0,0.0078
MAGED4,0,0,0.0,0.0
MAGED4B,0,0,0.0,0.0
MAGEE1,0,0,0.0,0.0
MAGEE2,0,0,0.0,0.0
MAGEF1,0,0,0.0,0.0
MAGEH1,0,0,0.0,0.0
MAGEL2,0,0,0.0,0.0
MAGI1,4,0,0.0357,0.0
MAGI2,2,2,0.0179,0.0039
MAGI3,1,0,0.0089,0.0
MAGIX,0,0,0.0,0.0
MAGOHB,3,14,0.0268,0.0272
MAGT1,0,25,0.0,0.0486
MAIP1,0,3,0.0,0.0058
MAJIN,0,0,0.0,0.0
MAK,0,0,0.0,0.0
MAL,0,0,0.0,0.0
MAL2,0,0,0.0,0.0
MALL,0,0,0.0,0.0
MALRD1,0,0,0.0,0.0
MALSU1,0,4,0.0,0.0078
MALT1,6,21,0.0536,0.0409
MAMDC2,0,0,0.0,0.0
MAMDC4,0,0,0.0,0.0
MAML1,3,49,0.0268,0.0953
MAML2,3,49,0.0268,0.0953
MAML3,3,49,0.0268,0.0953
MAMLD1,0,49,0.0,0.0953
MAMSTR,0,0,0.0,0.0
MAN1A1,3,10,0.0268,0.0195
MAN1A2,3,10,0.0268,0.0195
MAN1B1,3,18,0.0268,0.035
MAN1C1,3,10,0.0268,0.0195
MAN2A1,2,18,0.0179,0.035
MAN2A2,2,10,0.0179,0.0195
MAN2B1,2,6,0.0179,0.0117
MAN2B2,1,3,0.0089,0.0058
MAN2C1,1,3,0.0089,0.0058
MANBA,2,6,0.0179,0.0117
MANBAL,0,0,0.0,0.0
MANEA,0,5,0.0,0.0097
MANEAL,0,0,0.0,0.0
MANF,0,4,0.0,0.0078
MANSC1,0,0,0.0,0.0
MANSC4,0,0,0.0,0.0
MAOA,13,23,0.1161,0.0447
MAOB,13,5,0.1161,0.0097
MAP10,0,0,0.0,0.0
MAP1A,0,0,0.0,0.0
MAP1B,0,5,0.0,0.0097
MAP1LC3A,1,6,0.0089,0.0117
MAP1LC3B,1,33,0.0089,0.0642
MAP1LC3B2,1,0,0.0089,0.0
MAP1LC3BP1,0,0,0.0,0.0
MAP1LC3C,1,2,0.0089,0.0039
MAP1S,0,0,0.0,0.0
MAP2,0,0,0.0,0.0
MAP2K1,85,61,0.7589,0.1187
MAP2K2,73,36,0.6518,0.07
MAP2K3,20,32,0.1786,0.0623
MAP2K4,18,63,0.1607,0.1226
MAP2K5,5,5,0.0446,0.0097
MAP2K6,23,48,0.2054,0.0934
MAP2K7,23,34,0.2054,0.0661
MAP3K1,9,25,0.0804,0.0486
MAP3K10,2,0,0.0179,0.0
MAP3K11,2,18,0.0179,0.035
MAP3K12,1,0,0.0089,0.0
MAP3K13,1,0,0.0089,0.0
MAP3K14,11,13,0.0982,0.0253
MAP3K15,0,0,0.0,0.0
MAP3K19,0,0,0.0,0.0
MAP3K2,3,0,0.0268,0.0
MAP3K20,1,0,0.0089,0.0
MAP3K21,0,0,0.0,0.0
MAP3K3,5,5,0.0446,0.0097
MAP3K4,2,0,0.0179,0.0
MAP3K5,17,8,0.1518,0.0156
MAP3K6,1,0,0.0089,0.0
MAP3K7,28,64,0.25,0.1245
MAP3K7CL,0,0,0.0,0.0
MAP3K8,4,54,0.0357,0.1051
MAP3K9,0,0,0.0,0.0
MAP4,0,0,0.0,0.0
MAP4K1,1,0,0.0089,0.0
MAP4K2,1,0,0.0089,0.0
MAP4K3,1,0,0.0089,0.0
MAP4K4,1,4,0.0089,0.0078
MAP4K5,0,0,0.0,0.0
MAP6,0,0,0.0,0.0
MAP6D1,0,0,0.0,0.0
MAP7,0,0,0.0,0.0
MAP7D1,0,0,0.0,0.0
MAP7D2,0,0,0.0,0.0
MAP7D3,0,0,0.0,0.0
MAP9,0,0,0.0,0.0
MAPK1,112,222,1.0,0.4319
MAPK10,70,31,0.625,0.0603
MAPK11,58,74,0.5179,0.144
MAPK12,58,26,0.5179,0.0506
MAPK13,58,15,0.5179,0.0292
MAPK14,58,91,0.5179,0.177
MAPK15,1,0,0.0089,0.0
MAPK1IP1L,0,0,0.0,0.0
MAPK3,112,215,1.0,0.4183
MAPK4,1,3,0.0089,0.0058
MAPK6,1,3,0.0089,0.0058
MAPK7,8,73,0.0714,0.142
MAPK8,70,63,0.625,0.1226
MAPK8IP1,1,0,0.0089,0.0
MAPK8IP2,1,0,0.0089,0.0
MAPK8IP3,1,0,0.0089,0.0
MAPK9,70,35,0.625,0.0681
MAPKAP1,1,32,0.0089,0.0623
MAPKAPK2,7,53,0.0625,0.1031
MAPKAPK3,2,36,0.0179,0.07
MAPKAPK5,1,13,0.0089,0.0253
MAPKBP1,0,0,0.0,0.0
MAPRE1,0,32,0.0,0.0623
MAPRE2,0,0,0.0,0.0
MAPRE3,0,5,0.0,0.0097
MAPT,4,16,0.0357,0.0311
MARC1,0,0,0.0,0.0
MARC2,0,0,0.0,0.0
MARCH1,0,0,0.0,0.0
MARCH10,0,0,0.0,0.0
MARCH11,0,0,0.0,0.0
MARCH2,0,0,0.0,0.0
MARCH3,0,0,0.0,0.0
MARCH4,0,0,0.0,0.0
MARCH5,0,0,0.0,0.0
MARCH6,0,0,0.0,0.0
MARCH7,0,0,0.0,0.0
MARCH8,0,0,0.0,0.0
MARCH9,0,0,0.0,0.0
MARCHF1,0,0,0.0,0.0
MARCHF10,0,0,0.0,0.0
MARCHF11,0,0,0.0,0.0
MARCHF2,0,0,0.0,0.0
MARCHF3,0,0,0.0,0.0
MARCHF4,0,0,0.0,0.0
MARCHF5,0,0,0.0,0.0
MARCHF6,1,6,0.0089,0.0117
MARCHF7,0,0,0.0,0.0
MARCHF8,0,0,0.0,0.0
MARCHF9,0,0,0.0,0.0
MARCKS,2,4,0.0179,0.0078
MARCKSL1,2,0,0.0179,0.0
MARCO,1,6,0.0089,0.0117
MARF1,0,0,0.0,0.0
MARK1,0,0,0.0,0.0
MARK2,0,0,0.0,0.0
MARK3,0,20,0.0,0.0389
MARK4,0,4,0.0,0.0078
MARS1,2,10,0.0179,0.0195
MARVELD1,0,0,0.0,0.0
MARVELD2,1,0,0.0089,0.0
MARVELD3,1,0,0.0089,0.0
MAS1,3,5,0.0268,0.0097
MAS1L,0,0,0.0,0.0
MASP1,3,17,0.0268,0.0331
MASP2,3,14,0.0268,0.0272
MAST1,0,0,0.0,0.0
MAST2,0,0,0.0,0.0
MAST3,0,0,0.0,0.0
MAST4,0,0,0.0,0.0
MAT1A,1,12,0.0089,0.0233
MAT2A,1,4,0.0089,0.0078
MAT2B,1,8,0.0089,0.0156
MATCAP1,0,0,0.0,0.0
MATCAP2,0,0,0.0,0.0
MATK,1,4,0.0089,0.0078
MATN1,0,2,0.0,0.0039
MATN2,0,0,0.0,0.0
MATN3,0,6,0.0,0.0117
MATN4,0,2,0.0,0.0039
MATR3,1,0,0.0089,0.0
MAU2,0,5,0.0,0.0097
MAVS,10,37,0.0893,0.072
MAX,4,13,0.0357,0.0253
MAZ,0,0,0.0,0.0
MB,0,2,0.0,0.0039
MB21D1,0,0,0.0,0.0
MB21D2,0,0,0.0,0.0
MBD1,0,5,0.0,0.0097
MBD2,0,13,0.0,0.0253
MBD3,0,45,0.0,0.0875
MBD3L1,0,5,0.0,0.0097
MBD3L2,0,5,0.0,0.0097
MBD3L3,0,0,0.0,0.0
MBD3L4,0,0,0.0,0.0
MBD3L5,0,0,0.0,0.0
MBD4,1,8,0.0089,0.0156
MBD5,0,4,0.0,0.0078
MBD6,0,4,0.0,0.0078
MBIP,0,7,0.0,0.0136
MBL2,4,16,0.0357,0.0311
MBLAC1,0,0,0.0,0.0
MBLAC2,0,0,0.0,0.0
MBNL1,0,0,0.0,0.0
MBNL2,0,0,0.0,0.0
MBNL3,0,0,0.0,0.0
MBOAT1,2,6,0.0179,0.0117
MBOAT2,2,6,0.0179,0.0117
MBOAT4,0,3,0.0,0.0058
MBOAT7,1,5,0.0089,0.0097
MBP,0,3,0.0,0.0058
MBTD1,0,0,0.0,0.0
MBTPS1,1,22,0.0089,0.0428
MBTPS2,1,18,0.0089,0.035
MC1R,2,10,0.0179,0.0195
MC2R,5,10,0.0446,0.0195
MC3R,1,10,0.0089,0.0195
MC4R,1,10,0.0089,0.0195
MC5R,1,10,0.0089,0.0195
MCAM,0,13,0.0,0.0253
MCAT,1,4,0.0089,0.0078
MCC,0,0,0.0,0.0
MCCC1,1,13,0.0089,0.0253
MCCC2,1,13,0.0089,0.0253
MCCD1,0,0,0.0,0.0
MCEE,3,5,0.0268,0.0097
MCEMP1,0,3,0.0,0.0058
MCF2,0,21,0.0,0.0409
MCF2L,0,17,0.0,0.0331
MCF2L2,0,0,0.0,0.0
MCFD2,0,9,0.0,0.0175
MCHR1,1,13,0.0089,0.0253
MCHR2,1,8,0.0089,0.0156
MCIDAS,0,0,0.0,0.0
MCL1,4,8,0.0357,0.0156
MCM10,0,10,0.0,0.0195
MCM2,2,28,0.0179,0.0545
MCM6,2,24,0.0179,0.0467
MCM8,0,27,0.0,0.0525
MCM9,0,0,0.0,0.0
MCMBP,0,0,0.0,0.0
MCMDC2,0,0,0.0,0.0
MCOLN1,2,6,0.0179,0.0117
MCOLN2,1,4,0.0089,0.0078
MCOLN3,1,4,0.0089,0.0078
MCPH1,0,5,0.0,0.0097
MCRIP1,0,9,0.0,0.0175
MCRIP2,0,0,0.0,0.0
MCRS1,0,15,0.0,0.0292
MCTP1,0,0,0.0,0.0
MCTP2,0,0,0.0,0.0
MCTS1,0,0,0.0,0.0
MCU,9,3,0.0804,0.0058
MCUB,0,3,0.0,0.0058
MCUR1,0,0,0.0,0.0
MDC1,0,22,0.0,0.0428
MDFI,0,0,0.0,0.0
MDFIC,0,0,0.0,0.0
MDGA1,0,3,0.0,0.0058
MDGA2,0,3,0.0,0.0058
MDH1,5,4,0.0446,0.0078
MDH1B,0,0,0.0,0.0
MDH2,4,7,0.0357,0.0136
MDK,0,11,0.0,0.0214
MDM1,0,0,0.0,0.0
MDM2,23,59,0.2054,0.1148
MDM4,2,24,0.0179,0.0467
MDP1,0,0,0.0,0.0
ME1,2,13,0.0179,0.0253
ME2,1,5,0.0089,0.0097
ME3,2,3,0.0179,0.0058
MEA1,0,0,0.0,0.0
MEAF6,0,12,0.0,0.0233
MEAK7,0,0,0.0,0.0
MECOM,4,16,0.0357,0.0311
MECP2,0,33,0.0,0.0642
MECR,2,6,0.0179,0.0117
MED1,1,55,0.0089,0.107
MED10,0,29,0.0,0.0564
MED12,1,29,0.0089,0.0564
MED12L,1,0,0.0089,0.0
MED13,1,29,0.0089,0.0564
MED13L,1,15,0.0089,0.0292
MED14,1,29,0.0089,0.0564
MED14OS,0,0,0.0,0.0
MED15,0,18,0.0,0.035
MED16,1,29,0.0089,0.0564
MED17,1,29,0.0089,0.0564
MED19,0,15,0.0,0.0292
MED20,0,29,0.0,0.0564
MED21,0,15,0.0,0.0292
MED22,0,15,0.0,0.0292
MED23,0,29,0.0,0.0564
MED24,1,29,0.0089,0.0564
MED25,0,18,0.0,0.035
MED26,0,18,0.0,0.035
MED28,0,15,0.0,0.0292
MED29,0,15,0.0,0.0292
MED31,0,29,0.0,0.0564
MED4,1,29,0.0089,0.0564
MED6,0,29,0.0,0.0564
MED7,0,29,0.0,0.0564
MED8,0,18,0.0,0.035
MED9,0,15,0.0,0.0292
MEDAG,0,0,0.0,0.0
MEF2A,4,31,0.0357,0.0603
MEF2B,2,2,0.0179,0.0039
MEF2BNB,0,0,0.0,0.0
MEF2BNB-MEF2B,0,0,0.0,0.0
MEF2C,7,46,0.0625,0.0895
MEF2D,3,22,0.0268,0.0428
MEFV,2,11,0.0179,0.0214
MEGF10,0,0,0.0,0.0
MEGF11,0,0,0.0,0.0
MEGF6,0,0,0.0,0.0
MEGF8,1,0,0.0089,0.0
MEGF9,0,0,0.0,0.0
MEI1,0,0,0.0,0.0
MEI4,0,0,0.0,0.0
MEIG1,0,0,0.0,0.0
MEIKIN,0,0,0.0,0.0
MEIOB,0,0,0.0,0.0
MEIOC,0,0,0.0,0.0
MEIOSIN,0,0,0.0,0.0
MEIS1,2,3,0.0179,0.0058
MEIS2,0,0,0.0,0.0
MEIS3,0,0,0.0,0.0
MELK,0,0,0.0,0.0
MELTF,0,5,0.0,0.0097
MEMO1,0,4,0.0,0.0078
MEN1,2,26,0.0179,0.0506
MEOX1,0,0,0.0,0.0
MEOX2,0,0,0.0,0.0
MEP1A,1,0,0.0089,0.0
MEP1B,1,0,0.0089,0.0
MEPE,0,4,0.0,0.0078
MERTK,0,7,0.0,0.0136
MESD,0,0,0.0,0.0
MESDC1,0,0,0.0,0.0
MESDC2,0,0,0.0,0.0
MESP1,0,2,0.0,0.0039
MESP2,0,4,0.0,0.0078
MEST,0,0,0.0,0.0
MET,21,49,0.1875,0.0953
METAP1,0,4,0.0,0.0078
METAP1D,0,0,0.0,0.0
METAP2,0,4,0.0,0.0078
METRN,0,0,0.0,0.0
METRNL,0,0,0.0,0.0
METTL1,0,3,0.0,0.0058
METTL10,0,0,0.0,0.0
METTL11B,0,0,0.0,0.0
METTL12,0,0,0.0,0.0
METTL13,0,0,0.0,0.0
METTL14,0,2,0.0,0.0039
METTL15,0,0,0.0,0.0
METTL17,0,0,0.0,0.0
METTL18,0,0,0.0,0.0
METTL20,0,0,0.0,0.0
METTL21A,0,3,0.0,0.0058
METTL21B,0,0,0.0,0.0
METTL21C,0,0,0.0,0.0
METTL22,0,3,0.0,0.0058
METTL23,0,4,0.0,0.0078
METTL24,0,0,0.0,0.0
METTL25,0,0,0.0,0.0
METTL25B,0,0,0.0,0.0
METTL26,0,0,0.0,0.0
METTL27,0,0,0.0,0.0
METTL2A,0,0,0.0,0.0
METTL2B,0,0,0.0,0.0
METTL3,0,2,0.0,0.0039
METTL4,0,0,0.0,0.0
METTL5,0,0,0.0,0.0
METTL6,0,0,0.0,0.0
METTL7A,0,0,0.0,0.0
METTL7B,0,0,0.0,0.0
METTL8,0,0,0.0,0.0
METTL9,0,0,0.0,0.0
MEX3A,0,0,0.0,0.0
MEX3B,0,0,0.0,0.0
MEX3C,0,4,0.0,0.0078
MEX3D,0,0,0.0,0.0
MFAP1,0,4,0.0,0.0078
MFAP2,0,6,0.0,0.0117
MFAP3,0,3,0.0,0.0058
MFAP3L,0,0,0.0,0.0
MFAP4,0,3,0.0,0.0058
MFAP5,0,6,0.0,0.0117
MFF,0,0,0.0,0.0
MFGE8,0,10,0.0,0.0195
MFHAS1,0,0,0.0,0.0
MFI2,0,0,0.0,0.0
MFN1,4,11,0.0357,0.0214
MFN2,4,11,0.0357,0.0214
MFNG,3,4,0.0268,0.0078
MFRP,0,0,0.0,0.0
MFSD1,0,0,0.0,0.0
MFSD10,0,0,0.0,0.0
MFSD11,0,0,0.0,0.0
MFSD12,0,0,0.0,0.0
MFSD13A,0,0,0.0,0.0
MFSD14A,0,0,0.0,0.0
MFSD14B,0,0,0.0,0.0
MFSD2A,0,5,0.0,0.0097
MFSD2B,0,4,0.0,0.0078
MFSD3,0,0,0.0,0.0
MFSD4,0,0,0.0,0.0
MFSD4A,0,0,0.0,0.0
MFSD4B,0,0,0.0,0.0
MFSD5,0,0,0.0,0.0
MFSD6,0,0,0.0,0.0
MFSD6L,0,0,0.0,0.0
MFSD7,0,0,0.0,0.0
MFSD8,1,0,0.0089,0.0
MFSD9,0,0,0.0,0.0
MGA,0,4,0.0,0.0078
MGAM,3,6,0.0268,0.0117
MGAM2,3,0,0.0268,0.0
MGARP,0,0,0.0,0.0
MGAT1,2,16,0.0179,0.0311
MGAT2,2,18,0.0179,0.035
MGAT3,1,6,0.0089,0.0117
MGAT4A,2,16,0.0179,0.0311
MGAT4B,2,14,0.0179,0.0272
MGAT4C,2,14,0.0179,0.0272
MGAT4D,2,0,0.0179,0.0
MGAT5,1,14,0.0089,0.0272
MGAT5B,2,5,0.0179,0.0097
MGC57346-CRHR1,0,0,0.0,0.0
MGEA5,0,0,0.0,0.0
MGLL,4,23,0.0357,0.0447
MGME1,0,2,0.0,0.0039
MGMT,0,3,0.0,0.0058
MGP,0,0,0.0,0.0
MGRN1,2,4,0.0179,0.0078
MGST1,8,8,0.0714,0.0156
MGST2,8,5,0.0714,0.0097
MGST3,8,5,0.0714,0.0097
MIA,0,0,0.0,0.0
MIA2,0,8,0.0,0.0156
MIA3,0,10,0.0,0.0195
MIB1,1,17,0.0089,0.0331
MIB2,1,31,0.0089,0.0603
MICA,2,3,0.0179,0.0058
MICAL1,0,2,0.0,0.0039
MICAL2,0,0,0.0,0.0
MICAL3,0,0,0.0,0.0
MICALCL,0,0,0.0,0.0
MICALL1,0,0,0.0,0.0
MICALL2,1,0,0.0089,0.0
MICB,2,3,0.0179,0.0058
MICOS10,0,3,0.0,0.0058
MICOS13,0,3,0.0,0.0058
MICU1,0,3,0.0,0.0058
MICU2,0,5,0.0,0.0097
MICU3,0,3,0.0,0.0058
MID1,1,4,0.0089,0.0078
MID1IP1,0,4,0.0,0.0078
MID2,0,0,0.0,0.0
MIDEAS,0,0,0.0,0.0
MIDN,0,0,0.0,0.0
MIEF1,0,4,0.0,0.0078
MIEF2,0,0,0.0,0.0
MIEN1,0,0,0.0,0.0
MIER1,0,0,0.0,0.0
MIER2,0,0,0.0,0.0
MIER3,0,0,0.0,0.0
MIF,2,10,0.0179,0.0195
MIF4GD,0,0,0.0,0.0
MIGA1,0,5,0.0,0.0097
MIGA2,0,5,0.0,0.0097
MIIP,0,0,0.0,0.0
MILR1,0,0,0.0,0.0
MINA,0,0,0.0,0.0
MINAR1,0,0,0.0,0.0
MINAR2,0,0,0.0,0.0
MINDY1,0,0,0.0,0.0
MINDY2,0,0,0.0,0.0
MINDY3,0,0,0.0,0.0
MINDY4,0,0,0.0,0.0
MINK1,0,4,0.0,0.0078
MINOS1,0,0,0.0,0.0
MINOS1-NBL1,0,0,0.0,0.0
MINPP1,2,3,0.0179,0.0058
MIOS,1,4,0.0089,0.0078
MIOX,2,3,0.0179,0.0058
MIP,0,3,0.0,0.0058
MIPEP,0,0,0.0,0.0
MIPOL1,0,0,0.0,0.0
MIR1-1HG,0,0,0.0,0.0
MIR1307,0,0,0.0,0.0
MIR133B,1,0,0.0089,0.0
MIR138-1,0,0,0.0,0.0
MIR181A2,1,0,0.0089,0.0
MIR187,0,0,0.0,0.0
MIR200B,1,0,0.0089,0.0
MIR205HG,0,0,0.0,0.0
MIR218-1,0,0,0.0,0.0
MIR432,0,0,0.0,0.0
MIR4321,0,0,0.0,0.0
MIR551B,0,0,0.0,0.0
MIR602,1,0,0.0089,0.0
MIR657,0,0,0.0,0.0
MIS12,0,18,0.0,0.035
MIS18A,0,4,0.0,0.0078
MIS18BP1,0,8,0.0,0.0156
MISP,0,0,0.0,0.0
MISP3,0,0,0.0,0.0
MITD1,0,0,0.0,0.0
MITF,6,22,0.0536,0.0428
MIX23,0,0,0.0,0.0
MIXL1,0,4,0.0,0.0078
MKI67,0,0,0.0,0.0
MKKS,0,5,0.0,0.0097
MKL1,0,0,0.0,0.0
MKL2,0,0,0.0,0.0
MKLN1,0,4,0.0,0.0078
MKNK1,3,12,0.0268,0.0233
MKNK2,3,0,0.0268,0.0
MKRN1,0,10,0.0,0.0195
MKRN2,0,0,0.0,0.0
MKRN2OS,0,0,0.0,0.0
MKRN3,0,0,0.0,0.0
MKS1,0,7,0.0,0.0136
MKX,0,0,0.0,0.0
MLANA,0,4,0.0,0.0078
MLC1,0,0,0.0,0.0
MLEC,0,7,0.0,0.0136
MLF1,1,0,0.0089,0.0
MLF2,0,0,0.0,0.0
MLH1,6,20,0.0536,0.0389
MLH3,1,4,0.0089,0.0078
MLIP,0,0,0.0,0.0
MLKL,3,16,0.0268,0.0311
MLLT1,1,5,0.0089,0.0097
MLLT10,0,0,0.0,0.0
MLLT11,0,0,0.0,0.0
MLLT3,1,5,0.0089,0.0097
MLLT4,0,0,0.0,0.0
MLLT6,0,0,0.0,0.0
MLN,1,7,0.0089,0.0136
MLNR,1,7,0.0089,0.0136
MLPH,0,4,0.0,0.0078
MLST8,5,45,0.0446,0.0875
MLX,2,6,0.0179,0.0117
MLXIP,2,0,0.0179,0.0
MLXIPL,2,10,0.0179,0.0195
MLYCD,4,9,0.0357,0.0175
MMAA,0,17,0.0,0.0331
MMAB,1,10,0.0089,0.0195
MMACHC,1,11,0.0089,0.0214
MMADHC,0,10,0.0,0.0195
MMD,0,0,0.0,0.0
MMD2,0,0,0.0,0.0
MME,4,14,0.0357,0.0272
MMEL1,0,0,0.0,0.0
MMGT1,0,2,0.0,0.0039
MMP1,8,16,0.0714,0.0311
MMP10,0,7,0.0,0.0136
MMP11,0,4,0.0,0.0078
MMP12,0,5,0.0,0.0097
MMP13,3,14,0.0268,0.0272
MMP14,3,15,0.0268,0.0292
MMP15,1,6,0.0089,0.0117
MMP16,2,7,0.0179,0.0136
MMP17,1,3,0.0089,0.0058
MMP19,0,5,0.0,0.0097
MMP2,10,22,0.0893,0.0428
MMP20,0,7,0.0,0.0136
MMP21,0,0,0.0,0.0
MMP23B,0,0,0.0,0.0
MMP24,1,3,0.0089,0.0058
MMP25,1,6,0.0089,0.0117
MMP26,0,0,0.0,0.0
MMP27,0,0,0.0,0.0
MMP28,0,0,0.0,0.0
MMP3,7,28,0.0625,0.0545
MMP7,2,12,0.0179,0.0233
MMP8,0,7,0.0,0.0136
MMP9,15,31,0.1339,0.0603
MMRN1,0,7,0.0,0.0136
MMRN2,0,3,0.0,0.0058
MMS19,0,2,0.0,0.0039
MMUT,3,17,0.0268,0.0331
MN1,0,0,0.0,0.0
MNAT1,2,62,0.0179,0.1206
MND1,0,4,0.0,0.0078
MNDA,0,3,0.0,0.0058
MNS1,0,0,0.0,0.0
MNT,0,0,0.0,0.0
MNX1,1,0,0.0089,0.0
MOAP1,0,0,0.0,0.0
MOB1A,2,2,0.0179,0.0039
MOB1B,2,2,0.0179,0.0039
MOB2,0,0,0.0,0.0
MOB3A,0,0,0.0,0.0
MOB3B,0,0,0.0,0.0
MOB3C,0,0,0.0,0.0
MOB4,0,0,0.0,0.0
MOBP,0,4,0.0,0.0078
MOCOS,1,4,0.0089,0.0078
MOCS1,1,4,0.0089,0.0078
MOCS2,2,4,0.0179,0.0078
MOCS3,1,4,0.0089,0.0078
MOG,0,0,0.0,0.0
MOGAT1,1,4,0.0089,0.0078
MOGAT2,2,4,0.0179,0.0078
MOGAT3,2,4,0.0179,0.0078
MOGS,2,27,0.0179,0.0525
MOK,0,0,0.0,0.0
MON1A,0,4,0.0,0.0078
MON1B,0,4,0.0,0.0078
MON2,0,0,0.0,0.0
MORC1,0,0,0.0,0.0
MORC2,0,12,0.0,0.0233
MORC3,0,0,0.0,0.0
MORC4,0,0,0.0,0.0
MORF4L1,0,3,0.0,0.0058
MORF4L2,0,3,0.0,0.0058
MORN1,0,0,0.0,0.0
MORN2,0,0,0.0,0.0
MORN3,0,0,0.0,0.0
MORN4,0,0,0.0,0.0
MORN5,0,0,0.0,0.0
MOS,3,0,0.0268,0.0
MOSMO,1,0,0.0089,0.0
MOSPD1,0,0,0.0,0.0
MOSPD2,0,8,0.0,0.0156
MOSPD3,0,0,0.0,0.0
MOV10,0,80,0.0,0.1556
MOV10L1,0,3,0.0,0.0058
MOXD1,0,0,0.0,0.0
MPC1,1,3,0.0089,0.0058
MPC1L,1,3,0.0089,0.0058
MPC2,1,3,0.0089,0.0058
MPDU1,0,9,0.0,0.0175
MPDZ,1,0,0.0089,0.0
MPEG1,0,0,0.0,0.0
MPG,1,8,0.0089,0.0156
MPHOSPH6,1,5,0.0089,0.0097
MPHOSPH8,0,17,0.0,0.0331
MPHOSPH9,0,0,0.0,0.0
MPI,2,11,0.0179,0.0214
MPIG6B,0,3,0.0,0.0058
MPL,2,3,0.0179,0.0058
MPLKIP,0,0,0.0,0.0
MPND,0,0,0.0,0.0
MPO,5,5,0.0446,0.0097
MPP1,0,3,0.0,0.0058
MPP2,0,0,0.0,0.0
MPP3,0,0,0.0,0.0
MPP4,1,0,0.0089,0.0
MPP5,0,0,0.0,0.0
MPP6,0,0,0.0,0.0
MPP7,0,10,0.0,0.0195
MPPE1,1,0,0.0089,0.0
MPPED1,0,0,0.0,0.0
MPPED2,0,0,0.0,0.0
MPRIP,0,4,0.0,0.0078
MPST,3,4,0.0268,0.0078
MPV17,1,4,0.0089,0.0078
MPV17L,1,0,0.0089,0.0
MPV17L2,1,0,0.0089,0.0
MPZ,1,3,0.0089,0.0058
MPZL1,1,0,0.0089,0.0
MPZL2,0,0,0.0,0.0
MPZL3,0,0,0.0,0.0
MR1,0,0,0.0,0.0
MRAP,2,0,0.0179,0.0
MRAP2,0,0,0.0,0.0
MRAS,11,11,0.0982,0.0214
MRC1,2,18,0.0179,0.035
MRC2,2,10,0.0179,0.0195
MRE11,3,50,0.0268,0.0973
MRE11A,0,0,0.0,0.0
MREG,0,0,0.0,0.0
MRFAP1,0,0,0.0,0.0
MRFAP1L1,0,0,0.0,0.0
MRGBP,0,3,0.0,0.0058
MRGPRD,1,5,0.0089,0.0097
MRGPRE,0,0,0.0,0.0
MRGPRF,0,0,0.0,0.0
MRGPRG,0,0,0.0,0.0
MRGPRX1,0,0,0.0,0.0
MRGPRX2,0,0,0.0,0.0
MRGPRX3,0,0,0.0,0.0
MRGPRX4,0,0,0.0,0.0
MRI1,1,4,0.0089,0.0078
MRLN,0,0,0.0,0.0
MRM1,0,4,0.0,0.0078
MRM2,0,4,0.0,0.0078
MRM3,0,4,0.0,0.0078
MRNIP,0,0,0.0,0.0
MRO,0,0,0.0,0.0
MROH1,0,0,0.0,0.0
MROH2A,0,0,0.0,0.0
MROH2B,0,0,0.0,0.0
MROH5,0,0,0.0,0.0
MROH6,0,0,0.0,0.0
MROH7,0,0,0.0,0.0
MROH8,0,0,0.0,0.0
MROH9,0,0,0.0,0.0
MRPL1,1,11,0.0089,0.0214
MRPL10,1,11,0.0089,0.0214
MRPL11,1,11,0.0089,0.0214
MRPL12,1,12,0.0089,0.0233
MRPL13,1,11,0.0089,0.0214
MRPL14,1,11,0.0089,0.0214
MRPL15,1,11,0.0089,0.0214
MRPL16,1,11,0.0089,0.0214
MRPL17,1,11,0.0089,0.0214
MRPL19,1,11,0.0089,0.0214
MRPL2,1,11,0.0089,0.0214
MRPL20,1,11,0.0089,0.0214
MRPL21,1,11,0.0089,0.0214
MRPL22,1,11,0.0089,0.0214
MRPL23,1,11,0.0089,0.0214
MRPL24,1,11,0.0089,0.0214
MRPL27,1,11,0.0089,0.0214
MRPL3,1,11,0.0089,0.0214
MRPL30,1,11,0.0089,0.0214
MRPL32,1,12,0.0089,0.0233
MRPL33,1,11,0.0089,0.0214
MRPL34,1,11,0.0089,0.0214
MRPL35,1,11,0.0089,0.0214
MRPL36,1,11,0.0089,0.0214
MRPL37,0,11,0.0,0.0214
MRPL39,0,11,0.0,0.0214
MRPL40,0,11,0.0,0.0214
MRPL41,0,11,0.0,0.0214
MRPL42,0,11,0.0,0.0214
MRPL44,0,11,0.0,0.0214
MRPL47,0,11,0.0,0.0214
MRPL48,0,11,0.0,0.0214
MRPL49,0,11,0.0,0.0214
MRPL50,0,11,0.0,0.0214
MRPL51,0,11,0.0,0.0214
MRPL52,0,11,0.0,0.0214
MRPL54,0,11,0.0,0.0214
MRPL55,0,11,0.0,0.0214
MRPL58,0,11,0.0,0.0214
MRPL9,1,11,0.0089,0.0214
MRPS10,1,12,0.0089,0.0233
MRPS11,1,11,0.0089,0.0214
MRPS12,1,11,0.0089,0.0214
MRPS15,1,11,0.0089,0.0214
MRPS16,1,11,0.0089,0.0214
MRPS17,1,11,0.0089,0.0214
MRPS18A,1,11,0.0089,0.0214
MRPS18B,1,11,0.0089,0.0214
MRPS18C,1,11,0.0089,0.0214
MRPS2,1,12,0.0089,0.0233
MRPS21,1,11,0.0089,0.0214
MRPS22,0,11,0.0,0.0214
MRPS23,0,11,0.0,0.0214
MRPS25,0,11,0.0,0.0214
MRPS26,0,11,0.0,0.0214
MRPS27,0,11,0.0,0.0214
MRPS28,0,11,0.0,0.0214
MRPS30,0,11,0.0,0.0214
MRPS31,0,11,0.0,0.0214
MRPS33,0,11,0.0,0.0214
MRPS35,0,11,0.0,0.0214
MRPS36,0,0,0.0,0.0
MRPS5,1,11,0.0089,0.0214
MRPS6,1,11,0.0089,0.0214
MRPS7,1,11,0.0089,0.0214
MRPS9,1,11,0.0089,0.0214
MRRF,0,4,0.0,0.0078
MRS2,0,2,0.0,0.0039
MRTFA,0,10,0.0,0.0195
MRTFB,0,0,0.0,0.0
MRTO4,0,0,0.0,0.0
MRVI1,0,0,0.0,0.0
MS4A1,1,0,0.0089,0.0
MS4A10,0,0,0.0,0.0
MS4A12,0,0,0.0,0.0
MS4A13,0,0,0.0,0.0
MS4A14,0,0,0.0,0.0
MS4A15,0,0,0.0,0.0
MS4A18,0,0,0.0,0.0
MS4A2,4,12,0.0357,0.0233
MS4A3,0,3,0.0,0.0058
MS4A4A,0,0,0.0,0.0
MS4A4E,0,0,0.0,0.0
MS4A5,0,0,0.0,0.0
MS4A6A,0,0,0.0,0.0
MS4A6E,0,0,0.0,0.0
MS4A7,0,0,0.0,0.0
MS4A8,0,0,0.0,0.0
MSANTD1,0,0,0.0,0.0
MSANTD2,0,0,0.0,0.0
MSANTD3,0,0,0.0,0.0
MSANTD3-TMEFF1,0,0,0.0,0.0
MSANTD4,0,0,0.0,0.0
MSC,0,0,0.0,0.0
MSGN1,0,4,0.0,0.0078
MSH2,3,18,0.0268,0.035
MSH3,3,11,0.0268,0.0214
MSH4,0,4,0.0,0.0078
MSH5,0,4,0.0,0.0078
MSH6,3,8,0.0268,0.0156
MSI1,1,5,0.0089,0.0097
MSI2,1,6,0.0089,0.0117
MSL1,0,3,0.0,0.0058
MSL2,0,3,0.0,0.0058
MSL3,0,3,0.0,0.0058
MSLN,0,5,0.0,0.0097
MSMB,0,0,0.0,0.0
MSMO1,1,6,0.0089,0.0117
MSMP,0,0,0.0,0.0
MSN,5,24,0.0446,0.0467
MSR1,1,6,0.0089,0.0117
MSRA,0,2,0.0,0.0039
MSRB1,0,2,0.0,0.0039
MSRB2,0,2,0.0,0.0039
MSRB3,0,2,0.0,0.0039
MSS51,0,0,0.0,0.0
MST1,1,3,0.0089,0.0058
MST1L,0,0,0.0,0.0
MST1R,1,3,0.0089,0.0058
MSTN,1,5,0.0089,0.0097
MSX1,1,3,0.0089,0.0058
MSX2,1,5,0.0089,0.0097
MT1A,1,6,0.0089,0.0117
MT1B,1,3,0.0089,0.0058
MT1E,1,3,0.0089,0.0058
MT1F,1,3,0.0089,0.0058
MT1G,1,3,0.0089,0.0058
MT1H,1,3,0.0089,0.0058
MT1HL1,1,0,0.0089,0.0
MT1M,1,3,0.0089,0.0058
MT1X,1,3,0.0089,0.0058
MT2A,1,10,0.0089,0.0195
MT3,0,6,0.0,0.0117
MT4,0,3,0.0,0.0058
MTA1,0,45,0.0,0.0875
MTA2,0,45,0.0,0.0875
MTA3,0,40,0.0,0.0778
MTAP,1,10,0.0089,0.0195
MTARC1,0,3,0.0,0.0058
MTARC2,0,3,0.0,0.0058
MTBP,0,9,0.0,0.0175
MTCH1,0,0,0.0,0.0
MTCH2,0,0,0.0,0.0
MTCL1,0,0,0.0,0.0
MTCL2,0,0,0.0,0.0
MTCP1,1,0,0.0089,0.0
MTDH,0,0,0.0,0.0
MTERF1,0,6,0.0,0.0117
MTERF2,0,0,0.0,0.0
MTERF3,0,10,0.0,0.0195
MTERF4,0,4,0.0,0.0078
MTF1,0,13,0.0,0.0253
MTF2,0,3,0.0,0.0058
MTFMT,2,4,0.0179,0.0078
MTFP1,0,0,0.0,0.0
MTFR1,0,0,0.0,0.0
MTFR1L,0,0,0.0,0.0
MTFR2,0,0,0.0,0.0
MTG1,0,0,0.0,0.0
MTHFD1,1,4,0.0089,0.0078
MTHFD1L,1,4,0.0089,0.0078
MTHFD2,1,4,0.0089,0.0078
MTHFD2L,1,4,0.0089,0.0078
MTHFR,1,4,0.0089,0.0078
MTHFS,1,4,0.0089,0.0078
MTHFSD,0,0,0.0,0.0
MTIF2,0,4,0.0,0.0078
MTIF3,0,4,0.0,0.0078
MTL5,0,0,0.0,0.0
MTM1,2,7,0.0179,0.0136
MTMR1,2,10,0.0179,0.0195
MTMR10,0,5,0.0,0.0097
MTMR11,0,0,0.0,0.0
MTMR12,0,5,0.0,0.0097
MTMR14,3,7,0.0268,0.0136
MTMR2,2,13,0.0179,0.0253
MTMR3,3,7,0.0268,0.0136
MTMR4,3,11,0.0268,0.0214
MTMR6,2,5,0.0179,0.0097
MTMR7,2,12,0.0179,0.0233
MTMR8,2,5,0.0179,0.0097
MTMR9,0,12,0.0,0.0233
MTNAP1,0,0,0.0,0.0
MTNR1A,2,6,0.0179,0.0117
MTNR1B,2,6,0.0179,0.0117
MTO1,0,3,0.0,0.0058
MTOR,48,45,0.4286,0.0875
MTPAP,0,2,0.0,0.0039
MTPN,0,0,0.0,0.0
MTR,3,21,0.0268,0.0409
MTRES1,0,4,0.0,0.0078
MTREX,1,12,0.0089,0.0233
MTRF1,0,4,0.0,0.0078
MTRF1L,0,4,0.0,0.0078
MTRFR,0,4,0.0,0.0078
MTRNR2L1,0,0,0.0,0.0
MTRNR2L10,0,0,0.0,0.0
MTRNR2L2,0,0,0.0,0.0
MTRNR2L3,0,0,0.0,0.0
MTRNR2L4,0,0,0.0,0.0
MTRNR2L5,0,0,0.0,0.0
MTRNR2L6,0,0,0.0,0.0
MTRNR2L7,0,0,0.0,0.0
MTRNR2L8,0,0,0.0,0.0
MTRNR2L9,0,0,0.0,0.0
MTRR,0,16,0.0,0.0311
MTSS1,0,0,0.0,0.0
MTSS1L,0,0,0.0,0.0
MTSS2,0,0,0.0,0.0
MTTP,1,7,0.0089,0.0136
MTURN,0,0,0.0,0.0
MTUS1,0,0,0.0,0.0
MTUS2,0,0,0.0,0.0
MTX1,0,10,0.0,0.0195
MTX2,0,5,0.0,0.0097
MTX3,0,0,0.0,0.0
MUC1,0,25,0.0,0.0486
MUC12,0,16,0.0,0.0311
MUC13,0,23,0.0,0.0447
MUC15,0,16,0.0,0.0311
MUC16,0,16,0.0,0.0311
MUC17,0,16,0.0,0.0311
MUC19,0,16,0.0,0.0311
MUC2,2,16,0.0179,0.0311
MUC20,0,20,0.0,0.0389
MUC21,0,16,0.0,0.0311
MUC22,0,0,0.0,0.0
MUC3A,0,16,0.0,0.0311
MUC3B,0,0,0.0,0.0
MUC4,0,16,0.0,0.0311
MUC5AC,1,16,0.0089,0.0311
MUC5B,2,16,0.0179,0.0311
MUC6,0,16,0.0,0.0311
MUC7,1,16,0.0089,0.0311
MUC8,0,0,0.0,0.0
MUCL1,0,16,0.0,0.0311
MUCL3,0,0,0.0,0.0
MUL1,0,9,0.0,0.0175
MUM1,0,0,0.0,0.0
MUM1L1,0,0,0.0,0.0
MURC,0,0,0.0,0.0
MUS81,2,8,0.0179,0.0156
MUSK,0,2,0.0,0.0039
MUSTN1,0,0,0.0,0.0
MUT,0,0,0.0,0.0
MUTYH,1,18,0.0089,0.035
MVB12A,1,17,0.0089,0.0331
MVB12B,1,17,0.0089,0.0331
MVD,1,13,0.0089,0.0253
MVP,0,3,0.0,0.0058
MX1,5,0,0.0446,0.0
MX2,5,0,0.0446,0.0
MXD1,0,0,0.0,0.0
MXD3,0,0,0.0,0.0
MXD4,0,4,0.0,0.0078
MXI1,0,0,0.0,0.0
MXRA5,0,0,0.0,0.0
MXRA7,0,0,0.0,0.0
MXRA8,0,4,0.0,0.0078
MYADM,0,0,0.0,0.0
MYADML2,0,0,0.0,0.0
MYB,1,15,0.0089,0.0292
MYBL1,0,3,0.0,0.0058
MYBL2,1,15,0.0089,0.0292
MYBPC1,0,2,0.0,0.0039
MYBPC2,0,2,0.0,0.0039
MYBPC3,2,2,0.0179,0.0039
MYBPH,0,0,0.0,0.0
MYBPHL,0,0,0.0,0.0
MYCBP,0,0,0.0,0.0
MYCBP2,0,0,0.0,0.0
MYCBPAP,0,0,0.0,0.0
MYCL,0,0,0.0,0.0
MYCN,1,20,0.0089,0.0389
MYCT1,0,0,0.0,0.0
MYD88,25,49,0.2232,0.0953
MYDGF,0,5,0.0,0.0097
MYEF2,0,0,0.0,0.0
MYEOV,0,0,0.0,0.0
MYEOV2,0,0,0.0,0.0
MYF5,1,8,0.0089,0.0156
MYF6,0,8,0.0,0.0156
MYG1,0,0,0.0,0.0
MYH1,0,0,0.0,0.0
MYH10,4,21,0.0357,0.0409
MYH11,4,28,0.0357,0.0545
MYH13,0,0,0.0,0.0
MYH14,4,21,0.0357,0.0409
MYH15,0,0,0.0,0.0
MYH2,0,11,0.0,0.0214
MYH3,0,2,0.0,0.0039
MYH4,0,0,0.0,0.0
MYH6,7,2,0.0625,0.0039
MYH7,7,0,0.0625,0.0
MYH7B,0,0,0.0,0.0
MYH8,0,2,0.0,0.0039
MYH9,4,45,0.0357,0.0875
MYL1,0,2,0.0,0.0039
MYL10,5,2,0.0446,0.0039
MYL11,5,2,0.0446,0.0039
MYL12A,8,7,0.0714,0.0136
MYL12B,8,23,0.0714,0.0447
MYL2,11,2,0.0982,0.0039
MYL3,5,2,0.0446,0.0039
MYL4,3,2,0.0268,0.0039
MYL5,6,2,0.0536,0.0039
MYL6,3,23,0.0268,0.0447
MYL6B,3,2,0.0268,0.0039
MYL7,5,2,0.0446,0.0039
MYL9,11,28,0.0982,0.0545
MYLIP,1,12,0.0089,0.0233
MYLK,9,12,0.0804,0.0233
MYLK2,9,0,0.0804,0.0
MYLK3,9,0,0.0804,0.0
MYLK4,9,0,0.0804,0.0
MYLPF,0,0,0.0,0.0
MYMK,0,0,0.0,0.0
MYNN,0,0,0.0,0.0
MYO10,2,15,0.0179,0.0292
MYO15A,0,4,0.0,0.0078
MYO15B,0,0,0.0,0.0
MYO16,0,0,0.0,0.0
MYO18A,0,12,0.0,0.0233
MYO18B,0,0,0.0,0.0
MYO19,0,5,0.0,0.0097
MYO1A,1,0,0.0089,0.0
MYO1B,1,0,0.0089,0.0
MYO1C,1,22,0.0089,0.0428
MYO1D,1,0,0.0089,0.0
MYO1E,1,0,0.0089,0.0
MYO1F,1,0,0.0089,0.0
MYO1G,1,0,0.0089,0.0
MYO1H,1,0,0.0089,0.0
MYO3A,0,4,0.0,0.0078
MYO3B,0,4,0.0,0.0078
MYO5A,1,25,0.0089,0.0486
MYO5B,1,3,0.0089,0.0058
MYO5C,1,0,0.0089,0.0
MYO6,2,18,0.0179,0.035
MYO7A,0,7,0.0,0.0136
MYO7B,0,0,0.0,0.0
MYO9A,0,7,0.0,0.0136
MYO9B,0,26,0.0,0.0506
MYOC,0,0,0.0,0.0
MYOCD,0,2,0.0,0.0039
MYOD1,1,16,0.0089,0.0311
MYOF,0,0,0.0,0.0
MYOG,0,12,0.0,0.0233
MYOM1,0,0,0.0,0.0
MYOM2,0,0,0.0,0.0
MYOM3,0,0,0.0,0.0
MYORG,0,0,0.0,0.0
MYOT,0,0,0.0,0.0
MYOZ1,0,0,0.0,0.0
MYOZ2,0,0,0.0,0.0
MYOZ3,0,0,0.0,0.0
MYPN,0,0,0.0,0.0
MYPOP,0,0,0.0,0.0
MYRF,0,0,0.0,0.0
MYRFL,0,0,0.0,0.0
MYRIP,0,7,0.0,0.0136
MYSM1,0,4,0.0,0.0078
MYT1,0,0,0.0,0.0
MYT1L,0,0,0.0,0.0
MYZAP,0,0,0.0,0.0
MZB1,0,0,0.0,0.0
MZF1,0,0,0.0,0.0
MZT1,0,9,0.0,0.0175
MZT2A,0,9,0.0,0.0175
MZT2B,0,9,0.0,0.0175
N4BP1,0,24,0.0,0.0467
N4BP2,0,0,0.0,0.0
N4BP2L1,0,0,0.0,0.0
N4BP2L2,0,0,0.0,0.0
N4BP3,0,0,0.0,0.0
N6AMT1,0,0,0.0,0.0
N6AMT2,0,0,0.0,0.0
NAA11,0,0,0.0,0.0
NAA15,0,0,0.0,0.0
NAA16,0,0,0.0,0.0
NAA20,0,0,0.0,0.0
NAA25,0,0,0.0,0.0
NAA30,0,4,0.0,0.0078
NAA35,0,4,0.0,0.0078
NAA38,0,4,0.0,0.0078
NAA40,0,0,0.0,0.0
NAA60,0,0,0.0,0.0
NAA80,0,0,0.0,0.0
NAAA,0,3,0.0,0.0058
NAALAD2,0,3,0.0,0.0058
NAALADL1,0,0,0.0,0.0
NAALADL2,0,0,0.0,0.0
NAB1,0,9,0.0,0.0175
NAB2,0,15,0.0,0.0292
NABP1,0,6,0.0,0.0117
NABP2,0,6,0.0,0.0117
NACA,1,5,0.0089,0.0097
NACA2,0,0,0.0,0.0
NACAD,0,0,0.0,0.0
NACC1,0,0,0.0,0.0
NACC2,0,0,0.0,0.0
NADK,1,4,0.0089,0.0078
NADK2,1,6,0.0089,0.0117
NADSYN1,1,4,0.0089,0.0078
NAE1,1,3,0.0089,0.0058
NAF1,0,0,0.0,0.0
NAGA,2,0,0.0179,0.0
NAGK,1,6,0.0089,0.0117
NAGLU,2,10,0.0179,0.0195
NAGPA,1,0,0.0089,0.0
NAGS,1,7,0.0089,0.0136
NAIF1,0,0,0.0,0.0
NAIP,5,0,0.0446,0.0
NALCN,0,3,0.0,0.0058
NALF1,0,0,0.0,0.0
NALF2,0,0,0.0,0.0
NANOG,2,14,0.0179,0.0272
NANOGNB,0,0,0.0,0.0
NANOS1,0,0,0.0,0.0
NANOS2,0,0,0.0,0.0
NANOS3,0,2,0.0,0.0039
NANP,1,6,0.0089,0.0117
NANS,1,6,0.0089,0.0117
NAP1L1,0,0,0.0,0.0
NAP1L2,0,0,0.0,0.0
NAP1L3,0,0,0.0,0.0
NAP1L4,0,0,0.0,0.0
NAP1L5,0,0,0.0,0.0
NAPB,0,14,0.0,0.0272
NAPEPLD,1,5,0.0089,0.0097
NAPG,0,14,0.0,0.0272
NAPRT,1,7,0.0089,0.0136
NAPSA,1,2,0.0089,0.0039
NARF,0,0,0.0,0.0
NARFL,0,0,0.0,0.0
NARR,0,0,0.0,0.0
NARS1,1,4,0.0089,0.0078
NARS2,1,4,0.0089,0.0078
NASP,0,0,0.0,0.0
NAT1,3,6,0.0268,0.0117
NAT14,0,0,0.0,0.0
NAT16,0,0,0.0,0.0
NAT2,3,6,0.0268,0.0117
NAT6,0,0,0.0,0.0
NAT8,1,2,0.0089,0.0039
NAT8B,0,0,0.0,0.0
NAT8L,0,0,0.0,0.0
NAT9,0,0,0.0,0.0
NATD1,0,0,0.0,0.0
NAV1,0,0,0.0,0.0
NAV2,0,0,0.0,0.0
NAV3,0,0,0.0,0.0
NAXD,0,4,0.0,0.0078
NAXE,0,4,0.0,0.0078
NBAS,0,5,0.0,0.0097
NBEA,0,22,0.0,0.0428
NBEAL1,0,0,0.0,0.0
NBEAL2,0,3,0.0,0.0058
NBL1,1,0,0.0089,0.0
NBN,2,45,0.0179,0.0875
NBPF1,0,0,0.0,0.0
NBPF10,0,0,0.0,0.0
NBPF11,0,0,0.0,0.0
NBPF12,0,0,0.0,0.0
NBPF14,0,0,0.0,0.0
NBPF15,0,0,0.0,0.0
NBPF19,0,0,0.0,0.0
NBPF20,0,0,0.0,0.0
NBPF26,0,0,0.0,0.0
NBPF3,0,0,0.0,0.0
NBPF4,0,0,0.0,0.0
NBPF6,0,0,0.0,0.0
NBPF7,0,0,0.0,0.0
NBPF8,0,0,0.0,0.0
NBPF9,0,0,0.0,0.0
NBR1,1,8,0.0089,0.0156
NCALD,1,6,0.0089,0.0117
NCAM1,2,22,0.0179,0.0428
NCAM2,2,0,0.0179,0.0
NCAN,0,26,0.0,0.0506
NCAPD2,0,10,0.0,0.0195
NCAPD3,0,5,0.0,0.0097
NCAPG,0,10,0.0,0.0195
NCAPG2,0,5,0.0,0.0097
NCAPH,0,10,0.0,0.0195
NCAPH2,0,5,0.0,0.0097
NCBP3,0,0,0.0,0.0
NCCRP1,0,0,0.0,0.0
NCDN,0,0,0.0,0.0
NCEH1,4,4,0.0357,0.0078
NCF1,11,23,0.0982,0.0447
NCF2,9,23,0.0804,0.0447
NCF4,8,23,0.0714,0.0447
NCK1,4,69,0.0357,0.1342
NCK2,4,24,0.0357,0.0467
NCKAP1,3,39,0.0268,0.0759
NCKAP1L,3,40,0.0268,0.0778
NCKAP5,0,0,0.0,0.0
NCKAP5L,0,0,0.0,0.0
NCKIPSD,0,32,0.0,0.0623
NCL,0,0,0.0,0.0
NCLN,0,0,0.0,0.0
NCMAP,0,0,0.0,0.0
NCOA1,4,69,0.0357,0.1342
NCOA2,2,69,0.0179,0.1342
NCOA3,4,30,0.0357,0.0584
NCOA4,3,0,0.0268,0.0
NCOA5,0,0,0.0,0.0
NCOA6,0,42,0.0,0.0817
NCOA7,0,0,0.0,0.0
NCOR1,2,98,0.0179,0.1907
NCOR2,2,78,0.0179,0.1518
NCR1,1,3,0.0089,0.0058
NCR2,1,5,0.0089,0.0097
NCR3,1,3,0.0089,0.0058
NCR3LG1,0,3,0.0,0.0058
NCS1,0,0,0.0,0.0
NCSTN,2,43,0.0179,0.0837
NDC1,2,97,0.0179,0.1887
NDE1,0,31,0.0,0.0603
NDEL1,0,18,0.0,0.035
NDFIP1,0,0,0.0,0.0
NDFIP2,0,0,0.0,0.0
NDN,0,4,0.0,0.0078
NDNF,0,0,0.0,0.0
NDNL2,0,0,0.0,0.0
NDOR1,0,2,0.0,0.0039
NDP,0,0,0.0,0.0
NDRG1,0,6,0.0,0.0117
NDRG2,0,0,0.0,0.0
NDRG3,0,0,0.0,0.0
NDRG4,0,0,0.0,0.0
NDST1,1,5,0.0089,0.0097
NDST2,1,5,0.0089,0.0097
NDST3,1,5,0.0089,0.0097
NDST4,1,5,0.0089,0.0097
NDUFA1,11,4,0.0982,0.0078
NDUFA10,11,4,0.0982,0.0078
NDUFA11,11,4,0.0982,0.0078
NDUFA12,11,4,0.0982,0.0078
NDUFA2,11,6,0.0982,0.0117
NDUFA3,11,4,0.0982,0.0078
NDUFA4,0,0,0.0,0.0
NDUFA4L2,0,0,0.0,0.0
NDUFA5,11,9,0.0982,0.0175
NDUFA6,11,4,0.0982,0.0078
NDUFA7,11,4,0.0982,0.0078
NDUFA8,11,4,0.0982,0.0078
NDUFA9,11,4,0.0982,0.0078
NDUFAB1,11,13,0.0982,0.0253
NDUFAF1,1,4,0.0089,0.0078
NDUFAF2,1,4,0.0089,0.0078
NDUFAF3,1,4,0.0089,0.0078
NDUFAF4,1,4,0.0089,0.0078
NDUFAF5,1,4,0.0089,0.0078
NDUFAF6,1,4,0.0089,0.0078
NDUFAF7,1,4,0.0089,0.0078
NDUFAF8,1,4,0.0089,0.0078
NDUFB1,11,4,0.0982,0.0078
NDUFB10,11,4,0.0982,0.0078
NDUFB11,11,4,0.0982,0.0078
NDUFB2,11,4,0.0982,0.0078
NDUFB3,11,4,0.0982,0.0078
NDUFB4,11,4,0.0982,0.0078
NDUFB5,11,4,0.0982,0.0078
NDUFB6,11,6,0.0982,0.0117
NDUFB7,11,4,0.0982,0.0078
NDUFB8,11,8,0.0982,0.0156
NDUFB9,11,4,0.0982,0.0078
NDUFC1,11,4,0.0982,0.0078
NDUFC2,11,7,0.0982,0.0136
NDUFC2-KCTD14,11,0,0.0982,0.0
NDUFS1,11,6,0.0982,0.0117
NDUFS2,11,4,0.0982,0.0078
NDUFS3,11,11,0.0982,0.0214
NDUFS4,11,4,0.0982,0.0078
NDUFS5,11,4,0.0982,0.0078
NDUFS6,11,4,0.0982,0.0078
NDUFS7,11,4,0.0982,0.0078
NDUFS8,11,4,0.0982,0.0078
NDUFV1,11,6,0.0982,0.0117
NDUFV2,11,4,0.0982,0.0078
NDUFV3,11,6,0.0982,0.0117
NEB,0,2,0.0,0.0039
NEBL,0,0,0.0,0.0
NECAB1,0,0,0.0,0.0
NECAB2,0,0,0.0,0.0
NECAB3,0,0,0.0,0.0
NECAP1,0,6,0.0,0.0117
NECAP2,0,4,0.0,0.0078
NECTIN1,3,5,0.0268,0.0097
NECTIN2,3,8,0.0268,0.0156
NECTIN3,2,5,0.0179,0.0097
NECTIN4,1,5,0.0089,0.0097
NEDD1,0,17,0.0,0.0331
NEDD4,4,17,0.0357,0.0331
NEDD4L,4,27,0.0357,0.0525
NEDD8-MDP1,0,0,0.0,0.0
NEDD9,0,0,0.0,0.0
NEFH,2,0,0.0179,0.0
NEFL,2,20,0.0179,0.0389
NEFM,2,0,0.0179,0.0
NEGR1,1,3,0.0089,0.0058
NEIL1,1,12,0.0089,0.0233
NEIL2,1,8,0.0089,0.0156
NEIL3,1,21,0.0089,0.0409
NEK1,0,4,0.0,0.0078
NEK10,0,0,0.0,0.0
NEK11,0,5,0.0,0.0097
NEK2,0,35,0.0,0.0681
NEK3,0,0,0.0,0.0
NEK4,0,0,0.0,0.0
NEK5,0,0,0.0,0.0
NEK6,0,9,0.0,0.0175
NEK7,1,9,0.0089,0.0175
NEK8,0,0,0.0,0.0
NEK9,0,9,0.0,0.0175
NELFA,0,36,0.0,0.07
NELFCD,0,36,0.0,0.07
NELFE,0,36,0.0,0.07
NELL1,0,0,0.0,0.0
NELL2,0,5,0.0,0.0097
NEMF,0,8,0.0,0.0156
NEMP1,0,0,0.0,0.0
NEMP2,0,0,0.0,0.0
NENF,0,0,0.0,0.0
NEO1,3,5,0.0268,0.0097
NES,0,0,0.0,0.0
NET1,0,13,0.0,0.0253
NETO1,0,0,0.0,0.0
NETO2,0,0,0.0,0.0
NEU1,3,19,0.0268,0.037
NEU2,2,11,0.0179,0.0214
NEU3,2,11,0.0179,0.0214
NEU4,2,11,0.0179,0.0214
NEURL1,0,17,0.0,0.0331
NEURL1B,0,17,0.0,0.0331
NEURL2,0,3,0.0,0.0058
NEURL3,0,0,0.0,0.0
NEURL4,0,0,0.0,0.0
NEUROD1,1,6,0.0089,0.0117
NEUROD2,0,0,0.0,0.0
NEUROD4,0,0,0.0,0.0
NEUROD6,0,0,0.0,0.0
NEUROG1,1,0,0.0089,0.0
NEUROG2,0,0,0.0,0.0
NEUROG3,1,6,0.0089,0.0117
NEXMIF,0,0,0.0,0.0
NEXN,0,0,0.0,0.0
NF1,2,9,0.0179,0.0175
NF2,3,9,0.0268,0.0175
NFAM1,0,3,0.0,0.0058
NFASC,1,14,0.0089,0.0272
NFAT5,0,0,0.0,0.0
NFATC1,23,23,0.2054,0.0447
NFATC2,21,24,0.1875,0.0467
NFATC2IP,0,0,0.0,0.0
NFATC3,19,16,0.1696,0.0311
NFATC4,11,0,0.0982,0.0
NFE2,0,9,0.0,0.0175
NFE2L1,0,0,0.0,0.0
NFE2L2,6,46,0.0536,0.0895
NFE2L3,0,0,0.0,0.0
NFE4,0,0,0.0,0.0
NFIA,0,4,0.0,0.0078
NFIB,0,4,0.0,0.0078
NFIC,0,4,0.0,0.0078
NFIL3,0,0,0.0,0.0
NFILZ,0,0,0.0,0.0
NFIX,0,4,0.0,0.0078
NFKB1,72,101,0.6429,0.1965
NFKB2,10,60,0.0893,0.1167
NFKBIA,47,67,0.4196,0.1304
NFKBIB,19,38,0.1696,0.0739
NFKBID,0,0,0.0,0.0
NFKBIE,8,5,0.0714,0.0097
NFKBIL1,0,0,0.0,0.0
NFKBIZ,1,0,0.0089,0.0
NFRKB,0,8,0.0,0.0156
NFS1,2,10,0.0179,0.0195
NFU1,0,3,0.0,0.0058
NFX1,1,0,0.0089,0.0
NFXL1,0,0,0.0,0.0
NFYA,3,29,0.0268,0.0564
NFYB,3,29,0.0268,0.0564
NFYC,2,29,0.0179,0.0564
NGB,0,2,0.0,0.0039
NGDN,0,0,0.0,0.0
NGEF,1,24,0.0089,0.0467
NGF,9,52,0.0804,0.1012
NGFR,8,24,0.0714,0.0467
NGFRAP1,0,0,0.0,0.0
NGLY1,1,4,0.0089,0.0078
NGRN,0,5,0.0,0.0097
NHEJ1,1,3,0.0089,0.0058
NHERF1,4,0,0.0357,0.0
NHERF2,1,0,0.0089,0.0
NHERF4,0,5,0.0,0.0097
NHLH1,0,0,0.0,0.0
NHLH2,0,0,0.0,0.0
NHLRC1,1,9,0.0089,0.0175
NHLRC2,0,4,0.0,0.0078
NHLRC3,0,3,0.0,0.0058
NHLRC4,0,0,0.0,0.0
NHP2L1,0,0,0.0,0.0
NHS,0,7,0.0,0.0136
NHSL1,0,0,0.0,0.0
NHSL2,0,0,0.0,0.0
NHSL3,0,0,0.0,0.0
NIBAN1,0,0,0.0,0.0
NIBAN2,0,0,0.0,0.0
NIBAN3,0,0,0.0,0.0
NICN1,0,3,0.0,0.0058
NICOL1,0,0,0.0,0.0
NID1,0,6,0.0,0.0117
NID2,0,4,0.0,0.0078
NIF3L1,0,0,0.0,0.0
NIFK,0,0,0.0,0.0
NIM1K,0,0,0.0,0.0
NIN,0,0,0.0,0.0
NINJ1,0,0,0.0,0.0
NINJ2,0,0,0.0,0.0
NINL,0,17,0.0,0.0331
NIPA1,0,2,0.0,0.0039
NIPA2,0,2,0.0,0.0039
NIPAL1,0,2,0.0,0.0039
NIPAL2,0,2,0.0,0.0039
NIPAL3,0,2,0.0,0.0039
NIPAL4,0,2,0.0,0.0039
NIPBL,0,5,0.0,0.0097
NIPSNAP1,0,0,0.0,0.0
NIPSNAP2,0,6,0.0,0.0117
NIPSNAP3A,0,0,0.0,0.0
NIPSNAP3B,0,0,0.0,0.0
NISCH,0,7,0.0,0.0136
NIT1,0,0,0.0,0.0
NIT2,1,3,0.0089,0.0058
NKAIN1,0,0,0.0,0.0
NKAIN2,0,0,0.0,0.0
NKAIN3,0,0,0.0,0.0
NKAIN4,0,0,0.0,0.0
NKAPD1,0,0,0.0,0.0
NKAPL,0,0,0.0,0.0
NKD1,2,0,0.0179,0.0
NKD2,2,4,0.0179,0.0078
NKG7,0,0,0.0,0.0
NKIRAS1,0,28,0.0,0.0545
NKIRAS2,0,28,0.0,0.0545
NKPD1,0,0,0.0,0.0
NKRF,0,0,0.0,0.0
NKTR,0,0,0.0,0.0
NKX1-1,0,0,0.0,0.0
NKX1-2,0,0,0.0,0.0
NKX2-1,0,0,0.0,0.0
NKX2-2,1,6,0.0089,0.0117
NKX2-3,0,0,0.0,0.0
NKX2-4,0,0,0.0,0.0
NKX2-5,0,11,0.0,0.0214
NKX2-6,0,0,0.0,0.0
NKX2-8,0,0,0.0,0.0
NKX3-1,2,0,0.0179,0.0
NKX3-2,0,5,0.0,0.0097
NKX6-1,1,10,0.0089,0.0195
NKX6-2,0,0,0.0,0.0
NKX6-3,0,0,0.0,0.0
NLGN1,1,6,0.0089,0.0117
NLGN2,1,6,0.0089,0.0117
NLGN3,1,6,0.0089,0.0117
NLGN4X,1,6,0.0089,0.0117
NLGN4Y,1,6,0.0089,0.0117
NLK,4,4,0.0357,0.0078
NLN,1,5,0.0089,0.0097
NLRC3,0,5,0.0,0.0097
NLRC4,5,16,0.0446,0.0311
NLRC5,0,26,0.0,0.0506
NLRP1,1,5,0.0089,0.0097
NLRP10,0,0,0.0,0.0
NLRP11,0,0,0.0,0.0
NLRP12,1,7,0.0089,0.0136
NLRP13,0,0,0.0,0.0
NLRP14,0,0,0.0,0.0
NLRP2,0,0,0.0,0.0
NLRP2B,0,0,0.0,0.0
NLRP3,11,38,0.0982,0.0739
NLRP4,1,8,0.0089,0.0156
NLRP5,0,0,0.0,0.0
NLRP6,1,0,0.0089,0.0
NLRP7,1,0,0.0089,0.0
NLRP8,0,0,0.0,0.0
NLRP9,0,0,0.0,0.0
NLRX1,3,26,0.0268,0.0506
NMB,1,7,0.0089,0.0136
NMBR,1,7,0.0089,0.0136
NME1,3,6,0.0268,0.0117
NME1-NME2,3,0,0.0268,0.0
NME2,3,9,0.0268,0.0175
NME3,3,3,0.0268,0.0058
NME4,3,3,0.0268,0.0058
NME5,0,0,0.0,0.0
NME6,3,3,0.0268,0.0058
NME7,3,9,0.0268,0.0175
NME8,0,0,0.0,0.0
NME9,0,0,0.0,0.0
NMI,0,7,0.0,0.0136
NMNAT1,1,4,0.0089,0.0078
NMNAT2,1,4,0.0089,0.0078
NMNAT3,1,4,0.0089,0.0078
NMRAL1,0,7,0.0,0.0136
NMRK1,1,4,0.0089,0.0078
NMRK2,1,4,0.0089,0.0078
NMS,0,8,0.0,0.0156
NMT2,0,16,0.0,0.0311
NMU,1,8,0.0089,0.0156
NMUR1,1,8,0.0089,0.0156
NMUR2,1,8,0.0089,0.0156
NNAT,0,0,0.0,0.0
NNMT,1,11,0.0089,0.0214
NNT,1,3,0.0089,0.0058
NO-TARGET,0,0,0.0,0.0
NOA1,0,0,0.0,0.0
NOB1,1,4,0.0089,0.0078
NOBOX,0,0,0.0,0.0
NOC2L,0,6,0.0,0.0117
NOC3L,0,0,0.0,0.0
NOCT,0,2,0.0,0.0039
NOD1,5,44,0.0446,0.0856
NOD2,4,44,0.0357,0.0856
NODAL,3,3,0.0268,0.0058
NOG,1,6,0.0089,0.0117
NOL12,0,4,0.0,0.0078
NOL3,0,0,0.0,0.0
NOL4,0,0,0.0,0.0
NOL4L,0,0,0.0,0.0
NOL7,0,0,0.0,0.0
NOL8,0,0,0.0,0.0
NOLC1,0,0,0.0,0.0
NOM1,0,0,0.0,0.0
NOMO1,0,0,0.0,0.0
NOMO2,0,0,0.0,0.0
NOMO3,0,0,0.0,0.0
NON-TARGETING,0,0,0.0,0.0
NONO,0,0,0.0,0.0
NONTARGET.CTRL1,0,0,0.0,0.0
NONTARGET.CTRL10,0,0,0.0,0.0
NONTARGET.CTRL100,0,0,0.0,0.0
NONTARGET.CTRL101,0,0,0.0,0.0
NONTARGET.CTRL102,0,0,0.0,0.0
NONTARGET.CTRL103,0,0,0.0,0.0
NONTARGET.CTRL104,0,0,0.0,0.0
NONTARGET.CTRL105,0,0,0.0,0.0
NONTARGET.CTRL106,0,0,0.0,0.0
NONTARGET.CTRL107,0,0,0.0,0.0
NONTARGET.CTRL108,0,0,0.0,0.0
NONTARGET.CTRL109,0,0,0.0,0.0
NONTARGET.CTRL11,0,0,0.0,0.0
NONTARGET.CTRL110,0,0,0.0,0.0
NONTARGET.CTRL111,0,0,0.0,0.0
NONTARGET.CTRL112,0,0,0.0,0.0
NONTARGET.CTRL113,0,0,0.0,0.0
NONTARGET.CTRL114,0,0,0.0,0.0
NONTARGET.CTRL115,0,0,0.0,0.0
NONTARGET.CTRL116,0,0,0.0,0.0
NONTARGET.CTRL117,0,0,0.0,0.0
NONTARGET.CTRL118,0,0,0.0,0.0
NONTARGET.CTRL119,0,0,0.0,0.0
NONTARGET.CTRL12,0,0,0.0,0.0
NONTARGET.CTRL120,0,0,0.0,0.0
NONTARGET.CTRL121,0,0,0.0,0.0
NONTARGET.CTRL122,0,0,0.0,0.0
NONTARGET.CTRL123,0,0,0.0,0.0
NONTARGET.CTRL124,0,0,0.0,0.0
NONTARGET.CTRL125,0,0,0.0,0.0
NONTARGET.CTRL126,0,0,0.0,0.0
NONTARGET.CTRL127,0,0,0.0,0.0
NONTARGET.CTRL128,0,0,0.0,0.0
NONTARGET.CTRL129,0,0,0.0,0.0
NONTARGET.CTRL13,0,0,0.0,0.0
NONTARGET.CTRL130,0,0,0.0,0.0
NONTARGET.CTRL131,0,0,0.0,0.0
NONTARGET.CTRL132,0,0,0.0,0.0
NONTARGET.CTRL133,0,0,0.0,0.0
NONTARGET.CTRL134,0,0,0.0,0.0
NONTARGET.CTRL135,0,0,0.0,0.0
NONTARGET.CTRL136,0,0,0.0,0.0
NONTARGET.CTRL137,0,0,0.0,0.0
NONTARGET.CTRL138,0,0,0.0,0.0
NONTARGET.CTRL139,0,0,0.0,0.0
NONTARGET.CTRL14,0,0,0.0,0.0
NONTARGET.CTRL140,0,0,0.0,0.0
NONTARGET.CTRL141,0,0,0.0,0.0
NONTARGET.CTRL142,0,0,0.0,0.0
NONTARGET.CTRL143,0,0,0.0,0.0
NONTARGET.CTRL144,0,0,0.0,0.0
NONTARGET.CTRL145,0,0,0.0,0.0
NONTARGET.CTRL146,0,0,0.0,0.0
NONTARGET.CTRL147,0,0,0.0,0.0
NONTARGET.CTRL148,0,0,0.0,0.0
NONTARGET.CTRL149,0,0,0.0,0.0
NONTARGET.CTRL15,0,0,0.0,0.0
NONTARGET.CTRL150,0,0,0.0,0.0
NONTARGET.CTRL151,0,0,0.0,0.0
NONTARGET.CTRL152,0,0,0.0,0.0
NONTARGET.CTRL153,0,0,0.0,0.0
NONTARGET.CTRL154,0,0,0.0,0.0
NONTARGET.CTRL155,0,0,0.0,0.0
NONTARGET.CTRL156,0,0,0.0,0.0
NONTARGET.CTRL157,0,0,0.0,0.0
NONTARGET.CTRL158,0,0,0.0,0.0
NONTARGET.CTRL159,0,0,0.0,0.0
NONTARGET.CTRL16,0,0,0.0,0.0
NONTARGET.CTRL160,0,0,0.0,0.0
NONTARGET.CTRL161,0,0,0.0,0.0
NONTARGET.CTRL162,0,0,0.0,0.0
NONTARGET.CTRL163,0,0,0.0,0.0
NONTARGET.CTRL164,0,0,0.0,0.0
NONTARGET.CTRL165,0,0,0.0,0.0
NONTARGET.CTRL166,0,0,0.0,0.0
NONTARGET.CTRL167,0,0,0.0,0.0
NONTARGET.CTRL168,0,0,0.0,0.0
NONTARGET.CTRL169,0,0,0.0,0.0
NONTARGET.CTRL17,0,0,0.0,0.0
NONTARGET.CTRL170,0,0,0.0,0.0
NONTARGET.CTRL171,0,0,0.0,0.0
NONTARGET.CTRL172,0,0,0.0,0.0
NONTARGET.CTRL173,0,0,0.0,0.0
NONTARGET.CTRL174,0,0,0.0,0.0
NONTARGET.CTRL175,0,0,0.0,0.0
NONTARGET.CTRL176,0,0,0.0,0.0
NONTARGET.CTRL177,0,0,0.0,0.0
NONTARGET.CTRL178,0,0,0.0,0.0
NONTARGET.CTRL179,0,0,0.0,0.0
NONTARGET.CTRL18,0,0,0.0,0.0
NONTARGET.CTRL180,0,0,0.0,0.0
NONTARGET.CTRL181,0,0,0.0,0.0
NONTARGET.CTRL182,0,0,0.0,0.0
NONTARGET.CTRL183,0,0,0.0,0.0
NONTARGET.CTRL184,0,0,0.0,0.0
NONTARGET.CTRL185,0,0,0.0,0.0
NONTARGET.CTRL186,0,0,0.0,0.0
NONTARGET.CTRL187,0,0,0.0,0.0
NONTARGET.CTRL188,0,0,0.0,0.0
NONTARGET.CTRL189,0,0,0.0,0.0
NONTARGET.CTRL19,0,0,0.0,0.0
NONTARGET.CTRL190,0,0,0.0,0.0
NONTARGET.CTRL191,0,0,0.0,0.0
NONTARGET.CTRL192,0,0,0.0,0.0
NONTARGET.CTRL193,0,0,0.0,0.0
NONTARGET.CTRL194,0,0,0.0,0.0
NONTARGET.CTRL195,0,0,0.0,0.0
NONTARGET.CTRL196,0,0,0.0,0.0
NONTARGET.CTRL197,0,0,0.0,0.0
NONTARGET.CTRL198,0,0,0.0,0.0
NONTARGET.CTRL199,0,0,0.0,0.0
NONTARGET.CTRL2,0,0,0.0,0.0
NONTARGET.CTRL20,0,0,0.0,0.0
NONTARGET.CTRL200,0,0,0.0,0.0
NONTARGET.CTRL201,0,0,0.0,0.0
NONTARGET.CTRL202,0,0,0.0,0.0
NONTARGET.CTRL203,0,0,0.0,0.0
NONTARGET.CTRL204,0,0,0.0,0.0
NONTARGET.CTRL205,0,0,0.0,0.0
NONTARGET.CTRL206,0,0,0.0,0.0
NONTARGET.CTRL207,0,0,0.0,0.0
NONTARGET.CTRL208,0,0,0.0,0.0
NONTARGET.CTRL209,0,0,0.0,0.0
NONTARGET.CTRL21,0,0,0.0,0.0
NONTARGET.CTRL210,0,0,0.0,0.0
NONTARGET.CTRL211,0,0,0.0,0.0
NONTARGET.CTRL212,0,0,0.0,0.0
NONTARGET.CTRL213,0,0,0.0,0.0
NONTARGET.CTRL214,0,0,0.0,0.0
NONTARGET.CTRL215,0,0,0.0,0.0
NONTARGET.CTRL216,0,0,0.0,0.0
NONTARGET.CTRL217,0,0,0.0,0.0
NONTARGET.CTRL218,0,0,0.0,0.0
NONTARGET.CTRL219,0,0,0.0,0.0
NONTARGET.CTRL22,0,0,0.0,0.0
NONTARGET.CTRL220,0,0,0.0,0.0
NONTARGET.CTRL221,0,0,0.0,0.0
NONTARGET.CTRL222,0,0,0.0,0.0
NONTARGET.CTRL223,0,0,0.0,0.0
NONTARGET.CTRL224,0,0,0.0,0.0
NONTARGET.CTRL225,0,0,0.0,0.0
NONTARGET.CTRL226,0,0,0.0,0.0
NONTARGET.CTRL227,0,0,0.0,0.0
NONTARGET.CTRL228,0,0,0.0,0.0
NONTARGET.CTRL229,0,0,0.0,0.0
NONTARGET.CTRL23,0,0,0.0,0.0
NONTARGET.CTRL230,0,0,0.0,0.0
NONTARGET.CTRL231,0,0,0.0,0.0
NONTARGET.CTRL232,0,0,0.0,0.0
NONTARGET.CTRL233,0,0,0.0,0.0
NONTARGET.CTRL234,0,0,0.0,0.0
NONTARGET.CTRL235,0,0,0.0,0.0
NONTARGET.CTRL236,0,0,0.0,0.0
NONTARGET.CTRL237,0,0,0.0,0.0
NONTARGET.CTRL238,0,0,0.0,0.0
NONTARGET.CTRL239,0,0,0.0,0.0
NONTARGET.CTRL24,0,0,0.0,0.0
NONTARGET.CTRL240,0,0,0.0,0.0
NONTARGET.CTRL241,0,0,0.0,0.0
NONTARGET.CTRL242,0,0,0.0,0.0
NONTARGET.CTRL243,0,0,0.0,0.0
NONTARGET.CTRL244,0,0,0.0,0.0
NONTARGET.CTRL245,0,0,0.0,0.0
NONTARGET.CTRL246,0,0,0.0,0.0
NONTARGET.CTRL247,0,0,0.0,0.0
NONTARGET.CTRL248,0,0,0.0,0.0
NONTARGET.CTRL249,0,0,0.0,0.0
NONTARGET.CTRL25,0,0,0.0,0.0
NONTARGET.CTRL250,0,0,0.0,0.0
NONTARGET.CTRL26,0,0,0.0,0.0
NONTARGET.CTRL27,0,0,0.0,0.0
NONTARGET.CTRL28,0,0,0.0,0.0
NONTARGET.CTRL29,0,0,0.0,0.0
NONTARGET.CTRL3,0,0,0.0,0.0
NONTARGET.CTRL30,0,0,0.0,0.0
NONTARGET.CTRL31,0,0,0.0,0.0
NONTARGET.CTRL32,0,0,0.0,0.0
NONTARGET.CTRL33,0,0,0.0,0.0
NONTARGET.CTRL34,0,0,0.0,0.0
NONTARGET.CTRL35,0,0,0.0,0.0
NONTARGET.CTRL36,0,0,0.0,0.0
NONTARGET.CTRL37,0,0,0.0,0.0
NONTARGET.CTRL38,0,0,0.0,0.0
NONTARGET.CTRL39,0,0,0.0,0.0
NONTARGET.CTRL4,0,0,0.0,0.0
NONTARGET.CTRL40,0,0,0.0,0.0
NONTARGET.CTRL41,0,0,0.0,0.0
NONTARGET.CTRL42,0,0,0.0,0.0
NONTARGET.CTRL43,0,0,0.0,0.0
NONTARGET.CTRL44,0,0,0.0,0.0
NONTARGET.CTRL45,0,0,0.0,0.0
NONTARGET.CTRL46,0,0,0.0,0.0
NONTARGET.CTRL47,0,0,0.0,0.0
NONTARGET.CTRL48,0,0,0.0,0.0
NONTARGET.CTRL49,0,0,0.0,0.0
NONTARGET.CTRL5,0,0,0.0,0.0
NONTARGET.CTRL50,0,0,0.0,0.0
NONTARGET.CTRL51,0,0,0.0,0.0
NONTARGET.CTRL52,0,0,0.0,0.0
NONTARGET.CTRL53,0,0,0.0,0.0
NONTARGET.CTRL54,0,0,0.0,0.0
NONTARGET.CTRL55,0,0,0.0,0.0
NONTARGET.CTRL56,0,0,0.0,0.0
NONTARGET.CTRL57,0,0,0.0,0.0
NONTARGET.CTRL58,0,0,0.0,0.0
NONTARGET.CTRL59,0,0,0.0,0.0
NONTARGET.CTRL6,0,0,0.0,0.0
NONTARGET.CTRL60,0,0,0.0,0.0
NONTARGET.CTRL61,0,0,0.0,0.0
NONTARGET.CTRL62,0,0,0.0,0.0
NONTARGET.CTRL63,0,0,0.0,0.0
NONTARGET.CTRL64,0,0,0.0,0.0
NONTARGET.CTRL65,0,0,0.0,0.0
NONTARGET.CTRL66,0,0,0.0,0.0
NONTARGET.CTRL67,0,0,0.0,0.0
NONTARGET.CTRL68,0,0,0.0,0.0
NONTARGET.CTRL69,0,0,0.0,0.0
NONTARGET.CTRL7,0,0,0.0,0.0
NONTARGET.CTRL70,0,0,0.0,0.0
NONTARGET.CTRL71,0,0,0.0,0.0
NONTARGET.CTRL72,0,0,0.0,0.0
NONTARGET.CTRL73,0,0,0.0,0.0
NONTARGET.CTRL74,0,0,0.0,0.0
NONTARGET.CTRL75,0,0,0.0,0.0
NONTARGET.CTRL76,0,0,0.0,0.0
NONTARGET.CTRL77,0,0,0.0,0.0
NONTARGET.CTRL78,0,0,0.0,0.0
NONTARGET.CTRL79,0,0,0.0,0.0
NONTARGET.CTRL8,0,0,0.0,0.0
NONTARGET.CTRL80,0,0,0.0,0.0
NONTARGET.CTRL81,0,0,0.0,0.0
NONTARGET.CTRL82,0,0,0.0,0.0
NONTARGET.CTRL83,0,0,0.0,0.0
NONTARGET.CTRL84,0,0,0.0,0.0
NONTARGET.CTRL85,0,0,0.0,0.0
NONTARGET.CTRL86,0,0,0.0,0.0
NONTARGET.CTRL87,0,0,0.0,0.0
NONTARGET.CTRL88,0,0,0.0,0.0
NONTARGET.CTRL89,0,0,0.0,0.0
NONTARGET.CTRL9,0,0,0.0,0.0
NONTARGET.CTRL90,0,0,0.0,0.0
NONTARGET.CTRL91,0,0,0.0,0.0
NONTARGET.CTRL92,0,0,0.0,0.0
NONTARGET.CTRL93,0,0,0.0,0.0
NONTARGET.CTRL94,0,0,0.0,0.0
NONTARGET.CTRL95,0,0,0.0,0.0
NONTARGET.CTRL96,0,0,0.0,0.0
NONTARGET.CTRL97,0,0,0.0,0.0
NONTARGET.CTRL98,0,0,0.0,0.0
NONTARGET.CTRL99,0,0,0.0,0.0
NOP10,1,9,0.0089,0.0175
NOP14,0,8,0.0,0.0156
NOP53,0,0,0.0,0.0
NOP58,1,13,0.0089,0.0253
NOPCHAP1,0,0,0.0,0.0
NOS1,12,9,0.1071,0.0175
NOS1AP,1,0,0.0089,0.0
NOS2,18,20,0.1607,0.0389
NOS3,18,29,0.1607,0.0564
NOSIP,0,3,0.0,0.0058
NOSTRIN,0,3,0.0,0.0058
NOTCH1,8,66,0.0714,0.1284
NOTCH2,7,30,0.0625,0.0584
NOTCH2NL,0,0,0.0,0.0
NOTCH2NLA,0,11,0.0,0.0214
NOTCH3,8,26,0.0714,0.0506
NOTCH4,6,27,0.0536,0.0525
NOTO,0,3,0.0,0.0058
NOTUM,1,8,0.0089,0.0156
NOV,0,0,0.0,0.0
NOVA1,0,0,0.0,0.0
NOVA2,0,0,0.0,0.0
NOX1,6,14,0.0536,0.0272
NOX3,0,8,0.0,0.0156
NOX4,3,10,0.0268,0.0195
NOX5,0,4,0.0,0.0078
NOXA1,0,14,0.0,0.0272
NOXO1,0,14,0.0,0.0272
NOXRED1,0,0,0.0,0.0
NPAP1,0,0,0.0,0.0
NPAS1,0,0,0.0,0.0
NPAS2,1,12,0.0089,0.0233
NPAS3,0,0,0.0,0.0
NPAS4,0,12,0.0,0.0233
NPAT,0,0,0.0,0.0
NPB,1,7,0.0089,0.0136
NPBWR1,1,7,0.0089,0.0136
NPBWR2,1,7,0.0089,0.0136
NPC1,2,4,0.0179,0.0078
NPC1L1,1,6,0.0089,0.0117
NPC2,2,7,0.0179,0.0136
NPDC1,0,3,0.0,0.0058
NPEPL1,0,0,0.0,0.0
NPEPPS,0,4,0.0,0.0078
NPFF,1,8,0.0089,0.0156
NPFFR1,1,8,0.0089,0.0156
NPFFR2,1,8,0.0089,0.0156
NPHP1,0,4,0.0,0.0078
NPHP3,0,5,0.0,0.0097
NPHP4,0,6,0.0,0.0117
NPHS1,0,4,0.0,0.0078
NPHS2,0,2,0.0,0.0039
NPIPA1,0,0,0.0,0.0
NPIPA2,0,0,0.0,0.0
NPIPA3,0,0,0.0,0.0
NPIPA5,0,0,0.0,0.0
NPIPA7,0,0,0.0,0.0
NPIPA8,0,0,0.0,0.0
NPIPB15,0,0,0.0,0.0
NPIPB3,0,0,0.0,0.0
NPIPB4,0,0,0.0,0.0
NPIPB5,0,0,0.0,0.0
NPIPB6,0,0,0.0,0.0
NPIPB8,0,0,0.0,0.0
NPIPB9,0,0,0.0,0.0
NPL,1,6,0.0089,0.0117
NPM1,0,44,0.0,0.0856
NPM2,0,3,0.0,0.0058
NPM3,0,0,0.0,0.0
NPNT,1,4,0.0089,0.0078
NPPA,10,9,0.0893,0.0175
NPPB,3,0,0.0268,0.0
NPPC,3,3,0.0268,0.0058
NPR1,9,3,0.0804,0.0058
NPR2,4,3,0.0357,0.0058
NPR3,0,0,0.0,0.0
NPRL2,1,4,0.0089,0.0078
NPRL3,1,4,0.0089,0.0078
NPS,0,8,0.0,0.0156
NPSR1,0,8,0.0,0.0156
NPTN,0,4,0.0,0.0078
NPTX1,0,0,0.0,0.0
NPTX2,0,0,0.0,0.0
NPTXR,0,0,0.0,0.0
NPVF,0,0,0.0,0.0
NPW,1,7,0.0089,0.0136
NPY,5,12,0.0446,0.0233
NPY1R,3,7,0.0268,0.0136
NPY2R,1,7,0.0089,0.0136
NPY4R,1,7,0.0089,0.0136
NPY4R2,1,7,0.0089,0.0136
NPY5R,1,7,0.0089,0.0136
NQO1,4,14,0.0357,0.0272
NQO2,0,3,0.0,0.0058
NR0B1,1,4,0.0089,0.0078
NR0B2,1,4,0.0089,0.0078
NR1D1,1,24,0.0089,0.0467
NR1D2,0,4,0.0,0.0078
NR1H2,1,25,0.0089,0.0486
NR1H3,4,26,0.0357,0.0506
NR1H4,1,23,0.0089,0.0447
NR1I2,0,9,0.0,0.0175
NR1I3,0,4,0.0,0.0078
NR2C1,0,9,0.0,0.0175
NR2C2,0,10,0.0,0.0195
NR2C2AP,0,4,0.0,0.0078
NR2E1,0,9,0.0,0.0175
NR2E3,0,4,0.0,0.0078
NR2F1,0,4,0.0,0.0078
NR2F2,0,9,0.0,0.0175
NR2F6,0,4,0.0,0.0078
NR3C1,1,31,0.0089,0.0603
NR3C2,1,12,0.0089,0.0233
NR4A1,5,12,0.0446,0.0233
NR4A2,2,9,0.0179,0.0175
NR4A3,1,6,0.0089,0.0117
NR5A1,2,13,0.0179,0.0253
NR5A2,1,22,0.0089,0.0428
NR6A1,0,7,0.0,0.0136
NRAP,0,0,0.0,0.0
NRARP,0,0,0.0,0.0
NRAS,76,150,0.6786,0.2918
NRBF2,6,4,0.0536,0.0078
NRBP1,0,9,0.0,0.0175
NRBP2,0,0,0.0,0.0
NRCAM,1,11,0.0089,0.0214
NRD1,0,0,0.0,0.0
NRDC,0,0,0.0,0.0
NRDE2,0,0,0.0,0.0
NREP,0,0,0.0,0.0
NRF1,2,13,0.0179,0.0253
NRG1,2,42,0.0179,0.0817
NRG2,2,36,0.0179,0.07
NRG3,2,34,0.0179,0.0661
NRG4,2,34,0.0179,0.0661
NRGN,0,12,0.0,0.0233
NRIP1,0,18,0.0,0.035
NRIP2,0,0,0.0,0.0
NRIP3,0,0,0.0,0.0
NRK,0,0,0.0,0.0
NRL,0,0,0.0,0.0
NRM,0,0,0.0,0.0
NRN1,0,3,0.0,0.0058
NRN1L,0,3,0.0,0.0058
NRP1,3,29,0.0268,0.0564
NRP2,0,9,0.0,0.0175
NRROS,0,0,0.0,0.0
NRSN1,0,0,0.0,0.0
NRSN2,0,0,0.0,0.0
NRTN,0,13,0.0,0.0253
NRXN1,1,8,0.0089,0.0156
NRXN2,1,6,0.0089,0.0117
NRXN3,1,6,0.0089,0.0117
NSD1,1,3,0.0089,0.0058
NSD2,2,15,0.0179,0.0292
NSD3,1,3,0.0089,0.0058
NSDHL,1,6,0.0089,0.0117
NSFL1C,1,5,0.0089,0.0097
NSG1,0,0,0.0,0.0
NSG2,0,0,0.0,0.0
NSL1,0,18,0.0,0.035
NSMAF,1,4,0.0089,0.0078
NSMCE1,0,5,0.0,0.0097
NSMCE2,0,5,0.0,0.0097
NSMCE3,0,5,0.0,0.0097
NSMCE4A,0,5,0.0,0.0097
NSMF,0,0,0.0,0.0
NSRP1,0,4,0.0,0.0078
NSUN2,0,6,0.0,0.0117
NSUN3,0,0,0.0,0.0
NSUN4,0,4,0.0,0.0078
NSUN5,0,0,0.0,0.0
NSUN6,0,3,0.0,0.0058
NSUN7,0,0,0.0,0.0
NT5C,3,5,0.0268,0.0097
NT5C1A,3,5,0.0268,0.0097
NT5C1B,3,4,0.0268,0.0078
NT5C1B-RDH14,3,4,0.0268,0.0078
NT5C2,3,8,0.0268,0.0156
NT5C3A,2,4,0.0179,0.0078
NT5C3B,2,0,0.0179,0.0
NT5DC1,0,0,0.0,0.0
NT5DC2,0,0,0.0,0.0
NT5DC3,0,0,0.0,0.0
NT5DC4,0,0,0.0,0.0
NT5E,3,14,0.0268,0.0272
NT5M,3,4,0.0268,0.0078
NTAN1,0,0,0.0,0.0
NTAQ1,0,0,0.0,0.0
NTF3,4,25,0.0357,0.0486
NTF4,4,23,0.0357,0.0447
NTHL1,1,14,0.0089,0.0272
NTM,0,3,0.0,0.0058
NTMT1,0,0,0.0,0.0
NTMT2,0,0,0.0,0.0
NTN1,1,16,0.0089,0.0311
NTN3,1,2,0.0089,0.0039
NTN4,1,6,0.0089,0.0117
NTN5,0,0,0.0,0.0
NTNG1,2,3,0.0179,0.0058
NTNG2,2,3,0.0179,0.0058
NTPCR,2,0,0.0179,0.0
NTRK1,11,29,0.0982,0.0564
NTRK2,6,33,0.0536,0.0642
NTRK3,3,27,0.0268,0.0525
NTS,1,7,0.0089,0.0136
NTSR1,2,7,0.0179,0.0136
NTSR2,1,7,0.0089,0.0136
NUAK1,0,6,0.0,0.0117
NUAK2,0,0,0.0,0.0
NUB1,0,3,0.0,0.0058
NUBP1,0,2,0.0,0.0039
NUBP2,0,2,0.0,0.0039
NUBPL,0,4,0.0,0.0078
NUCB1,0,4,0.0,0.0078
NUCB2,0,0,0.0,0.0
NUCKS1,0,0,0.0,0.0
NUDCD1,0,0,0.0,0.0
NUDCD2,0,0,0.0,0.0
NUDT1,0,5,0.0,0.0097
NUDT10,0,3,0.0,0.0058
NUDT11,0,3,0.0,0.0058
NUDT12,2,4,0.0179,0.0078
NUDT13,0,3,0.0,0.0058
NUDT14,0,6,0.0,0.0117
NUDT15,0,7,0.0,0.0136
NUDT16,2,5,0.0179,0.0097
NUDT16L1,1,0,0.0089,0.0
NUDT17,0,0,0.0,0.0
NUDT18,0,5,0.0,0.0097
NUDT19,1,8,0.0089,0.0156
NUDT2,2,4,0.0179,0.0078
NUDT22,0,0,0.0,0.0
NUDT3,0,3,0.0,0.0058
NUDT5,1,5,0.0089,0.0097
NUDT6,0,0,0.0,0.0
NUDT7,1,8,0.0089,0.0156
NUDT8,0,4,0.0,0.0078
NUDT9,1,5,0.0089,0.0097
NUFIP1,0,0,0.0,0.0
NUFIP2,0,0,0.0,0.0
NUGGC,0,0,0.0,0.0
NUMA1,0,6,0.0,0.0117
NUMB,1,17,0.0089,0.0331
NUMBL,1,0,0.0089,0.0
NUP107,2,110,0.0179,0.214
NUP153,2,86,0.0179,0.1673
NUP188,2,97,0.0179,0.1887
NUP205,2,97,0.0179,0.1887
NUP210,2,86,0.0179,0.1673
NUP210L,2,0,0.0179,0.0
NUP35,2,97,0.0179,0.1887
NUP37,2,110,0.0179,0.214
NUP42,1,86,0.0089,0.1673
NUP43,2,110,0.0179,0.214
NUP50,2,86,0.0179,0.1673
NUP54,2,93,0.0179,0.1809
NUP58,2,93,0.0179,0.1809
NUP62,2,93,0.0179,0.1809
NUP62CL,0,0,0.0,0.0
NUP98,3,110,0.0268,0.214
NUPL1,0,0,0.0,0.0
NUPL2,0,0,0.0,0.0
NUPR1,1,0,0.0089,0.0
NUPR1L,0,0,0.0,0.0
NUPR2,0,0,0.0,0.0
NUSAP1,0,0,0.0,0.0
NUTM1,0,0,0.0,0.0
NUTM2A,0,0,0.0,0.0
NUTM2B,0,0,0.0,0.0
NUTM2D,0,0,0.0,0.0
NUTM2F,0,0,0.0,0.0
NUTM2G,0,0,0.0,0.0
NWD1,0,0,0.0,0.0
NWD2,0,0,0.0,0.0
NXF2,6,4,0.0536,0.0078
NXF2B,6,4,0.0536,0.0078
NXF3,6,0,0.0536,0.0
NXF5,0,0,0.0,0.0
NXN,0,0,0.0,0.0
NXNL1,0,0,0.0,0.0
NXNL2,0,0,0.0,0.0
NXPE1,0,0,0.0,0.0
NXPE2,0,0,0.0,0.0
NXPE3,0,0,0.0,0.0
NXPE4,0,0,0.0,0.0
NXPH1,0,0,0.0,0.0
NXPH2,0,0,0.0,0.0
NXPH3,0,0,0.0,0.0
NXPH4,0,0,0.0,0.0
NXT1,5,4,0.0446,0.0078
NXT2,5,0,0.0446,0.0
NYAP1,0,0,0.0,0.0
NYAP2,0,0,0.0,0.0
NYNRIN,0,0,0.0,0.0
NYX,0,0,0.0,0.0
OAF,0,0,0.0,0.0
OARD1,0,0,0.0,0.0
OAS1,7,7,0.0625,0.0136
OAS2,7,12,0.0625,0.0233
OAS3,7,7,0.0625,0.0136
OASL,1,7,0.0089,0.0136
OAT,1,3,0.0089,0.0058
OAZ1,0,4,0.0,0.0078
OAZ2,0,4,0.0,0.0078
OAZ3,0,4,0.0,0.0078
OBFC1,0,0,0.0,0.0
OBI1,0,5,0.0,0.0097
OBP2A,0,0,0.0,0.0
OBP2B,0,0,0.0,0.0
OBSCN,0,0,0.0,0.0
OBSL1,0,3,0.0,0.0058
OC90,0,0,0.0,0.0
OCA2,0,3,0.0,0.0058
OCEL1,0,0,0.0,0.0
OCIAD1,0,0,0.0,0.0
OCIAD2,0,0,0.0,0.0
OCLM,0,0,0.0,0.0
OCLN,5,10,0.0446,0.0195
OCM,0,0,0.0,0.0
OCM2,0,0,0.0,0.0
OCRL,2,20,0.0179,0.0389
OCSTAMP,0,0,0.0,0.0
ODAD1,0,0,0.0,0.0
ODAD2,0,0,0.0,0.0
ODAD3,0,0,0.0,0.0
ODAD4,0,0,0.0,0.0
ODAM,0,2,0.0,0.0039
ODAPH,0,0,0.0,0.0
ODC1,2,4,0.0179,0.0078
ODF1,0,0,0.0,0.0
ODF2,0,17,0.0,0.0331
ODF2L,0,0,0.0,0.0
ODF3,0,0,0.0,0.0
ODF3B,0,0,0.0,0.0
ODF3L1,0,0,0.0,0.0
ODF3L2,0,0,0.0,0.0
ODF4,0,0,0.0,0.0
ODR4,0,0,0.0,0.0
OFCC1,0,0,0.0,0.0
OFD1,0,20,0.0,0.0389
OGA,1,0,0.0089,0.0
OGDHL,1,0,0.0089,0.0
OGFOD1,0,4,0.0,0.0078
OGFOD2,0,0,0.0,0.0
OGFOD3,0,0,0.0,0.0
OGFR,0,0,0.0,0.0
OGFRL1,0,0,0.0,0.0
OGG1,1,19,0.0089,0.037
OGN,0,13,0.0,0.0253
OIP5,0,4,0.0,0.0078
OIT3,0,0,0.0,0.0
OLA1,0,4,0.0,0.0078
OLAH,1,4,0.0089,0.0078
OLFM1,0,0,0.0,0.0
OLFM2,0,0,0.0,0.0
OLFM3,0,0,0.0,0.0
OLFM4,0,3,0.0,0.0058
OLFML1,0,0,0.0,0.0
OLFML2A,0,0,0.0,0.0
OLFML2B,0,0,0.0,0.0
OLFML3,0,0,0.0,0.0
OLIG1,0,0,0.0,0.0
OLIG2,0,0,0.0,0.0
OLIG3,0,0,0.0,0.0
OLR1,3,5,0.0268,0.0097
OMA1,1,11,0.0089,0.0214
OMD,0,13,0.0,0.0253
OMG,0,5,0.0,0.0097
OMP,0,0,0.0,0.0
ONECUT1,2,10,0.0179,0.0195
ONECUT2,0,0,0.0,0.0
ONECUT3,0,4,0.0,0.0078
OOEP,0,0,0.0,0.0
OOSP2,0,0,0.0,0.0
OPA1,1,5,0.0089,0.0097
OPA3,0,0,0.0,0.0
OPALIN,0,0,0.0,0.0
OPCML,0,3,0.0,0.0058
OPHN1,0,14,0.0,0.0272
OPLAH,1,9,0.0089,0.0175
OPN1LW,0,15,0.0,0.0292
OPN1MW,0,15,0.0,0.0292
OPN1MW2,0,0,0.0,0.0
OPN1SW,0,15,0.0,0.0292
OPN3,0,7,0.0,0.0136
OPN4,0,7,0.0,0.0136
OPN5,0,7,0.0,0.0136
OPRD1,3,11,0.0268,0.0214
OPRK1,1,12,0.0089,0.0233
OPRL1,1,7,0.0089,0.0136
OPRM1,3,18,0.0268,0.035
OPRPN,0,0,0.0,0.0
OPTC,0,2,0.0,0.0039
OPTN,3,31,0.0268,0.0603
OR10A2,1,3,0.0089,0.0058
OR10A3,1,3,0.0089,0.0058
OR10A4,1,3,0.0089,0.0058
OR10A5,1,3,0.0089,0.0058
OR10A6,1,5,0.0089,0.0097
OR10A7,1,3,0.0089,0.0058
OR10AD1,1,3,0.0089,0.0058
OR10AG1,1,3,0.0089,0.0058
OR10C1,1,3,0.0089,0.0058
OR10G2,1,3,0.0089,0.0058
OR10G3,1,5,0.0089,0.0097
OR10G4,1,5,0.0089,0.0097
OR10G7,1,5,0.0089,0.0097
OR10G8,1,3,0.0089,0.0058
OR10G9,1,3,0.0089,0.0058
OR10H1,1,3,0.0089,0.0058
OR10H2,1,5,0.0089,0.0097
OR10H3,1,3,0.0089,0.0058
OR10H4,1,3,0.0089,0.0058
OR10H5,1,5,0.0089,0.0097
OR10J1,1,3,0.0089,0.0058
OR10J3,0,0,0.0,0.0
OR10J5,1,5,0.0089,0.0097
OR10K1,1,3,0.0089,0.0058
OR10K2,1,3,0.0089,0.0058
OR10P1,1,3,0.0089,0.0058
OR10Q1,1,3,0.0089,0.0058
OR10R2,1,3,0.0089,0.0058
OR10S1,1,5,0.0089,0.0097
OR10T2,1,3,0.0089,0.0058
OR10V1,1,3,0.0089,0.0058
OR10W1,1,3,0.0089,0.0058
OR10X1,1,5,0.0089,0.0097
OR10Z1,1,3,0.0089,0.0058
OR11A1,1,5,0.0089,0.0097
OR11G2,1,3,0.0089,0.0058
OR11H1,1,3,0.0089,0.0058
OR11H12,1,0,0.0089,0.0
OR11H2,1,3,0.0089,0.0058
OR11H4,1,5,0.0089,0.0097
OR11H6,1,5,0.0089,0.0097
OR11L1,1,3,0.0089,0.0058
OR12D2,1,3,0.0089,0.0058
OR12D3,1,3,0.0089,0.0058
OR13A1,1,3,0.0089,0.0058
OR13C2,1,3,0.0089,0.0058
OR13C3,1,5,0.0089,0.0097
OR13C4,1,3,0.0089,0.0058
OR13C5,1,3,0.0089,0.0058
OR13C8,1,3,0.0089,0.0058
OR13C9,1,3,0.0089,0.0058
OR13D1,1,3,0.0089,0.0058
OR13F1,1,3,0.0089,0.0058
OR13G1,1,3,0.0089,0.0058
OR13H1,1,3,0.0089,0.0058
OR13J1,1,3,0.0089,0.0058
OR14A16,1,3,0.0089,0.0058
OR14C36,1,3,0.0089,0.0058
OR14I1,1,3,0.0089,0.0058
OR14J1,1,5,0.0089,0.0097
OR1A1,1,5,0.0089,0.0097
OR1A2,1,3,0.0089,0.0058
OR1B1,1,3,0.0089,0.0058
OR1C1,1,5,0.0089,0.0097
OR1D2,1,5,0.0089,0.0097
OR1D5,1,5,0.0089,0.0097
OR1E1,1,5,0.0089,0.0097
OR1E2,1,3,0.0089,0.0058
OR1F1,1,3,0.0089,0.0058
OR1G1,1,3,0.0089,0.0058
OR1I1,1,3,0.0089,0.0058
OR1J1,1,3,0.0089,0.0058
OR1J2,1,3,0.0089,0.0058
OR1J4,1,3,0.0089,0.0058
OR1K1,1,3,0.0089,0.0058
OR1L1,1,3,0.0089,0.0058
OR1L3,1,3,0.0089,0.0058
OR1L4,1,3,0.0089,0.0058
OR1L6,1,3,0.0089,0.0058
OR1L8,1,3,0.0089,0.0058
OR1M1,1,3,0.0089,0.0058
OR1N1,1,3,0.0089,0.0058
OR1N2,1,5,0.0089,0.0097
OR1Q1,1,3,0.0089,0.0058
OR1S1,1,3,0.0089,0.0058
OR1S2,1,3,0.0089,0.0058
OR2A1,1,5,0.0089,0.0097
OR2A12,1,3,0.0089,0.0058
OR2A14,1,3,0.0089,0.0058
OR2A2,1,3,0.0089,0.0058
OR2A25,1,5,0.0089,0.0097
OR2A4,1,3,0.0089,0.0058
OR2A42,1,5,0.0089,0.0097
OR2A5,1,3,0.0089,0.0058
OR2A7,1,5,0.0089,0.0097
OR2AE1,1,3,0.0089,0.0058
OR2AG1,1,3,0.0089,0.0058
OR2AG2,1,3,0.0089,0.0058
OR2AK2,1,3,0.0089,0.0058
OR2AP1,1,3,0.0089,0.0058
OR2AT4,1,5,0.0089,0.0097
OR2B11,1,5,0.0089,0.0097
OR2B2,1,3,0.0089,0.0058
OR2B3,1,3,0.0089,0.0058
OR2B6,1,3,0.0089,0.0058
OR2C1,1,5,0.0089,0.0097
OR2C3,1,3,0.0089,0.0058
OR2D2,1,3,0.0089,0.0058
OR2D3,1,3,0.0089,0.0058
OR2F1,1,5,0.0089,0.0097
OR2F2,1,3,0.0089,0.0058
OR2G2,1,3,0.0089,0.0058
OR2G3,1,3,0.0089,0.0058
OR2G6,1,3,0.0089,0.0058
OR2H1,1,3,0.0089,0.0058
OR2H2,1,3,0.0089,0.0058
OR2J2,1,5,0.0089,0.0097
OR2J3,1,5,0.0089,0.0097
OR2K2,1,3,0.0089,0.0058
OR2L13,1,5,0.0089,0.0097
OR2L2,1,3,0.0089,0.0058
OR2L3,1,3,0.0089,0.0058
OR2L5,1,3,0.0089,0.0058
OR2L8,1,3,0.0089,0.0058
OR2M2,1,5,0.0089,0.0097
OR2M3,1,3,0.0089,0.0058
OR2M4,1,3,0.0089,0.0058
OR2M5,1,3,0.0089,0.0058
OR2M7,1,5,0.0089,0.0097
OR2S2,1,5,0.0089,0.0097
OR2T1,1,5,0.0089,0.0097
OR2T10,1,3,0.0089,0.0058
OR2T11,1,3,0.0089,0.0058
OR2T12,1,3,0.0089,0.0058
OR2T2,1,3,0.0089,0.0058
OR2T27,1,3,0.0089,0.0058
OR2T29,1,3,0.0089,0.0058
OR2T3,1,3,0.0089,0.0058
OR2T33,1,3,0.0089,0.0058
OR2T34,1,3,0.0089,0.0058
OR2T35,1,3,0.0089,0.0058
OR2T4,1,5,0.0089,0.0097
OR2T5,1,3,0.0089,0.0058
OR2T6,1,3,0.0089,0.0058
OR2T8,1,3,0.0089,0.0058
OR2V1,1,3,0.0089,0.0058
OR2V2,1,3,0.0089,0.0058
OR2W1,1,5,0.0089,0.0097
OR2W3,1,5,0.0089,0.0097
OR2W5,0,0,0.0,0.0
OR2Y1,1,3,0.0089,0.0058
OR2Z1,1,3,0.0089,0.0058
OR3A1,1,5,0.0089,0.0097
OR3A2,1,3,0.0089,0.0058
OR3A3,1,3,0.0089,0.0058
OR4A15,1,3,0.0089,0.0058
OR4A16,1,3,0.0089,0.0058
OR4A47,1,3,0.0089,0.0058
OR4A5,1,3,0.0089,0.0058
OR4B1,1,3,0.0089,0.0058
OR4C11,1,3,0.0089,0.0058
OR4C12,1,5,0.0089,0.0097
OR4C13,1,3,0.0089,0.0058
OR4C15,1,3,0.0089,0.0058
OR4C16,1,3,0.0089,0.0058
OR4C3,1,3,0.0089,0.0058
OR4C45,1,3,0.0089,0.0058
OR4C46,1,3,0.0089,0.0058
OR4C6,1,3,0.0089,0.0058
OR4D1,1,3,0.0089,0.0058
OR4D10,1,3,0.0089,0.0058
OR4D11,1,3,0.0089,0.0058
OR4D2,1,5,0.0089,0.0097
OR4D5,1,3,0.0089,0.0058
OR4D6,1,3,0.0089,0.0058
OR4D9,1,3,0.0089,0.0058
OR4E2,1,0,0.0089,0.0
OR4F15,1,3,0.0089,0.0058
OR4F16,1,3,0.0089,0.0058
OR4F17,1,5,0.0089,0.0097
OR4F21,1,3,0.0089,0.0058
OR4F29,1,3,0.0089,0.0058
OR4F3,1,3,0.0089,0.0058
OR4F4,0,0,0.0,0.0
OR4F5,1,3,0.0089,0.0058
OR4F6,1,3,0.0089,0.0058
OR4K1,1,3,0.0089,0.0058
OR4K13,1,3,0.0089,0.0058
OR4K14,1,3,0.0089,0.0058
OR4K15,1,3,0.0089,0.0058
OR4K17,1,3,0.0089,0.0058
OR4K2,1,3,0.0089,0.0058
OR4K5,1,3,0.0089,0.0058
OR4L1,1,5,0.0089,0.0097
OR4M1,1,3,0.0089,0.0058
OR4M2,1,3,0.0089,0.0058
OR4N2,1,3,0.0089,0.0058
OR4N4,1,3,0.0089,0.0058
OR4N5,1,3,0.0089,0.0058
OR4P4,1,3,0.0089,0.0058
OR4Q3,1,5,0.0089,0.0097
OR4S1,1,3,0.0089,0.0058
OR4S2,1,3,0.0089,0.0058
OR4X1,1,3,0.0089,0.0058
OR4X2,1,3,0.0089,0.0058
OR51A2,1,3,0.0089,0.0058
OR51A4,1,3,0.0089,0.0058
OR51A7,1,3,0.0089,0.0058
OR51B2,1,3,0.0089,0.0058
OR51B4,1,3,0.0089,0.0058
OR51B5,1,5,0.0089,0.0097
OR51B6,1,3,0.0089,0.0058
OR51D1,1,5,0.0089,0.0097
OR51E1,1,5,0.0089,0.0097
OR51E2,1,5,0.0089,0.0097
OR51F1,1,3,0.0089,0.0058
OR51F2,1,3,0.0089,0.0058
OR51G1,1,3,0.0089,0.0058
OR51G2,1,3,0.0089,0.0058
OR51I1,1,3,0.0089,0.0058
OR51I2,1,3,0.0089,0.0058
OR51L1,1,5,0.0089,0.0097
OR51M1,1,3,0.0089,0.0058
OR51Q1,1,3,0.0089,0.0058
OR51S1,1,3,0.0089,0.0058
OR51T1,1,3,0.0089,0.0058
OR51V1,1,3,0.0089,0.0058
OR52A1,1,3,0.0089,0.0058
OR52A5,1,3,0.0089,0.0058
OR52B2,1,3,0.0089,0.0058
OR52B4,1,0,0.0089,0.0
OR52B6,1,5,0.0089,0.0097
OR52D1,1,3,0.0089,0.0058
OR52E2,1,3,0.0089,0.0058
OR52E4,1,3,0.0089,0.0058
OR52E6,1,3,0.0089,0.0058
OR52E8,1,3,0.0089,0.0058
OR52H1,1,3,0.0089,0.0058
OR52I1,1,3,0.0089,0.0058
OR52I2,1,3,0.0089,0.0058
OR52J3,1,3,0.0089,0.0058
OR52K1,1,3,0.0089,0.0058
OR52K2,1,3,0.0089,0.0058
OR52L1,1,3,0.0089,0.0058
OR52M1,1,3,0.0089,0.0058
OR52N1,1,3,0.0089,0.0058
OR52N2,1,3,0.0089,0.0058
OR52N4,1,3,0.0089,0.0058
OR52N5,1,3,0.0089,0.0058
OR52R1,1,3,0.0089,0.0058
OR52W1,1,3,0.0089,0.0058
OR56A1,1,3,0.0089,0.0058
OR56A3,1,3,0.0089,0.0058
OR56A4,1,5,0.0089,0.0097
OR56A5,1,3,0.0089,0.0058
OR56B1,1,3,0.0089,0.0058
OR56B4,1,3,0.0089,0.0058
OR5A1,1,3,0.0089,0.0058
OR5A2,1,3,0.0089,0.0058
OR5AC2,1,3,0.0089,0.0058
OR5AK2,1,3,0.0089,0.0058
OR5AN1,1,3,0.0089,0.0058
OR5AP2,1,3,0.0089,0.0058
OR5AR1,1,3,0.0089,0.0058
OR5AS1,1,3,0.0089,0.0058
OR5AU1,1,3,0.0089,0.0058
OR5B12,1,3,0.0089,0.0058
OR5B17,1,3,0.0089,0.0058
OR5B2,1,3,0.0089,0.0058
OR5B21,1,3,0.0089,0.0058
OR5B3,1,3,0.0089,0.0058
OR5C1,1,3,0.0089,0.0058
OR5D13,1,3,0.0089,0.0058
OR5D14,1,5,0.0089,0.0097
OR5D16,1,3,0.0089,0.0058
OR5D18,1,3,0.0089,0.0058
OR5F1,1,3,0.0089,0.0058
OR5H1,1,3,0.0089,0.0058
OR5H14,1,3,0.0089,0.0058
OR5H15,1,3,0.0089,0.0058
OR5H2,1,3,0.0089,0.0058
OR5H6,1,3,0.0089,0.0058
OR5I1,1,3,0.0089,0.0058
OR5J2,1,3,0.0089,0.0058
OR5K1,1,5,0.0089,0.0097
OR5K2,1,3,0.0089,0.0058
OR5K3,1,3,0.0089,0.0058
OR5K4,1,3,0.0089,0.0058
OR5L1,1,3,0.0089,0.0058
OR5L2,1,3,0.0089,0.0058
OR5M1,1,3,0.0089,0.0058
OR5M10,1,3,0.0089,0.0058
OR5M11,1,3,0.0089,0.0058
OR5M3,1,3,0.0089,0.0058
OR5M8,1,3,0.0089,0.0058
OR5M9,1,3,0.0089,0.0058
OR5P2,1,3,0.0089,0.0058
OR5P3,1,5,0.0089,0.0097
OR5R1,0,0,0.0,0.0
OR5T1,1,3,0.0089,0.0058
OR5T2,1,3,0.0089,0.0058
OR5T3,1,3,0.0089,0.0058
OR5V1,1,3,0.0089,0.0058
OR5W2,1,3,0.0089,0.0058
OR6A2,1,3,0.0089,0.0058
OR6B1,1,3,0.0089,0.0058
OR6B2,1,3,0.0089,0.0058
OR6B3,1,3,0.0089,0.0058
OR6C1,1,3,0.0089,0.0058
OR6C2,1,3,0.0089,0.0058
OR6C3,1,3,0.0089,0.0058
OR6C4,1,3,0.0089,0.0058
OR6C6,1,3,0.0089,0.0058
OR6C65,1,3,0.0089,0.0058
OR6C68,1,3,0.0089,0.0058
OR6C70,1,3,0.0089,0.0058
OR6C74,1,3,0.0089,0.0058
OR6C75,1,3,0.0089,0.0058
OR6C76,1,3,0.0089,0.0058
OR6F1,1,5,0.0089,0.0097
OR6K2,1,3,0.0089,0.0058
OR6K3,1,3,0.0089,0.0058
OR6K6,1,3,0.0089,0.0058
OR6M1,1,3,0.0089,0.0058
OR6N1,1,3,0.0089,0.0058
OR6N2,1,3,0.0089,0.0058
OR6P1,1,5,0.0089,0.0097
OR6Q1,1,3,0.0089,0.0058
OR6S1,1,3,0.0089,0.0058
OR6T1,1,3,0.0089,0.0058
OR6V1,1,3,0.0089,0.0058
OR6X1,1,3,0.0089,0.0058
OR6Y1,1,3,0.0089,0.0058
OR7A10,1,3,0.0089,0.0058
OR7A17,1,3,0.0089,0.0058
OR7A5,1,3,0.0089,0.0058
OR7C1,1,5,0.0089,0.0097
OR7C2,1,3,0.0089,0.0058
OR7D2,1,3,0.0089,0.0058
OR7D4,1,5,0.0089,0.0097
OR7E24,1,3,0.0089,0.0058
OR7G1,1,3,0.0089,0.0058
OR7G2,1,5,0.0089,0.0097
OR7G3,1,3,0.0089,0.0058
OR8A1,1,3,0.0089,0.0058
OR8B12,1,3,0.0089,0.0058
OR8B2,1,3,0.0089,0.0058
OR8B3,1,5,0.0089,0.0097
OR8B4,1,3,0.0089,0.0058
OR8B8,1,3,0.0089,0.0058
OR8D1,1,5,0.0089,0.0097
OR8D2,1,3,0.0089,0.0058
OR8D4,1,3,0.0089,0.0058
OR8G1,1,3,0.0089,0.0058
OR8G2,0,0,0.0,0.0
OR8G2P,0,0,0.0,0.0
OR8G5,1,3,0.0089,0.0058
OR8H1,1,3,0.0089,0.0058
OR8H2,1,3,0.0089,0.0058
OR8H3,1,3,0.0089,0.0058
OR8I2,1,3,0.0089,0.0058
OR8J1,1,3,0.0089,0.0058
OR8J3,1,3,0.0089,0.0058
OR8K1,1,3,0.0089,0.0058
OR8K3,1,5,0.0089,0.0097
OR8K5,1,3,0.0089,0.0058
OR8S1,1,0,0.0089,0.0
OR8U1,1,3,0.0089,0.0058
OR8U3,1,3,0.0089,0.0058
OR9A2,1,3,0.0089,0.0058
OR9A4,1,3,0.0089,0.0058
OR9G1,1,5,0.0089,0.0097
OR9G4,1,3,0.0089,0.0058
OR9I1,1,3,0.0089,0.0058
OR9K2,1,3,0.0089,0.0058
OR9Q1,1,3,0.0089,0.0058
OR9Q2,1,3,0.0089,0.0058
ORAI1,8,11,0.0714,0.0214
ORAI2,1,11,0.0089,0.0214
ORAI3,1,0,0.0089,0.0
ORAOV1,0,0,0.0,0.0
ORC1,1,27,0.0089,0.0525
ORC2,1,26,0.0089,0.0506
ORC3,1,26,0.0089,0.0506
ORC4,1,26,0.0089,0.0506
ORC5,1,26,0.0089,0.0506
ORM1,0,7,0.0,0.0136
ORM2,0,7,0.0,0.0136
ORMDL1,0,4,0.0,0.0078
ORMDL2,0,4,0.0,0.0078
ORMDL3,0,7,0.0,0.0136
OS9,1,25,0.0089,0.0486
OSBP,0,7,0.0,0.0136
OSBP2,0,0,0.0,0.0
OSBPL10,0,5,0.0,0.0097
OSBPL11,0,5,0.0,0.0097
OSBPL1A,0,8,0.0,0.0156
OSBPL2,0,5,0.0,0.0097
OSBPL3,0,5,0.0,0.0097
OSBPL5,1,5,0.0089,0.0097
OSBPL6,0,5,0.0,0.0097
OSBPL7,0,5,0.0,0.0097
OSBPL8,0,5,0.0,0.0097
OSBPL9,0,5,0.0,0.0097
OSCAR,1,5,0.0089,0.0097
OSCP1,0,0,0.0,0.0
OSER1,0,0,0.0,0.0
OSGEPL1,0,3,0.0,0.0058
OSGIN1,0,0,0.0,0.0
OSGIN2,0,0,0.0,0.0
OSM,3,6,0.0268,0.0117
OSMR,3,5,0.0268,0.0097
OSR1,0,5,0.0,0.0097
OSR2,0,0,0.0,0.0
OST4,0,29,0.0,0.0564
OSTC,0,29,0.0,0.0564
OSTF1,0,3,0.0,0.0058
OSTM1,0,3,0.0,0.0058
OSTN,0,0,0.0,0.0
OTC,1,13,0.0089,0.0253
OTOA,0,3,0.0,0.0058
OTOF,0,7,0.0,0.0136
OTOG,0,3,0.0,0.0058
OTOGL,0,3,0.0,0.0058
OTOL1,0,0,0.0,0.0
OTOP1,0,3,0.0,0.0058
OTOP2,0,0,0.0,0.0
OTOP3,0,0,0.0,0.0
OTOR,0,0,0.0,0.0
OTOS,0,0,0.0,0.0
OTP,0,0,0.0,0.0
OTUB1,0,5,0.0,0.0097
OTUB2,0,4,0.0,0.0078
OTUD1,0,6,0.0,0.0117
OTUD3,0,9,0.0,0.0175
OTUD4,0,0,0.0,0.0
OTUD5,1,8,0.0089,0.0156
OTUD6A,0,0,0.0,0.0
OTUD6B,0,0,0.0,0.0
OTUD7A,0,4,0.0,0.0078
OTUD7B,0,10,0.0,0.0195
OTULIN,0,8,0.0,0.0156
OTULINL,0,0,0.0,0.0
OTX1,1,0,0.0089,0.0
OTX2,0,4,0.0,0.0078
OVCA2,0,0,0.0,0.0
OVCH1,0,0,0.0,0.0
OVCH2,0,0,0.0,0.0
OVGP1,0,3,0.0,0.0058
OVOL1,0,0,0.0,0.0
OVOL2,0,0,0.0,0.0
OVOL3,0,0,0.0,0.0
OVOS2,0,0,0.0,0.0
OXA1L,1,15,0.0089,0.0292
OXCT1,3,6,0.0268,0.0117
OXCT2,3,4,0.0268,0.0078
OXER1,0,7,0.0,0.0136
OXGR1,0,6,0.0,0.0117
OXLD1,0,0,0.0,0.0
OXNAD1,0,0,0.0,0.0
OXR1,0,0,0.0,0.0
OXSM,2,2,0.0179,0.0039
OXSR1,0,0,0.0,0.0
OXT,3,8,0.0268,0.0156
OXTR,4,8,0.0357,0.0156
P2RX1,3,7,0.0268,0.0136
P2RX2,3,4,0.0268,0.0078
P2RX3,3,4,0.0268,0.0078
P2RX4,2,10,0.0179,0.0195
P2RX5,2,4,0.0179,0.0078
P2RX6,2,4,0.0179,0.0078
P2RX7,3,23,0.0268,0.0447
P2RY1,4,16,0.0357,0.0311
P2RY10,1,8,0.0089,0.0156
P2RY11,1,9,0.0089,0.0175
P2RY12,1,12,0.0089,0.0233
P2RY13,1,8,0.0089,0.0156
P2RY14,1,8,0.0089,0.0156
P2RY2,2,18,0.0179,0.035
P2RY4,2,8,0.0179,0.0156
P2RY6,1,8,0.0089,0.0156
P2RY8,1,0,0.0089,0.0
P3H1,0,3,0.0,0.0058
P3H2,0,3,0.0,0.0058
P3H3,0,3,0.0,0.0058
P3H4,0,0,0.0,0.0
P4HA1,1,9,0.0089,0.0175
P4HA2,1,9,0.0089,0.0175
P4HA3,1,9,0.0089,0.0175
P4HB,1,35,0.0089,0.0681
P4HTM,0,0,0.0,0.0
PA2G4,0,3,0.0,0.0058
PAAF1,0,6,0.0,0.0117
PABIR1,0,0,0.0,0.0
PABIR2,0,0,0.0,0.0
PABIR3,0,0,0.0,0.0
PABPC1L,3,0,0.0268,0.0
PABPC1L2A,3,0,0.0268,0.0
PABPC1L2B,3,0,0.0268,0.0
PABPC3,3,0,0.0268,0.0
PABPC4,3,0,0.0268,0.0
PABPC4L,3,0,0.0268,0.0
PABPC5,3,0,0.0268,0.0
PABPN1,2,21,0.0179,0.0409
PABPN1L,2,3,0.0179,0.0058
PACC1,0,0,0.0,0.0
PACRG,0,0,0.0,0.0
PACRGL,0,0,0.0,0.0
PACS1,0,8,0.0,0.0156
PACS2,0,0,0.0,0.0
PACSIN1,0,3,0.0,0.0058
PACSIN2,0,3,0.0,0.0058
PACSIN3,0,3,0.0,0.0058
PADI1,0,2,0.0,0.0039
PADI2,0,5,0.0,0.0097
PADI3,0,2,0.0,0.0039
PADI4,1,2,0.0089,0.0039
PADI6,0,2,0.0,0.0039
PAEP,0,0,0.0,0.0
PAF1,0,19,0.0,0.037
PAFAH1B2,1,8,0.0089,0.0156
PAFAH1B3,1,5,0.0089,0.0097
PAFAH2,1,2,0.0089,0.0039
PAG1,0,8,0.0,0.0156
PAGE1,0,0,0.0,0.0
PAGE2,0,0,0.0,0.0
PAGE2B,0,0,0.0,0.0
PAGE3,0,0,0.0,0.0
PAGE4,0,0,0.0,0.0
PAGE5,0,0,0.0,0.0
PAGR1,0,14,0.0,0.0272
PAH,3,7,0.0268,0.0136
PAIP1,1,0,0.0089,0.0
PAIP2,0,0,0.0,0.0
PAIP2B,0,0,0.0,0.0
PAK1,19,67,0.1696,0.1304
PAK2,10,76,0.0893,0.1479
PAK3,10,43,0.0893,0.0837
PAK4,9,19,0.0804,0.037
PAK5,8,13,0.0714,0.0253
PAK6,8,14,0.0714,0.0272
PAK7,0,0,0.0,0.0
PALB2,2,25,0.0179,0.0486
PALD1,0,0,0.0,0.0
PALLD,0,0,0.0,0.0
PALM,0,0,0.0,0.0
PALM2,0,0,0.0,0.0
PALM2-AKAP2,0,0,0.0,0.0
PALM2AKAP2,0,0,0.0,0.0
PALM3,0,0,0.0,0.0
PALMD,0,0,0.0,0.0
PALS1,3,21,0.0268,0.0409
PALS2,0,0,0.0,0.0
PAM,0,0,0.0,0.0
PAM16,0,2,0.0,0.0039
PAMR1,0,0,0.0,0.0
PAN2,1,0,0.0089,0.0
PAN3,1,0,0.0089,0.0
PANK1,1,5,0.0089,0.0097
PANK2,1,5,0.0089,0.0097
PANK3,1,5,0.0089,0.0097
PANK4,0,4,0.0,0.0078
PANO1,0,0,0.0,0.0
PANX1,1,13,0.0089,0.0253
PANX2,0,3,0.0,0.0058
PANX3,0,0,0.0,0.0
PAOX,1,12,0.0089,0.0233
PAPD4,0,0,0.0,0.0
PAPD5,0,0,0.0,0.0
PAPD7,0,0,0.0,0.0
PAPL,0,0,0.0,0.0
PAPLN,0,0,0.0,0.0
PAPOLA,1,14,0.0089,0.0272
PAPOLB,1,0,0.0089,0.0
PAPOLG,1,5,0.0089,0.0097
PAPPA,0,2,0.0,0.0039
PAPPA2,0,2,0.0,0.0039
PAPSS1,3,12,0.0268,0.0233
PAPSS2,3,13,0.0268,0.0253
PAQR3,0,5,0.0,0.0097
PAQR4,0,0,0.0,0.0
PAQR5,0,0,0.0,0.0
PAQR6,0,0,0.0,0.0
PAQR7,0,0,0.0,0.0
PAQR8,0,0,0.0,0.0
PAQR9,0,0,0.0,0.0
PARD3,9,12,0.0804,0.0233
PARD3B,0,0,0.0,0.0
PARD6A,6,23,0.0536,0.0447
PARD6B,6,9,0.0536,0.0175
PARD6G,6,4,0.0536,0.0078
PARG,0,5,0.0,0.0097
PARK2,0,0,0.0,0.0
PARK7,2,15,0.0179,0.0292
PARL,0,3,0.0,0.0058
PARM1,0,0,0.0,0.0
PARN,1,0,0.0089,0.0
PARP1,5,32,0.0446,0.0623
PARP10,0,19,0.0,0.037
PARP11,0,0,0.0,0.0
PARP12,0,0,0.0,0.0
PARP14,0,19,0.0,0.037
PARP15,0,0,0.0,0.0
PARP16,0,19,0.0,0.037
PARP2,2,13,0.0179,0.0253
PARP3,2,0,0.0179,0.0
PARP4,2,19,0.0179,0.037
PARP6,0,19,0.0,0.037
PARP8,0,19,0.0,0.037
PARP9,0,19,0.0,0.037
PARPBP,0,0,0.0,0.0
PARS2,1,4,0.0089,0.0078
PARVA,1,5,0.0089,0.0097
PARVB,1,4,0.0089,0.0078
PARVG,1,0,0.0089,0.0
PASD1,0,0,0.0,0.0
PASK,0,0,0.0,0.0
PATE1,0,0,0.0,0.0
PATE2,0,0,0.0,0.0
PATE3,0,0,0.0,0.0
PATE4,0,0,0.0,0.0
PATJ,3,11,0.0268,0.0214
PATL1,1,0,0.0089,0.0
PATL2,0,0,0.0,0.0
PATZ1,0,0,0.0,0.0
PAWR,0,0,0.0,0.0
PAX1,0,0,0.0,0.0
PAX2,0,6,0.0,0.0117
PAX3,1,11,0.0089,0.0214
PAX4,1,0,0.0089,0.0
PAX5,1,5,0.0089,0.0097
PAX6,2,12,0.0179,0.0233
PAX7,1,3,0.0089,0.0058
PAX8,4,5,0.0357,0.0097
PAX9,0,0,0.0,0.0
PAXBP1,0,0,0.0,0.0
PAXIP1,0,17,0.0,0.0331
PAXX,0,0,0.0,0.0
PBDC1,0,0,0.0,0.0
PBK,0,0,0.0,0.0
PBLD,0,0,0.0,0.0
PBOV1,0,0,0.0,0.0
PBRM1,1,11,0.0089,0.0214
PBX1,3,9,0.0268,0.0175
PBX2,0,0,0.0,0.0
PBX3,1,0,0.0089,0.0
PBX4,0,0,0.0,0.0
PBXIP1,0,0,0.0,0.0
PC,2,14,0.0179,0.0272
PCARE,0,0,0.0,0.0
PCBD1,1,4,0.0089,0.0078
PCBD2,1,0,0.0089,0.0
PCBP1,2,11,0.0179,0.0214
PCBP2,1,19,0.0089,0.037
PCBP3,0,0,0.0,0.0
PCBP4,0,15,0.0,0.0292
PCCA,3,13,0.0268,0.0253
PCCB,3,15,0.0268,0.0292
PCDH1,0,0,0.0,0.0
PCDH10,0,0,0.0,0.0
PCDH11X,0,0,0.0,0.0
PCDH11Y,0,0,0.0,0.0
PCDH12,0,0,0.0,0.0
PCDH15,0,4,0.0,0.0078
PCDH17,0,0,0.0,0.0
PCDH18,0,0,0.0,0.0
PCDH19,0,3,0.0,0.0058
PCDH20,0,0,0.0,0.0
PCDH7,0,10,0.0,0.0195
PCDH8,0,0,0.0,0.0
PCDH9,0,0,0.0,0.0
PCDHA1,0,0,0.0,0.0
PCDHA10,0,0,0.0,0.0
PCDHA11,0,0,0.0,0.0
PCDHA12,0,0,0.0,0.0
PCDHA13,0,0,0.0,0.0
PCDHA2,0,0,0.0,0.0
PCDHA3,0,0,0.0,0.0
PCDHA4,0,0,0.0,0.0
PCDHA5,0,0,0.0,0.0
PCDHA6,0,0,0.0,0.0
PCDHA7,0,0,0.0,0.0
PCDHA8,0,0,0.0,0.0
PCDHA9,0,0,0.0,0.0
PCDHA@,0,0,0.0,0.0
PCDHAC1,0,0,0.0,0.0
PCDHAC2,0,0,0.0,0.0
PCDHB1,0,0,0.0,0.0
PCDHB10,0,0,0.0,0.0
PCDHB11,0,0,0.0,0.0
PCDHB12,0,0,0.0,0.0
PCDHB13,0,0,0.0,0.0
PCDHB14,0,0,0.0,0.0
PCDHB15,0,0,0.0,0.0
PCDHB16,0,0,0.0,0.0
PCDHB2,0,0,0.0,0.0
PCDHB3,0,0,0.0,0.0
PCDHB4,0,0,0.0,0.0
PCDHB5,0,0,0.0,0.0
PCDHB6,0,0,0.0,0.0
PCDHB7,0,0,0.0,0.0
PCDHB8,0,0,0.0,0.0
PCDHB9,0,0,0.0,0.0
PCDHGA1,0,0,0.0,0.0
PCDHGA10,0,0,0.0,0.0
PCDHGA11,0,0,0.0,0.0
PCDHGA12,0,0,0.0,0.0
PCDHGA2,0,0,0.0,0.0
PCDHGA3,0,0,0.0,0.0
PCDHGA4,0,0,0.0,0.0
PCDHGA5,0,0,0.0,0.0
PCDHGA6,0,0,0.0,0.0
PCDHGA7,0,0,0.0,0.0
PCDHGA8,0,0,0.0,0.0
PCDHGA9,0,0,0.0,0.0
PCDHGB1,0,0,0.0,0.0
PCDHGB2,0,0,0.0,0.0
PCDHGB3,0,0,0.0,0.0
PCDHGB4,0,0,0.0,0.0
PCDHGB5,0,0,0.0,0.0
PCDHGB6,0,0,0.0,0.0
PCDHGB7,0,0,0.0,0.0
PCDHGC3,0,0,0.0,0.0
PCDHGC4,0,0,0.0,0.0
PCDHGC5,0,0,0.0,0.0
PCED1A,0,0,0.0,0.0
PCED1B,0,0,0.0,0.0
PCF11,1,15,0.0089,0.0292
PCGF1,1,0,0.0089,0.0
PCGF2,1,20,0.0089,0.0389
PCGF3,1,0,0.0089,0.0
PCGF5,1,5,0.0089,0.0097
PCGF6,1,4,0.0089,0.0078
PCIF1,0,0,0.0,0.0
PCK1,12,25,0.1071,0.0486
PCK2,12,4,0.1071,0.0078
PCLAF,0,4,0.0,0.0078
PCLO,1,3,0.0089,0.0058
PCM1,0,17,0.0,0.0331
PCMT1,0,2,0.0,0.0039
PCMTD1,0,0,0.0,0.0
PCMTD2,0,0,0.0,0.0
PCNP,0,0,0.0,0.0
PCNT,0,27,0.0,0.0525
PCNX,0,0,0.0,0.0
PCNX1,0,0,0.0,0.0
PCNX2,0,0,0.0,0.0
PCNX3,0,0,0.0,0.0
PCNX4,0,0,0.0,0.0
PCNXL2,0,0,0.0,0.0
PCNXL3,0,0,0.0,0.0
PCNXL4,0,0,0.0,0.0
PCOLCE,0,5,0.0,0.0097
PCOLCE2,0,3,0.0,0.0058
PCOTH,0,0,0.0,0.0
PCP2,0,4,0.0,0.0078
PCP4,0,0,0.0,0.0
PCP4L1,0,0,0.0,0.0
PCSK1,0,10,0.0,0.0195
PCSK1N,0,0,0.0,0.0
PCSK2,0,3,0.0,0.0058
PCSK4,0,0,0.0,0.0
PCSK5,0,9,0.0,0.0175
PCSK6,0,22,0.0,0.0428
PCSK7,0,8,0.0,0.0156
PCSK9,1,9,0.0089,0.0175
PCTP,0,7,0.0,0.0136
PCYOX1,1,0,0.0089,0.0
PCYOX1L,0,4,0.0,0.0078
PCYT1A,3,5,0.0268,0.0097
PCYT1B,3,5,0.0268,0.0097
PCYT2,2,5,0.0179,0.0097
PDAP1,0,3,0.0,0.0058
PDC,0,0,0.0,0.0
PDCD1,3,12,0.0268,0.0233
PDCD10,0,0,0.0,0.0
PDCD11,0,8,0.0,0.0156
PDCD1LG2,1,7,0.0089,0.0136
PDCD2,0,0,0.0,0.0
PDCD2L,0,0,0.0,0.0
PDCD4,2,6,0.0179,0.0117
PDCD5,0,0,0.0,0.0
PDCD6,0,0,0.0,0.0
PDCD6IP,1,16,0.0089,0.0311
PDCD7,0,4,0.0,0.0078
PDCL,0,4,0.0,0.0078
PDCL2,0,0,0.0,0.0
PDCL3,0,0,0.0,0.0
PDDC1,0,0,0.0,0.0
PDE10A,3,8,0.0268,0.0156
PDE11A,3,8,0.0268,0.0156
PDE12,0,5,0.0,0.0097
PDE1A,6,18,0.0536,0.035
PDE1B,6,18,0.0536,0.035
PDE1C,6,13,0.0536,0.0253
PDE2A,5,8,0.0446,0.0156
PDE3A,5,4,0.0446,0.0078
PDE3B,10,25,0.0893,0.0486
PDE4A,4,7,0.0357,0.0136
PDE4B,4,6,0.0357,0.0117
PDE4C,4,7,0.0357,0.0136
PDE4D,4,15,0.0357,0.0292
PDE4DIP,0,0,0.0,0.0
PDE5A,2,12,0.0179,0.0233
PDE6A,2,17,0.0179,0.0331
PDE6B,2,17,0.0179,0.0331
PDE6C,1,0,0.0089,0.0
PDE6D,1,10,0.0089,0.0195
PDE6G,2,17,0.0179,0.0331
PDE6H,1,0,0.0089,0.0
PDE7A,2,4,0.0179,0.0078
PDE7B,2,4,0.0179,0.0078
PDE8A,4,4,0.0357,0.0078
PDE8B,4,4,0.0357,0.0078
PDE9A,1,4,0.0089,0.0078
PDF,0,0,0.0,0.0
PDGFA,18,27,0.1607,0.0525
PDGFB,19,21,0.1696,0.0409
PDGFC,12,3,0.1071,0.0058
PDGFD,12,3,0.1071,0.0058
PDGFRA,19,24,0.1696,0.0467
PDGFRB,18,15,0.1607,0.0292
PDGFRL,0,0,0.0,0.0
PDHA1,7,11,0.0625,0.0214
PDHA2,7,9,0.0625,0.0175
PDHB,7,11,0.0625,0.0214
PDHX,0,9,0.0,0.0175
PDIA2,0,4,0.0,0.0078
PDIA3,6,23,0.0536,0.0447
PDIA4,3,0,0.0268,0.0
PDIA5,0,5,0.0,0.0097
PDIA6,1,9,0.0089,0.0175
PDIK1L,0,0,0.0,0.0
PDILT,0,0,0.0,0.0
PDK1,2,10,0.0179,0.0195
PDK2,1,8,0.0089,0.0156
PDK3,1,8,0.0089,0.0156
PDK4,1,14,0.0089,0.0272
PDLIM1,0,0,0.0,0.0
PDLIM2,0,0,0.0,0.0
PDLIM3,0,0,0.0,0.0
PDLIM4,0,0,0.0,0.0
PDLIM5,0,3,0.0,0.0058
PDLIM7,0,4,0.0,0.0078
PDP1,0,5,0.0,0.0097
PDP2,0,5,0.0,0.0097
PDPK1,24,85,0.2143,0.1654
PDPN,0,5,0.0,0.0097
PDPR,0,5,0.0,0.0097
PDRG1,0,0,0.0,0.0
PDS5A,0,12,0.0,0.0233
PDS5B,0,12,0.0,0.0233
PDSS1,1,4,0.0089,0.0078
PDSS2,1,4,0.0089,0.0078
PDX1,3,10,0.0268,0.0195
PDXDC1,0,0,0.0,0.0
PDXK,1,7,0.0089,0.0136
PDXP,1,0,0.0089,0.0
PDYN,6,9,0.0536,0.0175
PDZD11,0,14,0.0,0.0272
PDZD2,0,0,0.0,0.0
PDZD3,0,0,0.0,0.0
PDZD4,0,0,0.0,0.0
PDZD7,0,0,0.0,0.0
PDZD8,0,0,0.0,0.0
PDZD9,0,0,0.0,0.0
PDZK1,0,0,0.0,0.0
PDZK1IP1,0,0,0.0,0.0
PDZRN3,0,0,0.0,0.0
PDZRN4,0,0,0.0,0.0
PEA15,0,5,0.0,0.0097
PEAK1,0,6,0.0,0.0117
PEAK3,0,0,0.0,0.0
PEAR1,0,0,0.0,0.0
PEBP1,0,15,0.0,0.0292
PEBP4,0,0,0.0,0.0
PECAM1,4,17,0.0357,0.0331
PECR,1,9,0.0089,0.0175
PEDS1,1,0,0.0089,0.0
PEF1,0,0,0.0,0.0
PEG10,0,0,0.0,0.0
PEG3,0,0,0.0,0.0
PELI1,0,25,0.0,0.0486
PELI2,0,21,0.0,0.0409
PELI3,0,21,0.0,0.0409
PELO,1,4,0.0089,0.0078
PELP1,0,8,0.0,0.0156
PEMT,1,5,0.0089,0.0097
PENK,1,11,0.0089,0.0214
PEPD,0,0,0.0,0.0
PER1,2,7,0.0179,0.0136
PER2,4,7,0.0357,0.0136
PER3,2,7,0.0179,0.0136
PERM1,0,3,0.0,0.0058
PERP,1,9,0.0089,0.0175
PES1,0,4,0.0,0.0078
PET100,0,4,0.0,0.0078
PET117,0,4,0.0,0.0078
PEX1,1,4,0.0089,0.0078
PEX10,1,8,0.0089,0.0156
PEX11A,1,10,0.0089,0.0195
PEX11B,1,2,0.0089,0.0039
PEX11G,1,0,0.0089,0.0
PEX12,1,9,0.0089,0.0175
PEX13,1,9,0.0089,0.0175
PEX14,1,9,0.0089,0.0175
PEX16,1,4,0.0089,0.0078
PEX19,1,12,0.0089,0.0233
PEX2,1,9,0.0089,0.0175
PEX26,1,5,0.0089,0.0097
PEX3,1,7,0.0089,0.0136
PEX5,1,12,0.0089,0.0233
PEX5L,1,0,0.0089,0.0
PEX6,1,4,0.0089,0.0078
PEX7,1,4,0.0089,0.0078
PF4,3,20,0.0268,0.0389
PF4V1,3,4,0.0268,0.0078
PFAS,1,4,0.0089,0.0078
PFDN1,0,5,0.0,0.0097
PFDN4,0,5,0.0,0.0097
PFDN5,0,5,0.0,0.0097
PFDN6,0,5,0.0,0.0097
PFKFB1,3,13,0.0268,0.0253
PFKFB2,3,5,0.0268,0.0097
PFKFB3,3,5,0.0268,0.0097
PFKFB4,2,5,0.0179,0.0097
PFKL,10,7,0.0893,0.0136
PFKM,10,4,0.0893,0.0078
PFKP,10,4,0.0893,0.0078
PFN2,5,14,0.0446,0.0272
PFN3,5,0,0.0446,0.0
PFN4,5,0,0.0446,0.0
PGA3,1,2,0.0089,0.0039
PGA4,1,2,0.0089,0.0039
PGA5,1,2,0.0089,0.0039
PGAM2,4,5,0.0357,0.0097
PGAM4,4,0,0.0357,0.0
PGAM5,3,9,0.0268,0.0175
PGAP1,1,4,0.0089,0.0078
PGAP2,0,0,0.0,0.0
PGAP3,0,0,0.0,0.0
PGAP4,0,0,0.0,0.0
PGAP6,0,0,0.0,0.0
PGBD1,0,0,0.0,0.0
PGBD2,0,0,0.0,0.0
PGBD3,0,0,0.0,0.0
PGBD4,0,0,0.0,0.0
PGBD5,0,0,0.0,0.0
PGC,0,0,0.0,0.0
PGD,2,9,0.0179,0.0175
PGF,6,5,0.0536,0.0097
PGGHG,0,0,0.0,0.0
PGK2,2,5,0.0179,0.0097
PGLS,1,3,0.0089,0.0058
PGLYRP1,0,4,0.0,0.0078
PGLYRP2,0,3,0.0,0.0058
PGLYRP3,0,3,0.0,0.0058
PGLYRP4,0,3,0.0,0.0058
PGM1,6,14,0.0536,0.0272
PGM2,6,6,0.0536,0.0117
PGM2L1,1,4,0.0089,0.0078
PGM3,1,6,0.0089,0.0117
PGM5,0,0,0.0,0.0
PGP,1,4,0.0089,0.0078
PGPEP1,0,0,0.0,0.0
PGPEP1L,0,0,0.0,0.0
PGR,4,25,0.0357,0.0486
PGRMC1,0,3,0.0,0.0058
PGRMC2,0,12,0.0,0.0233
PGS1,1,5,0.0089,0.0097
PHACTR1,0,0,0.0,0.0
PHACTR2,0,4,0.0,0.0078
PHACTR3,0,0,0.0,0.0
PHACTR4,0,0,0.0,0.0
PHAF1,0,0,0.0,0.0
PHAX,1,6,0.0089,0.0117
PHB1,0,15,0.0,0.0292
PHC1,0,36,0.0,0.07
PHC2,0,35,0.0,0.0681
PHC3,0,36,0.0,0.07
PHETA1,0,0,0.0,0.0
PHETA2,0,0,0.0,0.0
PHEX,0,0,0.0,0.0
PHF1,0,3,0.0,0.0058
PHF10,1,10,0.0089,0.0195
PHF11,0,0,0.0,0.0
PHF12,0,0,0.0,0.0
PHF13,0,0,0.0,0.0
PHF14,0,0,0.0,0.0
PHF19,0,3,0.0,0.0058
PHF2,0,3,0.0,0.0058
PHF20,0,20,0.0,0.0389
PHF20L1,0,4,0.0,0.0078
PHF21A,0,10,0.0,0.0195
PHF21B,0,0,0.0,0.0
PHF23,0,0,0.0,0.0
PHF24,0,0,0.0,0.0
PHF3,0,0,0.0,0.0
PHF6,0,6,0.0,0.0117
PHF7,0,0,0.0,0.0
PHF8,0,8,0.0,0.0156
PHGDH,2,3,0.0179,0.0058
PHGR1,0,0,0.0,0.0
PHIP,0,6,0.0,0.0117
PHKA1,3,8,0.0268,0.0156
PHKA2,3,4,0.0268,0.0078
PHKB,3,8,0.0268,0.0156
PHKG1,3,8,0.0268,0.0156
PHKG2,3,4,0.0268,0.0078
PHLDA1,0,11,0.0,0.0214
PHLDA2,0,0,0.0,0.0
PHLDA3,0,0,0.0,0.0
PHLDB1,0,0,0.0,0.0
PHLDB2,0,0,0.0,0.0
PHLDB3,0,0,0.0,0.0
PHLPP1,1,4,0.0089,0.0078
PHLPP2,1,4,0.0089,0.0078
PHOSPHO1,1,6,0.0089,0.0117
PHOSPHO2,1,0,0.0089,0.0
PHOSPHO2-KLHL23,0,0,0.0,0.0
PHOX2A,0,0,0.0,0.0
PHOX2B,0,0,0.0,0.0
PHPT1,0,0,0.0,0.0
PHRF1,0,0,0.0,0.0
PHTF1,0,0,0.0,0.0
PHTF2,0,0,0.0,0.0
PHYH,1,10,0.0089,0.0195
PHYHD1,0,0,0.0,0.0
PHYHIP,0,0,0.0,0.0
PHYHIPL,0,0,0.0,0.0
PHYKPL,1,6,0.0089,0.0117
PI15,0,0,0.0,0.0
PI16,0,0,0.0,0.0
PI3,0,6,0.0,0.0117
PI4K2A,2,7,0.0179,0.0136
PI4K2B,2,8,0.0179,0.0156
PI4KA,2,6,0.0179,0.0117
PI4KB,2,5,0.0179,0.0097
PIANP,0,3,0.0,0.0058
PIAS1,3,24,0.0268,0.0467
PIAS2,2,18,0.0179,0.035
PIAS3,2,13,0.0179,0.0253
PIAS4,4,33,0.0357,0.0642
PIBF1,0,0,0.0,0.0
PICALM,0,11,0.0,0.0214
PICK1,0,8,0.0,0.0156
PID1,0,0,0.0,0.0
PIDD1,3,6,0.0268,0.0117
PIERCE1,0,0,0.0,0.0
PIERCE2,0,0,0.0,0.0
PIEZO1,0,6,0.0,0.0117
PIEZO2,0,0,0.0,0.0
PIF1,0,5,0.0,0.0097
PIFO,0,0,0.0,0.0
PIGA,1,4,0.0089,0.0078
PIGB,1,4,0.0089,0.0078
PIGBOS1,0,0,0.0,0.0
PIGC,1,4,0.0089,0.0078
PIGF,1,8,0.0089,0.0156
PIGG,1,4,0.0089,0.0078
PIGH,1,4,0.0089,0.0078
PIGK,1,4,0.0089,0.0078
PIGL,1,4,0.0089,0.0078
PIGM,1,4,0.0089,0.0078
PIGN,1,4,0.0089,0.0078
PIGO,1,4,0.0089,0.0078
PIGP,1,4,0.0089,0.0078
PIGQ,1,4,0.0089,0.0078
PIGR,1,3,0.0089,0.0058
PIGS,1,4,0.0089,0.0078
PIGT,1,4,0.0089,0.0078
PIGU,1,4,0.0089,0.0078
PIGV,1,4,0.0089,0.0078
PIGW,1,4,0.0089,0.0078
PIGX,1,4,0.0089,0.0078
PIGY,1,4,0.0089,0.0078
PIGZ,1,4,0.0089,0.0078
PIH1D1,0,0,0.0,0.0
PIH1D2,0,0,0.0,0.0
PIH1D3,0,0,0.0,0.0
PIK3AP1,2,17,0.0179,0.0331
PIK3C2A,3,13,0.0268,0.0253
PIK3C2B,3,5,0.0268,0.0097
PIK3C2G,3,6,0.0268,0.0117
PIK3C3,15,48,0.1339,0.0934
PIK3CA,100,149,0.8929,0.2899
PIK3CB,100,90,0.8929,0.1751
PIK3CD,100,50,0.8929,0.0973
PIK3CG,13,32,0.1161,0.0623
PIK3IP1,0,0,0.0,0.0
PIK3R1,98,178,0.875,0.3463
PIK3R2,98,112,0.875,0.2179
PIK3R3,98,55,0.875,0.107
PIK3R4,9,48,0.0804,0.0934
PIK3R5,11,32,0.0982,0.0623
PIK3R6,11,27,0.0982,0.0525
PIKFYVE,4,14,0.0357,0.0272
PILRA,1,3,0.0089,0.0058
PILRB,1,3,0.0089,0.0058
PIM1,5,0,0.0446,0.0
PIM2,2,0,0.0179,0.0
PIM3,0,0,0.0,0.0
PIMREG,0,0,0.0,0.0
PIN1,1,21,0.0089,0.0409
PIN4,0,0,0.0,0.0
PINK1,4,10,0.0357,0.0195
PINLYP,0,0,0.0,0.0
PINX1,0,0,0.0,0.0
PIP,0,2,0.0,0.0039
PIP4K2A,3,18,0.0268,0.035
PIP4K2B,3,18,0.0268,0.035
PIP4K2C,3,18,0.0268,0.035
PIP4P1,1,12,0.0089,0.0233
PIP4P2,1,0,0.0089,0.0
PIP5K1A,9,10,0.0804,0.0195
PIP5K1B,9,13,0.0804,0.0253
PIP5K1C,9,26,0.0804,0.0506
PIP5KL1,2,0,0.0179,0.0
PIPOX,3,7,0.0268,0.0136
PIR,0,2,0.0,0.0039
PIRT,0,0,0.0,0.0
PISD,1,5,0.0089,0.0097
PITHD1,0,0,0.0,0.0
PITPNA,0,11,0.0,0.0214
PITPNB,0,6,0.0,0.0117
PITPNC1,0,0,0.0,0.0
PITPNM1,0,5,0.0,0.0097
PITPNM2,0,5,0.0,0.0097
PITPNM3,0,5,0.0,0.0097
PITRM1,0,2,0.0,0.0039
PITX1,0,0,0.0,0.0
PITX2,1,5,0.0089,0.0097
PITX3,0,0,0.0,0.0
PIWIL1,0,3,0.0,0.0058
PIWIL2,0,3,0.0,0.0058
PIWIL3,0,0,0.0,0.0
PIWIL4,0,6,0.0,0.0117
PJA1,0,4,0.0,0.0078
PJA2,0,4,0.0,0.0078
PJVK,0,4,0.0,0.0078
PKD1,0,10,0.0,0.0195
PKD1L1,0,0,0.0,0.0
PKD1L2,0,0,0.0,0.0
PKD1L3,1,0,0.0089,0.0
PKD2,0,10,0.0,0.0195
PKD2L1,1,0,0.0089,0.0
PKD2L2,0,0,0.0,0.0
PKDCC,0,0,0.0,0.0
PKDREJ,0,0,0.0,0.0
PKHD1,0,0,0.0,0.0
PKHD1L1,0,0,0.0,0.0
PKIA,1,0,0.0089,0.0
PKIB,0,0,0.0,0.0
PKIG,0,0,0.0,0.0
PKLR,7,18,0.0625,0.035
PKM,8,19,0.0714,0.037
PKN1,4,11,0.0357,0.0214
PKN2,3,14,0.0268,0.0272
PKN3,1,9,0.0089,0.0175
PKNOX1,0,3,0.0,0.0058
PKNOX2,0,0,0.0,0.0
PKP1,0,11,0.0,0.0214
PKP2,1,3,0.0089,0.0058
PKP3,0,3,0.0,0.0058
PKP4,0,10,0.0,0.0195
PLA1A,2,5,0.0179,0.0097
PLA2G10,9,10,0.0804,0.0195
PLA2G12A,9,10,0.0804,0.0195
PLA2G12B,9,0,0.0804,0.0
PLA2G15,2,5,0.0179,0.0097
PLA2G16,0,0,0.0,0.0
PLA2G1B,9,14,0.0804,0.0272
PLA2G2A,9,13,0.0804,0.0253
PLA2G2C,9,0,0.0804,0.0
PLA2G2D,9,10,0.0804,0.0195
PLA2G2E,9,10,0.0804,0.0195
PLA2G2F,9,10,0.0804,0.0195
PLA2G3,9,7,0.0804,0.0136
PLA2G4A,22,34,0.1964,0.0661
PLA2G4B,22,15,0.1964,0.0292
PLA2G4C,22,9,0.1964,0.0175
PLA2G4D,22,11,0.1964,0.0214
PLA2G4E,22,9,0.1964,0.0175
PLA2G4F,22,10,0.1964,0.0195
PLA2G5,9,10,0.0804,0.0195
PLA2G6,9,20,0.0804,0.0389
PLA2G7,1,3,0.0089,0.0058
PLA2R1,2,10,0.0179,0.0195
PLAA,1,0,0.0089,0.0
PLAAT1,0,5,0.0,0.0097
PLAAT2,0,5,0.0,0.0097
PLAAT3,7,8,0.0625,0.0156
PLAAT4,0,5,0.0,0.0097
PLAAT5,0,5,0.0,0.0097
PLAC1,0,0,0.0,0.0
PLAC4,0,0,0.0,0.0
PLAC8,0,6,0.0,0.0117
PLAC8L1,0,0,0.0,0.0
PLAC9,0,0,0.0,0.0
PLAG1,0,0,0.0,0.0
PLAGL1,0,6,0.0,0.0117
PLAGL2,0,0,0.0,0.0
PLAT,5,5,0.0446,0.0097
PLAU,6,5,0.0536,0.0097
PLAUR,2,11,0.0179,0.0214
PLB1,6,10,0.0536,0.0195
PLBD1,0,8,0.0,0.0156
PLBD2,0,0,0.0,0.0
PLCB1,60,40,0.5357,0.0778
PLCB2,60,43,0.5357,0.0837
PLCB3,60,40,0.5357,0.0778
PLCB4,60,19,0.5357,0.037
PLCD1,6,3,0.0536,0.0058
PLCD3,6,3,0.0536,0.0058
PLCD4,6,3,0.0536,0.0058
PLCE1,10,3,0.0893,0.0058
PLCG1,43,107,0.3839,0.2082
PLCG2,38,50,0.3393,0.0973
PLCH1,1,3,0.0089,0.0058
PLCH2,1,3,0.0089,0.0058
PLCL1,1,0,0.0089,0.0
PLCL2,0,0,0.0,0.0
PLCXD1,0,0,0.0,0.0
PLCXD2,0,0,0.0,0.0
PLCXD3,0,0,0.0,0.0
PLCZ1,6,3,0.0536,0.0058
PLD1,14,23,0.125,0.0447
PLD2,14,20,0.125,0.0389
PLD3,2,9,0.0179,0.0175
PLD4,2,12,0.0179,0.0233
PLD5,0,0,0.0,0.0
PLD6,0,13,0.0,0.0253
PLEC,0,11,0.0,0.0214
PLEK,0,4,0.0,0.0078
PLEK2,0,0,0.0,0.0
PLEKHA1,0,5,0.0,0.0097
PLEKHA2,0,5,0.0,0.0097
PLEKHA3,0,5,0.0,0.0097
PLEKHA4,0,5,0.0,0.0097
PLEKHA5,0,5,0.0,0.0097
PLEKHA6,0,5,0.0,0.0097
PLEKHA7,0,0,0.0,0.0
PLEKHA8,0,7,0.0,0.0136
PLEKHB1,0,0,0.0,0.0
PLEKHB2,0,0,0.0,0.0
PLEKHD1,0,0,0.0,0.0
PLEKHF1,0,0,0.0,0.0
PLEKHF2,0,0,0.0,0.0
PLEKHG1,0,6,0.0,0.0117
PLEKHG2,0,13,0.0,0.0253
PLEKHG3,0,9,0.0,0.0175
PLEKHG4,0,7,0.0,0.0136
PLEKHG4B,0,5,0.0,0.0097
PLEKHG5,1,14,0.0089,0.0272
PLEKHG6,0,6,0.0,0.0117
PLEKHG7,0,0,0.0,0.0
PLEKHH1,0,0,0.0,0.0
PLEKHH2,0,0,0.0,0.0
PLEKHH3,0,0,0.0,0.0
PLEKHJ1,0,0,0.0,0.0
PLEKHM1,1,0,0.0089,0.0
PLEKHM2,1,0,0.0089,0.0
PLEKHM3,0,0,0.0,0.0
PLEKHN1,0,0,0.0,0.0
PLEKHO1,0,0,0.0,0.0
PLEKHO2,0,3,0.0,0.0058
PLEKHS1,0,0,0.0,0.0
PLET1,0,3,0.0,0.0058
PLG,4,15,0.0357,0.0292
PLGLB1,0,0,0.0,0.0
PLGLB2,0,0,0.0,0.0
PLGRKT,0,0,0.0,0.0
PLIN1,4,17,0.0357,0.0331
PLIN2,1,16,0.0089,0.0311
PLIN3,0,17,0.0,0.0331
PLIN4,1,6,0.0089,0.0117
PLIN5,1,0,0.0089,0.0
PLK2,1,18,0.0089,0.035
PLK3,3,13,0.0268,0.0253
PLK4,1,17,0.0089,0.0331
PLK5,0,0,0.0,0.0
PLLP,0,0,0.0,0.0
PLN,7,6,0.0625,0.0117
PLOD1,1,3,0.0089,0.0058
PLOD2,1,3,0.0089,0.0058
PLOD3,2,3,0.0179,0.0058
PLP1,0,0,0.0,0.0
PLP2,0,0,0.0,0.0
PLPBP,0,0,0.0,0.0
PLPP1,8,4,0.0714,0.0078
PLPP2,8,4,0.0714,0.0078
PLPP3,8,4,0.0714,0.0078
PLPP4,2,4,0.0179,0.0078
PLPP5,2,4,0.0179,0.0078
PLPP6,0,5,0.0,0.0097
PLPP7,0,0,0.0,0.0
PLPPR1,0,5,0.0,0.0097
PLPPR2,0,5,0.0,0.0097
PLPPR3,0,5,0.0,0.0097
PLPPR4,0,5,0.0,0.0097
PLPPR5,0,5,0.0,0.0097
PLS1,0,4,0.0,0.0078
PLS3,0,0,0.0,0.0
PLSCR1,0,0,0.0,0.0
PLSCR2,0,0,0.0,0.0
PLSCR3,0,0,0.0,0.0
PLSCR4,0,0,0.0,0.0
PLSCR5,0,0,0.0,0.0
PLTP,2,8,0.0179,0.0156
PLVAP,0,0,0.0,0.0
PLXDC1,0,0,0.0,0.0
PLXDC2,0,0,0.0,0.0
PLXNA1,1,20,0.0089,0.0389
PLXNA2,1,14,0.0089,0.0272
PLXNA3,1,13,0.0089,0.0253
PLXNA4,1,19,0.0089,0.037
PLXNB1,1,15,0.0089,0.0292
PLXNB2,1,0,0.0089,0.0
PLXNB3,1,5,0.0089,0.0097
PLXNC1,1,5,0.0089,0.0097
PLXND1,0,13,0.0,0.0253
PM20D1,0,4,0.0,0.0078
PM20D2,0,0,0.0,0.0
PMAIP1,6,12,0.0536,0.0233
PMCH,1,8,0.0089,0.0156
PMEL,0,4,0.0,0.0078
PMEPA1,0,5,0.0,0.0097
PMF1,0,18,0.0,0.035
PMF1-BGLAP,0,18,0.0,0.035
PMFBP1,0,0,0.0,0.0
PML,7,35,0.0625,0.0681
PMM1,2,6,0.0179,0.0117
PMM2,2,11,0.0179,0.0214
PMP2,0,0,0.0,0.0
PMP22,0,3,0.0,0.0058
PMS1,0,0,0.0,0.0
PMS2,2,16,0.0179,0.0311
PMVK,2,7,0.0179,0.0136
PNCK,0,0,0.0,0.0
PNISR,0,0,0.0,0.0
PNKD,0,4,0.0,0.0078
PNLDC1,1,0,0.0089,0.0
PNLIP,4,13,0.0357,0.0253
PNLIPRP1,3,3,0.0268,0.0058
PNLIPRP2,3,7,0.0268,0.0136
PNLIPRP3,1,3,0.0089,0.0058
PNMA1,0,0,0.0,0.0
PNMA2,0,0,0.0,0.0
PNMA3,0,0,0.0,0.0
PNMA5,0,0,0.0,0.0
PNMA6A,0,0,0.0,0.0
PNMA8A,0,0,0.0,0.0
PNMA8B,0,0,0.0,0.0
PNMAL1,0,0,0.0,0.0
PNMAL2,0,0,0.0,0.0
PNMT,1,4,0.0089,0.0078
PNN,2,4,0.0179,0.0078
PNO1,0,5,0.0,0.0097
PNOC,0,7,0.0,0.0136
PNP,3,16,0.0268,0.0311
PNPLA1,0,0,0.0,0.0
PNPLA2,3,15,0.0268,0.0292
PNPLA3,1,5,0.0089,0.0097
PNPLA4,1,4,0.0089,0.0078
PNPLA5,0,4,0.0,0.0078
PNPLA6,1,5,0.0089,0.0097
PNPLA7,1,5,0.0089,0.0097
PNPLA8,0,6,0.0,0.0117
PNPO,1,4,0.0089,0.0078
PNPT1,1,2,0.0089,0.0039
PNRC1,0,0,0.0,0.0
PNRC2,0,3,0.0,0.0058
POC1A,0,0,0.0,0.0
POC1B,0,0,0.0,0.0
POC1B-GALNT4,2,4,0.0179,0.0078
POC5,0,0,0.0,0.0
PODN,0,0,0.0,0.0
PODNL1,0,0,0.0,0.0
PODXL,1,0,0.0089,0.0
PODXL2,0,4,0.0,0.0078
POF1B,0,0,0.0,0.0
POFUT1,1,4,0.0089,0.0078
POFUT2,1,4,0.0089,0.0078
POGK,0,0,0.0,0.0
POGLUT1,1,4,0.0089,0.0078
POGLUT2,0,0,0.0,0.0
POGLUT3,0,0,0.0,0.0
POGZ,0,0,0.0,0.0
POLA1,1,28,0.0089,0.0545
POLB,3,13,0.0268,0.0253
POLD1,5,43,0.0446,0.0837
POLD2,5,41,0.0446,0.0798
POLD3,5,41,0.0446,0.0798
POLD4,5,41,0.0446,0.0798
POLDIP2,0,0,0.0,0.0
POLDIP3,0,5,0.0,0.0097
POLE,3,30,0.0268,0.0584
POLE2,3,30,0.0268,0.0584
POLE3,3,30,0.0268,0.0584
POLE4,3,30,0.0268,0.0584
POLG,0,2,0.0,0.0039
POLG2,0,5,0.0,0.0097
POLH,1,9,0.0089,0.0175
POLI,1,5,0.0089,0.0097
POLK,17,16,0.1518,0.0311
POLL,2,3,0.0179,0.0058
POLM,1,3,0.0089,0.0058
POLN,1,2,0.0089,0.0039
POLQ,0,4,0.0,0.0078
POLR1D,2,32,0.0179,0.0623
POLR1E,1,16,0.0089,0.0311
POLR1F,1,16,0.0089,0.0311
POLR1G,0,16,0.0,0.0311
POLR1H,1,16,0.0089,0.0311
POLR2F,3,122,0.0268,0.2374
POLR2J,2,92,0.0179,0.179
POLR2J2,2,0,0.0179,0.0
POLR2J3,2,0,0.0179,0.0
POLR2K,3,122,0.0268,0.2374
POLR2M,0,0,0.0,0.0
POLR3B,2,18,0.0179,0.035
POLR3D,2,18,0.0179,0.035
POLR3E,2,18,0.0179,0.035
POLR3F,2,18,0.0179,0.035
POLR3G,2,18,0.0179,0.035
POLR3GL,2,18,0.0179,0.035
POM121,2,97,0.0179,0.1887
POM121C,2,0,0.0179,0.0
POM121L12,0,0,0.0,0.0
POM121L2,2,0,0.0179,0.0
POMC,8,38,0.0714,0.0739
POMGNT1,1,12,0.0089,0.0233
POMGNT2,1,5,0.0089,0.0097
POMK,1,5,0.0089,0.0097
POMP,1,6,0.0089,0.0117
POMT1,2,21,0.0179,0.0409
POMT2,2,21,0.0179,0.0409
POMZP3,0,0,0.0,0.0
PON1,0,9,0.0,0.0175
PON2,0,5,0.0,0.0097
PON3,0,9,0.0,0.0175
POP4,2,3,0.0179,0.0058
POP7,2,3,0.0179,0.0058
POPDC2,0,0,0.0,0.0
POPDC3,0,0,0.0,0.0
POR,0,4,0.0,0.0078
PORCN,1,7,0.0089,0.0136
POSTN,0,0,0.0,0.0
POT1,0,35,0.0,0.0681
POTEA,0,0,0.0,0.0
POTEB,0,0,0.0,0.0
POTEB2,0,0,0.0,0.0
POTEB3,0,0,0.0,0.0
POTEC,0,0,0.0,0.0
POTED,0,0,0.0,0.0
POTEE,0,5,0.0,0.0097
POTEF,0,0,0.0,0.0
POTEG,0,0,0.0,0.0
POTEH,0,0,0.0,0.0
POTEI,0,0,0.0,0.0
POTEJ,0,0,0.0,0.0
POTEM,0,0,0.0,0.0
POU1F1,1,0,0.0089,0.0
POU2AF1,0,0,0.0,0.0
POU2AF2,0,0,0.0,0.0
POU2AF3,0,0,0.0,0.0
POU2F1,2,24,0.0179,0.0467
POU2F2,2,9,0.0179,0.0175
POU2F3,2,0,0.0179,0.0
POU3F1,0,7,0.0,0.0136
POU3F2,0,7,0.0,0.0136
POU3F3,0,3,0.0,0.0058
POU3F4,0,0,0.0,0.0
POU4F1,0,6,0.0,0.0117
POU4F2,0,6,0.0,0.0117
POU4F3,0,0,0.0,0.0
POU5F1,1,11,0.0089,0.0214
POU5F1B,1,0,0.0089,0.0
POU5F2,0,0,0.0,0.0
POU6F1,0,0,0.0,0.0
POU6F2,0,0,0.0,0.0
PP2D1,0,0,0.0,0.0
PPA2,1,6,0.0089,0.0117
PPAN-P2RY11,0,0,0.0,0.0
PPAP2A,0,0,0.0,0.0
PPAP2B,0,0,0.0,0.0
PPAP2C,0,0,0.0,0.0
PPAPDC1A,0,0,0.0,0.0
PPAPDC1B,0,0,0.0,0.0
PPAPDC2,0,0,0.0,0.0
PPAPDC3,0,0,0.0,0.0
PPARA,8,41,0.0714,0.0798
PPARD,4,11,0.0357,0.0214
PPARG,10,46,0.0893,0.0895
PPARGC1A,9,55,0.0804,0.107
PPARGC1B,1,34,0.0089,0.0661
PPBP,3,15,0.0268,0.0292
PPCDC,1,5,0.0089,0.0097
PPCS,1,5,0.0089,0.0097
PPDPF,0,0,0.0,0.0
PPDPFL,0,0,0.0,0.0
PPEF1,0,4,0.0,0.0078
PPEF2,0,0,0.0,0.0
PPFIA1,0,10,0.0,0.0195
PPFIA2,0,10,0.0,0.0195
PPFIA3,0,10,0.0,0.0195
PPFIA4,0,10,0.0,0.0195
PPFIBP1,0,7,0.0,0.0136
PPFIBP2,0,3,0.0,0.0058
PPHLN1,0,8,0.0,0.0156
PPIA,1,41,0.0089,0.0798
PPIAL4A,0,0,0.0,0.0
PPIAL4C,0,0,0.0,0.0
PPIAL4D,0,0,0.0,0.0
PPIAL4E,0,0,0.0,0.0
PPIAL4F,0,0,0.0,0.0
PPIAL4G,0,0,0.0,0.0
PPIB,0,10,0.0,0.0195
PPIC,0,0,0.0,0.0
PPID,5,3,0.0446,0.0058
PPIE,1,18,0.0089,0.035
PPIF,11,0,0.0982,0.0
PPIG,0,11,0.0,0.0214
PPIH,1,11,0.0089,0.0214
PPIL1,1,9,0.0089,0.0175
PPIL3,0,9,0.0,0.0175
PPIL4,0,9,0.0,0.0175
PPIL6,0,5,0.0,0.0097
PPIP5K1,1,3,0.0089,0.0058
PPIP5K2,1,3,0.0089,0.0058
PPL,0,6,0.0,0.0117
PPM1A,1,10,0.0089,0.0195
PPM1B,1,10,0.0089,0.0195
PPM1D,1,4,0.0089,0.0078
PPM1E,0,5,0.0,0.0097
PPM1F,0,5,0.0,0.0097
PPM1G,0,0,0.0,0.0
PPM1H,0,0,0.0,0.0
PPM1J,0,0,0.0,0.0
PPM1K,0,8,0.0,0.0156
PPM1L,0,4,0.0,0.0078
PPM1M,0,0,0.0,0.0
PPM1N,0,0,0.0,0.0
PPME1,0,5,0.0,0.0097
PPOX,1,3,0.0089,0.0058
PPP1CA,22,27,0.1964,0.0525
PPP1CB,22,48,0.1964,0.0934
PPP1CC,22,44,0.1964,0.0856
PPP1R10,0,4,0.0,0.0078
PPP1R11,0,0,0.0,0.0
PPP1R12A,8,19,0.0714,0.037
PPP1R12B,5,19,0.0446,0.037
PPP1R12C,5,0,0.0446,0.0
PPP1R13B,0,15,0.0,0.0292
PPP1R13L,0,6,0.0,0.0117
PPP1R14A,1,5,0.0089,0.0097
PPP1R14B,0,0,0.0,0.0
PPP1R14C,0,0,0.0,0.0
PPP1R14D,0,0,0.0,0.0
PPP1R15A,1,8,0.0089,0.0156
PPP1R15B,0,0,0.0,0.0
PPP1R16A,0,0,0.0,0.0
PPP1R16B,0,0,0.0,0.0
PPP1R17,1,0,0.0089,0.0
PPP1R18,0,0,0.0,0.0
PPP1R1A,2,0,0.0179,0.0
PPP1R1B,5,12,0.0446,0.0233
PPP1R1C,0,0,0.0,0.0
PPP1R2,0,0,0.0,0.0
PPP1R21,0,0,0.0,0.0
PPP1R26,0,0,0.0,0.0
PPP1R27,0,0,0.0,0.0
PPP1R32,0,0,0.0,0.0
PPP1R35,0,0,0.0,0.0
PPP1R36,0,0,0.0,0.0
PPP1R37,0,0,0.0,0.0
PPP1R3A,2,0,0.0179,0.0
PPP1R3B,2,0,0.0179,0.0
PPP1R3C,2,9,0.0179,0.0175
PPP1R3D,2,0,0.0179,0.0
PPP1R3E,2,0,0.0179,0.0
PPP1R3F,1,0,0.0089,0.0
PPP1R3G,0,0,0.0,0.0
PPP1R42,0,0,0.0,0.0
PPP1R7,0,0,0.0,0.0
PPP1R8,0,6,0.0,0.0117
PPP1R9A,0,0,0.0,0.0
PPP1R9B,0,0,0.0,0.0
PPP2CB,16,133,0.1429,0.2588
PPP2R1A,14,157,0.125,0.3054
PPP2R1B,14,131,0.125,0.2549
PPP2R2A,11,24,0.0982,0.0467
PPP2R2B,11,0,0.0982,0.0
PPP2R2C,11,0,0.0982,0.0
PPP2R2D,11,5,0.0982,0.0097
PPP2R3A,7,0,0.0625,0.0
PPP2R3B,7,11,0.0625,0.0214
PPP2R3C,7,0,0.0625,0.0
PPP2R4,0,0,0.0,0.0
PPP2R5A,8,63,0.0714,0.1226
PPP2R5B,8,64,0.0714,0.1245
PPP2R5C,8,66,0.0714,0.1284
PPP2R5D,8,99,0.0714,0.1926
PPP2R5E,8,59,0.0714,0.1148
PPP3CA,33,26,0.2946,0.0506
PPP3CB,33,31,0.2946,0.0603
PPP3CC,33,11,0.2946,0.0214
PPP3R1,32,31,0.2857,0.0603
PPP3R2,32,0,0.2857,0.0
PPP4R1,0,0,0.0,0.0
PPP4R2,0,5,0.0,0.0097
PPP4R3A,1,0,0.0089,0.0
PPP4R3B,1,0,0.0089,0.0
PPP4R4,0,0,0.0,0.0
PPP5C,1,11,0.0089,0.0214
PPP5D1,0,0,0.0,0.0
PPP6C,0,13,0.0,0.0253
PPP6R1,0,8,0.0,0.0156
PPP6R2,0,0,0.0,0.0
PPP6R3,0,13,0.0,0.0253
PPRC1,0,3,0.0,0.0058
PPT1,2,4,0.0179,0.0078
PPT2,2,4,0.0179,0.0078
PPTC7,0,0,0.0,0.0
PPY,1,7,0.0089,0.0136
PQBP1,1,9,0.0089,0.0175
PQLC1,0,0,0.0,0.0
PQLC2,0,0,0.0,0.0
PQLC2L,0,0,0.0,0.0
PQLC3,0,0,0.0,0.0
PRAC1,0,0,0.0,0.0
PRAC2,0,0,0.0,0.0
PRADC1,0,0,0.0,0.0
PRAF2,0,0,0.0,0.0
PRAG1,0,5,0.0,0.0097
PRAM1,0,0,0.0,0.0
PRAME,0,0,0.0,0.0
PRAMEF1,0,0,0.0,0.0
PRAMEF10,0,0,0.0,0.0
PRAMEF11,0,0,0.0,0.0
PRAMEF12,0,0,0.0,0.0
PRAMEF13,0,0,0.0,0.0
PRAMEF14,0,0,0.0,0.0
PRAMEF15,0,0,0.0,0.0
PRAMEF16,0,0,0.0,0.0
PRAMEF17,0,0,0.0,0.0
PRAMEF18,0,0,0.0,0.0
PRAMEF19,0,0,0.0,0.0
PRAMEF2,0,0,0.0,0.0
PRAMEF20,0,0,0.0,0.0
PRAMEF22,0,0,0.0,0.0
PRAMEF25,0,0,0.0,0.0
PRAMEF26,0,0,0.0,0.0
PRAMEF27,0,0,0.0,0.0
PRAMEF33,0,0,0.0,0.0
PRAMEF4,0,0,0.0,0.0
PRAMEF5,0,0,0.0,0.0
PRAMEF6,0,0,0.0,0.0
PRAMEF7,0,0,0.0,0.0
PRAMEF8,0,0,0.0,0.0
PRAMEF9,0,0,0.0,0.0
PRAP1,1,0,0.0089,0.0
PRB1,1,0,0.0089,0.0
PRB2,1,0,0.0089,0.0
PRB3,0,0,0.0,0.0
PRB4,0,0,0.0,0.0
PRC1,0,5,0.0,0.0097
PRCC,2,9,0.0179,0.0175
PRCD,0,0,0.0,0.0
PRCP,2,4,0.0179,0.0078
PRDM1,0,13,0.0,0.0253
PRDM10,0,0,0.0,0.0
PRDM11,0,0,0.0,0.0
PRDM12,0,0,0.0,0.0
PRDM13,0,0,0.0,0.0
PRDM14,0,2,0.0,0.0039
PRDM15,0,0,0.0,0.0
PRDM16,2,7,0.0179,0.0136
PRDM2,1,0,0.0089,0.0
PRDM4,1,4,0.0089,0.0078
PRDM5,0,0,0.0,0.0
PRDM6,1,0,0.0089,0.0
PRDM7,1,3,0.0089,0.0058
PRDM8,0,8,0.0,0.0156
PRDM9,1,7,0.0089,0.0136
PRDX1,2,20,0.0179,0.0389
PRDX2,0,14,0.0,0.0272
PRDX3,0,4,0.0,0.0078
PRDX4,0,3,0.0,0.0058
PRDX5,1,9,0.0089,0.0175
PRDX6,1,7,0.0089,0.0136
PRELID2,0,0,0.0,0.0
PRELID3A,0,6,0.0,0.0117
PRELP,0,13,0.0,0.0253
PREP,1,0,0.0089,0.0
PREPL,0,0,0.0,0.0
PREX1,2,21,0.0179,0.0409
PREX2,0,11,0.0,0.0214
PRF1,7,5,0.0625,0.0097
PRG2,1,3,0.0089,0.0058
PRG3,0,3,0.0,0.0058
PRG4,0,0,0.0,0.0
PRH1,1,0,0.0089,0.0
PRH2,1,0,0.0089,0.0
PRICKLE1,1,5,0.0089,0.0097
PRICKLE2,1,0,0.0089,0.0
PRICKLE3,1,0,0.0089,0.0
PRICKLE4,1,0,0.0089,0.0
PRIM2,1,27,0.0089,0.0525
PRIMA1,0,0,0.0,0.0
PRIMPOL,0,0,0.0,0.0
PRKAA1,19,25,0.1696,0.0486
PRKAA2,19,49,0.1696,0.0953
PRKAB1,15,35,0.1339,0.0681
PRKAB2,15,44,0.1339,0.0856
PRKACA,68,152,0.6071,0.2957
PRKACB,68,117,0.6071,0.2276
PRKACG,68,117,0.6071,0.2276
PRKAG1,15,35,0.1339,0.0681
PRKAG2,15,44,0.1339,0.0856
PRKAG3,15,35,0.1339,0.0681
PRKAR1A,1,54,0.0089,0.1051
PRKAR1B,1,50,0.0089,0.0973
PRKAR2A,1,69,0.0089,0.1342
PRKAR2B,1,67,0.0089,0.1304
PRKCA,71,79,0.6339,0.1537
PRKCB,69,43,0.6161,0.0837
PRKCD,16,51,0.1429,0.0992
PRKCDBP,0,0,0.0,0.0
PRKCE,13,20,0.1161,0.0389
PRKCG,60,30,0.5357,0.0584
PRKCH,2,11,0.0179,0.0214
PRKCI,7,16,0.0625,0.0311
PRKCQ,11,43,0.0982,0.0837
PRKCSH,1,29,0.0089,0.0564
PRKCZ,16,27,0.1429,0.0525
PRKD1,2,4,0.0179,0.0078
PRKD2,2,4,0.0179,0.0078
PRKD3,2,4,0.0179,0.0078
PRKDC,2,12,0.0179,0.0233
PRKG1,10,21,0.0893,0.0409
PRKG2,10,27,0.0893,0.0525
PRKN,6,19,0.0536,0.037
PRKRA,0,9,0.0,0.0175
PRKRIP1,0,4,0.0,0.0078
PRKRIR,0,0,0.0,0.0
PRKX,0,27,0.0,0.0525
PRL,5,14,0.0446,0.0272
PRLH,1,5,0.0089,0.0097
PRLHR,1,5,0.0089,0.0097
PRLR,5,7,0.0446,0.0136
PRM1,0,3,0.0,0.0058
PRM2,0,3,0.0,0.0058
PRM3,0,0,0.0,0.0
PRMT2,0,0,0.0,0.0
PRMT3,0,6,0.0,0.0117
PRMT6,0,8,0.0,0.0156
PRMT7,0,3,0.0,0.0058
PRMT8,0,0,0.0,0.0
PRMT9,0,0,0.0,0.0
PRND,0,3,0.0,0.0058
PRNP,3,9,0.0268,0.0175
PROB1,0,0,0.0,0.0
PROC,1,21,0.0089,0.0409
PROCA1,0,0,0.0,0.0
PROCR,1,4,0.0089,0.0078
PRODH,1,3,0.0089,0.0058
PRODH2,1,4,0.0089,0.0078
PROK1,0,7,0.0,0.0136
PROK2,0,7,0.0,0.0136
PROKR1,0,7,0.0,0.0136
PROKR2,0,7,0.0,0.0136
PROL1,0,0,0.0,0.0
PROM1,1,4,0.0089,0.0078
PROM2,0,0,0.0,0.0
PROP1,0,0,0.0,0.0
PRORP,0,6,0.0,0.0117
PRORY,0,0,0.0,0.0
PROS1,1,30,0.0089,0.0584
PROSC,0,0,0.0,0.0
PROSER1,0,0,0.0,0.0
PROSER2,0,0,0.0,0.0
PROSER3,0,0,0.0,0.0
PROX1,0,0,0.0,0.0
PROX2,0,0,0.0,0.0
PROZ,0,10,0.0,0.0195
PRPF18,1,4,0.0089,0.0078
PRPF3,1,4,0.0089,0.0078
PRPF39,0,0,0.0,0.0
PRPF40A,1,6,0.0089,0.0117
PRPF40B,1,0,0.0089,0.0
PRPF4B,0,0,0.0,0.0
PRPF6,1,10,0.0089,0.0195
PRPF8,1,10,0.0089,0.0195
PRPH,2,0,0.0179,0.0
PRPH2,0,0,0.0,0.0
PRPS1,2,4,0.0179,0.0078
PRPS1L1,2,4,0.0179,0.0078
PRPS2,2,4,0.0179,0.0078
PRPSAP1,0,0,0.0,0.0
PRPSAP2,0,0,0.0,0.0
PRR11,0,0,0.0,0.0
PRR12,0,0,0.0,0.0
PRR13,0,0,0.0,0.0
PRR14,0,0,0.0,0.0
PRR14L,0,0,0.0,0.0
PRR15,0,0,0.0,0.0
PRR15L,0,0,0.0,0.0
PRR16,0,0,0.0,0.0
PRR18,0,0,0.0,0.0
PRR19,0,0,0.0,0.0
PRR20A,0,0,0.0,0.0
PRR20B,0,0,0.0,0.0
PRR20C,0,0,0.0,0.0
PRR20D,0,0,0.0,0.0
PRR20E,0,0,0.0,0.0
PRR21,0,0,0.0,0.0
PRR22,0,0,0.0,0.0
PRR23A,0,0,0.0,0.0
PRR23B,0,0,0.0,0.0
PRR23C,0,0,0.0,0.0
PRR23D1,0,0,0.0,0.0
PRR23D2,0,0,0.0,0.0
PRR23E,0,0,0.0,0.0
PRR25,0,0,0.0,0.0
PRR27,0,0,0.0,0.0
PRR29,0,0,0.0,0.0
PRR3,0,0,0.0,0.0
PRR30,0,0,0.0,0.0
PRR32,0,0,0.0,0.0
PRR33,0,0,0.0,0.0
PRR34,0,0,0.0,0.0
PRR35,0,0,0.0,0.0
PRR36,0,0,0.0,0.0
PRR4,0,0,0.0,0.0
PRR5,1,32,0.0089,0.0623
PRR5-ARHGAP8,0,0,0.0,0.0
PRR5L,0,0,0.0,0.0
PRR7,0,0,0.0,0.0
PRR9,0,0,0.0,0.0
PRRC1,0,0,0.0,0.0
PRRC2A,0,0,0.0,0.0
PRRC2B,0,0,0.0,0.0
PRRC2C,0,0,0.0,0.0
PRRG1,0,0,0.0,0.0
PRRG2,0,0,0.0,0.0
PRRG3,0,0,0.0,0.0
PRRG4,0,0,0.0,0.0
PRRT1,0,0,0.0,0.0
PRRT2,0,0,0.0,0.0
PRRT3,0,0,0.0,0.0
PRRT4,0,0,0.0,0.0
PRRX1,0,0,0.0,0.0
PRRX2,0,0,0.0,0.0
PRSS1,4,12,0.0357,0.0233
PRSS12,0,0,0.0,0.0
PRSS16,0,0,0.0,0.0
PRSS2,4,10,0.0357,0.0195
PRSS21,0,3,0.0,0.0058
PRSS22,0,0,0.0,0.0
PRSS23,0,4,0.0,0.0078
PRSS27,0,0,0.0,0.0
PRSS3,4,15,0.0357,0.0292
PRSS33,0,0,0.0,0.0
PRSS35,0,0,0.0,0.0
PRSS36,0,0,0.0,0.0
PRSS37,0,0,0.0,0.0
PRSS38,0,0,0.0,0.0
PRSS41,0,3,0.0,0.0058
PRSS42,0,0,0.0,0.0
PRSS44,0,0,0.0,0.0
PRSS45,0,0,0.0,0.0
PRSS46,0,0,0.0,0.0
PRSS48,0,0,0.0,0.0
PRSS50,0,0,0.0,0.0
PRSS53,0,0,0.0,0.0
PRSS54,0,0,0.0,0.0
PRSS55,0,0,0.0,0.0
PRSS56,0,0,0.0,0.0
PRSS57,0,0,0.0,0.0
PRSS58,0,0,0.0,0.0
PRSS8,0,3,0.0,0.0058
PRTFDC1,0,0,0.0,0.0
PRTG,0,0,0.0,0.0
PRTN3,0,10,0.0,0.0195
PRUNE,0,0,0.0,0.0
PRUNE1,1,0,0.0089,0.0
PRUNE2,0,0,0.0,0.0
PRX,0,6,0.0,0.0117
PRXL2A,0,0,0.0,0.0
PRXL2B,1,5,0.0089,0.0097
PRXL2C,0,0,0.0,0.0
PRY,0,0,0.0,0.0
PRY2,0,0,0.0,0.0
PSAP,2,19,0.0179,0.037
PSAPL1,2,0,0.0179,0.0
PSAT1,3,3,0.0268,0.0058
PSCA,0,3,0.0,0.0058
PSD,1,0,0.0089,0.0
PSD2,1,0,0.0089,0.0
PSD3,1,0,0.0089,0.0
PSD4,1,0,0.0089,0.0
PSEN1,6,41,0.0536,0.0798
PSEN2,4,36,0.0357,0.07
PSENEN,2,38,0.0179,0.0739
PSG1,0,2,0.0,0.0039
PSG11,0,2,0.0,0.0039
PSG2,0,2,0.0,0.0039
PSG3,0,2,0.0,0.0039
PSG4,0,2,0.0,0.0039
PSG5,0,2,0.0,0.0039
PSG6,0,2,0.0,0.0039
PSG7,0,2,0.0,0.0039
PSG8,0,2,0.0,0.0039
PSG9,0,2,0.0,0.0039
PSIP1,0,18,0.0,0.035
PSKH1,0,0,0.0,0.0
PSKH2,0,0,0.0,0.0
PSMA8,8,3,0.0714,0.0058
PSMB10,1,13,0.0089,0.0253
PSMB11,1,6,0.0089,0.0117
PSMB5,8,201,0.0714,0.3911
PSMB6,8,202,0.0714,0.393
PSMB8,1,16,0.0089,0.0311
PSMB9,1,13,0.0089,0.0253
PSMC1,11,202,0.0982,0.393
PSMC3IP,0,4,0.0,0.0078
PSMC4,9,200,0.0804,0.3891
PSMD1,9,201,0.0804,0.3911
PSMD10,0,6,0.0,0.0117
PSMD2,9,201,0.0804,0.3911
PSMD3,9,201,0.0804,0.3911
PSMD5,0,6,0.0,0.0117
PSMD6,9,201,0.0804,0.3911
PSMD7,9,201,0.0804,0.3911
PSMD8,9,200,0.0804,0.3891
PSMD9,8,3,0.0714,0.0058
PSME1,2,13,0.0179,0.0253
PSME2,2,18,0.0179,0.035
PSME3,3,3,0.0268,0.0058
PSME3IP1,0,0,0.0,0.0
PSME4,1,3,0.0089,0.0058
PSMF1,1,3,0.0089,0.0058
PSMG1,0,6,0.0,0.0117
PSMG2,0,6,0.0,0.0117
PSMG4,0,6,0.0,0.0117
PSORS1C1,0,0,0.0,0.0
PSORS1C2,0,0,0.0,0.0
PSPC1,0,0,0.0,0.0
PSPH,1,3,0.0089,0.0058
PSPN,0,13,0.0,0.0253
PSRC1,0,0,0.0,0.0
PSTK,2,4,0.0179,0.0078
PSTPIP1,1,11,0.0089,0.0214
PSTPIP2,0,0,0.0,0.0
PTAFR,3,14,0.0268,0.0272
PTAR1,0,0,0.0,0.0
PTBP1,0,16,0.0,0.0311
PTBP2,0,0,0.0,0.0
PTBP3,0,0,0.0,0.0
PTCD1,0,0,0.0,0.0
PTCD2,0,0,0.0,0.0
PTCD3,0,11,0.0,0.0214
PTCH1,6,13,0.0536,0.0253
PTCH2,3,4,0.0268,0.0078
PTCHD1,0,0,0.0,0.0
PTCHD2,0,0,0.0,0.0
PTCHD3,0,0,0.0,0.0
PTCHD4,0,0,0.0,0.0
PTCRA,2,4,0.0179,0.0078
PTDSS1,1,5,0.0089,0.0097
PTDSS2,1,5,0.0089,0.0097
PTEN,25,34,0.2232,0.0661
PTER,0,0,0.0,0.0
PTF1A,0,7,0.0,0.0136
PTGDR,1,8,0.0089,0.0156
PTGDR2,0,8,0.0,0.0156
PTGDS,1,7,0.0089,0.0136
PTGER1,4,8,0.0357,0.0156
PTGER2,6,8,0.0536,0.0156
PTGER3,6,8,0.0536,0.0156
PTGER4,6,8,0.0536,0.0156
PTGES,1,5,0.0089,0.0097
PTGES2,1,8,0.0089,0.0156
PTGES3,1,24,0.0089,0.0467
PTGES3L,0,0,0.0,0.0
PTGES3L-AARSD1,0,0,0.0,0.0
PTGFR,3,8,0.0268,0.0156
PTGFRN,0,0,0.0,0.0
PTGIR,3,14,0.0268,0.0272
PTGIS,1,9,0.0089,0.0175
PTGR1,0,7,0.0,0.0136
PTGR2,0,5,0.0,0.0097
PTGR3,0,0,0.0,0.0
PTGS1,4,8,0.0357,0.0156
PTGS2,21,17,0.1875,0.0331
PTH,4,6,0.0357,0.0117
PTH1R,3,6,0.0268,0.0117
PTH2,1,6,0.0089,0.0117
PTH2R,1,6,0.0089,0.0117
PTHLH,1,6,0.0089,0.0117
PTK2,22,65,0.1964,0.1265
PTK2B,10,15,0.0893,0.0292
PTK6,0,28,0.0,0.0545
PTK7,0,0,0.0,0.0
PTMA,0,0,0.0,0.0
PTMS,0,0,0.0,0.0
PTN,0,8,0.0,0.0156
PTOV1,0,0,0.0,0.0
PTP4A1,0,0,0.0,0.0
PTP4A2,0,3,0.0,0.0058
PTP4A3,0,0,0.0,0.0
PTPDC1,0,0,0.0,0.0
PTPMT1,0,5,0.0,0.0097
PTPN1,3,34,0.0268,0.0661
PTPN11,17,126,0.1518,0.2451
PTPN12,0,21,0.0,0.0409
PTPN13,1,17,0.0089,0.0331
PTPN14,0,5,0.0,0.0097
PTPN18,0,9,0.0,0.0175
PTPN2,1,14,0.0089,0.0272
PTPN20,0,5,0.0,0.0097
PTPN21,0,0,0.0,0.0
PTPN22,0,5,0.0,0.0097
PTPN3,0,8,0.0,0.0156
PTPN4,0,13,0.0,0.0253
PTPN5,1,5,0.0089,0.0097
PTPN6,9,55,0.0804,0.107
PTPN7,1,10,0.0089,0.0195
PTPN9,0,5,0.0,0.0097
PTPRA,0,12,0.0,0.0233
PTPRB,1,3,0.0089,0.0058
PTPRC,5,11,0.0446,0.0214
PTPRCAP,0,0,0.0,0.0
PTPRD,0,4,0.0,0.0078
PTPRE,0,0,0.0,0.0
PTPRF,4,8,0.0357,0.0156
PTPRG,0,0,0.0,0.0
PTPRH,0,0,0.0,0.0
PTPRJ,1,13,0.0089,0.0253
PTPRK,0,4,0.0,0.0078
PTPRM,2,0,0.0179,0.0
PTPRN,1,0,0.0089,0.0
PTPRN2,1,3,0.0089,0.0058
PTPRO,0,4,0.0,0.0078
PTPRQ,0,0,0.0,0.0
PTPRR,1,0,0.0089,0.0
PTPRS,0,10,0.0,0.0195
PTPRT,0,0,0.0,0.0
PTPRU,0,3,0.0,0.0058
PTPRZ1,1,8,0.0089,0.0156
PTRF,0,0,0.0,0.0
PTRH1,0,0,0.0,0.0
PTRH2,0,4,0.0,0.0078
PTRHD1,0,0,0.0,0.0
PTS,1,4,0.0089,0.0078
PTTG1,3,12,0.0268,0.0233
PTTG1IP,0,0,0.0,0.0
PTTG2,3,0,0.0268,0.0
PTX3,0,3,0.0,0.0058
PTX4,0,0,0.0,0.0
PUDP,0,4,0.0,0.0078
PUM1,1,4,0.0089,0.0078
PUM2,1,3,0.0089,0.0058
PUM3,0,0,0.0,0.0
PURA,0,0,0.0,0.0
PURB,0,0,0.0,0.0
PURG,0,0,0.0,0.0
PUS1,0,6,0.0,0.0117
PUS10,0,0,0.0,0.0
PUS3,0,3,0.0,0.0058
PUS7,0,3,0.0,0.0058
PUS7L,0,0,0.0,0.0
PUSL1,0,0,0.0,0.0
PVALB,0,4,0.0,0.0078
PVR,1,8,0.0089,0.0156
PVRIG,0,0,0.0,0.0
PVRL1,0,0,0.0,0.0
PVRL2,0,0,0.0,0.0
PVRL3,0,0,0.0,0.0
PVRL4,0,0,0.0,0.0
PWP1,0,0,0.0,0.0
PWWP2A,0,5,0.0,0.0097
PWWP2B,0,5,0.0,0.0097
PWWP3A,0,0,0.0,0.0
PWWP3B,0,0,0.0,0.0
PXDC1,0,0,0.0,0.0
PXDN,0,8,0.0,0.0156
PXDNL,0,0,0.0,0.0
PXK,0,0,0.0,0.0
PXMP2,1,5,0.0089,0.0097
PXMP4,1,2,0.0089,0.0039
PXN,13,20,0.1161,0.0389
PXT1,0,0,0.0,0.0
PXYLP1,0,4,0.0,0.0078
PYCARD,12,25,0.1071,0.0486
PYCR1,1,3,0.0089,0.0058
PYCR2,1,3,0.0089,0.0058
PYCR3,1,3,0.0089,0.0058
PYCRL,0,0,0.0,0.0
PYDC1,1,0,0.0089,0.0
PYDC2,1,0,0.0089,0.0
PYGB,5,7,0.0446,0.0136
PYGL,5,7,0.0446,0.0136
PYGM,5,8,0.0446,0.0156
PYGO1,0,5,0.0,0.0097
PYGO2,0,5,0.0,0.0097
PYHIN1,0,0,0.0,0.0
PYM1,2,0,0.0179,0.0
PYROXD1,0,0,0.0,0.0
PYROXD2,0,0,0.0,0.0
PYURF,0,4,0.0,0.0078
PYY,1,7,0.0089,0.0136
PZP,0,0,0.0,0.0
QARS1,1,11,0.0089,0.0214
QDPR,1,4,0.0089,0.0078
QKI,0,4,0.0,0.0078
QNG1,0,3,0.0,0.0058
QPCT,0,3,0.0,0.0058
QPCTL,0,0,0.0,0.0
QPRT,1,4,0.0089,0.0078
QRFP,0,8,0.0,0.0156
QRFPR,0,8,0.0,0.0156
QRICH1,0,0,0.0,0.0
QRICH2,0,0,0.0,0.0
QRSL1,1,0,0.0089,0.0
QSER1,0,0,0.0,0.0
QSOX1,0,11,0.0,0.0214
QSOX2,0,0,0.0,0.0
QTRT1,0,3,0.0,0.0058
QTRT2,0,3,0.0,0.0058
QTRTD1,0,0,0.0,0.0
R3HCC1,0,0,0.0,0.0
R3HCC1L,0,0,0.0,0.0
R3HDM1,0,0,0.0,0.0
R3HDM2,0,0,0.0,0.0
R3HDM4,0,0,0.0,0.0
R3HDML,0,0,0.0,0.0
RAB10,2,13,0.0179,0.0253
RAB11A,5,19,0.0446,0.037
RAB11B,4,7,0.0357,0.0136
RAB11FIP1,1,0,0.0089,0.0
RAB11FIP2,1,3,0.0089,0.0058
RAB11FIP3,1,5,0.0089,0.0097
RAB11FIP4,1,0,0.0089,0.0
RAB11FIP5,1,0,0.0089,0.0
RAB12,0,7,0.0,0.0136
RAB13,1,10,0.0089,0.0195
RAB14,1,18,0.0089,0.035
RAB15,0,3,0.0,0.0058
RAB17,0,3,0.0,0.0058
RAB18,0,13,0.0,0.0253
RAB19,0,3,0.0,0.0058
RAB1A,5,25,0.0446,0.0486
RAB1B,1,25,0.0089,0.0486
RAB20,0,3,0.0,0.0058
RAB21,0,7,0.0,0.0136
RAB22A,1,3,0.0089,0.0058
RAB23,0,3,0.0,0.0058
RAB24,0,6,0.0,0.0117
RAB25,0,3,0.0,0.0058
RAB26,0,3,0.0,0.0058
RAB27A,0,17,0.0,0.0331
RAB27B,1,11,0.0089,0.0214
RAB28,0,0,0.0,0.0
RAB29,0,3,0.0,0.0058
RAB2A,1,8,0.0089,0.0156
RAB2B,0,3,0.0,0.0058
RAB30,0,7,0.0,0.0136
RAB31,1,10,0.0089,0.0195
RAB32,0,7,0.0,0.0136
RAB33A,0,7,0.0,0.0136
RAB33B,1,9,0.0089,0.0175
RAB34,0,3,0.0,0.0058
RAB35,1,8,0.0089,0.0156
RAB36,0,7,0.0,0.0136
RAB37,0,6,0.0,0.0117
RAB38,0,7,0.0,0.0136
RAB39A,0,9,0.0,0.0175
RAB39B,3,7,0.0268,0.0136
RAB3A,2,22,0.0179,0.0428
RAB3B,0,3,0.0,0.0058
RAB3C,0,3,0.0,0.0058
RAB3D,1,6,0.0089,0.0117
RAB3GAP1,0,7,0.0,0.0136
RAB3GAP2,0,7,0.0,0.0136
RAB3IL1,0,4,0.0,0.0078
RAB3IP,0,11,0.0,0.0214
RAB40A,0,3,0.0,0.0058
RAB40AL,0,0,0.0,0.0
RAB40B,0,3,0.0,0.0058
RAB40C,0,3,0.0,0.0058
RAB41,0,7,0.0,0.0136
RAB42,0,3,0.0,0.0058
RAB43,0,7,0.0,0.0136
RAB44,0,6,0.0,0.0117
RAB4A,1,19,0.0089,0.037
RAB4B,0,10,0.0,0.0195
RAB5A,9,26,0.0804,0.0506
RAB5B,7,17,0.0625,0.0331
RAB5C,7,19,0.0625,0.037
RAB5IF,0,4,0.0,0.0078
RAB6A,0,19,0.0,0.037
RAB6B,0,12,0.0,0.0233
RAB6C,0,0,0.0,0.0
RAB6D,0,0,0.0,0.0
RAB7A,7,35,0.0625,0.0681
RAB7B,5,8,0.0446,0.0156
RAB8A,7,22,0.0625,0.0428
RAB8B,1,8,0.0089,0.0156
RAB9A,2,12,0.0179,0.0233
RAB9B,2,15,0.0179,0.0292
RABAC1,0,0,0.0,0.0
RABEP1,1,4,0.0089,0.0078
RABEP2,0,0,0.0,0.0
RABEPK,0,4,0.0,0.0078
RABGAP1,0,4,0.0,0.0078
RABGAP1L,0,0,0.0,0.0
RABGEF1,0,5,0.0,0.0097
RABGGTA,0,9,0.0,0.0175
RABIF,0,0,0.0,0.0
RABL2A,0,0,0.0,0.0
RABL2B,0,0,0.0,0.0
RABL3,0,0,0.0,0.0
RABL6,0,0,0.0,0.0
RAC1,51,145,0.4554,0.2821
RAC2,29,24,0.2589,0.0467
RAC3,24,8,0.2143,0.0156
RAD1,1,25,0.0089,0.0486
RAD17,0,25,0.0,0.0486
RAD18,0,7,0.0,0.0136
RAD21L1,0,0,0.0,0.0
RAD23A,2,9,0.0179,0.0175
RAD23B,2,11,0.0179,0.0214
RAD50,3,45,0.0268,0.0875
RAD51,4,33,0.0357,0.0642
RAD51AP1,0,18,0.0,0.035
RAD51AP2,0,0,0.0,0.0
RAD51B,1,21,0.0089,0.0409
RAD52,1,11,0.0089,0.0214
RAD54B,1,0,0.0089,0.0
RAD54L,1,0,0.0089,0.0
RAD54L2,0,0,0.0,0.0
RAD9A,1,25,0.0089,0.0486
RAD9B,1,25,0.0089,0.0486
RADIL,0,0,0.0,0.0
RADX,0,0,0.0,0.0
RAET1E,1,3,0.0089,0.0058
RAET1G,1,3,0.0089,0.0058
RAET1L,1,3,0.0089,0.0058
RAF1,79,37,0.7054,0.072
RAG1,2,7,0.0179,0.0136
RAG2,2,7,0.0179,0.0136
RAI1,0,5,0.0,0.0097
RAI14,0,0,0.0,0.0
RAI2,0,0,0.0,0.0
RALA,7,16,0.0625,0.0311
RALB,6,7,0.0536,0.0136
RALBP1,3,6,0.0268,0.0117
RALGAPA1,0,5,0.0,0.0097
RALGAPA2,0,3,0.0,0.0058
RALGAPB,0,3,0.0,0.0058
RALGDS,7,17,0.0625,0.0331
RALGPS1,0,0,0.0,0.0
RALGPS2,0,0,0.0,0.0
RALY,0,0,0.0,0.0
RALYL,0,0,0.0,0.0
RAMAC,0,0,0.0,0.0
RAMP1,1,7,0.0089,0.0136
RAMP2,1,11,0.0089,0.0214
RAMP3,1,7,0.0089,0.0136
RANBP1,2,9,0.0179,0.0175
RANBP10,0,4,0.0,0.0078
RANBP17,0,0,0.0,0.0
RANBP2,2,104,0.0179,0.2023
RANBP3,1,0,0.0089,0.0
RANBP3L,0,0,0.0,0.0
RANBP6,0,0,0.0,0.0
RANBP9,0,15,0.0,0.0292
RANGRF,0,3,0.0,0.0058
RAP1A,15,48,0.1339,0.0934
RAP1B,14,35,0.125,0.0681
RAP1GAP,1,7,0.0089,0.0136
RAP1GAP2,0,3,0.0,0.0058
RAP1GDS1,0,5,0.0,0.0097
RAP2A,0,0,0.0,0.0
RAP2B,0,3,0.0,0.0058
RAP2C,1,3,0.0089,0.0058
RAPGEF1,5,32,0.0446,0.0623
RAPGEF2,3,4,0.0268,0.0078
RAPGEF3,7,12,0.0625,0.0233
RAPGEF4,6,12,0.0536,0.0233
RAPGEF5,2,0,0.0179,0.0
RAPGEF6,2,0,0.0179,0.0
RAPGEFL1,0,0,0.0,0.0
RAPH1,0,0,0.0,0.0
RAPSN,0,0,0.0,0.0
RARA,5,21,0.0446,0.0409
RARB,4,10,0.0357,0.0195
RARG,0,10,0.0,0.0195
RARRES1,0,0,0.0,0.0
RARRES2,0,4,0.0,0.0078
RARRES3,0,0,0.0,0.0
RARS,0,0,0.0,0.0
RARS1,1,10,0.0089,0.0195
RASA1,3,24,0.0268,0.0467
RASA2,3,5,0.0268,0.0097
RASA3,1,5,0.0089,0.0097
RASA4,1,5,0.0089,0.0097
RASA4B,1,0,0.0089,0.0
RASAL1,1,5,0.0089,0.0097
RASAL2,1,10,0.0089,0.0195
RASAL3,1,5,0.0089,0.0097
RASD1,2,0,0.0179,0.0
RASD2,0,0,0.0,0.0
RASEF,0,0,0.0,0.0
RASGEF1A,0,4,0.0,0.0078
RASGEF1B,0,0,0.0,0.0
RASGEF1C,0,0,0.0,0.0
RASGRF1,3,11,0.0268,0.0214
RASGRF2,2,24,0.0179,0.0467
RASGRP1,6,29,0.0536,0.0564
RASGRP2,6,19,0.0536,0.037
RASGRP3,5,14,0.0446,0.0272
RASGRP4,3,8,0.0268,0.0156
RASIP1,0,0,0.0,0.0
RASL10A,0,0,0.0,0.0
RASL10B,0,0,0.0,0.0
RASL11A,0,0,0.0,0.0
RASL11B,0,0,0.0,0.0
RASL12,0,0,0.0,0.0
RASSF1,7,0,0.0625,0.0
RASSF10,0,0,0.0,0.0
RASSF2,1,0,0.0089,0.0
RASSF3,0,0,0.0,0.0
RASSF4,1,0,0.0089,0.0
RASSF5,6,0,0.0536,0.0
RASSF6,2,0,0.0179,0.0
RASSF7,0,0,0.0,0.0
RASSF8,0,0,0.0,0.0
RASSF9,0,0,0.0,0.0
RAVER1,0,0,0.0,0.0
RAVER2,0,0,0.0,0.0
RAX,0,0,0.0,0.0
RAX2,0,0,0.0,0.0
RB1,23,76,0.2054,0.1479
RB1CC1,7,2,0.0625,0.0039
RBAK,1,0,0.0089,0.0
RBAK-RBAKDN,0,0,0.0,0.0
RBBP4,1,96,0.0089,0.1868
RBBP5,1,41,0.0089,0.0798
RBBP7,0,83,0.0,0.1615
RBBP8,1,38,0.0089,0.0739
RBBP8NL,0,0,0.0,0.0
RBBP9,0,0,0.0,0.0
RBCK1,3,10,0.0268,0.0195
RBFA,0,0,0.0,0.0
RBFOX1,0,5,0.0,0.0097
RBFOX2,0,5,0.0,0.0097
RBFOX3,0,5,0.0,0.0097
RBIS,0,0,0.0,0.0
RBKS,1,3,0.0089,0.0058
RBL1,5,26,0.0446,0.0506
RBL2,6,31,0.0536,0.0603
RBM10,0,12,0.0,0.0233
RBM11,0,0,0.0,0.0
RBM12,0,0,0.0,0.0
RBM12B,0,0,0.0,0.0
RBM14-RBM4,0,5,0.0,0.0097
RBM15,0,0,0.0,0.0
RBM15B,0,0,0.0,0.0
RBM18,0,0,0.0,0.0
RBM19,0,0,0.0,0.0
RBM20,0,0,0.0,0.0
RBM22,1,9,0.0089,0.0175
RBM23,0,0,0.0,0.0
RBM24,0,0,0.0,0.0
RBM25,1,6,0.0089,0.0117
RBM26,0,2,0.0,0.0039
RBM27,0,2,0.0,0.0039
RBM28,1,4,0.0089,0.0078
RBM3,0,0,0.0,0.0
RBM33,0,0,0.0,0.0
RBM34,0,0,0.0,0.0
RBM38,0,0,0.0,0.0
RBM39,0,6,0.0,0.0117
RBM4,0,2,0.0,0.0039
RBM41,0,0,0.0,0.0
RBM42,0,4,0.0,0.0078
RBM43,0,0,0.0,0.0
RBM44,0,0,0.0,0.0
RBM45,0,0,0.0,0.0
RBM46,0,0,0.0,0.0
RBM47,0,0,0.0,0.0
RBM48,0,0,0.0,0.0
RBM4B,0,0,0.0,0.0
RBM5,0,11,0.0,0.0214
RBM6,0,0,0.0,0.0
RBM7,0,9,0.0,0.0175
RBMS1,0,0,0.0,0.0
RBMS2,0,0,0.0,0.0
RBMS3,0,0,0.0,0.0
RBMX2,0,4,0.0,0.0078
RBMXL1,1,0,0.0089,0.0
RBMXL2,1,0,0.0089,0.0
RBMXL3,1,0,0.0089,0.0
RBMY1A1,0,0,0.0,0.0
RBMY1B,0,0,0.0,0.0
RBMY1D,0,0,0.0,0.0
RBMY1E,0,0,0.0,0.0
RBMY1F,0,0,0.0,0.0
RBMY1J,0,0,0.0,0.0
RBP1,0,12,0.0,0.0233
RBP2,1,6,0.0089,0.0117
RBP3,0,4,0.0,0.0078
RBP4,0,13,0.0,0.0253
RBP5,0,0,0.0,0.0
RBP7,0,0,0.0,0.0
RBPJ,6,50,0.0536,0.0973
RBPJL,6,0,0.0536,0.0
RBPMS,0,0,0.0,0.0
RBPMS2,0,0,0.0,0.0
RBSN,1,6,0.0089,0.0117
RC3H1,0,0,0.0,0.0
RC3H2,0,0,0.0,0.0
RCAN1,3,0,0.0268,0.0
RCAN2,1,0,0.0089,0.0
RCAN3,0,7,0.0,0.0136
RCBTB1,0,0,0.0,0.0
RCBTB2,0,0,0.0,0.0
RCC1L,0,5,0.0,0.0097
RCC2,0,18,0.0,0.035
RCCD1,0,4,0.0,0.0078
RCE1,1,9,0.0089,0.0175
RCHY1,3,12,0.0268,0.0233
RCN1,0,4,0.0,0.0078
RCN2,0,0,0.0,0.0
RCN3,0,0,0.0,0.0
RCOR1,1,15,0.0089,0.0292
RCOR2,0,0,0.0,0.0
RCOR3,0,0,0.0,0.0
RCSD1,0,0,0.0,0.0
RCVRN,1,8,0.0089,0.0156
RD3,0,0,0.0,0.0
RD3L,0,0,0.0,0.0
RDH10,1,7,0.0089,0.0136
RDH11,1,11,0.0089,0.0214
RDH12,1,8,0.0089,0.0156
RDH13,1,4,0.0089,0.0078
RDH14,0,4,0.0,0.0078
RDH16,1,7,0.0089,0.0136
RDH5,1,12,0.0089,0.0233
RDH8,1,3,0.0089,0.0058
RDM1,0,0,0.0,0.0
RDX,4,14,0.0357,0.0272
REC114,0,0,0.0,0.0
REC8,1,4,0.0089,0.0078
RECK,1,3,0.0089,0.0058
RECQL,0,0,0.0,0.0
RECQL4,0,0,0.0,0.0
RECQL5,0,0,0.0,0.0
REDIC1,0,0,0.0,0.0
REEP1,0,3,0.0,0.0058
REEP2,0,0,0.0,0.0
REEP3,0,0,0.0,0.0
REEP4,0,0,0.0,0.0
REEP5,0,0,0.0,0.0
REEP6,0,0,0.0,0.0
REG1A,0,4,0.0,0.0078
REG1B,0,0,0.0,0.0
REG3A,0,3,0.0,0.0058
REG3G,0,3,0.0,0.0058
REG4,1,0,0.0089,0.0
REL,3,5,0.0268,0.0097
RELA,72,101,0.6429,0.1965
RELB,6,9,0.0536,0.0175
RELCH,0,0,0.0,0.0
RELL1,0,0,0.0,0.0
RELL2,0,0,0.0,0.0
RELN,5,4,0.0446,0.0078
RELT,1,0,0.0089,0.0
REM1,0,0,0.0,0.0
REM2,0,0,0.0,0.0
REN,3,3,0.0268,0.0058
RENBP,1,6,0.0089,0.0117
REP15,0,0,0.0,0.0
REPIN1,0,0,0.0,0.0
REPS1,0,4,0.0,0.0078
REPS2,0,4,0.0,0.0078
RER1,0,0,0.0,0.0
RERE,0,0,0.0,0.0
RERG,0,0,0.0,0.0
RERGL,0,0,0.0,0.0
RESF1,0,0,0.0,0.0
RESP18,0,0,0.0,0.0
REST,2,25,0.0179,0.0486
RET,5,17,0.0446,0.0331
RETN,0,8,0.0,0.0156
RETNLB,0,0,0.0,0.0
RETREG1,0,6,0.0,0.0117
RETREG2,0,0,0.0,0.0
RETREG3,0,0,0.0,0.0
RETSAT,1,6,0.0089,0.0117
REV1,1,7,0.0089,0.0136
REV3L,1,6,0.0089,0.0117
REX1BD,0,0,0.0,0.0
REXO1,1,0,0.0089,0.0
REXO2,1,2,0.0089,0.0039
REXO4,0,0,0.0,0.0
REXO5,1,0,0.0089,0.0
RFC1,3,38,0.0268,0.0739
RFC3,3,57,0.0268,0.1109
RFESD,0,0,0.0,0.0
RFFL,0,7,0.0,0.0136
RFLNA,0,0,0.0,0.0
RFLNB,0,0,0.0,0.0
RFNG,3,4,0.0268,0.0078
RFPL1,0,0,0.0,0.0
RFPL2,0,0,0.0,0.0
RFPL3,0,0,0.0,0.0
RFPL4A,0,0,0.0,0.0
RFPL4AL1,0,0,0.0,0.0
RFPL4B,0,0,0.0,0.0
RFT1,0,9,0.0,0.0175
RFTN1,0,0,0.0,0.0
RFTN2,0,0,0.0,0.0
RFWD2,0,0,0.0,0.0
RFWD3,0,0,0.0,0.0
RFX1,0,0,0.0,0.0
RFX2,0,0,0.0,0.0
RFX3,0,0,0.0,0.0
RFX4,0,0,0.0,0.0
RFX5,3,0,0.0268,0.0
RFX6,1,3,0.0089,0.0058
RFX7,0,0,0.0,0.0
RFX8,0,0,0.0,0.0
RFXANK,3,0,0.0268,0.0
RFXAP,3,0,0.0268,0.0
RGAG1,0,0,0.0,0.0
RGAG4,0,0,0.0,0.0
RGCC,0,6,0.0,0.0117
RGL1,1,8,0.0089,0.0156
RGL2,1,4,0.0089,0.0078
RGL3,0,4,0.0,0.0078
RGL4,0,0,0.0,0.0
RGMA,2,4,0.0179,0.0078
RGMB,1,4,0.0089,0.0078
RGN,2,0,0.0179,0.0
RGP1,0,7,0.0,0.0136
RGPD1,0,0,0.0,0.0
RGPD2,0,0,0.0,0.0
RGPD3,0,0,0.0,0.0
RGPD4,0,0,0.0,0.0
RGPD5,0,0,0.0,0.0
RGPD6,0,0,0.0,0.0
RGPD8,0,0,0.0,0.0
RGR,0,7,0.0,0.0136
RGS1,0,9,0.0,0.0175
RGS10,0,8,0.0,0.0156
RGS11,0,12,0.0,0.0233
RGS12,0,8,0.0,0.0156
RGS13,0,9,0.0,0.0175
RGS14,1,8,0.0089,0.0156
RGS16,0,10,0.0,0.0195
RGS17,0,10,0.0,0.0195
RGS18,0,9,0.0,0.0175
RGS19,0,10,0.0,0.0195
RGS2,3,4,0.0268,0.0078
RGS20,0,10,0.0,0.0195
RGS21,0,9,0.0,0.0175
RGS22,0,4,0.0,0.0078
RGS3,1,5,0.0089,0.0097
RGS4,0,10,0.0,0.0195
RGS5,0,9,0.0,0.0175
RGS6,0,12,0.0,0.0233
RGS7,0,12,0.0,0.0233
RGS7BP,0,0,0.0,0.0
RGS8,0,8,0.0,0.0156
RGS9,2,20,0.0179,0.0389
RGS9BP,0,8,0.0,0.0156
RGSL1,0,9,0.0,0.0175
RHAG,0,10,0.0,0.0195
RHBDD1,0,0,0.0,0.0
RHBDD2,0,0,0.0,0.0
RHBDD3,0,0,0.0,0.0
RHBDF1,0,0,0.0,0.0
RHBDF2,0,7,0.0,0.0136
RHBDL1,0,0,0.0,0.0
RHBDL2,0,0,0.0,0.0
RHBDL3,0,0,0.0,0.0
RHBG,0,3,0.0,0.0058
RHCE,0,4,0.0,0.0078
RHCG,0,3,0.0,0.0058
RHD,0,4,0.0,0.0078
RHEBL1,0,0,0.0,0.0
RHEX,0,0,0.0,0.0
RHNO1,0,24,0.0,0.0467
RHO,1,28,0.0089,0.0545
RHOA,41,81,0.3661,0.1576
RHOB,1,35,0.0089,0.0681
RHOBTB1,1,6,0.0089,0.0117
RHOBTB2,1,6,0.0089,0.0117
RHOBTB3,0,7,0.0,0.0136
RHOC,0,32,0.0,0.0623
RHOD,1,7,0.0089,0.0136
RHOF,0,8,0.0,0.0156
RHOG,3,21,0.0268,0.0409
RHOH,2,5,0.0179,0.0097
RHOJ,1,5,0.0089,0.0097
RHOQ,1,10,0.0089,0.0195
RHOT1,1,12,0.0089,0.0233
RHOT2,1,8,0.0089,0.0156
RHOU,0,14,0.0,0.0272
RHOV,0,5,0.0,0.0097
RHOXF1,0,0,0.0,0.0
RHOXF2,0,0,0.0,0.0
RHOXF2B,0,0,0.0,0.0
RHPN1,0,12,0.0,0.0233
RHPN2,0,13,0.0,0.0253
RIBC1,0,0,0.0,0.0
RIBC2,0,0,0.0,0.0
RIC1,0,7,0.0,0.0136
RIC3,0,0,0.0,0.0
RIC8A,0,0,0.0,0.0
RIC8B,0,0,0.0,0.0
RICTOR,1,32,0.0089,0.0623
RIDA,0,3,0.0,0.0058
RIF1,1,3,0.0089,0.0058
RIGI,10,37,0.0893,0.072
RIIAD1,0,0,0.0,0.0
RILP,2,3,0.0179,0.0058
RILPL1,0,0,0.0,0.0
RILPL2,0,0,0.0,0.0
RIMBP2,0,0,0.0,0.0
RIMBP3,0,0,0.0,0.0
RIMBP3B,0,0,0.0,0.0
RIMBP3C,0,0,0.0,0.0
RIMKLA,1,3,0.0089,0.0058
RIMKLB,1,3,0.0089,0.0058
RIMOC1,0,0,0.0,0.0
RIMS1,2,9,0.0179,0.0175
RIMS2,1,0,0.0089,0.0
RIMS3,0,0,0.0,0.0
RIMS4,0,0,0.0,0.0
RIN1,1,4,0.0089,0.0078
RIN2,0,4,0.0,0.0078
RIN3,0,4,0.0,0.0078
RING1,0,36,0.0,0.07
RINL,0,4,0.0,0.0078
RINT1,0,5,0.0,0.0097
RIOK1,1,4,0.0089,0.0078
RIOK3,0,4,0.0,0.0078
RIOX1,0,4,0.0,0.0078
RIOX2,0,7,0.0,0.0136
RIPK1,15,55,0.1339,0.107
RIPK2,5,52,0.0446,0.1012
RIPK3,5,33,0.0446,0.0642
RIPK4,0,0,0.0,0.0
RIPOR1,0,0,0.0,0.0
RIPOR2,0,4,0.0,0.0078
RIPOR3,0,0,0.0,0.0
RIPPLY1,0,0,0.0,0.0
RIPPLY2,0,4,0.0,0.0078
RIPPLY3,0,0,0.0,0.0
RIT1,0,6,0.0,0.0117
RIT2,0,6,0.0,0.0117
RITA1,0,0,0.0,0.0
RLBP1,0,12,0.0,0.0233
RLF,0,0,0.0,0.0
RLIG1,0,0,0.0,0.0
RLIM,0,4,0.0,0.0078
RLN1,2,0,0.0179,0.0
RLN2,2,8,0.0179,0.0156
RLN3,2,9,0.0179,0.0175
RLTPR,0,0,0.0,0.0
RMC1,0,0,0.0,0.0
RMDN1,0,0,0.0,0.0
RMDN2,0,0,0.0,0.0
RMDN3,0,0,0.0,0.0
RMI1,1,32,0.0089,0.0623
RMI2,1,32,0.0089,0.0623
RMND1,0,0,0.0,0.0
RMND5A,0,4,0.0,0.0078
RMND5B,0,4,0.0,0.0078
RNASE1,0,7,0.0,0.0136
RNASE10,0,0,0.0,0.0
RNASE11,0,0,0.0,0.0
RNASE12,0,0,0.0,0.0
RNASE13,0,0,0.0,0.0
RNASE2,0,3,0.0,0.0058
RNASE3,1,4,0.0089,0.0078
RNASE4,0,0,0.0,0.0
RNASE6,0,3,0.0,0.0058
RNASE7,0,3,0.0,0.0058
RNASE8,0,3,0.0,0.0058
RNASE9,0,0,0.0,0.0
RNASEH1,1,2,0.0089,0.0039
RNASEH2A,1,0,0.0089,0.0
RNASEH2B,1,0,0.0089,0.0
RNASEH2C,1,0,0.0089,0.0
RNASEK,0,5,0.0,0.0097
RNASEL,4,0,0.0357,0.0
RNASET2,0,3,0.0,0.0058
RND1,1,17,0.0089,0.0331
RND2,0,5,0.0,0.0097
RND3,0,5,0.0,0.0097
RNF10,0,0,0.0,0.0
RNF103,0,6,0.0,0.0117
RNF103-CHMP3,2,36,0.0179,0.07
RNF11,0,0,0.0,0.0
RNF111,0,25,0.0,0.0486
RNF112,0,0,0.0,0.0
RNF113A,0,4,0.0,0.0078
RNF113B,0,0,0.0,0.0
RNF114,0,4,0.0,0.0078
RNF115,0,4,0.0,0.0078
RNF121,0,0,0.0,0.0
RNF122,0,0,0.0,0.0
RNF123,0,8,0.0,0.0156
RNF125,1,4,0.0089,0.0078
RNF126,0,4,0.0,0.0078
RNF128,0,5,0.0,0.0097
RNF13,0,0,0.0,0.0
RNF130,0,4,0.0,0.0078
RNF133,0,0,0.0,0.0
RNF135,0,24,0.0,0.0467
RNF138,0,4,0.0,0.0078
RNF139,0,6,0.0,0.0117
RNF14,0,4,0.0,0.0078
RNF141,0,0,0.0,0.0
RNF144A,0,4,0.0,0.0078
RNF144B,0,4,0.0,0.0078
RNF145,0,0,0.0,0.0
RNF146,0,12,0.0,0.0233
RNF148,0,0,0.0,0.0
RNF149,0,0,0.0,0.0
RNF150,0,0,0.0,0.0
RNF151,0,0,0.0,0.0
RNF152,1,4,0.0089,0.0078
RNF157,0,0,0.0,0.0
RNF165,0,0,0.0,0.0
RNF166,0,0,0.0,0.0
RNF167,0,0,0.0,0.0
RNF168,0,17,0.0,0.0331
RNF169,0,0,0.0,0.0
RNF17,0,0,0.0,0.0
RNF170,0,0,0.0,0.0
RNF175,0,0,0.0,0.0
RNF180,0,0,0.0,0.0
RNF181,0,4,0.0,0.0078
RNF182,0,4,0.0,0.0078
RNF183,0,0,0.0,0.0
RNF185,1,19,0.0089,0.037
RNF186,0,0,0.0,0.0
RNF187,0,0,0.0,0.0
RNF19A,0,4,0.0,0.0078
RNF19B,0,9,0.0,0.0175
RNF2,0,36,0.0,0.07
RNF20,0,10,0.0,0.0195
RNF207,0,0,0.0,0.0
RNF208,0,0,0.0,0.0
RNF212,0,0,0.0,0.0
RNF212B,0,0,0.0,0.0
RNF213,0,13,0.0,0.0253
RNF214,0,0,0.0,0.0
RNF215,0,0,0.0,0.0
RNF216,0,4,0.0,0.0078
RNF217,0,4,0.0,0.0078
RNF219,0,0,0.0,0.0
RNF220,0,4,0.0,0.0078
RNF222,0,0,0.0,0.0
RNF223,0,0,0.0,0.0
RNF224,0,0,0.0,0.0
RNF225,0,0,0.0,0.0
RNF24,0,0,0.0,0.0
RNF25,0,4,0.0,0.0078
RNF26,0,0,0.0,0.0
RNF31,3,6,0.0268,0.0117
RNF32,0,0,0.0,0.0
RNF34,0,11,0.0,0.0214
RNF38,0,0,0.0,0.0
RNF39,0,0,0.0,0.0
RNF4,0,9,0.0,0.0175
RNF40,0,4,0.0,0.0078
RNF41,1,9,0.0089,0.0175
RNF43,1,8,0.0089,0.0156
RNF44,0,0,0.0,0.0
RNF5,1,19,0.0089,0.037
RNF6,0,4,0.0,0.0078
RNF7,2,14,0.0179,0.0272
RNF8,0,12,0.0,0.0233
RNFT1,0,0,0.0,0.0
RNFT2,0,0,0.0,0.0
RNH1,0,0,0.0,0.0
RNLS,0,4,0.0,0.0078
RNMT,1,13,0.0089,0.0253
RNMTL1,0,0,0.0,0.0
RNPC3,0,4,0.0,0.0078
RNPEP,0,0,0.0,0.0
RNPEPL1,0,0,0.0,0.0
RNPS1,2,19,0.0179,0.037
RO60,1,0,0.0089,0.0
ROBO1,1,19,0.0089,0.037
ROBO2,1,14,0.0089,0.0272
ROBO3,1,12,0.0089,0.0233
ROBO4,0,0,0.0,0.0
ROCK1,20,53,0.1786,0.1031
ROCK2,21,45,0.1875,0.0875
ROGDI,0,0,0.0,0.0
ROM1,0,0,0.0,0.0
ROPN1,0,5,0.0,0.0097
ROPN1B,0,0,0.0,0.0
ROPN1L,0,0,0.0,0.0
ROR1,1,5,0.0089,0.0097
ROR2,1,9,0.0089,0.0175
RORA,4,24,0.0357,0.0467
RORB,1,6,0.0089,0.0117
RORC,3,17,0.0268,0.0331
ROS1,0,0,0.0,0.0
RP1,0,0,0.0,0.0
RP1L1,0,0,0.0,0.0
RP2,0,5,0.0,0.0097
RP9,1,0,0.0089,0.0
RPA3,5,79,0.0446,0.1537
RPA4,5,7,0.0446,0.0136
RPAIN,0,0,0.0,0.0
RPAP1,0,0,0.0,0.0
RPAP2,0,6,0.0,0.0117
RPAP3,0,0,0.0,0.0
RPE,2,3,0.0179,0.0058
RPE65,1,3,0.0089,0.0058
RPEL1,2,3,0.0179,0.0058
RPF1,0,0,0.0,0.0
RPGR,0,0,0.0,0.0
RPGRIP1,0,0,0.0,0.0
RPGRIP1L,0,7,0.0,0.0136
RPH3A,0,0,0.0,0.0
RPH3AL,0,0,0.0,0.0
RPIA,1,9,0.0089,0.0175
RPL10,2,46,0.0179,0.0895
RPL10L,2,46,0.0179,0.0895
RPL13A,2,46,0.0179,0.0895
RPL15,2,46,0.0179,0.0895
RPL17,2,46,0.0179,0.0895
RPL17-C18ORF32,2,0,0.0179,0.0
RPL21,2,46,0.0179,0.0895
RPL22,2,46,0.0179,0.0895
RPL22L1,2,46,0.0179,0.0895
RPL23A,2,46,0.0179,0.0895
RPL26,2,46,0.0179,0.0895
RPL26L1,2,46,0.0179,0.0895
RPL28,2,46,0.0179,0.0895
RPL29,2,46,0.0179,0.0895
RPL31,2,0,0.0179,0.0
RPL32,2,0,0.0179,0.0
RPL34,2,0,0.0179,0.0
RPL36A,2,46,0.0179,0.0895
RPL36A-HNRNPH2,2,0,0.0179,0.0
RPL36AL,2,46,0.0179,0.0895
RPL37,2,46,0.0179,0.0895
RPL38,2,46,0.0179,0.0895
RPL39,2,46,0.0179,0.0895
RPL39L,0,46,0.0,0.0895
RPL3L,2,46,0.0179,0.0895
RPL41,2,46,0.0179,0.0895
RPL5,2,46,0.0179,0.0895
RPL7,2,46,0.0179,0.0895
RPL7A,2,46,0.0179,0.0895
RPL7L1,0,0,0.0,0.0
RPL9,2,46,0.0179,0.0895
RPN1,3,32,0.0268,0.0623
RPN2,3,32,0.0268,0.0623
RPP14,1,6,0.0089,0.0117
RPP25,2,6,0.0179,0.0117
RPP25L,2,0,0.0179,0.0
RPP30,2,6,0.0179,0.0117
RPP40,2,6,0.0179,0.0117
RPRD1A,0,6,0.0,0.0117
RPRD1B,0,6,0.0,0.0117
RPRD2,0,6,0.0,0.0117
RPRM,1,0,0.0089,0.0
RPRML,0,0,0.0,0.0
RPS10,2,54,0.0179,0.1051
RPS10-NUDT3,2,0,0.0179,0.0
RPS14,2,58,0.0179,0.1128
RPS15,2,54,0.0179,0.1051
RPS17,2,54,0.0179,0.1051
RPS19BP1,0,4,0.0,0.0078
RPS24,2,54,0.0179,0.1051
RPS25,2,54,0.0179,0.1051
RPS26,2,54,0.0179,0.1051
RPS27,2,72,0.0179,0.1401
RPS27A,8,514,0.0714,1.0
RPS27L,2,54,0.0179,0.1051
RPS28,2,54,0.0179,0.1051
RPS29,2,54,0.0179,0.1051
RPS3A,2,54,0.0179,0.1051
RPS4Y1,2,54,0.0179,0.1051
RPS4Y2,2,54,0.0179,0.1051
RPS6KA1,9,64,0.0804,0.1245
RPS6KA2,9,61,0.0804,0.1187
RPS6KA3,9,61,0.0804,0.1187
RPS6KA4,2,5,0.0179,0.0097
RPS6KA5,9,41,0.0804,0.0798
RPS6KA6,9,19,0.0804,0.037
RPS6KB1,28,3,0.25,0.0058
RPS6KB2,28,8,0.25,0.0156
RPS6KC1,0,0,0.0,0.0
RPS6KL1,0,0,0.0,0.0
RPS9,2,58,0.0179,0.1128
RPSA,2,56,0.0179,0.1089
RPTN,0,3,0.0,0.0058
RPTOR,11,27,0.0982,0.0525
RPUSD1,0,0,0.0,0.0
RPUSD2,0,0,0.0,0.0
RPUSD3,0,5,0.0,0.0097
RPUSD4,0,5,0.0,0.0097
RQCD1,0,0,0.0,0.0
RRAD,0,6,0.0,0.0117
RRAGA,3,23,0.0268,0.0447
RRAGB,3,19,0.0268,0.037
RRAGC,3,19,0.0268,0.037
RRAGD,3,19,0.0268,0.037
RRAS,14,11,0.125,0.0214
RRAS2,11,5,0.0982,0.0097
RRBP1,1,8,0.0089,0.0156
RREB1,0,0,0.0,0.0
RRH,0,7,0.0,0.0136
RRM2,5,12,0.0446,0.0233
RRM2B,5,8,0.0446,0.0156
RRN3,0,5,0.0,0.0097
RRNAD1,0,0,0.0,0.0
RRP15,0,0,0.0,0.0
RRP1B,0,0,0.0,0.0
RRP36,0,8,0.0,0.0156
RRP7A,1,8,0.0089,0.0156
RRP8,0,4,0.0,0.0078
RRP9,0,8,0.0,0.0156
RS1,0,0,0.0,0.0
RSAD1,0,0,0.0,0.0
RSAD2,2,0,0.0179,0.0
RSBN1,0,0,0.0,0.0
RSBN1L,0,0,0.0,0.0
RSC1A1,0,6,0.0,0.0117
RSF1,0,4,0.0,0.0078
RSG1,0,0,0.0,0.0
RSKR,0,0,0.0,0.0
RSL1D1,0,0,0.0,0.0
RSL24D1,2,0,0.0179,0.0
RSPH1,0,0,0.0,0.0
RSPH10B,0,0,0.0,0.0
RSPH10B2,0,0,0.0,0.0
RSPH14,0,0,0.0,0.0
RSPH3,0,0,0.0,0.0
RSPH4A,0,0,0.0,0.0
RSPH6A,0,0,0.0,0.0
RSPH9,0,0,0.0,0.0
RSPO1,1,4,0.0089,0.0078
RSPO2,1,4,0.0089,0.0078
RSPO3,1,9,0.0089,0.0175
RSPO4,1,4,0.0089,0.0078
RSPRY1,0,0,0.0,0.0
RSRC1,0,0,0.0,0.0
RSRC2,0,0,0.0,0.0
RSRP1,0,0,0.0,0.0
RSU1,0,4,0.0,0.0078
RTBDN,0,0,0.0,0.0
RTCA,0,0,0.0,0.0
RTEL1,0,14,0.0,0.0272
RTF1,0,19,0.0,0.037
RTF2,0,0,0.0,0.0
RTFDC1,0,0,0.0,0.0
RTKN,0,14,0.0,0.0272
RTKN2,0,0,0.0,0.0
RTL1,0,0,0.0,0.0
RTL10,0,0,0.0,0.0
RTL3,0,0,0.0,0.0
RTL4,0,0,0.0,0.0
RTL5,0,0,0.0,0.0
RTL6,0,0,0.0,0.0
RTL8A,0,0,0.0,0.0
RTL8B,0,0,0.0,0.0
RTL8C,0,0,0.0,0.0
RTL9,0,0,0.0,0.0
RTN1,0,0,0.0,0.0
RTN2,0,0,0.0,0.0
RTN3,1,8,0.0089,0.0156
RTN4,1,5,0.0089,0.0097
RTN4IP1,0,0,0.0,0.0
RTN4R,0,5,0.0,0.0097
RTN4RL1,0,3,0.0,0.0058
RTN4RL2,0,3,0.0,0.0058
RTP1,0,3,0.0,0.0058
RTP2,0,3,0.0,0.0058
RTP3,0,0,0.0,0.0
RTP4,0,0,0.0,0.0
RTP5,0,0,0.0,0.0
RTRAF,0,3,0.0,0.0058
RTTN,0,0,0.0,0.0
RUBCN,1,0,0.0089,0.0
RUBCNL,0,0,0.0,0.0
RUFY1,1,5,0.0089,0.0097
RUFY2,1,0,0.0089,0.0
RUFY3,0,0,0.0,0.0
RUFY4,0,0,0.0,0.0
RUNDC1,0,0,0.0,0.0
RUNDC3A,0,0,0.0,0.0
RUNDC3B,0,0,0.0,0.0
RUNX1,6,48,0.0536,0.0934
RUNX1T1,3,0,0.0268,0.0
RUNX2,2,21,0.0179,0.0409
RUNX3,2,26,0.0179,0.0506
RUSC1,0,0,0.0,0.0
RUSC1-AS1,0,0,0.0,0.0
RUSC2,0,0,0.0,0.0
RUSF1,0,0,0.0,0.0
RUVBL1,1,27,0.0089,0.0525
RWDD1,0,4,0.0,0.0078
RWDD2A,0,0,0.0,0.0
RWDD2B,0,0,0.0,0.0
RWDD3,0,5,0.0,0.0097
RWDD4,0,0,0.0,0.0
RXFP1,2,8,0.0179,0.0156
RXFP2,2,8,0.0179,0.0156
RXFP3,2,8,0.0179,0.0156
RXFP4,2,8,0.0179,0.0156
RXRA,16,81,0.1429,0.1576
RXRB,12,18,0.1071,0.035
RXRG,12,7,0.1071,0.0136
RXYLT1,1,5,0.0089,0.0097
RYBP,0,6,0.0,0.0117
RYK,2,7,0.0179,0.0136
RYR1,8,6,0.0714,0.0117
RYR2,15,6,0.1339,0.0117
RYR3,9,6,0.0804,0.0117
S100A1,0,18,0.0,0.035
S100A10,1,2,0.0089,0.0039
S100A11,0,3,0.0,0.0058
S100A12,0,30,0.0,0.0584
S100A13,0,0,0.0,0.0
S100A14,0,0,0.0,0.0
S100A16,0,0,0.0,0.0
S100A2,0,0,0.0,0.0
S100A3,0,0,0.0,0.0
S100A4,0,0,0.0,0.0
S100A5,0,0,0.0,0.0
S100A6,0,0,0.0,0.0
S100A7,1,5,0.0089,0.0097
S100A7A,1,4,0.0089,0.0078
S100A7L2,0,0,0.0,0.0
S100A8,1,26,0.0089,0.0506
S100A9,1,29,0.0089,0.0564
S100B,0,33,0.0,0.0642
S100G,1,0,0.0089,0.0
S100P,0,3,0.0,0.0058
S100PBP,0,0,0.0,0.0
S100Z,0,0,0.0,0.0
S1PR1,3,14,0.0268,0.0272
S1PR2,2,7,0.0179,0.0136
S1PR3,2,10,0.0179,0.0195
S1PR4,3,7,0.0268,0.0136
S1PR5,2,7,0.0179,0.0136
SAA1,0,44,0.0,0.0856
SAA2,0,0,0.0,0.0
SAA2-SAA4,0,0,0.0,0.0
SAA4,0,0,0.0,0.0
SAAL1,0,0,0.0,0.0
SAC3D1,0,0,0.0,0.0
SACS,0,0,0.0,0.0
SAFB,0,5,0.0,0.0097
SAFB2,0,0,0.0,0.0
SAG,1,9,0.0089,0.0175
SAGE1,0,0,0.0,0.0
SALL1,0,6,0.0,0.0117
SALL2,0,0,0.0,0.0
SALL3,0,0,0.0,0.0
SALL4,0,13,0.0,0.0253
SAMD1,0,0,0.0,0.0
SAMD10,0,0,0.0,0.0
SAMD11,0,0,0.0,0.0
SAMD12,0,0,0.0,0.0
SAMD13,0,0,0.0,0.0
SAMD14,0,0,0.0,0.0
SAMD15,0,0,0.0,0.0
SAMD3,0,0,0.0,0.0
SAMD4A,0,0,0.0,0.0
SAMD4B,0,0,0.0,0.0
SAMD5,0,0,0.0,0.0
SAMD7,0,0,0.0,0.0
SAMD8,0,4,0.0,0.0078
SAMD9,0,0,0.0,0.0
SAMD9L,0,0,0.0,0.0
SAMHD1,1,0,0.0089,0.0
SAMSN1,0,0,0.0,0.0
SANBR,0,0,0.0,0.0
SAP130,0,7,0.0,0.0136
SAP25,0,0,0.0,0.0
SAP30,1,12,0.0089,0.0233
SAP30BP,0,4,0.0,0.0078
SAP30L,1,12,0.0089,0.0233
SAPCD1,0,0,0.0,0.0
SAPCD2,0,0,0.0,0.0
SAR1A,2,0,0.0179,0.0
SAR1B,2,29,0.0179,0.0564
SARAF,0,0,0.0,0.0
SARDH,1,3,0.0089,0.0058
SARM1,0,10,0.0,0.0195
SARNP,0,5,0.0,0.0097
SARS1,1,8,0.0089,0.0156
SART1,1,4,0.0089,0.0078
SASH1,0,0,0.0,0.0
SASH3,0,0,0.0,0.0
SASS6,0,0,0.0,0.0
SAT1,2,4,0.0179,0.0078
SAT2,2,0,0.0179,0.0
SATB1,0,12,0.0,0.0233
SATB2,0,11,0.0,0.0214
SATL1,0,0,0.0,0.0
SAV1,2,2,0.0179,0.0039
SAXO1,0,0,0.0,0.0
SAXO2,0,0,0.0,0.0
SAXO4,0,0,0.0,0.0
SAXO5,0,0,0.0,0.0
SAYSD1,0,0,0.0,0.0
SBDS,1,0,0.0089,0.0
SBF1,0,9,0.0,0.0175
SBF2,0,9,0.0,0.0175
SBK1,0,0,0.0,0.0
SBK2,0,0,0.0,0.0
SBK3,0,0,0.0,0.0
SBNO2,0,0,0.0,0.0
SBSN,0,4,0.0,0.0078
SBSPON,0,9,0.0,0.0175
SC5D,1,8,0.0089,0.0156
SCAF1,0,0,0.0,0.0
SCAF11,0,0,0.0,0.0
SCAF4,0,0,0.0,0.0
SCAF8,0,0,0.0,0.0
SCAI,0,5,0.0,0.0097
SCAMP1,0,3,0.0,0.0058
SCAMP2,0,0,0.0,0.0
SCAMP3,0,0,0.0,0.0
SCAMP4,0,0,0.0,0.0
SCAMP5,0,0,0.0,0.0
SCAND1,0,0,0.0,0.0
SCAND3,0,0,0.0,0.0
SCAP,0,14,0.0,0.0272
SCAPER,0,0,0.0,0.0
SCARA3,0,0,0.0,0.0
SCARA5,0,3,0.0,0.0058
SCARB1,10,7,0.0893,0.0136
SCARB2,1,4,0.0089,0.0078
SCARF1,0,6,0.0,0.0117
SCARF2,0,0,0.0,0.0
SCCPDH,0,4,0.0,0.0078
SCD,3,17,0.0268,0.0331
SCD5,3,7,0.0268,0.0136
SCEL,0,0,0.0,0.0
SCFD1,0,13,0.0,0.0253
SCFD2,0,0,0.0,0.0
SCG2,0,4,0.0,0.0078
SCG3,0,8,0.0,0.0156
SCG5,0,0,0.0,0.0
SCGB1A1,0,0,0.0,0.0
SCGB1C1,0,0,0.0,0.0
SCGB1C2,0,0,0.0,0.0
SCGB1D1,0,0,0.0,0.0
SCGB1D2,0,0,0.0,0.0
SCGB1D4,0,0,0.0,0.0
SCGB2A1,0,0,0.0,0.0
SCGB2A2,0,0,0.0,0.0
SCGB2B2,0,0,0.0,0.0
SCGB3A1,0,0,0.0,0.0
SCGB3A2,0,6,0.0,0.0117
SCGN,0,0,0.0,0.0
SCHIP1,0,0,0.0,0.0
SCIMP,0,0,0.0,0.0
SCIN,3,0,0.0268,0.0
SCLT1,0,4,0.0,0.0078
SCLY,1,4,0.0089,0.0078
SCMH1,0,35,0.0,0.0681
SCML1,0,0,0.0,0.0
SCML2,0,0,0.0,0.0
SCML4,0,0,0.0,0.0
SCN10A,0,8,0.0,0.0156
SCN11A,0,8,0.0,0.0156
SCN1A,1,8,0.0089,0.0156
SCN1B,1,11,0.0089,0.0214
SCN2A,1,11,0.0089,0.0214
SCN2B,0,11,0.0,0.0214
SCN3A,1,11,0.0089,0.0214
SCN3B,0,8,0.0,0.0156
SCN4A,0,8,0.0,0.0156
SCN4B,1,11,0.0089,0.0214
SCN5A,1,8,0.0089,0.0156
SCN7A,1,8,0.0089,0.0156
SCN8A,0,8,0.0,0.0156
SCN9A,1,11,0.0089,0.0214
SCNM1,0,0,0.0,0.0
SCNN1A,2,6,0.0179,0.0117
SCNN1B,2,6,0.0179,0.0117
SCNN1D,0,6,0.0,0.0117
SCNN1G,2,6,0.0179,0.0117
SCO1,0,4,0.0,0.0078
SCO2,1,9,0.0089,0.0175
SCOC,0,4,0.0,0.0078
SCP2,4,16,0.0357,0.0311
SCP2D1,0,0,0.0,0.0
SCPEP1,0,0,0.0,0.0
SCRG1,0,0,0.0,0.0
SCRIB,4,14,0.0357,0.0272
SCRN1,0,0,0.0,0.0
SCRN2,0,0,0.0,0.0
SCRN3,0,0,0.0,0.0
SCRT1,0,0,0.0,0.0
SCRT2,0,0,0.0,0.0
SCT,3,7,0.0268,0.0136
SCTR,3,7,0.0268,0.0136
SCUBE1,0,2,0.0,0.0039
SCUBE2,1,4,0.0089,0.0078
SCUBE3,0,2,0.0,0.0039
SCX,0,0,0.0,0.0
SCYL1,0,0,0.0,0.0
SCYL2,0,0,0.0,0.0
SCYL3,0,0,0.0,0.0
SDC1,5,60,0.0446,0.1167
SDC2,4,65,0.0357,0.1265
SDC3,1,56,0.0089,0.1089
SDC4,4,56,0.0357,0.1089
SDCBP,0,14,0.0,0.0272
SDCBP2,0,0,0.0,0.0
SDCCAG3,0,0,0.0,0.0
SDCCAG8,0,17,0.0,0.0331
SDE2,0,4,0.0,0.0078
SDF2,0,0,0.0,0.0
SDF2L1,0,0,0.0,0.0
SDF4,0,0,0.0,0.0
SDHA,11,7,0.0982,0.0136
SDHAF1,0,4,0.0,0.0078
SDHAF2,0,4,0.0,0.0078
SDHAF3,0,4,0.0,0.0078
SDHAF4,0,4,0.0,0.0078
SDHB,11,7,0.0982,0.0136
SDHD,11,7,0.0982,0.0136
SDK1,0,4,0.0,0.0078
SDK2,0,4,0.0,0.0078
SDPR,0,0,0.0,0.0
SDR16C5,1,4,0.0089,0.0078
SDR39U1,0,0,0.0,0.0
SDR42E1,0,0,0.0,0.0
SDR42E2,0,0,0.0,0.0
SDR9C7,0,3,0.0,0.0058
SDS,3,4,0.0268,0.0078
SDSL,3,4,0.0268,0.0078
SEBOX,0,0,0.0,0.0
SEC11A,1,27,0.0089,0.0525
SEC11C,1,27,0.0089,0.0525
SEC14L1,0,0,0.0,0.0
SEC14L2,0,0,0.0,0.0
SEC14L3,0,0,0.0,0.0
SEC14L4,0,0,0.0,0.0
SEC14L5,0,0,0.0,0.0
SEC14L6,0,0,0.0,0.0
SEC16A,0,8,0.0,0.0156
SEC16B,0,8,0.0,0.0156
SEC22A,0,8,0.0,0.0156
SEC22B,3,17,0.0268,0.0331
SEC22C,0,8,0.0,0.0156
SEC23A,1,25,0.0089,0.0486
SEC23B,1,0,0.0089,0.0
SEC23IP,0,8,0.0,0.0156
SEC24A,2,25,0.0179,0.0486
SEC24B,2,25,0.0179,0.0486
SEC24C,2,25,0.0179,0.0486
SEC24D,2,25,0.0179,0.0486
SEC31A,1,22,0.0089,0.0428
SEC31B,1,8,0.0089,0.0156
SEC61A1,4,8,0.0357,0.0156
SEC61A2,4,8,0.0357,0.0156
SEC61B,4,12,0.0357,0.0233
SEC61G,4,12,0.0357,0.0233
SEC62,2,0,0.0179,0.0
SEC63,2,0,0.0179,0.0
SECISBP2,0,4,0.0,0.0078
SECISBP2L,0,0,0.0,0.0
SECTM1,0,0,0.0,0.0
SEL1L,1,29,0.0089,0.0564
SEL1L2,1,0,0.0089,0.0
SEL1L3,0,0,0.0,0.0
SELE,7,2,0.0625,0.0039
SELENBP1,1,0,0.0089,0.0
SELENOF,0,0,0.0,0.0
SELENOH,0,0,0.0,0.0
SELENOI,3,5,0.0268,0.0097
SELENOK,0,0,0.0,0.0
SELENOM,0,0,0.0,0.0
SELENON,0,0,0.0,0.0
SELENOO,0,0,0.0,0.0
SELENOP,0,4,0.0,0.0078
SELENOS,1,4,0.0089,0.0078
SELENOT,0,0,0.0,0.0
SELENOV,0,0,0.0,0.0
SELENOW,0,0,0.0,0.0
SELK,0,0,0.0,0.0
SELL,1,7,0.0089,0.0136
SELM,0,0,0.0,0.0
SELO,0,0,0.0,0.0
SELP,6,5,0.0536,0.0097
SELPLG,3,2,0.0268,0.0039
SELT,0,0,0.0,0.0
SELV,0,0,0.0,0.0
SEM1,10,220,0.0893,0.428
SEMA3A,1,13,0.0089,0.0253
SEMA3B,1,0,0.0089,0.0
SEMA3C,1,0,0.0089,0.0
SEMA3D,1,0,0.0089,0.0
SEMA3E,1,5,0.0089,0.0097
SEMA3F,1,0,0.0089,0.0
SEMA3G,1,0,0.0089,0.0
SEMA4A,1,5,0.0089,0.0097
SEMA4B,1,0,0.0089,0.0
SEMA4C,1,0,0.0089,0.0
SEMA4D,1,8,0.0089,0.0156
SEMA4F,1,5,0.0089,0.0097
SEMA4G,1,0,0.0089,0.0
SEMA5A,1,14,0.0089,0.0272
SEMA5B,1,9,0.0089,0.0175
SEMA6A,1,5,0.0089,0.0097
SEMA6B,1,0,0.0089,0.0
SEMA6C,1,0,0.0089,0.0
SEMA6D,1,5,0.0089,0.0097
SEMA7A,1,10,0.0089,0.0195
SEMG1,0,5,0.0,0.0097
SEMG2,0,0,0.0,0.0
SENP1,0,10,0.0,0.0195
SENP2,2,5,0.0179,0.0097
SENP3,0,4,0.0,0.0078
SENP5,0,5,0.0,0.0097
SENP6,0,0,0.0,0.0
SENP7,0,0,0.0,0.0
SENP8,0,5,0.0,0.0097
SEP15,0,0,0.0,0.0
SEPHS1,1,0,0.0089,0.0
SEPHS2,1,4,0.0089,0.0078
SEPN1,0,0,0.0,0.0
SEPP1,0,0,0.0,0.0
SEPSECS,2,4,0.0179,0.0078
SEPT1,0,0,0.0,0.0
SEPT10,0,0,0.0,0.0
SEPT11,0,0,0.0,0.0
SEPT12,0,0,0.0,0.0
SEPT14,0,0,0.0,0.0
SEPT2,0,0,0.0,0.0
SEPT3,0,0,0.0,0.0
SEPT4,0,0,0.0,0.0
SEPT5,0,0,0.0,0.0
SEPT6,0,0,0.0,0.0
SEPT7,0,0,0.0,0.0
SEPT8,0,0,0.0,0.0
SEPT9,0,0,0.0,0.0
SEPTIN1,1,0,0.0089,0.0
SEPTIN10,0,0,0.0,0.0
SEPTIN11,2,0,0.0179,0.0
SEPTIN12,2,0,0.0179,0.0
SEPTIN14,0,0,0.0,0.0
SEPTIN2,2,4,0.0179,0.0078
SEPTIN3,2,0,0.0179,0.0
SEPTIN4,2,6,0.0179,0.0117
SEPTIN5,2,0,0.0179,0.0
SEPTIN6,2,0,0.0179,0.0
SEPTIN7,1,3,0.0089,0.0058
SEPTIN8,2,0,0.0179,0.0
SEPTIN9,2,0,0.0179,0.0
SEPW1,0,0,0.0,0.0
SERAC1,0,0,0.0,0.0
SERBP1,0,0,0.0,0.0
SERF1A,0,0,0.0,0.0
SERF1B,0,0,0.0,0.0
SERF2,0,0,0.0,0.0
SERGEF,0,0,0.0,0.0
SERHL2,0,0,0.0,0.0
SERINC1,0,3,0.0,0.0058
SERINC2,0,3,0.0,0.0058
SERINC3,0,3,0.0,0.0058
SERINC4,0,3,0.0,0.0058
SERINC5,0,3,0.0,0.0058
SERP1,0,9,0.0,0.0175
SERP2,0,0,0.0,0.0
SERPINA1,1,18,0.0089,0.035
SERPINA10,0,7,0.0,0.0136
SERPINA11,0,0,0.0,0.0
SERPINA12,0,0,0.0,0.0
SERPINA2,0,0,0.0,0.0
SERPINA3,0,7,0.0,0.0136
SERPINA4,0,8,0.0,0.0156
SERPINA5,1,5,0.0089,0.0097
SERPINA6,0,7,0.0,0.0136
SERPINA7,1,0,0.0089,0.0
SERPINA9,0,0,0.0,0.0
SERPINB1,0,0,0.0,0.0
SERPINB10,1,3,0.0089,0.0058
SERPINB11,0,0,0.0,0.0
SERPINB12,0,3,0.0,0.0058
SERPINB13,1,5,0.0089,0.0097
SERPINB2,1,8,0.0089,0.0156
SERPINB3,1,3,0.0089,0.0058
SERPINB4,1,0,0.0089,0.0
SERPINB5,2,0,0.0179,0.0
SERPINB6,1,5,0.0089,0.0097
SERPINB7,0,0,0.0,0.0
SERPINB8,0,2,0.0,0.0039
SERPINB9,1,0,0.0089,0.0
SERPINC1,1,10,0.0089,0.0195
SERPIND1,1,9,0.0089,0.0175
SERPINE1,8,23,0.0714,0.0447
SERPINE2,0,6,0.0,0.0117
SERPINE3,0,0,0.0,0.0
SERPINF1,1,0,0.0089,0.0
SERPINF2,1,5,0.0089,0.0097
SERPING1,2,16,0.0179,0.0311
SERPINH1,0,3,0.0,0.0058
SERPINI1,0,0,0.0,0.0
SERPINI2,0,0,0.0,0.0
SERTAD1,0,0,0.0,0.0
SERTAD2,0,0,0.0,0.0
SERTAD3,0,0,0.0,0.0
SERTAD4,0,0,0.0,0.0
SERTM1,0,0,0.0,0.0
SESN1,2,11,0.0179,0.0214
SESN2,3,11,0.0268,0.0214
SESN3,2,5,0.0179,0.0097
SESTD1,0,0,0.0,0.0
SET,0,8,0.0,0.0156
SETBP1,0,0,0.0,0.0
SETD1A,1,11,0.0089,0.0214
SETD1B,1,11,0.0089,0.0214
SETD2,1,3,0.0089,0.0058
SETD3,0,3,0.0,0.0058
SETD4,0,0,0.0,0.0
SETD5,0,0,0.0,0.0
SETD6,0,3,0.0,0.0058
SETD7,2,3,0.0179,0.0058
SETD8,0,0,0.0,0.0
SETD9,0,0,0.0,0.0
SETDB1,2,12,0.0179,0.0233
SETDB2,1,3,0.0089,0.0058
SETMAR,1,0,0.0089,0.0
SETSIP,0,0,0.0,0.0
SETX,1,0,0.0089,0.0
SEZ6,0,0,0.0,0.0
SEZ6L,0,0,0.0,0.0
SEZ6L2,0,0,0.0,0.0
SF3A1,1,15,0.0089,0.0292
SF3B1,1,20,0.0089,0.0389
SF3B4,1,16,0.0089,0.0311
SF3B6,1,16,0.0089,0.0311
SFI1,0,17,0.0,0.0331
SFMBT1,0,0,0.0,0.0
SFMBT2,0,0,0.0,0.0
SFN,3,43,0.0268,0.0837
SFPQ,0,10,0.0,0.0195
SFR1,0,0,0.0,0.0
SFRP1,1,4,0.0089,0.0078
SFRP2,1,4,0.0089,0.0078
SFRP4,1,0,0.0089,0.0
SFRP5,1,0,0.0089,0.0
SFSWAP,0,0,0.0,0.0
SFT2D1,0,0,0.0,0.0
SFT2D2,0,0,0.0,0.0
SFT2D3,0,0,0.0,0.0
SFTA2,0,0,0.0,0.0
SFTA3,0,0,0.0,0.0
SFTPA1,2,16,0.0179,0.0311
SFTPA2,2,17,0.0179,0.0331
SFTPB,0,8,0.0,0.0156
SFTPC,0,8,0.0,0.0156
SFTPD,1,27,0.0089,0.0525
SFXN1,0,0,0.0,0.0
SFXN2,0,0,0.0,0.0
SFXN3,0,0,0.0,0.0
SFXN4,0,4,0.0,0.0078
SFXN5,0,0,0.0,0.0
SGCA,4,6,0.0357,0.0117
SGCB,4,6,0.0357,0.0117
SGCD,4,6,0.0357,0.0117
SGCE,0,6,0.0,0.0117
SGCG,4,6,0.0357,0.0117
SGCZ,0,6,0.0,0.0117
SGF29,0,7,0.0,0.0136
SGIP1,0,4,0.0,0.0078
SGK1,4,22,0.0357,0.0428
SGK2,2,3,0.0179,0.0058
SGK223,0,0,0.0,0.0
SGK3,2,3,0.0179,0.0058
SGK494,0,0,0.0,0.0
SGMS1,2,4,0.0179,0.0078
SGMS2,2,4,0.0179,0.0078
SGO1,1,21,0.0089,0.0409
SGO2,0,18,0.0,0.035
SGOL1,0,0,0.0,0.0
SGOL2,0,0,0.0,0.0
SGPL1,2,4,0.0179,0.0078
SGPP1,2,4,0.0179,0.0078
SGPP2,2,4,0.0179,0.0078
SGSH,2,10,0.0179,0.0195
SGSM1,0,0,0.0,0.0
SGSM2,0,0,0.0,0.0
SGSM3,0,0,0.0,0.0
SGTA,0,4,0.0,0.0078
SGTB,0,0,0.0,0.0
SH2B1,1,8,0.0089,0.0156
SH2B2,2,6,0.0179,0.0117
SH2B3,1,10,0.0089,0.0195
SH2D1A,1,3,0.0089,0.0058
SH2D1B,1,3,0.0089,0.0058
SH2D2A,1,4,0.0089,0.0078
SH2D3A,0,0,0.0,0.0
SH2D3C,0,0,0.0,0.0
SH2D4A,0,0,0.0,0.0
SH2D4B,0,0,0.0,0.0
SH2D5,0,0,0.0,0.0
SH2D6,0,0,0.0,0.0
SH2D7,0,0,0.0,0.0
SH3BGR,0,0,0.0,0.0
SH3BGRL,0,0,0.0,0.0
SH3BGRL2,0,0,0.0,0.0
SH3BGRL3,0,0,0.0,0.0
SH3BP1,0,5,0.0,0.0097
SH3BP2,1,0,0.0089,0.0
SH3BP4,0,4,0.0,0.0078
SH3BP5,0,0,0.0,0.0
SH3BP5L,0,0,0.0,0.0
SH3D19,0,4,0.0,0.0078
SH3D21,0,0,0.0,0.0
SH3GL1,1,15,0.0089,0.0292
SH3GL2,1,39,0.0089,0.0759
SH3GL3,1,21,0.0089,0.0409
SH3GLB1,2,0,0.0179,0.0
SH3GLB2,1,0,0.0089,0.0
SH3KBP1,1,32,0.0089,0.0623
SH3PXD2A,0,7,0.0,0.0136
SH3PXD2B,0,0,0.0,0.0
SH3RF1,0,9,0.0,0.0175
SH3RF2,0,0,0.0,0.0
SH3RF3,0,0,0.0,0.0
SH3TC1,0,0,0.0,0.0
SH3TC2,0,0,0.0,0.0
SH3YL1,0,0,0.0,0.0
SHANK1,1,6,0.0089,0.0117
SHANK2,1,6,0.0089,0.0117
SHANK3,1,10,0.0089,0.0195
SHARPIN,3,9,0.0268,0.0175
SHB,0,8,0.0,0.0156
SHBG,0,0,0.0,0.0
SHC1,20,122,0.1786,0.2374
SHC2,20,17,0.1786,0.0331
SHC3,19,19,0.1696,0.037
SHC4,20,0,0.1786,0.0
SHCBP1,0,0,0.0,0.0
SHCBP1L,0,0,0.0,0.0
SHD,0,0,0.0,0.0
SHE,0,0,0.0,0.0
SHF,0,0,0.0,0.0
SHFL,0,0,0.0,0.0
SHFM1,0,0,0.0,0.0
SHH,6,29,0.0536,0.0564
SHISA2,0,0,0.0,0.0
SHISA3,0,0,0.0,0.0
SHISA4,0,0,0.0,0.0
SHISA5,1,4,0.0089,0.0078
SHISA6,0,0,0.0,0.0
SHISA7,0,0,0.0,0.0
SHISA8,0,0,0.0,0.0
SHISA9,0,0,0.0,0.0
SHISAL1,0,0,0.0,0.0
SHISAL2A,0,0,0.0,0.0
SHISAL2B,0,0,0.0,0.0
SHKBP1,0,5,0.0,0.0097
SHLD1,0,0,0.0,0.0
SHLD2,0,0,0.0,0.0
SHMT1,3,6,0.0268,0.0117
SHMT2,3,11,0.0268,0.0214
SHOC1,0,0,0.0,0.0
SHOC2,1,11,0.0089,0.0214
SHOX,0,0,0.0,0.0
SHOX2,0,0,0.0,0.0
SHPK,0,3,0.0,0.0058
SHPRH,0,4,0.0,0.0078
SHQ1,0,5,0.0,0.0097
SHROOM1,0,0,0.0,0.0
SHROOM2,0,0,0.0,0.0
SHROOM3,0,0,0.0,0.0
SHROOM4,0,0,0.0,0.0
SHTN1,0,5,0.0,0.0097
SI,3,11,0.0268,0.0214
SIAE,0,0,0.0,0.0
SIAH1,3,10,0.0268,0.0195
SIAH2,0,13,0.0,0.0253
SIAH3,0,0,0.0,0.0
SIDT1,0,0,0.0,0.0
SIDT2,0,0,0.0,0.0
SIGIRR,0,12,0.0,0.0233
SIGLEC1,1,3,0.0089,0.0058
SIGLEC10,0,3,0.0,0.0058
SIGLEC11,0,3,0.0,0.0058
SIGLEC12,0,3,0.0,0.0058
SIGLEC14,0,4,0.0,0.0078
SIGLEC15,0,3,0.0,0.0058
SIGLEC5,0,0,0.0,0.0
SIGLEC6,0,3,0.0,0.0058
SIGLEC7,0,3,0.0,0.0058
SIGLEC8,0,3,0.0,0.0058
SIGLEC9,1,5,0.0089,0.0097
SIGLECL1,0,0,0.0,0.0
SIGMAR1,2,5,0.0179,0.0097
SIK1,1,2,0.0089,0.0039
SIK2,1,0,0.0089,0.0
SIK3,0,0,0.0,0.0
SIKE1,1,15,0.0089,0.0292
SIL1,1,0,0.0089,0.0
SIM1,0,0,0.0,0.0
SIM2,0,0,0.0,0.0
SIMC1,0,0,0.0,0.0
SIN3A,4,47,0.0357,0.0914
SIN3B,0,16,0.0,0.0311
SINHCAF,0,0,0.0,0.0
SIPA1,2,3,0.0179,0.0058
SIPA1L1,1,3,0.0089,0.0058
SIPA1L2,1,0,0.0089,0.0
SIPA1L3,1,0,0.0089,0.0
SIRPA,1,9,0.0089,0.0175
SIRPB1,1,6,0.0089,0.0117
SIRPB2,0,0,0.0,0.0
SIRPD,0,0,0.0,0.0
SIRPG,1,4,0.0089,0.0078
SIRT1,9,43,0.0804,0.0837
SIRT2,1,7,0.0089,0.0136
SIRT3,2,21,0.0179,0.0409
SIRT4,1,8,0.0089,0.0156
SIRT5,1,9,0.0089,0.0175
SIRT6,3,9,0.0268,0.0175
SIRT7,1,0,0.0089,0.0
SIT1,0,0,0.0,0.0
SIVA1,1,0,0.0089,0.0
SIX1,1,3,0.0089,0.0058
SIX2,0,3,0.0,0.0058
SIX3,0,0,0.0,0.0
SIX4,1,0,0.0089,0.0
SIX5,0,0,0.0,0.0
SIX6,0,0,0.0,0.0
SKA1,0,18,0.0,0.035
SKA2,0,18,0.0,0.035
SKA3,0,0,0.0,0.0
SKAP1,1,0,0.0089,0.0
SKAP2,1,2,0.0089,0.0039
SKI,0,17,0.0,0.0331
SKIC2,1,0,0.0089,0.0
SKIC3,1,0,0.0089,0.0
SKIC8,1,0,0.0089,0.0
SKIDA1,0,0,0.0,0.0
SKIL,1,16,0.0089,0.0311
SKIV2L,0,0,0.0,0.0
SKIV2L2,0,0,0.0,0.0
SKOR1,0,0,0.0,0.0
SKOR2,0,0,0.0,0.0
SKP2,8,40,0.0714,0.0778
SLA,0,4,0.0,0.0078
SLA2,0,4,0.0,0.0078
SLAIN1,0,0,0.0,0.0
SLAIN2,0,0,0.0,0.0
SLAMF1,1,0,0.0089,0.0
SLAMF6,0,3,0.0,0.0058
SLAMF7,0,3,0.0,0.0058
SLAMF8,0,0,0.0,0.0
SLAMF9,0,0,0.0,0.0
SLBP,0,10,0.0,0.0195
SLC10A1,2,5,0.0179,0.0097
SLC10A2,1,5,0.0089,0.0097
SLC10A3,0,0,0.0,0.0
SLC10A4,0,0,0.0,0.0
SLC10A5,0,0,0.0,0.0
SLC10A6,0,4,0.0,0.0078
SLC10A7,0,0,0.0,0.0
SLC11A1,1,9,0.0089,0.0175
SLC11A2,3,8,0.0268,0.0156
SLC12A1,0,8,0.0,0.0156
SLC12A2,3,4,0.0268,0.0078
SLC12A3,0,8,0.0,0.0156
SLC12A4,0,4,0.0,0.0078
SLC12A5,1,4,0.0089,0.0078
SLC12A6,0,8,0.0,0.0156
SLC12A7,1,4,0.0089,0.0078
SLC12A8,0,0,0.0,0.0
SLC12A9,0,0,0.0,0.0
SLC13A1,0,4,0.0,0.0078
SLC13A2,0,3,0.0,0.0058
SLC13A3,0,3,0.0,0.0058
SLC13A4,0,4,0.0,0.0078
SLC13A5,0,3,0.0,0.0058
SLC14A1,0,3,0.0,0.0058
SLC14A2,0,3,0.0,0.0058
SLC15A1,1,4,0.0089,0.0078
SLC15A2,0,0,0.0,0.0
SLC15A3,0,4,0.0,0.0078
SLC15A4,0,11,0.0,0.0214
SLC15A5,0,0,0.0,0.0
SLC16A1,0,13,0.0,0.0253
SLC16A10,2,4,0.0179,0.0078
SLC16A11,0,0,0.0,0.0
SLC16A12,0,0,0.0,0.0
SLC16A13,0,0,0.0,0.0
SLC16A14,0,0,0.0,0.0
SLC16A2,1,4,0.0089,0.0078
SLC16A3,1,7,0.0089,0.0136
SLC16A4,0,0,0.0,0.0
SLC16A5,0,0,0.0,0.0
SLC16A6,0,0,0.0,0.0
SLC16A7,0,4,0.0,0.0078
SLC16A8,0,7,0.0,0.0136
SLC16A9,0,0,0.0,0.0
SLC17A1,0,4,0.0,0.0078
SLC17A2,0,0,0.0,0.0
SLC17A3,0,3,0.0,0.0058
SLC17A4,0,0,0.0,0.0
SLC17A5,1,19,0.0089,0.037
SLC17A6,4,3,0.0357,0.0058
SLC17A7,4,7,0.0357,0.0136
SLC17A8,4,10,0.0357,0.0195
SLC17A9,0,0,0.0,0.0
SLC18A1,7,0,0.0625,0.0
SLC18A2,7,6,0.0625,0.0117
SLC18A3,2,8,0.0179,0.0156
SLC18B1,0,0,0.0,0.0
SLC19A1,1,4,0.0089,0.0078
SLC19A2,1,4,0.0089,0.0078
SLC19A3,1,4,0.0089,0.0078
SLC1A1,3,11,0.0268,0.0214
SLC1A2,4,9,0.0357,0.0175
SLC1A3,3,13,0.0268,0.0253
SLC1A4,0,4,0.0,0.0078
SLC1A5,2,13,0.0179,0.0253
SLC1A6,3,7,0.0268,0.0136
SLC1A7,2,7,0.0179,0.0136
SLC20A1,0,4,0.0,0.0078
SLC20A2,0,8,0.0,0.0156
SLC22A1,2,13,0.0179,0.0253
SLC22A10,0,0,0.0,0.0
SLC22A11,0,4,0.0,0.0078
SLC22A12,0,8,0.0,0.0156
SLC22A13,0,4,0.0,0.0078
SLC22A14,0,0,0.0,0.0
SLC22A15,0,3,0.0,0.0058
SLC22A16,0,3,0.0,0.0058
SLC22A17,0,4,0.0,0.0078
SLC22A18,0,0,0.0,0.0
SLC22A18AS,0,0,0.0,0.0
SLC22A2,1,12,0.0089,0.0233
SLC22A20,0,0,0.0,0.0
SLC22A23,0,0,0.0,0.0
SLC22A24,0,0,0.0,0.0
SLC22A25,0,0,0.0,0.0
SLC22A3,1,6,0.0089,0.0117
SLC22A31,0,0,0.0,0.0
SLC22A4,1,6,0.0089,0.0117
SLC22A5,1,11,0.0089,0.0214
SLC22A6,0,4,0.0,0.0078
SLC22A7,1,6,0.0089,0.0117
SLC22A8,1,6,0.0089,0.0117
SLC22A9,0,0,0.0,0.0
SLC23A1,1,4,0.0089,0.0078
SLC23A2,0,4,0.0,0.0078
SLC23A3,0,0,0.0,0.0
SLC24A1,1,12,0.0089,0.0233
SLC24A2,0,4,0.0,0.0078
SLC24A3,0,4,0.0,0.0078
SLC24A4,1,8,0.0089,0.0156
SLC24A5,0,8,0.0,0.0156
SLC25A1,0,4,0.0,0.0078
SLC25A10,1,9,0.0089,0.0175
SLC25A11,0,8,0.0,0.0156
SLC25A12,0,8,0.0,0.0156
SLC25A13,0,8,0.0,0.0156
SLC25A14,0,4,0.0,0.0078
SLC25A15,0,7,0.0,0.0136
SLC25A16,0,4,0.0,0.0078
SLC25A17,1,7,0.0089,0.0136
SLC25A18,0,7,0.0,0.0136
SLC25A19,0,4,0.0,0.0078
SLC25A2,0,3,0.0,0.0058
SLC25A20,1,4,0.0089,0.0078
SLC25A21,0,3,0.0,0.0058
SLC25A22,0,7,0.0,0.0136
SLC25A23,0,0,0.0,0.0
SLC25A24,0,0,0.0,0.0
SLC25A25,0,0,0.0,0.0
SLC25A26,0,3,0.0,0.0058
SLC25A27,0,4,0.0,0.0078
SLC25A28,0,2,0.0,0.0039
SLC25A29,1,4,0.0089,0.0078
SLC25A3,0,0,0.0,0.0
SLC25A30,0,0,0.0,0.0
SLC25A31,14,0,0.125,0.0
SLC25A32,0,4,0.0,0.0078
SLC25A33,0,0,0.0,0.0
SLC25A34,0,0,0.0,0.0
SLC25A35,0,0,0.0,0.0
SLC25A36,0,0,0.0,0.0
SLC25A37,0,2,0.0,0.0039
SLC25A38,0,0,0.0,0.0
SLC25A39,0,0,0.0,0.0
SLC25A4,14,18,0.125,0.035
SLC25A40,0,0,0.0,0.0
SLC25A41,0,0,0.0,0.0
SLC25A42,0,4,0.0,0.0078
SLC25A43,0,0,0.0,0.0
SLC25A44,0,3,0.0,0.0058
SLC25A45,0,0,0.0,0.0
SLC25A46,0,0,0.0,0.0
SLC25A47,0,0,0.0,0.0
SLC25A48,0,0,0.0,0.0
SLC25A5,14,13,0.125,0.0253
SLC25A51,0,4,0.0,0.0078
SLC25A52,0,0,0.0,0.0
SLC25A53,0,0,0.0,0.0
SLC25A6,14,19,0.125,0.037
SLC26A1,0,8,0.0,0.0156
SLC26A10,0,0,0.0,0.0
SLC26A11,0,8,0.0,0.0156
SLC26A2,0,15,0.0,0.0292
SLC26A3,2,8,0.0179,0.0156
SLC26A4,1,8,0.0089,0.0156
SLC26A5,0,3,0.0,0.0058
SLC26A6,1,4,0.0089,0.0078
SLC26A7,1,4,0.0089,0.0078
SLC26A8,0,0,0.0,0.0
SLC26A9,1,4,0.0089,0.0078
SLC27A1,3,12,0.0268,0.0233
SLC27A2,3,19,0.0268,0.037
SLC27A3,1,5,0.0089,0.0097
SLC27A4,3,8,0.0268,0.0156
SLC27A5,4,8,0.0357,0.0156
SLC27A6,2,4,0.0179,0.0078
SLC28A1,0,4,0.0,0.0078
SLC28A2,0,7,0.0,0.0136
SLC28A3,0,7,0.0,0.0136
SLC29A1,1,7,0.0089,0.0136
SLC29A2,1,6,0.0089,0.0117
SLC29A3,1,10,0.0089,0.0195
SLC29A4,0,4,0.0,0.0078
SLC2A1,12,15,0.1071,0.0292
SLC2A10,0,7,0.0,0.0136
SLC2A11,0,3,0.0,0.0058
SLC2A12,0,3,0.0,0.0058
SLC2A13,0,3,0.0,0.0058
SLC2A14,0,3,0.0,0.0058
SLC2A2,8,16,0.0714,0.0311
SLC2A3,0,15,0.0,0.0292
SLC2A4,7,9,0.0625,0.0175
SLC2A4RG,0,0,0.0,0.0
SLC2A5,1,6,0.0089,0.0117
SLC2A6,0,3,0.0,0.0058
SLC2A7,0,3,0.0,0.0058
SLC2A8,0,7,0.0,0.0136
SLC2A9,0,7,0.0,0.0136
SLC30A1,1,5,0.0089,0.0097
SLC30A10,0,3,0.0,0.0058
SLC30A2,0,5,0.0,0.0097
SLC30A3,0,5,0.0,0.0097
SLC30A4,0,0,0.0,0.0
SLC30A5,0,8,0.0,0.0156
SLC30A6,0,0,0.0,0.0
SLC30A7,0,0,0.0,0.0
SLC30A8,0,8,0.0,0.0156
SLC30A9,0,0,0.0,0.0
SLC31A1,1,3,0.0089,0.0058
SLC31A2,0,0,0.0,0.0
SLC32A1,5,7,0.0446,0.0136
SLC33A1,1,7,0.0089,0.0136
SLC34A1,2,11,0.0179,0.0214
SLC34A2,2,14,0.0179,0.0272
SLC34A3,2,9,0.0179,0.0175
SLC35A1,0,18,0.0,0.035
SLC35A2,0,8,0.0,0.0156
SLC35A3,0,8,0.0,0.0156
SLC35A4,0,5,0.0,0.0097
SLC35A5,0,0,0.0,0.0
SLC35B2,0,8,0.0,0.0156
SLC35B3,0,8,0.0,0.0156
SLC35B4,0,4,0.0,0.0078
SLC35C1,0,14,0.0,0.0272
SLC35C2,0,0,0.0,0.0
SLC35D1,0,13,0.0,0.0253
SLC35D2,0,20,0.0,0.0389
SLC35D3,0,0,0.0,0.0
SLC35E1,0,0,0.0,0.0
SLC35E2,0,0,0.0,0.0
SLC35E2B,0,0,0.0,0.0
SLC35E3,0,0,0.0,0.0
SLC35E4,0,0,0.0,0.0
SLC35F1,0,0,0.0,0.0
SLC35F2,0,0,0.0,0.0
SLC35F3,0,0,0.0,0.0
SLC35F4,0,0,0.0,0.0
SLC35F5,0,0,0.0,0.0
SLC35F6,0,0,0.0,0.0
SLC35G1,0,0,0.0,0.0
SLC35G2,0,0,0.0,0.0
SLC35G3,0,0,0.0,0.0
SLC35G4,0,0,0.0,0.0
SLC35G5,0,0,0.0,0.0
SLC35G6,0,0,0.0,0.0
SLC36A1,1,5,0.0089,0.0097
SLC36A2,1,9,0.0089,0.0175
SLC36A3,1,0,0.0089,0.0
SLC36A4,1,7,0.0089,0.0136
SLC37A1,0,4,0.0,0.0078
SLC37A2,0,4,0.0,0.0078
SLC37A3,0,0,0.0,0.0
SLC37A4,1,9,0.0089,0.0175
SLC38A1,2,8,0.0179,0.0156
SLC38A10,0,0,0.0,0.0
SLC38A11,0,0,0.0,0.0
SLC38A2,3,8,0.0268,0.0156
SLC38A3,3,4,0.0268,0.0078
SLC38A4,0,4,0.0,0.0078
SLC38A5,1,4,0.0089,0.0078
SLC38A6,0,0,0.0,0.0
SLC38A7,0,0,0.0,0.0
SLC38A8,0,0,0.0,0.0
SLC38A9,1,19,0.0089,0.037
SLC39A1,0,5,0.0,0.0097
SLC39A10,0,5,0.0,0.0097
SLC39A11,0,0,0.0,0.0
SLC39A12,0,0,0.0,0.0
SLC39A13,0,0,0.0,0.0
SLC39A14,1,5,0.0089,0.0097
SLC39A2,0,5,0.0,0.0097
SLC39A3,0,5,0.0,0.0097
SLC39A4,1,9,0.0089,0.0175
SLC39A5,0,5,0.0,0.0097
SLC39A6,0,5,0.0,0.0097
SLC39A7,0,5,0.0,0.0097
SLC39A8,1,5,0.0089,0.0097
SLC39A9,0,0,0.0,0.0
SLC3A1,1,9,0.0089,0.0175
SLC3A2,3,14,0.0268,0.0272
SLC40A1,2,10,0.0179,0.0195
SLC41A1,0,3,0.0,0.0058
SLC41A2,0,3,0.0,0.0058
SLC41A3,0,0,0.0,0.0
SLC43A1,0,4,0.0,0.0078
SLC43A2,0,4,0.0,0.0078
SLC43A3,0,0,0.0,0.0
SLC44A1,1,11,0.0089,0.0214
SLC44A2,1,14,0.0089,0.0272
SLC44A3,1,9,0.0089,0.0175
SLC44A4,1,9,0.0089,0.0175
SLC44A5,1,9,0.0089,0.0175
SLC45A1,0,0,0.0,0.0
SLC45A2,0,3,0.0,0.0058
SLC45A3,2,3,0.0179,0.0058
SLC45A4,0,0,0.0,0.0
SLC46A1,2,9,0.0179,0.0175
SLC46A2,0,0,0.0,0.0
SLC46A3,0,0,0.0,0.0
SLC47A1,0,3,0.0,0.0058
SLC47A2,0,3,0.0,0.0058
SLC48A1,0,0,0.0,0.0
SLC49A3,0,0,0.0,0.0
SLC49A4,0,0,0.0,0.0
SLC4A1,1,11,0.0089,0.0214
SLC4A10,0,4,0.0,0.0078
SLC4A11,0,0,0.0,0.0
SLC4A1AP,0,0,0.0,0.0
SLC4A2,4,4,0.0357,0.0078
SLC4A3,0,4,0.0,0.0078
SLC4A4,3,12,0.0268,0.0233
SLC4A5,1,4,0.0089,0.0078
SLC4A7,0,13,0.0,0.0253
SLC4A8,0,4,0.0,0.0078
SLC4A9,0,4,0.0,0.0078
SLC50A1,0,3,0.0,0.0058
SLC51A,1,5,0.0089,0.0097
SLC51B,1,5,0.0089,0.0097
SLC52A1,0,4,0.0,0.0078
SLC52A2,0,4,0.0,0.0078
SLC52A3,1,4,0.0089,0.0078
SLC5A1,3,10,0.0268,0.0195
SLC5A10,0,3,0.0,0.0058
SLC5A11,0,3,0.0,0.0058
SLC5A12,0,4,0.0,0.0078
SLC5A2,0,7,0.0,0.0136
SLC5A3,0,3,0.0,0.0058
SLC5A4,0,3,0.0,0.0058
SLC5A5,1,11,0.0089,0.0214
SLC5A6,1,8,0.0089,0.0156
SLC5A7,2,13,0.0179,0.0253
SLC5A8,0,9,0.0,0.0175
SLC5A9,0,3,0.0,0.0058
SLC66A1,0,2,0.0,0.0039
SLC66A2,0,0,0.0,0.0
SLC66A3,0,0,0.0,0.0
SLC6A1,2,8,0.0179,0.0156
SLC6A11,2,11,0.0179,0.0214
SLC6A12,2,12,0.0179,0.0233
SLC6A13,2,8,0.0179,0.0156
SLC6A14,0,9,0.0,0.0175
SLC6A15,0,5,0.0,0.0097
SLC6A16,0,0,0.0,0.0
SLC6A17,0,0,0.0,0.0
SLC6A18,0,0,0.0,0.0
SLC6A19,2,10,0.0179,0.0195
SLC6A2,1,7,0.0089,0.0136
SLC6A20,0,10,0.0,0.0195
SLC6A3,7,12,0.0625,0.0233
SLC6A4,2,7,0.0179,0.0136
SLC6A5,1,7,0.0089,0.0136
SLC6A6,0,4,0.0,0.0078
SLC6A7,1,6,0.0089,0.0117
SLC6A8,0,3,0.0,0.0058
SLC6A9,1,3,0.0089,0.0058
SLC7A1,1,4,0.0089,0.0078
SLC7A10,0,7,0.0,0.0136
SLC7A11,1,13,0.0089,0.0253
SLC7A13,0,0,0.0,0.0
SLC7A14,0,0,0.0,0.0
SLC7A2,0,4,0.0,0.0078
SLC7A3,0,4,0.0,0.0078
SLC7A4,0,0,0.0,0.0
SLC7A5,2,10,0.0179,0.0195
SLC7A6,0,7,0.0,0.0136
SLC7A6OS,0,0,0.0,0.0
SLC7A7,1,11,0.0089,0.0214
SLC7A8,1,7,0.0089,0.0136
SLC7A9,1,12,0.0089,0.0233
SLC8A1,12,11,0.1071,0.0214
SLC8A2,12,11,0.1071,0.0214
SLC8A3,12,13,0.1071,0.0253
SLC8B1,0,5,0.0,0.0097
SLC9A1,11,9,0.0982,0.0175
SLC9A2,0,4,0.0,0.0078
SLC9A3,4,4,0.0357,0.0078
SLC9A3R1,0,0,0.0,0.0
SLC9A3R2,0,0,0.0,0.0
SLC9A4,1,4,0.0089,0.0078
SLC9A5,0,4,0.0,0.0078
SLC9A6,1,8,0.0089,0.0156
SLC9A7,1,4,0.0089,0.0078
SLC9A8,0,4,0.0,0.0078
SLC9A9,0,8,0.0,0.0156
SLC9B1,0,3,0.0,0.0058
SLC9B2,0,3,0.0,0.0058
SLC9C1,0,3,0.0,0.0058
SLC9C2,0,3,0.0,0.0058
SLCO1A2,1,11,0.0089,0.0214
SLCO1B1,1,17,0.0089,0.0331
SLCO1B3,1,17,0.0089,0.0331
SLCO1B7,0,0,0.0,0.0
SLCO1C1,1,4,0.0089,0.0078
SLCO2A1,0,8,0.0,0.0156
SLCO2B1,0,10,0.0,0.0195
SLCO3A1,0,4,0.0,0.0078
SLCO4A1,0,4,0.0,0.0078
SLCO4C1,0,7,0.0,0.0136
SLCO5A1,0,0,0.0,0.0
SLCO6A1,0,0,0.0,0.0
SLF1,0,0,0.0,0.0
SLF2,0,0,0.0,0.0
SLFN11,0,0,0.0,0.0
SLFN12,0,0,0.0,0.0
SLFN12L,0,0,0.0,0.0
SLFN13,0,0,0.0,0.0
SLFN14,0,0,0.0,0.0
SLFN5,0,0,0.0,0.0
SLFNL1,0,0,0.0,0.0
SLIRP,0,3,0.0,0.0058
SLIT1,1,8,0.0089,0.0156
SLIT2,1,19,0.0089,0.037
SLIT3,1,10,0.0089,0.0195
SLITRK1,0,3,0.0,0.0058
SLITRK2,0,3,0.0,0.0058
SLITRK3,0,8,0.0,0.0156
SLITRK4,0,3,0.0,0.0058
SLITRK5,0,9,0.0,0.0175
SLITRK6,0,3,0.0,0.0058
SLK,1,7,0.0089,0.0136
SLMAP,0,0,0.0,0.0
SLMO1,0,0,0.0,0.0
SLMO2,0,0,0.0,0.0
SLN,0,6,0.0,0.0117
SLPI,0,9,0.0,0.0175
SLTM,0,0,0.0,0.0
SLURP1,1,0,0.0089,0.0
SLURP2,1,0,0.0089,0.0
SLX1A,1,8,0.0089,0.0156
SLX1B,1,8,0.0089,0.0156
SLX4,1,8,0.0089,0.0156
SLX4IP,0,0,0.0,0.0
SLX9,0,0,0.0,0.0
SMAD1,4,17,0.0357,0.0331
SMAD2,20,51,0.1786,0.0992
SMAD3,22,69,0.1964,0.1342
SMAD4,18,64,0.1607,0.1245
SMAD5,2,3,0.0179,0.0058
SMAD6,1,8,0.0089,0.0156
SMAD7,2,34,0.0179,0.0661
SMAD9,2,3,0.0179,0.0058
SMAGP,0,0,0.0,0.0
SMAP1,1,0,0.0089,0.0
SMAP2,1,0,0.0089,0.0
SMARCA1,0,0,0.0,0.0
SMARCA2,2,30,0.0179,0.0584
SMARCA4,2,54,0.0179,0.1051
SMARCA5,0,16,0.0,0.0311
SMARCAD1,1,0,0.0089,0.0
SMARCAL1,0,0,0.0,0.0
SMARCB1,2,30,0.0179,0.0584
SMARCC1,2,31,0.0179,0.0603
SMARCC2,2,30,0.0179,0.0584
SMARCD1,2,31,0.0179,0.0603
SMARCD2,2,26,0.0179,0.0506
SMARCD3,2,57,0.0179,0.1109
SMARCE1,2,30,0.0179,0.0584
SMC1B,2,4,0.0179,0.0078
SMC3,2,25,0.0179,0.0486
SMC5,0,5,0.0,0.0097
SMC6,0,5,0.0,0.0097
SMCHD1,0,0,0.0,0.0
SMCO1,0,0,0.0,0.0
SMCO2,0,0,0.0,0.0
SMCO3,0,0,0.0,0.0
SMCO4,0,0,0.0,0.0
SMCP,0,0,0.0,0.0
SMCR8,3,0,0.0268,0.0
SMDT1,0,5,0.0,0.0097
SMEK1,0,0,0.0,0.0
SMEK2,0,0,0.0,0.0
SMG1,1,3,0.0089,0.0058
SMG5,1,3,0.0089,0.0058
SMG6,1,3,0.0089,0.0058
SMG7,1,3,0.0089,0.0058
SMG8,0,3,0.0,0.0058
SMG9,0,3,0.0,0.0058
SMIM1,0,0,0.0,0.0
SMIM10,0,0,0.0,0.0
SMIM10L1,0,0,0.0,0.0
SMIM11,0,0,0.0,0.0
SMIM11B,0,0,0.0,0.0
SMIM12,0,0,0.0,0.0
SMIM13,0,0,0.0,0.0
SMIM14,0,0,0.0,0.0
SMIM15,0,0,0.0,0.0
SMIM17,0,0,0.0,0.0
SMIM18,0,0,0.0,0.0
SMIM19,0,0,0.0,0.0
SMIM2,0,0,0.0,0.0
SMIM20,0,4,0.0,0.0078
SMIM21,0,0,0.0,0.0
SMIM22,0,0,0.0,0.0
SMIM23,0,0,0.0,0.0
SMIM24,0,0,0.0,0.0
SMIM25,0,0,0.0,0.0
SMIM29,0,0,0.0,0.0
SMIM3,0,0,0.0,0.0
SMIM4,0,0,0.0,0.0
SMIM5,0,0,0.0,0.0
SMIM6,0,0,0.0,0.0
SMIM7,0,0,0.0,0.0
SMIM8,0,0,0.0,0.0
SMIM9,0,0,0.0,0.0
SMKR1,0,0,0.0,0.0
SMLR1,0,0,0.0,0.0
SMN1,1,10,0.0089,0.0195
SMN2,1,10,0.0089,0.0195
SMNDC1,1,15,0.0089,0.0292
SMO,5,17,0.0446,0.0331
SMOC1,0,0,0.0,0.0
SMOC2,0,0,0.0,0.0
SMOX,2,8,0.0179,0.0156
SMPD1,4,8,0.0357,0.0156
SMPD2,2,13,0.0179,0.0253
SMPD3,1,9,0.0089,0.0175
SMPD4,1,5,0.0089,0.0097
SMPD5,0,0,0.0,0.0
SMPDL3A,0,0,0.0,0.0
SMPDL3B,0,0,0.0,0.0
SMPX,0,0,0.0,0.0
SMR3A,0,0,0.0,0.0
SMR3B,0,0,0.0,0.0
SMS,3,3,0.0268,0.0058
SMTN,0,0,0.0,0.0
SMTNL1,0,0,0.0,0.0
SMTNL2,0,0,0.0,0.0
SMUG1,1,8,0.0089,0.0156
SMURF1,4,34,0.0357,0.0661
SMURF2,4,41,0.0357,0.0798
SMYD1,1,2,0.0089,0.0039
SMYD2,1,0,0.0089,0.0
SMYD3,1,3,0.0089,0.0058
SMYD4,0,0,0.0,0.0
SMYD5,0,0,0.0,0.0
SNAI1,1,25,0.0089,0.0486
SNAI2,2,22,0.0179,0.0428
SNAI3,0,0,0.0,0.0
SNAP23,2,25,0.0179,0.0486
SNAP25,2,29,0.0179,0.0564
SNAP29,2,7,0.0179,0.0136
SNAP47,0,0,0.0,0.0
SNAP91,0,4,0.0,0.0078
SNAPC3,0,13,0.0,0.0253
SNAPC5,0,13,0.0,0.0253
SNAPIN,0,4,0.0,0.0078
SNCA,3,7,0.0268,0.0136
SNCAIP,2,2,0.0179,0.0039
SNCB,0,3,0.0,0.0058
SNCG,0,0,0.0,0.0
SND1,1,4,0.0089,0.0078
SNED1,0,0,0.0,0.0
SNF8,1,8,0.0089,0.0156
SNHG32,0,0,0.0,0.0
SNIP1,0,4,0.0,0.0078
SNN,0,0,0.0,0.0
SNORC,0,0,0.0,0.0
SNPH,0,0,0.0,0.0
SNRK,0,0,0.0,0.0
SNRNP40,1,10,0.0089,0.0195
SNRNP48,0,4,0.0,0.0078
SNRPA,1,6,0.0089,0.0117
SNRPB,2,28,0.0179,0.0545
SNRPB2,1,15,0.0089,0.0292
SNRPC,1,6,0.0089,0.0117
SNRPE,1,28,0.0089,0.0545
SNRPG,1,28,0.0089,0.0545
SNRPN,0,15,0.0,0.0292
SNTA1,0,6,0.0,0.0117
SNTB1,0,6,0.0,0.0117
SNTB2,0,6,0.0,0.0117
SNTG1,0,0,0.0,0.0
SNTG2,0,6,0.0,0.0117
SNTN,0,0,0.0,0.0
SNUPN,1,3,0.0089,0.0058
SNURF,0,0,0.0,0.0
SNX1,1,0,0.0089,0.0
SNX10,0,0,0.0,0.0
SNX11,0,0,0.0,0.0
SNX12,1,0,0.0089,0.0
SNX13,0,0,0.0,0.0
SNX14,0,0,0.0,0.0
SNX15,0,0,0.0,0.0
SNX16,0,0,0.0,0.0
SNX17,0,0,0.0,0.0
SNX18,1,3,0.0089,0.0058
SNX19,0,0,0.0,0.0
SNX2,1,4,0.0089,0.0078
SNX20,0,0,0.0,0.0
SNX21,0,0,0.0,0.0
SNX22,0,0,0.0,0.0
SNX24,0,0,0.0,0.0
SNX25,0,0,0.0,0.0
SNX27,0,0,0.0,0.0
SNX29,0,0,0.0,0.0
SNX3,1,7,0.0089,0.0136
SNX30,0,0,0.0,0.0
SNX31,0,0,0.0,0.0
SNX32,1,0,0.0089,0.0
SNX33,1,0,0.0089,0.0
SNX4,1,0,0.0089,0.0
SNX5,1,4,0.0089,0.0078
SNX6,1,0,0.0089,0.0
SNX7,0,0,0.0,0.0
SNX8,0,0,0.0,0.0
SNX9,1,5,0.0089,0.0097
SOAT1,2,4,0.0179,0.0078
SOAT2,2,4,0.0179,0.0078
SOBP,0,0,0.0,0.0
SOCS1,9,33,0.0804,0.0642
SOCS2,5,12,0.0446,0.0233
SOCS3,14,37,0.125,0.072
SOCS4,4,5,0.0357,0.0097
SOCS5,2,7,0.0179,0.0136
SOCS6,2,11,0.0179,0.0214
SOCS7,2,0,0.0179,0.0
SOD1,6,18,0.0536,0.035
SOD2,6,24,0.0536,0.0467
SOD3,0,11,0.0,0.0214
SOGA1,0,0,0.0,0.0
SOGA3,0,0,0.0,0.0
SOHLH1,0,0,0.0,0.0
SOHLH2,0,0,0.0,0.0
SON,0,0,0.0,0.0
SORBS1,3,2,0.0268,0.0039
SORBS2,0,0,0.0,0.0
SORBS3,0,2,0.0,0.0039
SORCS1,0,0,0.0,0.0
SORCS2,0,0,0.0,0.0
SORCS3,0,0,0.0,0.0
SORD,2,5,0.0179,0.0097
SORL1,0,2,0.0,0.0039
SORT1,3,4,0.0268,0.0078
SOS1,44,163,0.3929,0.3171
SOS2,44,22,0.3929,0.0428
SOST,2,7,0.0179,0.0136
SOSTDC1,0,0,0.0,0.0
SOWAHA,0,0,0.0,0.0
SOWAHB,0,0,0.0,0.0
SOWAHC,0,7,0.0,0.0136
SOWAHD,0,0,0.0,0.0
SOX1,0,4,0.0,0.0078
SOX10,0,17,0.0,0.0331
SOX11,0,0,0.0,0.0
SOX12,0,0,0.0,0.0
SOX13,0,4,0.0,0.0078
SOX14,0,0,0.0,0.0
SOX15,0,0,0.0,0.0
SOX17,1,13,0.0089,0.0253
SOX18,0,0,0.0,0.0
SOX2,2,29,0.0179,0.0564
SOX21,0,0,0.0,0.0
SOX3,0,4,0.0,0.0078
SOX30,0,0,0.0,0.0
SOX4,1,4,0.0089,0.0078
SOX5,0,0,0.0,0.0
SOX6,0,4,0.0,0.0078
SOX7,0,4,0.0,0.0078
SOX8,0,0,0.0,0.0
SOX9,1,18,0.0089,0.035
SP1,14,59,0.125,0.1148
SP100,2,9,0.0179,0.0175
SP110,0,0,0.0,0.0
SP140,0,0,0.0,0.0
SP140L,0,0,0.0,0.0
SP2,0,0,0.0,0.0
SP3,0,5,0.0,0.0097
SP4,0,0,0.0,0.0
SP5,0,0,0.0,0.0
SP6,0,0,0.0,0.0
SP7,0,6,0.0,0.0117
SP8,0,0,0.0,0.0
SP9,0,0,0.0,0.0
SPA17,0,0,0.0,0.0
SPACA1,0,0,0.0,0.0
SPACA3,0,0,0.0,0.0
SPACA4,0,3,0.0,0.0058
SPACA5,0,0,0.0,0.0
SPACA5B,0,0,0.0,0.0
SPACA6,0,0,0.0,0.0
SPACA7,0,0,0.0,0.0
SPACA9,0,0,0.0,0.0
SPACDR,0,0,0.0,0.0
SPAG1,0,0,0.0,0.0
SPAG11A,0,0,0.0,0.0
SPAG11B,0,0,0.0,0.0
SPAG16,0,0,0.0,0.0
SPAG17,0,0,0.0,0.0
SPAG4,0,0,0.0,0.0
SPAG5,0,0,0.0,0.0
SPAG6,0,0,0.0,0.0
SPAG7,0,0,0.0,0.0
SPAG8,0,0,0.0,0.0
SPAG9,0,4,0.0,0.0078
SPAM1,2,8,0.0179,0.0156
SPANXA1,0,0,0.0,0.0
SPANXA2,0,0,0.0,0.0
SPANXB1,0,0,0.0,0.0
SPANXC,0,0,0.0,0.0
SPANXD,0,0,0.0,0.0
SPANXN1,0,0,0.0,0.0
SPANXN2,0,0,0.0,0.0
SPANXN3,0,0,0.0,0.0
SPANXN4,0,0,0.0,0.0
SPANXN5,0,0,0.0,0.0
SPARC,0,13,0.0,0.0253
SPARCL1,0,4,0.0,0.0078
SPART,1,0,0.0089,0.0
SPAST,0,7,0.0,0.0136
SPATA1,0,0,0.0,0.0
SPATA12,0,0,0.0,0.0
SPATA13,1,6,0.0089,0.0117
SPATA16,0,0,0.0,0.0
SPATA17,0,0,0.0,0.0
SPATA18,0,0,0.0,0.0
SPATA19,0,0,0.0,0.0
SPATA2,1,6,0.0089,0.0117
SPATA20,0,0,0.0,0.0
SPATA21,0,0,0.0,0.0
SPATA22,0,0,0.0,0.0
SPATA24,0,0,0.0,0.0
SPATA25,0,0,0.0,0.0
SPATA2L,1,0,0.0089,0.0
SPATA3,0,0,0.0,0.0
SPATA31A1,0,0,0.0,0.0
SPATA31A3,0,0,0.0,0.0
SPATA31A5,0,0,0.0,0.0
SPATA31A6,0,0,0.0,0.0
SPATA31A7,0,0,0.0,0.0
SPATA31C1,0,0,0.0,0.0
SPATA31C2,0,0,0.0,0.0
SPATA31D1,0,0,0.0,0.0
SPATA31D3,0,0,0.0,0.0
SPATA31D4,0,0,0.0,0.0
SPATA31E1,0,0,0.0,0.0
SPATA31F1,0,0,0.0,0.0
SPATA31F3,0,0,0.0,0.0
SPATA31G1,0,0,0.0,0.0
SPATA32,0,0,0.0,0.0
SPATA33,0,0,0.0,0.0
SPATA4,0,0,0.0,0.0
SPATA45,0,0,0.0,0.0
SPATA46,0,0,0.0,0.0
SPATA5,0,0,0.0,0.0
SPATA6,0,0,0.0,0.0
SPATA6L,0,0,0.0,0.0
SPATA7,0,0,0.0,0.0
SPATA8,0,0,0.0,0.0
SPATA9,0,0,0.0,0.0
SPATC1,0,0,0.0,0.0
SPATC1L,0,0,0.0,0.0
SPATS1,0,0,0.0,0.0
SPATS2,0,0,0.0,0.0
SPATS2L,0,0,0.0,0.0
SPCS1,1,27,0.0089,0.0525
SPCS2,1,27,0.0089,0.0525
SPCS3,1,27,0.0089,0.0525
SPDEF,0,0,0.0,0.0
SPDL1,0,18,0.0,0.035
SPDYA,2,0,0.0179,0.0
SPDYC,2,0,0.0179,0.0
SPDYE1,2,0,0.0179,0.0
SPDYE16,2,0,0.0179,0.0
SPDYE2,2,0,0.0179,0.0
SPDYE2B,2,0,0.0179,0.0
SPDYE3,2,0,0.0179,0.0
SPDYE4,2,0,0.0179,0.0
SPDYE5,2,0,0.0179,0.0
SPDYE6,2,0,0.0179,0.0
SPECC1,0,0,0.0,0.0
SPECC1L,0,0,0.0,0.0
SPEF1,0,0,0.0,0.0
SPEF2,0,0,0.0,0.0
SPEG,0,0,0.0,0.0
SPEM1,0,0,0.0,0.0
SPEM2,0,0,0.0,0.0
SPEN,0,6,0.0,0.0117
SPERT,0,0,0.0,0.0
SPESP1,0,0,0.0,0.0
SPG11,2,0,0.0179,0.0
SPG20,0,0,0.0,0.0
SPG21,1,0,0.0089,0.0
SPG7,0,5,0.0,0.0097
SPHAR,0,0,0.0,0.0
SPHK1,8,21,0.0714,0.0409
SPHK2,8,4,0.0714,0.0078
SPHKAP,0,0,0.0,0.0
SPI1,5,9,0.0446,0.0175
SPIB,0,0,0.0,0.0
SPIC,0,0,0.0,0.0
SPICE1,0,0,0.0,0.0
SPIDR,0,7,0.0,0.0136
SPIN1,0,0,0.0,0.0
SPIN2A,0,0,0.0,0.0
SPIN2B,0,0,0.0,0.0
SPIN3,0,0,0.0,0.0
SPIN4,0,0,0.0,0.0
SPINDOC,0,0,0.0,0.0
SPINK1,0,4,0.0,0.0078
SPINK13,0,0,0.0,0.0
SPINK14,0,0,0.0,0.0
SPINK2,0,0,0.0,0.0
SPINK4,0,0,0.0,0.0
SPINK5,0,6,0.0,0.0117
SPINK6,0,3,0.0,0.0058
SPINK7,0,0,0.0,0.0
SPINK8,0,0,0.0,0.0
SPINK9,0,3,0.0,0.0058
SPINT1,2,5,0.0179,0.0097
SPINT2,0,5,0.0,0.0097
SPINT3,0,0,0.0,0.0
SPINT4,0,0,0.0,0.0
SPIRE1,0,0,0.0,0.0
SPIRE2,0,0,0.0,0.0
SPMAP1,0,0,0.0,0.0
SPMAP2,0,0,0.0,0.0
SPMAP2L,0,0,0.0,0.0
SPMIP10,0,0,0.0,0.0
SPMIP2,0,0,0.0,0.0
SPMIP3,0,0,0.0,0.0
SPMIP4,0,0,0.0,0.0
SPMIP5,0,0,0.0,0.0
SPMIP6,0,0,0.0,0.0
SPMIP7,0,0,0.0,0.0
SPMIP8,0,0,0.0,0.0
SPMIP9,0,0,0.0,0.0
SPN,1,3,0.0089,0.0058
SPNS1,0,0,0.0,0.0
SPNS2,0,4,0.0,0.0078
SPNS3,0,0,0.0,0.0
SPO11,0,4,0.0,0.0078
SPOCD1,0,4,0.0,0.0078
SPOCK1,0,0,0.0,0.0
SPOCK2,0,0,0.0,0.0
SPOCK3,0,3,0.0,0.0058
SPON1,0,9,0.0,0.0175
SPON2,0,9,0.0,0.0175
SPOP,1,10,0.0089,0.0195
SPOPL,1,3,0.0089,0.0058
SPP1,7,20,0.0625,0.0389
SPP2,0,8,0.0,0.0156
SPPL2A,0,4,0.0,0.0078
SPPL2B,0,4,0.0,0.0078
SPPL2C,0,0,0.0,0.0
SPPL3,0,0,0.0,0.0
SPR,1,6,0.0089,0.0117
SPRED1,0,13,0.0,0.0253
SPRED2,0,13,0.0,0.0253
SPRED3,0,9,0.0,0.0175
SPRING1,0,0,0.0,0.0
SPRN,0,3,0.0,0.0058
SPRR1A,0,3,0.0,0.0058
SPRR1B,0,3,0.0,0.0058
SPRR2A,0,6,0.0,0.0117
SPRR2B,0,3,0.0,0.0058
SPRR2D,0,3,0.0,0.0058
SPRR2E,0,3,0.0,0.0058
SPRR2F,0,3,0.0,0.0058
SPRR2G,0,3,0.0,0.0058
SPRR3,0,3,0.0,0.0058
SPRR4,0,0,0.0,0.0
SPRTN,0,4,0.0,0.0078
SPRY1,0,4,0.0,0.0078
SPRY2,1,14,0.0089,0.0272
SPRY3,0,0,0.0,0.0
SPRY4,0,0,0.0,0.0
SPRYD3,0,0,0.0,0.0
SPRYD4,0,0,0.0,0.0
SPRYD7,0,0,0.0,0.0
SPSB1,0,7,0.0,0.0136
SPSB2,0,7,0.0,0.0136
SPSB3,0,3,0.0,0.0058
SPSB4,0,7,0.0,0.0136
SPTA1,1,24,0.0089,0.0467
SPTAN1,1,43,0.0089,0.0837
SPTB,0,24,0.0,0.0467
SPTBN1,0,43,0.0,0.0837
SPTBN2,2,27,0.0179,0.0525
SPTBN4,0,24,0.0,0.0467
SPTBN5,0,24,0.0,0.0467
SPTLC1,2,4,0.0179,0.0078
SPTLC2,2,4,0.0179,0.0078
SPTLC3,2,4,0.0179,0.0078
SPTSSA,0,4,0.0,0.0078
SPTSSB,0,4,0.0,0.0078
SPTY2D1,0,0,0.0,0.0
SPX,0,0,0.0,0.0
SPZ1,0,0,0.0,0.0
SQLE,1,7,0.0089,0.0136
SQOR,1,10,0.0089,0.0195
SQRDL,0,0,0.0,0.0
SQSTM1,9,31,0.0804,0.0603
SRA1,0,0,0.0,0.0
SRARP,0,0,0.0,0.0
SRC,38,202,0.3393,0.393
SRCAP,0,0,0.0,0.0
SRCIN1,0,0,0.0,0.0
SRD5A1,1,5,0.0089,0.0097
SRD5A2,2,5,0.0179,0.0097
SRD5A3,2,16,0.0179,0.0311
SREBF1,4,28,0.0357,0.0545
SREBF2,0,20,0.0,0.0389
SREK1,0,0,0.0,0.0
SREK1IP1,0,0,0.0,0.0
SRF,4,28,0.0357,0.0545
SRFBP1,0,0,0.0,0.0
SRGAP1,1,12,0.0089,0.0233
SRGAP2,1,17,0.0089,0.0331
SRGAP2B,0,0,0.0,0.0
SRGAP2C,0,0,0.0,0.0
SRGAP3,1,11,0.0089,0.0214
SRGN,0,4,0.0,0.0078
SRI,0,14,0.0,0.0272
SRL,0,0,0.0,0.0
SRM,3,3,0.0268,0.0058
SRMS,0,4,0.0,0.0078
SRP14,1,9,0.0089,0.0175
SRP54,1,6,0.0089,0.0117
SRP68,1,6,0.0089,0.0117
SRP72,1,6,0.0089,0.0117
SRP9,1,6,0.0089,0.0117
SRPK1,1,11,0.0089,0.0214
SRPK2,0,8,0.0,0.0156
SRPK3,0,0,0.0,0.0
SRPR,0,0,0.0,0.0
SRPRA,1,8,0.0089,0.0156
SRPRB,1,8,0.0089,0.0156
SRPX,0,0,0.0,0.0
SRPX2,0,0,0.0,0.0
SRR,1,3,0.0089,0.0058
SRRD,0,0,0.0,0.0
SRRM2,0,11,0.0,0.0214
SRRM3,0,0,0.0,0.0
SRRM4,0,0,0.0,0.0
SRRM5,0,0,0.0,0.0
SRSF10,1,6,0.0089,0.0117
SRSF11,0,13,0.0,0.0253
SRSF12,0,6,0.0,0.0117
SRSF4,2,13,0.0179,0.0253
SRSF5,2,13,0.0179,0.0253
SRSF6,2,14,0.0179,0.0272
SRSF8,2,6,0.0179,0.0117
SRSF9,2,13,0.0179,0.0253
SRXN1,0,6,0.0,0.0117
SRY,0,6,0.0,0.0117
SS18,1,23,0.0089,0.0447
SS18L1,0,21,0.0,0.0409
SSB,1,4,0.0089,0.0078
SSBP1,3,7,0.0268,0.0136
SSBP2,0,0,0.0,0.0
SSBP3,0,0,0.0,0.0
SSBP4,0,0,0.0,0.0
SSC4D,0,0,0.0,0.0
SSC5D,0,3,0.0,0.0058
SSFA2,0,0,0.0,0.0
SSH1,2,0,0.0179,0.0
SSH2,2,0,0.0179,0.0
SSH3,2,0,0.0179,0.0
SSMEM1,0,0,0.0,0.0
SSNA1,0,17,0.0,0.0331
SSPN,0,6,0.0,0.0117
SSPO,0,0,0.0,0.0
SSR1,1,8,0.0089,0.0156
SSR2,1,3,0.0089,0.0058
SSR3,1,3,0.0089,0.0058
SSR4,1,3,0.0089,0.0058
SSRP1,0,29,0.0,0.0564
SSSCA1,0,0,0.0,0.0
SST,4,12,0.0357,0.0233
SSTR1,3,7,0.0268,0.0136
SSTR2,4,7,0.0357,0.0136
SSTR3,2,12,0.0179,0.0233
SSTR4,1,7,0.0089,0.0136
SSTR5,3,7,0.0268,0.0136
SSUH2,0,0,0.0,0.0
SSX1,1,0,0.0089,0.0
SSX2,1,0,0.0089,0.0
SSX2B,1,0,0.0089,0.0
SSX2IP,1,0,0.0089,0.0
SSX3,0,0,0.0,0.0
SSX4,0,0,0.0,0.0
SSX4B,0,0,0.0,0.0
SSX5,0,0,0.0,0.0
SSX7,0,0,0.0,0.0
ST13,0,4,0.0,0.0078
ST14,1,6,0.0089,0.0117
ST18,0,0,0.0,0.0
ST20,0,0,0.0,0.0
ST20-MTHFS,1,0,0.0089,0.0
ST3GAL1,4,33,0.0357,0.0642
ST3GAL2,4,37,0.0357,0.072
ST3GAL3,5,47,0.0446,0.0914
ST3GAL4,1,42,0.0089,0.0817
ST3GAL5,1,11,0.0089,0.0214
ST3GAL6,1,17,0.0089,0.0331
ST5,0,0,0.0,0.0
ST6GAL1,2,31,0.0179,0.0603
ST6GAL2,2,6,0.0179,0.0117
ST6GALNAC1,1,6,0.0089,0.0117
ST6GALNAC2,0,28,0.0,0.0545
ST6GALNAC3,1,28,0.0089,0.0545
ST6GALNAC4,1,28,0.0089,0.0545
ST6GALNAC5,1,11,0.0089,0.0214
ST6GALNAC6,1,14,0.0089,0.0272
ST7,0,0,0.0,0.0
ST7L,0,0,0.0,0.0
ST8SIA1,3,6,0.0268,0.0117
ST8SIA2,0,14,0.0,0.0272
ST8SIA3,0,9,0.0,0.0175
ST8SIA4,0,11,0.0,0.0214
ST8SIA5,1,11,0.0089,0.0214
ST8SIA6,0,9,0.0,0.0175
STAB1,0,3,0.0,0.0058
STAB2,0,8,0.0,0.0156
STAC,0,0,0.0,0.0
STAC2,0,0,0.0,0.0
STAC3,0,0,0.0,0.0
STAG1,1,25,0.0089,0.0486
STAG2,1,25,0.0089,0.0486
STAG3,1,4,0.0089,0.0078
STAM,2,24,0.0179,0.0467
STAM2,2,24,0.0179,0.0467
STAMBP,1,4,0.0089,0.0078
STAMBPL1,0,4,0.0,0.0078
STAP1,0,0,0.0,0.0
STAP2,0,8,0.0,0.0156
STAR,5,7,0.0446,0.0136
STARD10,0,5,0.0,0.0097
STARD13,0,8,0.0,0.0156
STARD3,1,5,0.0089,0.0097
STARD3NL,0,5,0.0,0.0097
STARD4,0,5,0.0,0.0097
STARD5,0,5,0.0,0.0097
STARD6,0,5,0.0,0.0097
STARD7,0,10,0.0,0.0195
STARD8,0,7,0.0,0.0136
STARD9,0,0,0.0,0.0
STAT1,29,82,0.2589,0.1595
STAT2,16,26,0.1429,0.0506
STAT3,30,105,0.2679,0.2043
STAT4,6,19,0.0536,0.037
STAT5A,16,57,0.1429,0.1109
STAT5B,17,52,0.1518,0.1012
STAT6,7,15,0.0625,0.0292
STATH,1,0,0.0089,0.0
STAU1,0,0,0.0,0.0
STAU2,0,0,0.0,0.0
STBD1,0,12,0.0,0.0233
STC1,0,0,0.0,0.0
STC2,0,4,0.0,0.0078
STEAP1,1,0,0.0089,0.0
STEAP1B,0,0,0.0,0.0
STEAP2,1,0,0.0089,0.0
STEAP3,2,18,0.0179,0.035
STEAP4,0,3,0.0,0.0058
STEEP1,0,4,0.0,0.0078
STH,0,0,0.0,0.0
STIL,0,0,0.0,0.0
STIM1,2,18,0.0179,0.035
STIM2,1,0,0.0089,0.0
STIMATE,0,0,0.0,0.0
STING1,8,21,0.0714,0.0409
STIP1,1,8,0.0089,0.0156
STK10,1,10,0.0089,0.0195
STK11,8,14,0.0714,0.0272
STK11IP,0,3,0.0,0.0058
STK16,0,0,0.0,0.0
STK17A,0,0,0.0,0.0
STK17B,0,0,0.0,0.0
STK19,0,0,0.0,0.0
STK24,0,4,0.0,0.0078
STK25,0,0,0.0,0.0
STK26,0,4,0.0,0.0078
STK3,3,2,0.0268,0.0039
STK31,0,0,0.0,0.0
STK32A,0,0,0.0,0.0
STK32B,0,0,0.0,0.0
STK32C,0,0,0.0,0.0
STK33,0,0,0.0,0.0
STK35,0,0,0.0,0.0
STK36,0,0,0.0,0.0
STK38,0,7,0.0,0.0136
STK38L,0,0,0.0,0.0
STK39,0,0,0.0,0.0
STK4,5,2,0.0446,0.0039
STK40,0,0,0.0,0.0
STKLD1,0,0,0.0,0.0
STMN1,2,4,0.0179,0.0078
STMN2,0,5,0.0,0.0097
STMN3,0,0,0.0,0.0
STMN4,0,0,0.0,0.0
STMND1,0,0,0.0,0.0
STMP1,0,0,0.0,0.0
STN1,0,7,0.0,0.0136
STOM,0,17,0.0,0.0331
STOML1,0,0,0.0,0.0
STOML2,0,6,0.0,0.0117
STOML3,0,3,0.0,0.0058
STON1,0,4,0.0,0.0078
STON1-GTF2A1L,0,4,0.0,0.0078
STON2,0,4,0.0,0.0078
STOX1,0,0,0.0,0.0
STOX2,0,0,0.0,0.0
STPG1,0,0,0.0,0.0
STPG2,0,0,0.0,0.0
STPG3,0,0,0.0,0.0
STPG4,0,3,0.0,0.0058
STRA13,0,0,0.0,0.0
STRA6,0,8,0.0,0.0156
STRA8,0,0,0.0,0.0
STRADA,2,3,0.0179,0.0058
STRADB,2,3,0.0179,0.0058
STRAP,1,19,0.0089,0.037
STRBP,0,0,0.0,0.0
STRC,0,4,0.0,0.0078
STRIP1,0,0,0.0,0.0
STRIP2,0,0,0.0,0.0
STRN,0,17,0.0,0.0331
STRN3,0,0,0.0,0.0
STRN4,0,0,0.0,0.0
STS,1,11,0.0089,0.0214
STT3A,3,29,0.0268,0.0564
STT3B,3,25,0.0268,0.0486
STUB1,2,28,0.0179,0.0545
STUM,0,0,0.0,0.0
STX10,1,4,0.0089,0.0078
STX11,1,0,0.0089,0.0
STX12,1,0,0.0089,0.0
STX16,1,5,0.0089,0.0097
STX17,2,8,0.0179,0.0156
STX18,2,5,0.0179,0.0097
STX19,1,0,0.0089,0.0
STX1A,6,37,0.0536,0.072
STX1B,2,8,0.0179,0.0156
STX2,2,0,0.0179,0.0
STX3,2,4,0.0179,0.0078
STX4,2,18,0.0179,0.035
STX5,1,23,0.0089,0.0447
STX6,1,5,0.0089,0.0097
STX7,2,0,0.0179,0.0
STX8,1,0,0.0089,0.0
STXBP1,1,15,0.0089,0.0292
STXBP2,0,8,0.0,0.0156
STXBP3,0,7,0.0,0.0136
STXBP4,0,0,0.0,0.0
STXBP5,0,0,0.0,0.0
STXBP5L,0,0,0.0,0.0
STXBP6,0,0,0.0,0.0
STYK1,0,0,0.0,0.0
STYX,0,0,0.0,0.0
STYXL1,0,0,0.0,0.0
STYXL2,0,0,0.0,0.0
SUB1,0,0,0.0,0.0
SUCLA2,2,3,0.0179,0.0058
SUCLG1,2,3,0.0179,0.0058
SUCLG2,2,5,0.0179,0.0097
SUCNR1,1,6,0.0089,0.0117
SUCO,0,0,0.0,0.0
SUDS3,0,16,0.0,0.0311
SUFU,3,11,0.0268,0.0214
SUGCT,0,0,0.0,0.0
SUGP1,0,11,0.0,0.0214
SUGP2,0,0,0.0,0.0
SUGT1,1,11,0.0089,0.0214
SULF1,0,0,0.0,0.0
SULF2,0,0,0.0,0.0
SULT1A1,1,6,0.0089,0.0117
SULT1A2,1,4,0.0089,0.0078
SULT1A3,1,11,0.0089,0.0214
SULT1A4,1,11,0.0089,0.0214
SULT1B1,0,4,0.0,0.0078
SULT1C2,0,4,0.0,0.0078
SULT1C3,0,0,0.0,0.0
SULT1C4,0,6,0.0,0.0117
SULT1E1,1,6,0.0089,0.0117
SULT2A1,3,9,0.0268,0.0175
SULT2B1,1,4,0.0089,0.0078
SULT4A1,0,4,0.0,0.0078
SULT6B1,0,4,0.0,0.0078
SUMF1,1,9,0.0089,0.0175
SUMF2,0,9,0.0,0.0175
SUMO1,2,87,0.0179,0.1693
SUMO2,2,38,0.0179,0.0739
SUMO3,2,25,0.0179,0.0486
SUMO4,2,0,0.0179,0.0
SUN1,0,4,0.0,0.0078
SUN2,0,9,0.0,0.0175
SUN3,0,0,0.0,0.0
SUN5,0,0,0.0,0.0
SUOX,1,5,0.0089,0.0097
SUPT16H,0,29,0.0,0.0564
SUPT20H,1,3,0.0089,0.0058
SUPT20HL1,0,0,0.0,0.0
SUPT20HL2,0,0,0.0,0.0
SUPT3H,1,3,0.0089,0.0058
SUPT4H1,0,37,0.0,0.072
SUPT7L,0,3,0.0,0.0058
SURF1,0,4,0.0,0.0078
SURF2,0,0,0.0,0.0
SURF4,0,8,0.0,0.0156
SURF6,0,0,0.0,0.0
SUSD1,0,0,0.0,0.0
SUSD2,0,0,0.0,0.0
SUSD3,0,0,0.0,0.0
SUSD4,0,0,0.0,0.0
SUSD5,0,0,0.0,0.0
SUSD6,0,0,0.0,0.0
SUV39H1,1,7,0.0089,0.0136
SUV39H2,1,3,0.0089,0.0058
SUV420H1,0,0,0.0,0.0
SUV420H2,0,0,0.0,0.0
SUZ12,0,53,0.0,0.1031
SV2A,1,9,0.0089,0.0175
SV2B,1,9,0.0089,0.0175
SV2C,1,8,0.0089,0.0156
SVBP,0,3,0.0,0.0058
SVEP1,0,0,0.0,0.0
SVIL,0,0,0.0,0.0
SVIP,1,3,0.0089,0.0058
SVOP,0,0,0.0,0.0
SVOPL,0,0,0.0,0.0
SWAP70,0,7,0.0,0.0136
SWI5,0,0,0.0,0.0
SWSAP1,0,0,0.0,0.0
SWT1,0,0,0.0,0.0
SYAP1,0,0,0.0,0.0
SYBU,0,0,0.0,0.0
SYCE1,0,4,0.0,0.0078
SYCE1L,0,0,0.0,0.0
SYCE2,0,4,0.0,0.0078
SYCE3,0,4,0.0,0.0078
SYCN,0,4,0.0,0.0078
SYCP1,0,4,0.0,0.0078
SYCP2,0,4,0.0,0.0078
SYCP2L,0,0,0.0,0.0
SYCP3,1,4,0.0089,0.0078
SYDE1,0,10,0.0,0.0195
SYDE2,0,5,0.0,0.0097
SYF2,1,4,0.0089,0.0078
SYK,17,68,0.1518,0.1323
SYN1,0,8,0.0,0.0156
SYN2,0,5,0.0,0.0097
SYN3,0,5,0.0,0.0097
SYNC,0,0,0.0,0.0
SYNCRIP,0,0,0.0,0.0
SYNDIG1,0,0,0.0,0.0
SYNDIG1L,0,0,0.0,0.0
SYNE1,0,4,0.0,0.0078
SYNE2,0,4,0.0,0.0078
SYNE3,0,0,0.0,0.0
SYNE4,0,0,0.0,0.0
SYNGAP1,1,5,0.0089,0.0097
SYNGR1,0,3,0.0,0.0058
SYNGR2,0,0,0.0,0.0
SYNGR3,0,0,0.0,0.0
SYNGR4,0,0,0.0,0.0
SYNJ1,2,11,0.0179,0.0214
SYNJ2,2,8,0.0179,0.0156
SYNJ2BP,0,0,0.0,0.0
SYNJ2BP-COX16,0,0,0.0,0.0
SYNM,0,0,0.0,0.0
SYNPO,1,0,0.0089,0.0
SYNPO2,0,0,0.0,0.0
SYNPO2L,0,0,0.0,0.0
SYNPR,0,0,0.0,0.0
SYNRG,0,0,0.0,0.0
SYP,0,3,0.0,0.0058
SYPL1,0,0,0.0,0.0
SYPL2,0,0,0.0,0.0
SYT1,1,23,0.0089,0.0447
SYT10,0,8,0.0,0.0156
SYT11,0,4,0.0,0.0078
SYT12,0,3,0.0,0.0058
SYT13,0,0,0.0,0.0
SYT14,0,0,0.0,0.0
SYT15,0,0,0.0,0.0
SYT16,0,0,0.0,0.0
SYT17,0,0,0.0,0.0
SYT2,0,13,0.0,0.0253
SYT3,0,0,0.0,0.0
SYT4,0,0,0.0,0.0
SYT5,0,3,0.0,0.0058
SYT6,0,0,0.0,0.0
SYT7,0,3,0.0,0.0058
SYT8,0,4,0.0,0.0078
SYT9,0,7,0.0,0.0136
SYTL1,0,4,0.0,0.0078
SYTL2,0,4,0.0,0.0078
SYTL3,0,0,0.0,0.0
SYTL4,0,4,0.0,0.0078
SYTL5,0,0,0.0,0.0
SYVN1,2,18,0.0179,0.035
SZRD1,0,0,0.0,0.0
SZT2,0,4,0.0,0.0078
T,0,0,0.0,0.0
TAAR1,1,7,0.0089,0.0136
TAAR2,1,7,0.0089,0.0136
TAAR5,1,7,0.0089,0.0136
TAAR6,1,7,0.0089,0.0136
TAAR8,1,7,0.0089,0.0136
TAAR9,1,7,0.0089,0.0136
TAB1,17,53,0.1518,0.1031
TAB2,20,59,0.1786,0.1148
TAB3,7,49,0.0625,0.0953
TAC1,1,8,0.0089,0.0156
TAC3,1,8,0.0089,0.0156
TAC4,1,0,0.0089,0.0
TACC1,0,0,0.0,0.0
TACC2,0,0,0.0,0.0
TACC3,1,6,0.0089,0.0117
TACO1,0,4,0.0,0.0078
TACR1,2,12,0.0179,0.0233
TACR2,2,8,0.0179,0.0156
TACR3,2,8,0.0179,0.0156
TACSTD2,0,0,0.0,0.0
TADA1,0,3,0.0,0.0058
TADA2A,0,7,0.0,0.0136
TADA2B,0,7,0.0,0.0136
TADA3,1,11,0.0089,0.0214
TAF1,1,20,0.0089,0.0389
TAF10,1,27,0.0089,0.0525
TAF11,1,24,0.0089,0.0467
TAF12,1,23,0.0089,0.0447
TAF13,1,24,0.0089,0.0467
TAF15,2,20,0.0179,0.0389
TAF1A,0,17,0.0,0.0331
TAF1C,0,17,0.0,0.0331
TAF1D,0,17,0.0,0.0331
TAF1L,1,20,0.0089,0.0389
TAF2,1,20,0.0089,0.0389
TAF3,1,20,0.0089,0.0389
TAF4,2,20,0.0179,0.0389
TAF4B,2,20,0.0179,0.0389
TAF5,1,24,0.0089,0.0467
TAF5L,1,3,0.0089,0.0058
TAF6L,1,3,0.0089,0.0058
TAF7,1,20,0.0089,0.0389
TAF7L,1,20,0.0089,0.0389
TAF8,1,24,0.0089,0.0467
TAF9,1,27,0.0089,0.0525
TAF9B,1,24,0.0089,0.0467
TAFA1,0,0,0.0,0.0
TAFA2,0,0,0.0,0.0
TAFA3,0,0,0.0,0.0
TAFA4,0,0,0.0,0.0
TAFA5,0,0,0.0,0.0
TAFAZZIN,1,9,0.0089,0.0175
TAGAP,0,7,0.0,0.0136
TAGLN,0,0,0.0,0.0
TAGLN2,0,4,0.0,0.0078
TAGLN3,0,0,0.0,0.0
TAL1,0,12,0.0,0.0233
TAL2,0,0,0.0,0.0
TALDO1,1,23,0.0089,0.0447
TAMALIN,0,0,0.0,0.0
TAMM41,0,0,0.0,0.0
TANC1,0,0,0.0,0.0
TANC2,0,0,0.0,0.0
TANGO2,0,0,0.0,0.0
TANK,6,13,0.0536,0.0253
TAOK1,1,24,0.0089,0.0467
TAOK2,1,0,0.0089,0.0
TAOK3,1,7,0.0089,0.0136
TAP1,8,11,0.0714,0.0214
TAP2,8,11,0.0714,0.0214
TAPBP,5,6,0.0446,0.0117
TAPBPL,0,0,0.0,0.0
TAPT1,0,0,0.0,0.0
TARBP1,0,0,0.0,0.0
TARBP2,0,9,0.0,0.0175
TARDBP,4,0,0.0357,0.0
TARM1,0,3,0.0,0.0058
TARP,0,0,0.0,0.0
TARS1,1,4,0.0089,0.0078
TARS2,1,4,0.0089,0.0078
TARS3,1,0,0.0089,0.0
TARSL2,0,0,0.0,0.0
TAS1R1,1,12,0.0089,0.0233
TAS1R2,2,12,0.0179,0.0233
TAS1R3,2,12,0.0179,0.0233
TAS2R1,1,12,0.0089,0.0233
TAS2R10,1,12,0.0089,0.0233
TAS2R13,1,12,0.0089,0.0233
TAS2R14,1,12,0.0089,0.0233
TAS2R16,1,12,0.0089,0.0233
TAS2R19,1,6,0.0089,0.0117
TAS2R20,1,12,0.0089,0.0233
TAS2R3,1,12,0.0089,0.0233
TAS2R30,1,12,0.0089,0.0233
TAS2R31,1,12,0.0089,0.0233
TAS2R38,1,12,0.0089,0.0233
TAS2R39,1,12,0.0089,0.0233
TAS2R4,1,12,0.0089,0.0233
TAS2R40,1,12,0.0089,0.0233
TAS2R41,1,12,0.0089,0.0233
TAS2R42,1,6,0.0089,0.0117
TAS2R43,1,12,0.0089,0.0233
TAS2R46,1,12,0.0089,0.0233
TAS2R5,1,12,0.0089,0.0233
TAS2R50,1,12,0.0089,0.0233
TAS2R60,1,6,0.0089,0.0117
TAS2R7,1,12,0.0089,0.0233
TAS2R8,1,12,0.0089,0.0233
TAS2R9,1,6,0.0089,0.0117
TASL,0,6,0.0,0.0117
TASOR,0,8,0.0,0.0156
TASOR2,0,0,0.0,0.0
TASP1,0,8,0.0,0.0156
TAT,5,4,0.0446,0.0078
TATDN1,0,0,0.0,0.0
TATDN2,0,5,0.0,0.0097
TATDN3,0,0,0.0,0.0
TAX1BP1,1,8,0.0089,0.0156
TAX1BP3,0,5,0.0,0.0097
TAZ,0,0,0.0,0.0
TBATA,0,0,0.0,0.0
TBC1D1,1,3,0.0089,0.0058
TBC1D10A,0,4,0.0,0.0078
TBC1D10B,0,4,0.0,0.0078
TBC1D10C,0,7,0.0,0.0136
TBC1D12,0,0,0.0,0.0
TBC1D13,0,4,0.0,0.0078
TBC1D14,0,4,0.0,0.0078
TBC1D15,1,4,0.0089,0.0078
TBC1D16,0,4,0.0,0.0078
TBC1D17,1,4,0.0089,0.0078
TBC1D19,0,0,0.0,0.0
TBC1D2,0,4,0.0,0.0078
TBC1D20,0,10,0.0,0.0195
TBC1D21,0,0,0.0,0.0
TBC1D22A,0,0,0.0,0.0
TBC1D22B,0,0,0.0,0.0
TBC1D23,0,0,0.0,0.0
TBC1D24,0,4,0.0,0.0078
TBC1D25,0,4,0.0,0.0078
TBC1D26,0,0,0.0,0.0
TBC1D27,0,0,0.0,0.0
TBC1D28,0,0,0.0,0.0
TBC1D29,0,0,0.0,0.0
TBC1D2B,0,0,0.0,0.0
TBC1D3,0,4,0.0,0.0078
TBC1D30,0,0,0.0,0.0
TBC1D31,0,0,0.0,0.0
TBC1D32,0,0,0.0,0.0
TBC1D3B,0,0,0.0,0.0
TBC1D3C,0,4,0.0,0.0078
TBC1D3E,0,0,0.0,0.0
TBC1D3F,0,0,0.0,0.0
TBC1D3H,0,0,0.0,0.0
TBC1D3K,0,0,0.0,0.0
TBC1D3L,0,0,0.0,0.0
TBC1D4,3,3,0.0268,0.0058
TBC1D5,0,0,0.0,0.0
TBC1D7,1,4,0.0089,0.0078
TBC1D8,0,0,0.0,0.0
TBC1D8B,0,4,0.0,0.0078
TBC1D9,0,0,0.0,0.0
TBC1D9B,0,0,0.0,0.0
TBCA,0,3,0.0,0.0058
TBCB,0,3,0.0,0.0058
TBCC,0,3,0.0,0.0058
TBCCD1,0,0,0.0,0.0
TBCE,0,3,0.0,0.0058
TBCEL,0,0,0.0,0.0
TBCK,0,0,0.0,0.0
TBK1,24,52,0.2143,0.1012
TBKBP1,1,0,0.0089,0.0
TBL1X,1,78,0.0089,0.1518
TBL1XR1,1,78,0.0089,0.1518
TBL1Y,1,0,0.0089,0.0
TBL2,0,0,0.0,0.0
TBP,6,54,0.0536,0.1051
TBPL1,6,0,0.0536,0.0
TBPL2,6,3,0.0536,0.0058
TBR1,0,0,0.0,0.0
TBRG1,0,0,0.0,0.0
TBRG4,0,3,0.0,0.0058
TBX1,0,2,0.0,0.0039
TBX10,0,0,0.0,0.0
TBX15,0,0,0.0,0.0
TBX18,0,0,0.0,0.0
TBX19,0,0,0.0,0.0
TBX2,0,4,0.0,0.0078
TBX20,0,2,0.0,0.0039
TBX21,3,6,0.0268,0.0117
TBX22,0,0,0.0,0.0
TBX3,1,3,0.0089,0.0058
TBX4,0,0,0.0,0.0
TBX5,0,9,0.0,0.0175
TBX6,0,5,0.0,0.0097
TBXA2R,3,13,0.0268,0.0253
TBXAS1,2,13,0.0179,0.0253
TBXT,0,8,0.0,0.0156
TC2N,0,0,0.0,0.0
TCAF1,0,0,0.0,0.0
TCAF2,0,0,0.0,0.0
TCAIM,0,0,0.0,0.0
TCAP,0,2,0.0,0.0039
TCEA1,0,29,0.0,0.0564
TCEA2,0,0,0.0,0.0
TCEA3,0,0,0.0,0.0
TCEAL1,0,0,0.0,0.0
TCEAL2,0,0,0.0,0.0
TCEAL3,0,0,0.0,0.0
TCEAL4,0,0,0.0,0.0
TCEAL5,0,0,0.0,0.0
TCEAL6,0,0,0.0,0.0
TCEAL7,0,0,0.0,0.0
TCEAL8,0,0,0.0,0.0
TCEAL9,0,0,0.0,0.0
TCEANC,0,0,0.0,0.0
TCEANC2,0,0,0.0,0.0
TCEB1,0,0,0.0,0.0
TCEB2,0,0,0.0,0.0
TCEB3,0,0,0.0,0.0
TCEB3B,0,0,0.0,0.0
TCEB3C,0,0,0.0,0.0
TCEB3CL,0,0,0.0,0.0
TCEB3CL2,0,0,0.0,0.0
TCERG1,1,6,0.0089,0.0117
TCERG1L,0,0,0.0,0.0
TCF12,0,41,0.0,0.0798
TCF15,0,0,0.0,0.0
TCF19,0,6,0.0,0.0117
TCF20,0,0,0.0,0.0
TCF21,0,0,0.0,0.0
TCF23,0,0,0.0,0.0
TCF24,0,0,0.0,0.0
TCF25,0,8,0.0,0.0156
TCF3,3,30,0.0268,0.0584
TCF4,0,16,0.0,0.0311
TCF7,20,35,0.1786,0.0681
TCF7L1,19,34,0.1696,0.0661
TCF7L2,19,43,0.1696,0.0837
TCFL5,0,0,0.0,0.0
TCHH,0,3,0.0,0.0058
TCHHL1,0,0,0.0,0.0
TCHP,0,0,0.0,0.0
TCIM,0,0,0.0,0.0
TCIRG1,10,16,0.0893,0.0311
TCL1A,1,0,0.0089,0.0
TCL1B,1,0,0.0089,0.0
TCN1,0,9,0.0,0.0175
TCN2,1,11,0.0089,0.0214
TCOF1,1,0,0.0089,0.0
TCP10,0,0,0.0,0.0
TCP10L,0,0,0.0,0.0
TCP10L2,0,0,0.0,0.0
TCP11,0,0,0.0,0.0
TCP11L1,0,0,0.0,0.0
TCP11L2,0,0,0.0,0.0
TCP11X2,0,0,0.0,0.0
TCTA,0,0,0.0,0.0
TCTE1,0,0,0.0,0.0
TCTE3,0,0,0.0,0.0
TCTEX1D1,0,0,0.0,0.0
TCTEX1D2,0,0,0.0,0.0
TCTEX1D4,0,0,0.0,0.0
TCTN1,0,4,0.0,0.0078
TCTN2,0,4,0.0,0.0078
TCTN3,0,4,0.0,0.0078
TDG,1,16,0.0089,0.0311
TDGF1,0,0,0.0,0.0
TDO2,1,3,0.0089,0.0058
TDP1,0,3,0.0,0.0058
TDP2,0,3,0.0,0.0058
TDRD1,0,3,0.0,0.0058
TDRD10,0,0,0.0,0.0
TDRD12,0,3,0.0,0.0058
TDRD15,0,0,0.0,0.0
TDRD3,0,0,0.0,0.0
TDRD5,0,0,0.0,0.0
TDRD6,0,3,0.0,0.0058
TDRD7,0,0,0.0,0.0
TDRD9,0,3,0.0,0.0058
TDRKH,0,3,0.0,0.0058
TDRP,0,0,0.0,0.0
TEAD1,2,15,0.0179,0.0292
TEAD2,2,15,0.0179,0.0292
TEAD3,2,12,0.0179,0.0233
TEAD4,2,17,0.0179,0.0331
TEC,2,14,0.0179,0.0272
TECPR1,1,0,0.0089,0.0
TECPR2,0,0,0.0,0.0
TECR,2,5,0.0179,0.0097
TECRL,0,5,0.0,0.0097
TECTA,0,3,0.0,0.0058
TECTB,0,3,0.0,0.0058
TEDC1,0,0,0.0,0.0
TEDC2,0,0,0.0,0.0
TEDDM1,0,0,0.0,0.0
TEF,0,0,0.0,0.0
TEFM,0,0,0.0,0.0
TEK,6,10,0.0536,0.0195
TEKT1,0,0,0.0,0.0
TEKT2,0,0,0.0,0.0
TEKT3,0,0,0.0,0.0
TEKT4,0,0,0.0,0.0
TEKT5,0,0,0.0,0.0
TEKTIP1,0,0,0.0,0.0
TEKTL1,0,0,0.0,0.0
TEN1,0,7,0.0,0.0136
TENM1,0,0,0.0,0.0
TENM2,0,0,0.0,0.0
TENM3,0,0,0.0,0.0
TENM4,0,0,0.0,0.0
TENT2,0,0,0.0,0.0
TENT4A,1,6,0.0089,0.0117
TENT4B,1,2,0.0089,0.0039
TENT5A,0,0,0.0,0.0
TENT5B,0,0,0.0,0.0
TENT5C,0,0,0.0,0.0
TENT5D,0,0,0.0,0.0
TEP1,0,0,0.0,0.0
TEPP,0,0,0.0,0.0
TEPSIN,0,0,0.0,0.0
TERB1,0,0,0.0,0.0
TERB2,0,0,0.0,0.0
TERF1,0,35,0.0,0.0681
TERF2,0,35,0.0,0.0681
TERF2IP,0,35,0.0,0.0681
TERT,5,13,0.0446,0.0253
TES,0,0,0.0,0.0
TESC,0,0,0.0,0.0
TESK1,0,4,0.0,0.0078
TESK2,0,0,0.0,0.0
TESMIN,0,0,0.0,0.0
TESPA1,0,0,0.0,0.0
TET1,0,3,0.0,0.0058
TET2,0,5,0.0,0.0097
TET3,0,6,0.0,0.0117
TEX10,0,4,0.0,0.0078
TEX101,0,3,0.0,0.0058
TEX11,0,0,0.0,0.0
TEX12,0,4,0.0,0.0078
TEX13A,0,0,0.0,0.0
TEX13B,0,0,0.0,0.0
TEX13C,0,0,0.0,0.0
TEX14,0,0,0.0,0.0
TEX15,0,0,0.0,0.0
TEX19,0,0,0.0,0.0
TEX2,0,5,0.0,0.0097
TEX22,0,0,0.0,0.0
TEX26,0,0,0.0,0.0
TEX261,0,0,0.0,0.0
TEX264,0,4,0.0,0.0078
TEX28,0,0,0.0,0.0
TEX29,0,0,0.0,0.0
TEX30,0,0,0.0,0.0
TEX33,0,0,0.0,0.0
TEX35,0,0,0.0,0.0
TEX36,0,0,0.0,0.0
TEX37,0,0,0.0,0.0
TEX38,0,0,0.0,0.0
TEX40,0,0,0.0,0.0
TEX43,0,0,0.0,0.0
TEX44,0,0,0.0,0.0
TEX45,0,0,0.0,0.0
TEX46,0,0,0.0,0.0
TEX47,0,0,0.0,0.0
TEX48,0,0,0.0,0.0
TEX55,0,0,0.0,0.0
TEX9,0,0,0.0,0.0
TF,3,15,0.0268,0.0292
TFAP2A,0,42,0.0,0.0817
TFAP2B,0,23,0.0,0.0447
TFAP2C,0,31,0.0,0.0603
TFAP2D,0,11,0.0,0.0214
TFAP2E,0,11,0.0,0.0214
TFAP4,1,0,0.0089,0.0
TFB1M,0,7,0.0,0.0136
TFB2M,0,6,0.0,0.0117
TFCP2,0,0,0.0,0.0
TFCP2L1,0,0,0.0,0.0
TFDP1,2,61,0.0179,0.1187
TFDP2,1,61,0.0089,0.1187
TFDP3,0,0,0.0,0.0
TFE3,3,3,0.0268,0.0058
TFEB,1,5,0.0089,0.0097
TFEC,0,3,0.0,0.0058
TFF1,1,4,0.0089,0.0078
TFF2,0,0,0.0,0.0
TFF3,0,4,0.0,0.0078
TFG,2,12,0.0179,0.0233
TFIP11,0,4,0.0,0.0078
TFPI,1,4,0.0089,0.0078
TFPI2,0,4,0.0,0.0078
TFPT,0,8,0.0,0.0156
TFR2,0,3,0.0,0.0058
TG,2,0,0.0179,0.0
TGDS,0,0,0.0,0.0
TGFA,13,49,0.1161,0.0953
TGFB1,34,59,0.3036,0.1148
TGFB1I1,0,0,0.0,0.0
TGFB2,31,15,0.2768,0.0292
TGFB3,28,13,0.25,0.0253
TGFBI,0,2,0.0,0.0039
TGFBR1,23,32,0.2054,0.0623
TGFBR2,23,29,0.2054,0.0564
TGFBR3,0,21,0.0,0.0409
TGFBR3L,0,0,0.0,0.0
TGFBRAP1,0,0,0.0,0.0
TGIF1,1,9,0.0089,0.0175
TGIF2,1,18,0.0089,0.035
TGIF2-C20ORF24,0,0,0.0,0.0
TGIF2LX,0,0,0.0,0.0
TGIF2LY,0,0,0.0,0.0
TGM1,0,3,0.0,0.0058
TGM2,1,0,0.0089,0.0
TGM3,0,0,0.0,0.0
TGM4,0,0,0.0,0.0
TGM5,0,3,0.0,0.0058
TGM6,0,0,0.0,0.0
TGM7,0,0,0.0,0.0
TGOLN2,0,12,0.0,0.0233
TGS1,1,31,0.0089,0.0603
TH,8,4,0.0714,0.0078
THADA,0,3,0.0,0.0058
THAP1,0,0,0.0,0.0
THAP10,0,0,0.0,0.0
THAP11,0,0,0.0,0.0
THAP12,0,0,0.0,0.0
THAP2,0,0,0.0,0.0
THAP3,0,0,0.0,0.0
THAP4,0,0,0.0,0.0
THAP5,0,0,0.0,0.0
THAP6,0,0,0.0,0.0
THAP7,0,0,0.0,0.0
THAP8,0,0,0.0,0.0
THAP9,0,0,0.0,0.0
THBD,3,4,0.0268,0.0078
THBS1,12,26,0.1071,0.0506
THBS2,6,12,0.0536,0.0233
THBS3,6,3,0.0536,0.0058
THBS4,6,3,0.0536,0.0058
THEG,0,0,0.0,0.0
THEG5,0,0,0.0,0.0
THEGL,0,0,0.0,0.0
THEM4,2,25,0.0179,0.0486
THEM5,1,4,0.0089,0.0078
THEM6,0,0,0.0,0.0
THEMIS,0,0,0.0,0.0
THEMIS2,0,0,0.0,0.0
THG1L,0,3,0.0,0.0058
THNSL1,0,0,0.0,0.0
THNSL2,0,0,0.0,0.0
THOC1,2,5,0.0179,0.0097
THOC6,1,5,0.0089,0.0097
THOC7,1,5,0.0089,0.0097
THOP1,2,4,0.0179,0.0078
THPO,3,3,0.0268,0.0058
THRA,2,9,0.0179,0.0175
THRAP3,0,10,0.0,0.0195
THRB,2,9,0.0179,0.0175
THRSP,0,10,0.0,0.0195
THSD1,0,9,0.0,0.0175
THSD4,1,9,0.0089,0.0175
THSD7A,0,9,0.0,0.0175
THSD7B,0,9,0.0,0.0175
THTPA,1,4,0.0089,0.0078
THUMPD1,0,4,0.0,0.0078
THUMPD2,0,0,0.0,0.0
THUMPD3,0,0,0.0,0.0
THY1,1,3,0.0089,0.0058
THYN1,0,0,0.0,0.0
TIA1,0,5,0.0,0.0097
TIAF1,0,0,0.0,0.0
TIAL1,0,5,0.0,0.0097
TIAM1,7,33,0.0625,0.0642
TIAM2,0,16,0.0,0.0311
TICAM1,15,34,0.1339,0.0661
TICAM2,7,21,0.0625,0.0409
TIE1,0,0,0.0,0.0
TIFA,1,24,0.0089,0.0467
TIFAB,0,0,0.0,0.0
TIGAR,2,5,0.0179,0.0097
TIGD1,0,0,0.0,0.0
TIGD2,0,0,0.0,0.0
TIGD3,0,0,0.0,0.0
TIGD4,0,0,0.0,0.0
TIGD5,0,0,0.0,0.0
TIGD6,0,0,0.0,0.0
TIGD7,0,0,0.0,0.0
TIGIT,1,0,0.0089,0.0
TIMD4,0,5,0.0,0.0097
TIMELESS,0,5,0.0,0.0097
TIMM10B,0,2,0.0,0.0039
TIMM17A,0,6,0.0,0.0117
TIMM17B,0,4,0.0,0.0078
TIMM21,0,6,0.0,0.0117
TIMM22,0,6,0.0,0.0117
TIMM23B,0,0,0.0,0.0
TIMM29,0,0,0.0,0.0
TIMM50,0,2,0.0,0.0039
TIMM8A,0,2,0.0,0.0039
TIMM8B,0,2,0.0,0.0039
TIMM9,0,6,0.0,0.0117
TIMMDC1,0,4,0.0,0.0078
TIMP1,1,20,0.0089,0.0389
TIMP2,0,10,0.0,0.0195
TIMP3,2,4,0.0179,0.0078
TIMP4,0,0,0.0,0.0
TINAG,0,0,0.0,0.0
TINAGL1,0,0,0.0,0.0
TINF2,0,35,0.0,0.0681
TIPARP,0,0,0.0,0.0
TIPIN,0,5,0.0,0.0097
TIPRL,0,0,0.0,0.0
TIRAP,9,17,0.0804,0.0331
TJAP1,1,0,0.0089,0.0
TJP1,6,36,0.0536,0.07
TJP2,2,13,0.0179,0.0253
TJP3,1,0,0.0089,0.0
TK1,2,9,0.0179,0.0175
TK2,2,4,0.0179,0.0078
TKFC,3,21,0.0268,0.0409
TKT,1,11,0.0089,0.0214
TKTL1,1,0,0.0089,0.0
TKTL2,1,0,0.0089,0.0
TLCD1,0,0,0.0,0.0
TLCD2,0,0,0.0,0.0
TLCD3A,0,0,0.0,0.0
TLCD3B,0,0,0.0,0.0
TLCD4,0,0,0.0,0.0
TLCD5,0,0,0.0,0.0
TLDC1,0,0,0.0,0.0
TLDC2,0,0,0.0,0.0
TLE1,2,23,0.0179,0.0447
TLE2,2,14,0.0179,0.0272
TLE3,2,17,0.0179,0.0331
TLE4,2,14,0.0179,0.0272
TLE5,0,4,0.0,0.0078
TLE6,2,0,0.0179,0.0
TLK1,0,0,0.0,0.0
TLK2,0,0,0.0,0.0
TLL1,0,7,0.0,0.0136
TLL2,0,7,0.0,0.0136
TLN1,5,39,0.0446,0.0759
TLN2,5,0,0.0446,0.0
TLNRD1,0,0,0.0,0.0
TLR1,2,27,0.0179,0.0525
TLR10,0,10,0.0,0.0195
TLR2,23,33,0.2054,0.0642
TLR3,9,24,0.0804,0.0467
TLR4,30,44,0.2679,0.0856
TLR5,6,11,0.0536,0.0214
TLR6,6,22,0.0536,0.0428
TLR7,5,26,0.0446,0.0506
TLR8,3,12,0.0268,0.0233
TLR9,9,23,0.0804,0.0447
TLX1,1,0,0.0089,0.0
TLX2,0,0,0.0,0.0
TLX3,1,0,0.0089,0.0
TM2D1,0,0,0.0,0.0
TM2D2,0,0,0.0,0.0
TM2D3,0,0,0.0,0.0
TM4SF1,0,0,0.0,0.0
TM4SF18,0,0,0.0,0.0
TM4SF19,0,0,0.0,0.0
TM4SF20,0,0,0.0,0.0
TM4SF4,0,0,0.0,0.0
TM4SF5,0,0,0.0,0.0
TM6SF1,0,0,0.0,0.0
TM6SF2,0,0,0.0,0.0
TM7SF2,1,8,0.0089,0.0156
TM7SF3,0,0,0.0,0.0
TM9SF1,0,0,0.0,0.0
TM9SF2,0,0,0.0,0.0
TM9SF3,0,0,0.0,0.0
TM9SF4,0,0,0.0,0.0
TMA16,0,0,0.0,0.0
TMA7,0,0,0.0,0.0
TMBIM1,0,3,0.0,0.0058
TMBIM4,0,0,0.0,0.0
TMBIM6,1,0,0.0089,0.0
TMC1,0,4,0.0,0.0078
TMC2,0,4,0.0,0.0078
TMC3,0,0,0.0,0.0
TMC4,0,0,0.0,0.0
TMC5,0,0,0.0,0.0
TMC6,0,3,0.0,0.0058
TMC7,0,0,0.0,0.0
TMC8,0,0,0.0,0.0
TMCC1,0,0,0.0,0.0
TMCC2,0,0,0.0,0.0
TMCC3,0,0,0.0,0.0
TMCO1,0,0,0.0,0.0
TMCO2,0,0,0.0,0.0
TMCO3,0,0,0.0,0.0
TMCO4,0,0,0.0,0.0
TMCO5A,0,0,0.0,0.0
TMCO6,0,0,0.0,0.0
TMED1,0,0,0.0,0.0
TMED10,1,13,0.0089,0.0253
TMED2,0,17,0.0,0.0331
TMED3,0,11,0.0,0.0214
TMED4,0,0,0.0,0.0
TMED5,0,3,0.0,0.0058
TMED6,0,0,0.0,0.0
TMED7,0,11,0.0,0.0214
TMED7-TICAM2,0,21,0.0,0.0409
TMED8,0,0,0.0,0.0
TMED9,0,11,0.0,0.0214
TMEFF1,0,0,0.0,0.0
TMEFF2,0,0,0.0,0.0
TMEM100,0,0,0.0,0.0
TMEM101,0,0,0.0,0.0
TMEM102,0,0,0.0,0.0
TMEM104,0,0,0.0,0.0
TMEM105,0,0,0.0,0.0
TMEM106A,0,0,0.0,0.0
TMEM106B,0,0,0.0,0.0
TMEM106C,0,0,0.0,0.0
TMEM107,0,0,0.0,0.0
TMEM108,0,0,0.0,0.0
TMEM109,0,0,0.0,0.0
TMEM11,0,3,0.0,0.0058
TMEM110,0,0,0.0,0.0
TMEM110-MUSTN1,0,0,0.0,0.0
TMEM114,0,0,0.0,0.0
TMEM115,0,8,0.0,0.0156
TMEM116,0,0,0.0,0.0
TMEM117,0,0,0.0,0.0
TMEM119,0,0,0.0,0.0
TMEM120A,0,0,0.0,0.0
TMEM120B,0,0,0.0,0.0
TMEM121,0,0,0.0,0.0
TMEM121B,0,0,0.0,0.0
TMEM123,0,0,0.0,0.0
TMEM125,0,0,0.0,0.0
TMEM126A,0,4,0.0,0.0078
TMEM126B,0,4,0.0,0.0078
TMEM127,0,0,0.0,0.0
TMEM128,0,0,0.0,0.0
TMEM129,0,4,0.0,0.0078
TMEM130,0,0,0.0,0.0
TMEM131,0,0,0.0,0.0
TMEM131L,0,0,0.0,0.0
TMEM132A,0,4,0.0,0.0078
TMEM132B,0,0,0.0,0.0
TMEM132C,0,0,0.0,0.0
TMEM132D,0,0,0.0,0.0
TMEM132E,0,0,0.0,0.0
TMEM133,0,0,0.0,0.0
TMEM134,0,0,0.0,0.0
TMEM135,0,0,0.0,0.0
TMEM136,0,0,0.0,0.0
TMEM138,0,0,0.0,0.0
TMEM139,0,0,0.0,0.0
TMEM140,0,0,0.0,0.0
TMEM141,0,0,0.0,0.0
TMEM143,0,0,0.0,0.0
TMEM144,0,0,0.0,0.0
TMEM145,0,0,0.0,0.0
TMEM147,0,0,0.0,0.0
TMEM14A,0,0,0.0,0.0
TMEM14B,0,0,0.0,0.0
TMEM14C,0,0,0.0,0.0
TMEM14E,0,0,0.0,0.0
TMEM150A,0,0,0.0,0.0
TMEM150B,0,0,0.0,0.0
TMEM150C,0,0,0.0,0.0
TMEM151A,0,0,0.0,0.0
TMEM151B,0,0,0.0,0.0
TMEM154,0,0,0.0,0.0
TMEM155,0,0,0.0,0.0
TMEM156,0,0,0.0,0.0
TMEM158,0,0,0.0,0.0
TMEM159,0,0,0.0,0.0
TMEM160,0,0,0.0,0.0
TMEM161A,0,0,0.0,0.0
TMEM161B,0,0,0.0,0.0
TMEM163,0,0,0.0,0.0
TMEM164,0,0,0.0,0.0
TMEM165,0,0,0.0,0.0
TMEM167A,0,0,0.0,0.0
TMEM167B,0,0,0.0,0.0
TMEM168,0,0,0.0,0.0
TMEM169,0,0,0.0,0.0
TMEM17,0,0,0.0,0.0
TMEM170A,0,0,0.0,0.0
TMEM170B,0,0,0.0,0.0
TMEM171,0,0,0.0,0.0
TMEM173,0,0,0.0,0.0
TMEM174,0,0,0.0,0.0
TMEM175,0,0,0.0,0.0
TMEM176A,0,0,0.0,0.0
TMEM176B,0,0,0.0,0.0
TMEM177,0,4,0.0,0.0078
TMEM178A,0,0,0.0,0.0
TMEM178B,0,0,0.0,0.0
TMEM179,0,0,0.0,0.0
TMEM179B,0,3,0.0,0.0058
TMEM18,0,0,0.0,0.0
TMEM180,0,0,0.0,0.0
TMEM181,0,0,0.0,0.0
TMEM182,0,0,0.0,0.0
TMEM183A,0,0,0.0,0.0
TMEM183B,0,0,0.0,0.0
TMEM184A,0,0,0.0,0.0
TMEM184B,0,0,0.0,0.0
TMEM184C,0,0,0.0,0.0
TMEM185A,0,0,0.0,0.0
TMEM185B,0,0,0.0,0.0
TMEM186,0,4,0.0,0.0078
TMEM187,0,0,0.0,0.0
TMEM189,0,0,0.0,0.0
TMEM189-UBE2V1,0,0,0.0,0.0
TMEM19,0,0,0.0,0.0
TMEM190,0,0,0.0,0.0
TMEM191B,0,0,0.0,0.0
TMEM191C,0,0,0.0,0.0
TMEM192,0,0,0.0,0.0
TMEM194A,0,0,0.0,0.0
TMEM194B,0,0,0.0,0.0
TMEM196,0,0,0.0,0.0
TMEM198,0,0,0.0,0.0
TMEM199,0,0,0.0,0.0
TMEM2,0,0,0.0,0.0
TMEM200A,0,0,0.0,0.0
TMEM200B,0,0,0.0,0.0
TMEM200C,0,0,0.0,0.0
TMEM201,0,0,0.0,0.0
TMEM202,0,0,0.0,0.0
TMEM203,0,0,0.0,0.0
TMEM204,0,0,0.0,0.0
TMEM205,0,0,0.0,0.0
TMEM206,0,0,0.0,0.0
TMEM207,0,0,0.0,0.0
TMEM208,0,0,0.0,0.0
TMEM209,0,0,0.0,0.0
TMEM210,0,0,0.0,0.0
TMEM211,0,0,0.0,0.0
TMEM212,0,0,0.0,0.0
TMEM213,0,0,0.0,0.0
TMEM214,0,0,0.0,0.0
TMEM215,0,0,0.0,0.0
TMEM216,0,4,0.0,0.0078
TMEM217,0,0,0.0,0.0
TMEM218,0,0,0.0,0.0
TMEM219,0,6,0.0,0.0117
TMEM220,0,0,0.0,0.0
TMEM221,0,0,0.0,0.0
TMEM222,0,0,0.0,0.0
TMEM223,0,4,0.0,0.0078
TMEM225,0,0,0.0,0.0
TMEM225B,0,0,0.0,0.0
TMEM229A,0,0,0.0,0.0
TMEM229B,0,0,0.0,0.0
TMEM230,0,0,0.0,0.0
TMEM231,0,0,0.0,0.0
TMEM232,0,0,0.0,0.0
TMEM233,0,0,0.0,0.0
TMEM234,0,0,0.0,0.0
TMEM235,0,0,0.0,0.0
TMEM236,0,0,0.0,0.0
TMEM237,0,0,0.0,0.0
TMEM238,0,0,0.0,0.0
TMEM239,0,0,0.0,0.0
TMEM240,0,0,0.0,0.0
TMEM241,0,0,0.0,0.0
TMEM242,0,0,0.0,0.0
TMEM243,0,0,0.0,0.0
TMEM244,0,0,0.0,0.0
TMEM245,0,0,0.0,0.0
TMEM246,0,0,0.0,0.0
TMEM247,0,0,0.0,0.0
TMEM248,0,0,0.0,0.0
TMEM249,0,0,0.0,0.0
TMEM25,0,0,0.0,0.0
TMEM250,0,0,0.0,0.0
TMEM251,0,0,0.0,0.0
TMEM252,0,0,0.0,0.0
TMEM253,0,0,0.0,0.0
TMEM254,0,0,0.0,0.0
TMEM255A,0,0,0.0,0.0
TMEM255B,0,0,0.0,0.0
TMEM256,0,0,0.0,0.0
TMEM257,0,0,0.0,0.0
TMEM259,0,0,0.0,0.0
TMEM26,0,0,0.0,0.0
TMEM260,0,0,0.0,0.0
TMEM261,0,0,0.0,0.0
TMEM262,0,0,0.0,0.0
TMEM263,0,0,0.0,0.0
TMEM265,0,0,0.0,0.0
TMEM266,0,0,0.0,0.0
TMEM267,0,0,0.0,0.0
TMEM268,0,0,0.0,0.0
TMEM269,0,0,0.0,0.0
TMEM27,0,0,0.0,0.0
TMEM270,0,0,0.0,0.0
TMEM273,0,0,0.0,0.0
TMEM276,0,0,0.0,0.0
TMEM30A,0,0,0.0,0.0
TMEM30B,0,0,0.0,0.0
TMEM31,0,0,0.0,0.0
TMEM33,0,0,0.0,0.0
TMEM35,0,0,0.0,0.0
TMEM35A,0,0,0.0,0.0
TMEM35B,0,0,0.0,0.0
TMEM37,0,0,0.0,0.0
TMEM38A,0,0,0.0,0.0
TMEM38B,0,0,0.0,0.0
TMEM39A,0,0,0.0,0.0
TMEM39B,0,0,0.0,0.0
TMEM40,0,0,0.0,0.0
TMEM41A,0,0,0.0,0.0
TMEM41B,0,0,0.0,0.0
TMEM42,0,0,0.0,0.0
TMEM43,0,0,0.0,0.0
TMEM44,0,0,0.0,0.0
TMEM45A,0,0,0.0,0.0
TMEM45B,0,0,0.0,0.0
TMEM47,0,0,0.0,0.0
TMEM5,0,0,0.0,0.0
TMEM50A,0,0,0.0,0.0
TMEM50B,0,0,0.0,0.0
TMEM51,0,0,0.0,0.0
TMEM52,0,0,0.0,0.0
TMEM52B,0,0,0.0,0.0
TMEM53,0,0,0.0,0.0
TMEM54,0,0,0.0,0.0
TMEM55A,0,0,0.0,0.0
TMEM55B,0,0,0.0,0.0
TMEM56,0,0,0.0,0.0
TMEM56-RWDD3,0,0,0.0,0.0
TMEM57,0,0,0.0,0.0
TMEM59,0,6,0.0,0.0117
TMEM59L,0,0,0.0,0.0
TMEM60,0,0,0.0,0.0
TMEM61,0,0,0.0,0.0
TMEM62,0,0,0.0,0.0
TMEM63A,0,3,0.0,0.0058
TMEM63B,0,0,0.0,0.0
TMEM63C,0,0,0.0,0.0
TMEM64,0,0,0.0,0.0
TMEM65,0,0,0.0,0.0
TMEM67,0,4,0.0,0.0078
TMEM68,0,0,0.0,0.0
TMEM69,0,0,0.0,0.0
TMEM70,0,0,0.0,0.0
TMEM71,0,0,0.0,0.0
TMEM72,0,0,0.0,0.0
TMEM74,0,0,0.0,0.0
TMEM74B,0,0,0.0,0.0
TMEM79,0,0,0.0,0.0
TMEM80,0,0,0.0,0.0
TMEM81,0,0,0.0,0.0
TMEM82,0,0,0.0,0.0
TMEM86A,0,0,0.0,0.0
TMEM86B,1,5,0.0089,0.0097
TMEM87A,0,5,0.0,0.0097
TMEM87B,0,0,0.0,0.0
TMEM88,0,0,0.0,0.0
TMEM88B,0,0,0.0,0.0
TMEM89,0,0,0.0,0.0
TMEM8A,0,0,0.0,0.0
TMEM8B,0,0,0.0,0.0
TMEM8C,0,0,0.0,0.0
TMEM9,0,0,0.0,0.0
TMEM91,0,0,0.0,0.0
TMEM92,0,0,0.0,0.0
TMEM94,0,0,0.0,0.0
TMEM95,0,0,0.0,0.0
TMEM97,0,0,0.0,0.0
TMEM98,0,0,0.0,0.0
TMEM99,0,0,0.0,0.0
TMEM9B,0,0,0.0,0.0
TMF1,0,4,0.0,0.0078
TMIE,0,4,0.0,0.0078
TMIGD1,0,0,0.0,0.0
TMIGD2,0,0,0.0,0.0
TMIGD3,0,0,0.0,0.0
TMLHE,1,3,0.0089,0.0058
TMOD1,0,2,0.0,0.0039
TMOD2,0,2,0.0,0.0039
TMOD3,0,9,0.0,0.0175
TMOD4,0,2,0.0,0.0039
TMPO,0,24,0.0,0.0467
TMPPE,0,0,0.0,0.0
TMPRSS11A,0,0,0.0,0.0
TMPRSS11B,0,0,0.0,0.0
TMPRSS11D,1,0,0.0089,0.0
TMPRSS11E,0,0,0.0,0.0
TMPRSS11F,0,0,0.0,0.0
TMPRSS12,0,0,0.0,0.0
TMPRSS13,0,0,0.0,0.0
TMPRSS15,0,0,0.0,0.0
TMPRSS2,4,11,0.0357,0.0214
TMPRSS3,0,0,0.0,0.0
TMPRSS4,1,0,0.0089,0.0
TMPRSS5,0,0,0.0,0.0
TMPRSS6,0,6,0.0,0.0117
TMPRSS7,0,0,0.0,0.0
TMPRSS9,0,0,0.0,0.0
TMSB10,0,0,0.0,0.0
TMSB15A,0,0,0.0,0.0
TMSB15B,0,0,0.0,0.0
TMSB4X,1,4,0.0089,0.0078
TMSB4Y,1,0,0.0089,0.0
TMT1A,0,3,0.0,0.0058
TMT1B,0,0,0.0,0.0
TMTC1,0,0,0.0,0.0
TMTC2,0,0,0.0,0.0
TMTC3,0,0,0.0,0.0
TMTC4,0,0,0.0,0.0
TMUB1,0,0,0.0,0.0
TMUB2,0,0,0.0,0.0
TMX1,0,0,0.0,0.0
TMX2,0,0,0.0,0.0
TMX3,0,4,0.0,0.0078
TMX4,0,0,0.0,0.0
TNC,5,10,0.0446,0.0195
TNF,65,19,0.5804,0.037
TNFAIP1,0,6,0.0,0.0117
TNFAIP2,0,0,0.0,0.0
TNFAIP3,7,16,0.0625,0.0311
TNFAIP6,0,3,0.0,0.0058
TNFAIP8,0,4,0.0,0.0078
TNFAIP8L1,0,4,0.0,0.0078
TNFAIP8L2,0,4,0.0,0.0078
TNFAIP8L2-SCNM1,0,0,0.0,0.0
TNFAIP8L3,0,4,0.0,0.0078
TNFRSF10A,10,21,0.0893,0.0409
TNFRSF10B,10,21,0.0893,0.0409
TNFRSF10C,2,6,0.0179,0.0117
TNFRSF10D,2,11,0.0179,0.0214
TNFRSF11A,5,4,0.0446,0.0078
TNFRSF11B,2,4,0.0179,0.0078
TNFRSF12A,1,4,0.0089,0.0078
TNFRSF13B,3,4,0.0268,0.0078
TNFRSF13C,5,4,0.0446,0.0078
TNFRSF14,3,11,0.0268,0.0214
TNFRSF17,2,4,0.0179,0.0078
TNFRSF18,1,9,0.0089,0.0175
TNFRSF19,1,0,0.0089,0.0
TNFRSF1A,34,13,0.3036,0.0253
TNFRSF1B,7,9,0.0625,0.0175
TNFRSF21,1,4,0.0089,0.0078
TNFRSF25,1,4,0.0089,0.0078
TNFRSF4,1,4,0.0089,0.0078
TNFRSF6B,1,4,0.0089,0.0078
TNFRSF8,1,4,0.0089,0.0078
TNFRSF9,1,4,0.0089,0.0078
TNFSF10,10,13,0.0893,0.0253
TNFSF11,7,8,0.0625,0.0156
TNFSF12,1,4,0.0089,0.0078
TNFSF12-TNFSF13,0,0,0.0,0.0
TNFSF13,3,7,0.0268,0.0136
TNFSF13B,4,5,0.0357,0.0097
TNFSF14,4,9,0.0357,0.0175
TNFSF15,1,4,0.0089,0.0078
TNFSF18,1,4,0.0089,0.0078
TNFSF4,1,4,0.0089,0.0078
TNFSF8,1,4,0.0089,0.0078
TNFSF9,1,4,0.0089,0.0078
TNIK,0,4,0.0,0.0078
TNIP1,1,4,0.0089,0.0078
TNIP2,0,29,0.0,0.0564
TNIP3,0,4,0.0,0.0078
TNK1,0,0,0.0,0.0
TNK2,0,3,0.0,0.0058
TNKS,0,16,0.0,0.0311
TNKS1BP1,0,0,0.0,0.0
TNKS2,0,16,0.0,0.0311
TNMD,0,0,0.0,0.0
TNN,5,2,0.0446,0.0039
TNNC1,5,2,0.0446,0.0039
TNNC2,1,2,0.0089,0.0039
TNNI1,0,2,0.0,0.0039
TNNI2,0,2,0.0,0.0039
TNNI3,6,4,0.0536,0.0078
TNNI3K,0,0,0.0,0.0
TNNT1,0,2,0.0,0.0039
TNNT2,4,2,0.0357,0.0039
TNNT3,0,2,0.0,0.0039
TNP1,0,0,0.0,0.0
TNP2,0,0,0.0,0.0
TNPO1,0,14,0.0,0.0272
TNPO2,0,0,0.0,0.0
TNR,5,2,0.0446,0.0039
TNRC18,0,0,0.0,0.0
TNRC6A,0,78,0.0,0.1518
TNRC6B,0,77,0.0,0.1498
TNRC6C,0,82,0.0,0.1595
TNS1,0,0,0.0,0.0
TNS2,0,0,0.0,0.0
TNS3,0,5,0.0,0.0097
TNS4,0,5,0.0,0.0097
TNXB,5,2,0.0446,0.0039
TOB1,1,0,0.0089,0.0
TOB2,1,0,0.0089,0.0
TOE1,0,0,0.0,0.0
TOGARAM1,0,0,0.0,0.0
TOGARAM2,0,0,0.0,0.0
TOLLIP,1,7,0.0089,0.0136
TOM1,0,3,0.0,0.0058
TOM1L1,0,0,0.0,0.0
TOM1L2,0,0,0.0,0.0
TOMM20,0,11,0.0,0.0214
TOMM20L,0,0,0.0,0.0
TOMM34,0,0,0.0,0.0
TOMM40L,2,0,0.0179,0.0
TOMM5,0,7,0.0,0.0136
TOMM6,0,7,0.0,0.0136
TOMM7,1,7,0.0089,0.0136
TOMM70,0,24,0.0,0.0467
TOMM70A,0,0,0.0,0.0
TOP1MT,0,0,0.0,0.0
TOP2B,0,5,0.0,0.0097
TOP3A,2,38,0.0179,0.0739
TOP3B,2,0,0.0179,0.0
TOP6BL,0,0,0.0,0.0
TOPAZ1,0,0,0.0,0.0
TOPBP1,1,24,0.0089,0.0467
TOPORS,0,7,0.0,0.0136
TOR1A,0,4,0.0,0.0078
TOR1AIP1,0,6,0.0,0.0117
TOR1AIP2,0,0,0.0,0.0
TOR1B,0,4,0.0,0.0078
TOR2A,0,0,0.0,0.0
TOR3A,0,0,0.0,0.0
TOR4A,0,4,0.0,0.0078
TOX,0,0,0.0,0.0
TOX2,0,0,0.0,0.0
TOX3,0,0,0.0,0.0
TOX4,0,0,0.0,0.0
TP53,49,130,0.4375,0.2529
TP53AIP1,2,6,0.0179,0.0117
TP53BP1,1,17,0.0089,0.0331
TP53BP2,1,15,0.0089,0.0292
TP53I11,0,0,0.0,0.0
TP53I13,0,0,0.0,0.0
TP53I3,1,6,0.0089,0.0117
TP53INP1,0,8,0.0,0.0156
TP53INP2,1,0,0.0089,0.0
TP53RK,0,9,0.0,0.0175
TP53TG3,0,0,0.0,0.0
TP53TG3B,0,0,0.0,0.0
TP53TG3C,0,0,0.0,0.0
TP53TG3D,0,0,0.0,0.0
TP53TG3E,0,0,0.0,0.0
TP53TG3F,0,0,0.0,0.0
TP53TG5,0,0,0.0,0.0
TP63,1,27,0.0089,0.0525
TP73,4,18,0.0357,0.035
TPBG,0,0,0.0,0.0
TPBGL,0,0,0.0,0.0
TPCN1,1,3,0.0089,0.0058
TPCN2,2,3,0.0179,0.0058
TPD52,0,4,0.0,0.0078
TPD52L1,0,4,0.0,0.0078
TPD52L2,0,0,0.0,0.0
TPD52L3,0,0,0.0,0.0
TPGS1,0,3,0.0,0.0058
TPGS2,0,3,0.0,0.0058
TPH1,3,10,0.0268,0.0195
TPH2,3,4,0.0268,0.0078
TPI1,3,5,0.0268,0.0097
TPK1,1,4,0.0089,0.0078
TPM1,5,3,0.0446,0.0058
TPM2,4,3,0.0357,0.0058
TPM3,6,12,0.0536,0.0233
TPM4,4,12,0.0357,0.0233
TPMT,1,10,0.0089,0.0195
TPO,3,4,0.0268,0.0078
TPP1,1,5,0.0089,0.0097
TPP2,0,4,0.0,0.0078
TPPP,0,0,0.0,0.0
TPPP2,0,0,0.0,0.0
TPPP3,0,0,0.0,0.0
TPR,4,89,0.0357,0.1732
TPRA1,0,0,0.0,0.0
TPRG1,0,0,0.0,0.0
TPRG1L,0,0,0.0,0.0
TPRKB,0,3,0.0,0.0058
TPRN,0,4,0.0,0.0078
TPRX1,0,6,0.0,0.0117
TPSAB1,1,3,0.0089,0.0058
TPSB2,1,0,0.0089,0.0
TPSD1,1,0,0.0089,0.0
TPSG1,0,0,0.0,0.0
TPST1,0,12,0.0,0.0233
TPST2,0,15,0.0,0.0292
TPTE,0,5,0.0,0.0097
TPTE2,0,5,0.0,0.0097
TRA2A,1,0,0.0089,0.0
TRA2B,1,13,0.0089,0.0253
TRABD,0,0,0.0,0.0
TRABD2A,0,0,0.0,0.0
TRABD2B,0,0,0.0,0.0
TRADD,23,19,0.2054,0.037
TRAF1,7,5,0.0625,0.0097
TRAF2,32,56,0.2857,0.1089
TRAF3,19,34,0.1696,0.0661
TRAF3IP1,0,0,0.0,0.0
TRAF3IP2,2,0,0.0179,0.0
TRAF3IP3,0,0,0.0,0.0
TRAF4,3,0,0.0268,0.0
TRAF5,13,0,0.1161,0.0
TRAF6,31,87,0.2768,0.1693
TRAF7,0,9,0.0,0.0175
TRAFD1,0,0,0.0,0.0
TRAIP,0,4,0.0,0.0078
TRAK1,0,9,0.0,0.0175
TRAK2,1,5,0.0089,0.0097
TRAM1,1,3,0.0089,0.0058
TRAM1L1,1,0,0.0089,0.0
TRAM2,0,0,0.0,0.0
TRANK1,0,0,0.0,0.0
TRAP1,2,6,0.0179,0.0117
TRAPPC10,0,10,0.0,0.0195
TRAPPC11,0,4,0.0,0.0078
TRAPPC12,0,4,0.0,0.0078
TRAPPC13,0,4,0.0,0.0078
TRAPPC14,0,0,0.0,0.0
TRAPPC2,0,10,0.0,0.0195
TRAPPC2L,0,10,0.0,0.0195
TRAPPC3L,0,0,0.0,0.0
TRAPPC4,0,13,0.0,0.0253
TRAPPC5,0,10,0.0,0.0195
TRAPPC6A,0,10,0.0,0.0195
TRAPPC6B,0,10,0.0,0.0195
TRAPPC8,0,4,0.0,0.0078
TRAPPC9,0,10,0.0,0.0195
TRARG1,0,0,0.0,0.0
TRAT1,0,13,0.0,0.0253
TRDMT1,0,3,0.0,0.0058
TRDN,2,6,0.0179,0.0117
TREH,1,3,0.0089,0.0058
TREM1,0,7,0.0,0.0136
TREM2,1,15,0.0089,0.0292
TREML1,0,3,0.0,0.0058
TREML2,0,3,0.0,0.0058
TREML4,0,3,0.0,0.0058
TRERF1,0,0,0.0,0.0
TREX1,1,7,0.0089,0.0136
TREX2,0,0,0.0,0.0
TRH,1,7,0.0089,0.0136
TRHDE,0,0,0.0,0.0
TRHR,2,7,0.0179,0.0136
TRIB1,0,6,0.0,0.0117
TRIB2,0,0,0.0,0.0
TRIB3,1,30,0.0089,0.0584
TRIL,0,0,0.0,0.0
TRIM10,0,4,0.0,0.0078
TRIM11,0,4,0.0,0.0078
TRIM13,0,6,0.0,0.0117
TRIM14,0,4,0.0,0.0078
TRIM15,0,0,0.0,0.0
TRIM16,0,0,0.0,0.0
TRIM16L,0,0,0.0,0.0
TRIM17,0,4,0.0,0.0078
TRIM2,0,4,0.0,0.0078
TRIM21,1,15,0.0089,0.0292
TRIM22,0,4,0.0,0.0078
TRIM23,0,0,0.0,0.0
TRIM24,0,8,0.0,0.0156
TRIM25,3,44,0.0268,0.0856
TRIM26,0,4,0.0,0.0078
TRIM27,0,16,0.0,0.0311
TRIM28,0,20,0.0,0.0389
TRIM29,0,4,0.0,0.0078
TRIM3,0,4,0.0,0.0078
TRIM31,0,4,0.0,0.0078
TRIM32,1,7,0.0089,0.0136
TRIM33,0,11,0.0,0.0214
TRIM34,0,4,0.0,0.0078
TRIM35,0,4,0.0,0.0078
TRIM36,0,4,0.0,0.0078
TRIM37,1,4,0.0089,0.0078
TRIM38,0,4,0.0,0.0078
TRIM39,0,4,0.0,0.0078
TRIM39-RPP21,0,0,0.0,0.0
TRIM4,0,27,0.0,0.0525
TRIM40,0,0,0.0,0.0
TRIM41,0,4,0.0,0.0078
TRIM42,0,0,0.0,0.0
TRIM43,0,0,0.0,0.0
TRIM43B,0,0,0.0,0.0
TRIM44,0,0,0.0,0.0
TRIM45,0,4,0.0,0.0078
TRIM46,0,4,0.0,0.0078
TRIM47,0,0,0.0,0.0
TRIM48,0,4,0.0,0.0078
TRIM49,0,0,0.0,0.0
TRIM49B,0,0,0.0,0.0
TRIM49C,0,0,0.0,0.0
TRIM49D1,0,0,0.0,0.0
TRIM49D2,0,0,0.0,0.0
TRIM5,1,4,0.0089,0.0078
TRIM50,0,4,0.0,0.0078
TRIM51,0,0,0.0,0.0
TRIM52,0,0,0.0,0.0
TRIM54,0,0,0.0,0.0
TRIM55,0,0,0.0,0.0
TRIM56,0,4,0.0,0.0078
TRIM58,0,0,0.0,0.0
TRIM59,0,0,0.0,0.0
TRIM6,0,4,0.0,0.0078
TRIM6-TRIM34,0,0,0.0,0.0
TRIM60,0,0,0.0,0.0
TRIM61,0,0,0.0,0.0
TRIM62,0,4,0.0,0.0078
TRIM63,0,9,0.0,0.0175
TRIM64,0,0,0.0,0.0
TRIM64B,0,0,0.0,0.0
TRIM64C,0,0,0.0,0.0
TRIM65,0,0,0.0,0.0
TRIM66,0,0,0.0,0.0
TRIM67,0,0,0.0,0.0
TRIM68,0,4,0.0,0.0078
TRIM69,0,4,0.0,0.0078
TRIM7,0,0,0.0,0.0
TRIM71,1,4,0.0089,0.0078
TRIM72,0,4,0.0,0.0078
TRIM73,0,0,0.0,0.0
TRIM74,0,0,0.0,0.0
TRIM77,0,0,0.0,0.0
TRIM8,0,4,0.0,0.0078
TRIM9,0,4,0.0,0.0078
TRIML1,0,0,0.0,0.0
TRIML2,0,0,0.0,0.0
TRIO,0,29,0.0,0.0564
TRIOBP,0,4,0.0,0.0078
TRIP10,1,8,0.0089,0.0156
TRIP11,0,16,0.0,0.0311
TRIP12,1,4,0.0089,0.0078
TRIP13,0,0,0.0,0.0
TRIP4,0,4,0.0,0.0078
TRIP6,1,0,0.0089,0.0
TRIQK,0,0,0.0,0.0
TRIR,0,0,0.0,0.0
TRIT1,0,6,0.0,0.0117
TRMO,0,0,0.0,0.0
TRMT1,0,3,0.0,0.0058
TRMT10A,0,3,0.0,0.0058
TRMT10B,0,0,0.0,0.0
TRMT10C,0,6,0.0,0.0117
TRMT11,0,3,0.0,0.0058
TRMT12,0,0,0.0,0.0
TRMT13,0,3,0.0,0.0058
TRMT1L,0,0,0.0,0.0
TRMT2A,0,0,0.0,0.0
TRMT2B,0,0,0.0,0.0
TRMT44,0,3,0.0,0.0058
TRMT6,0,3,0.0,0.0058
TRMT61A,0,3,0.0,0.0058
TRMT61B,0,4,0.0,0.0078
TRMT9B,0,3,0.0,0.0058
TRMU,0,3,0.0,0.0058
TRNP1,0,0,0.0,0.0
TRNT1,1,4,0.0089,0.0078
TRO,0,0,0.0,0.0
TROAP,0,0,0.0,0.0
TROVE2,0,0,0.0,0.0
TRPA1,1,4,0.0089,0.0078
TRPC1,5,16,0.0446,0.0311
TRPC3,3,24,0.0268,0.0467
TRPC4,2,9,0.0179,0.0175
TRPC4AP,0,4,0.0,0.0078
TRPC5,2,9,0.0179,0.0175
TRPC5OS,0,0,0.0,0.0
TRPC6,2,19,0.0179,0.037
TRPC7,0,19,0.0,0.037
TRPM1,0,8,0.0,0.0156
TRPM2,2,7,0.0179,0.0136
TRPM3,0,4,0.0,0.0078
TRPM4,1,7,0.0089,0.0136
TRPM5,1,7,0.0089,0.0136
TRPM6,1,4,0.0089,0.0078
TRPM7,4,4,0.0357,0.0078
TRPM8,1,4,0.0089,0.0078
TRPS1,0,0,0.0,0.0
TRPT1,0,0,0.0,0.0
TRPV1,2,4,0.0179,0.0078
TRPV2,2,4,0.0179,0.0078
TRPV3,1,4,0.0089,0.0078
TRPV4,3,12,0.0268,0.0233
TRPV5,2,4,0.0179,0.0078
TRPV6,2,4,0.0179,0.0078
TRUB1,0,0,0.0,0.0
TRUB2,0,5,0.0,0.0097
TSACC,0,0,0.0,0.0
TSBP1,0,0,0.0,0.0
TSC1,13,15,0.1161,0.0292
TSC2,15,22,0.1339,0.0428
TSC22D1,0,0,0.0,0.0
TSC22D2,0,0,0.0,0.0
TSC22D3,0,3,0.0,0.0058
TSC22D4,0,0,0.0,0.0
TSEN15,0,3,0.0,0.0058
TSEN2,0,3,0.0,0.0058
TSEN34,0,3,0.0,0.0058
TSEN54,0,3,0.0,0.0058
TSFM,0,4,0.0,0.0078
TSG101,1,19,0.0089,0.037
TSGA10,0,0,0.0,0.0
TSGA10IP,0,0,0.0,0.0
TSGA13,0,0,0.0,0.0
TSHB,5,15,0.0446,0.0292
TSHR,5,7,0.0446,0.0136
TSHZ1,0,0,0.0,0.0
TSHZ2,0,0,0.0,0.0
TSHZ3,0,0,0.0,0.0
TSKS,0,0,0.0,0.0
TSKU,0,0,0.0,0.0
TSLP,2,8,0.0179,0.0156
TSN,0,3,0.0,0.0058
TSNARE1,0,0,0.0,0.0
TSNAX,0,3,0.0,0.0058
TSNAXIP1,0,0,0.0,0.0
TSPAN1,0,0,0.0,0.0
TSPAN10,0,0,0.0,0.0
TSPAN11,0,0,0.0,0.0
TSPAN12,0,0,0.0,0.0
TSPAN13,0,0,0.0,0.0
TSPAN14,0,5,0.0,0.0097
TSPAN15,0,2,0.0,0.0039
TSPAN16,0,0,0.0,0.0
TSPAN17,0,0,0.0,0.0
TSPAN18,0,0,0.0,0.0
TSPAN19,0,0,0.0,0.0
TSPAN2,0,0,0.0,0.0
TSPAN3,0,0,0.0,0.0
TSPAN31,0,0,0.0,0.0
TSPAN32,0,0,0.0,0.0
TSPAN33,0,2,0.0,0.0039
TSPAN4,0,0,0.0,0.0
TSPAN5,0,2,0.0,0.0039
TSPAN6,0,0,0.0,0.0
TSPAN7,1,8,0.0089,0.0156
TSPAN8,0,0,0.0,0.0
TSPAN9,0,0,0.0,0.0
TSPEAR,0,0,0.0,0.0
TSPO,3,5,0.0268,0.0097
TSPO2,0,0,0.0,0.0
TSPOAP1,0,13,0.0,0.0253
TSPY1,0,0,0.0,0.0
TSPY10,0,0,0.0,0.0
TSPY2,0,0,0.0,0.0
TSPY3,0,0,0.0,0.0
TSPY4,0,0,0.0,0.0
TSPY8,0,0,0.0,0.0
TSPYL1,0,0,0.0,0.0
TSPYL2,0,5,0.0,0.0097
TSPYL4,0,0,0.0,0.0
TSPYL5,0,0,0.0,0.0
TSPYL6,0,0,0.0,0.0
TSR2,0,0,0.0,0.0
TSR3,0,4,0.0,0.0078
TSSC1,0,0,0.0,0.0
TSSC4,0,0,0.0,0.0
TSSK1B,0,0,0.0,0.0
TSSK2,0,0,0.0,0.0
TSSK3,0,0,0.0,0.0
TSSK4,0,0,0.0,0.0
TSSK6,0,0,0.0,0.0
TST,3,9,0.0268,0.0175
TSTA3,0,0,0.0,0.0
TSTD1,0,5,0.0,0.0097
TSTD2,0,0,0.0,0.0
TSTD3,0,0,0.0,0.0
TTBK1,0,0,0.0,0.0
TTBK2,0,4,0.0,0.0078
TTC12,0,0,0.0,0.0
TTC13,0,0,0.0,0.0
TTC14,0,0,0.0,0.0
TTC16,0,0,0.0,0.0
TTC17,0,0,0.0,0.0
TTC19,0,4,0.0,0.0078
TTC21A,0,0,0.0,0.0
TTC21B,0,7,0.0,0.0136
TTC22,0,0,0.0,0.0
TTC23,0,0,0.0,0.0
TTC23L,0,0,0.0,0.0
TTC24,0,0,0.0,0.0
TTC25,0,0,0.0,0.0
TTC26,0,0,0.0,0.0
TTC28,0,0,0.0,0.0
TTC29,0,0,0.0,0.0
TTC3,0,0,0.0,0.0
TTC30A,0,0,0.0,0.0
TTC30B,0,0,0.0,0.0
TTC31,0,0,0.0,0.0
TTC32,0,0,0.0,0.0
TTC33,0,0,0.0,0.0
TTC34,0,0,0.0,0.0
TTC36,0,0,0.0,0.0
TTC37,0,0,0.0,0.0
TTC38,0,0,0.0,0.0
TTC39A,0,0,0.0,0.0
TTC39B,0,0,0.0,0.0
TTC39C,0,0,0.0,0.0
TTC4,0,0,0.0,0.0
TTC5,0,0,0.0,0.0
TTC6,0,0,0.0,0.0
TTC7A,0,0,0.0,0.0
TTC7B,0,0,0.0,0.0
TTC8,0,5,0.0,0.0097
TTC9,0,0,0.0,0.0
TTC9B,0,0,0.0,0.0
TTC9C,0,0,0.0,0.0
TTF1,1,15,0.0089,0.0292
TTF2,1,0,0.0089,0.0
TTK,1,0,0.0089,0.0
TTL,0,3,0.0,0.0058
TTLL1,0,3,0.0,0.0058
TTLL10,0,3,0.0,0.0058
TTLL11,0,3,0.0,0.0058
TTLL12,0,3,0.0,0.0058
TTLL13P,0,0,0.0,0.0
TTLL2,0,3,0.0,0.0058
TTLL3,0,3,0.0,0.0058
TTLL4,0,3,0.0,0.0058
TTLL5,0,3,0.0,0.0058
TTLL6,0,3,0.0,0.0058
TTLL7,0,3,0.0,0.0058
TTLL8,0,0,0.0,0.0
TTLL9,0,3,0.0,0.0058
TTN,2,6,0.0179,0.0117
TTPA,0,4,0.0,0.0078
TTPAL,0,0,0.0,0.0
TTR,1,19,0.0089,0.037
TTYH1,0,3,0.0,0.0058
TTYH2,0,3,0.0,0.0058
TTYH3,0,3,0.0,0.0058
TUB,0,0,0.0,0.0
TUBA1A,12,111,0.1071,0.216
TUBA1B,12,105,0.1071,0.2043
TUBA1C,12,104,0.1071,0.2023
TUBA3C,12,104,0.1071,0.2023
TUBA3D,12,104,0.1071,0.2023
TUBA3E,12,100,0.1071,0.1946
TUBA4A,12,114,0.1071,0.2218
TUBA8,12,100,0.1071,0.1946
TUBAL3,12,100,0.1071,0.1946
TUBB1,10,104,0.0893,0.2023
TUBB2A,10,104,0.0893,0.2023
TUBB2B,10,104,0.0893,0.2023
TUBB3,10,104,0.0893,0.2023
TUBB4A,10,111,0.0893,0.216
TUBB4B,10,113,0.0893,0.2198
TUBB6,10,104,0.0893,0.2023
TUBB8,10,95,0.0893,0.1848
TUBD1,0,0,0.0,0.0
TUBE1,0,0,0.0,0.0
TUBG2,1,9,0.0089,0.0175
TUBGCP4,0,9,0.0,0.0175
TUBGCP5,0,9,0.0,0.0175
TUFT1,0,0,0.0,0.0
TULP1,0,0,0.0,0.0
TULP2,0,0,0.0,0.0
TULP3,0,3,0.0,0.0058
TULP4,0,3,0.0,0.0058
TUSC1,0,0,0.0,0.0
TUSC2,0,0,0.0,0.0
TUSC3,3,23,0.0268,0.0447
TUSC5,0,0,0.0,0.0
TUT4,0,7,0.0,0.0136
TUT7,0,7,0.0,0.0136
TVP23A,0,0,0.0,0.0
TVP23B,0,0,0.0,0.0
TVP23C,0,0,0.0,0.0
TVP23C-CDRT4,0,0,0.0,0.0
TWF1,0,10,0.0,0.0195
TWF2,0,4,0.0,0.0078
TWIST1,1,28,0.0089,0.0545
TWIST2,1,13,0.0089,0.0253
TWISTNB,0,0,0.0,0.0
TWSG1,0,0,0.0,0.0
TXK,1,8,0.0089,0.0156
TXLNA,0,4,0.0,0.0078
TXLNB,0,0,0.0,0.0
TXLNG,0,0,0.0,0.0
TXN2,4,8,0.0357,0.0156
TXNDC11,0,4,0.0,0.0078
TXNDC12,1,0,0.0089,0.0
TXNDC15,0,0,0.0,0.0
TXNDC16,0,0,0.0,0.0
TXNDC17,0,0,0.0,0.0
TXNDC2,0,0,0.0,0.0
TXNDC5,1,8,0.0089,0.0156
TXNDC8,0,0,0.0,0.0
TXNDC9,0,0,0.0,0.0
TXNIP,1,31,0.0089,0.0603
TXNL1,0,12,0.0,0.0233
TXNL4B,0,0,0.0,0.0
TXNRD1,3,30,0.0268,0.0584
TXNRD2,3,4,0.0268,0.0078
TXNRD3,3,0,0.0268,0.0
TXNRD3NB,0,0,0.0,0.0
TYK2,16,64,0.1429,0.1245
TYMP,3,6,0.0268,0.0117
TYMS,2,8,0.0179,0.0156
TYMSOS,0,0,0.0,0.0
TYR,2,7,0.0179,0.0136
TYRO3,0,5,0.0,0.0097
TYROBP,2,18,0.0179,0.035
TYRP1,2,7,0.0179,0.0136
TYSND1,0,6,0.0,0.0117
TYW1,0,4,0.0,0.0078
TYW1B,0,0,0.0,0.0
TYW3,0,4,0.0,0.0078
TYW5,0,4,0.0,0.0078
U2AF1L4,2,13,0.0179,0.0253
U2AF1L5,0,0,0.0,0.0
U2SURP,1,15,0.0089,0.0292
UACA,0,12,0.0,0.0233
UAP1,1,6,0.0089,0.0117
UAP1L1,1,0,0.0089,0.0
UBA2,1,12,0.0089,0.0233
UBA3,1,19,0.0089,0.037
UBA5,0,9,0.0,0.0175
UBA6,1,17,0.0089,0.0331
UBA7,3,21,0.0268,0.0409
UBAC1,0,4,0.0,0.0078
UBAC2,0,0,0.0,0.0
UBALD1,0,0,0.0,0.0
UBALD2,0,0,0.0,0.0
UBAP1,0,17,0.0,0.0331
UBAP1L,0,0,0.0,0.0
UBAP2,0,0,0.0,0.0
UBAP2L,0,0,0.0,0.0
UBASH3A,0,0,0.0,0.0
UBASH3B,0,0,0.0,0.0
UBB,6,480,0.0536,0.9339
UBC,7,480,0.0625,0.9339
UBD,0,3,0.0,0.0058
UBE2A,1,9,0.0089,0.0175
UBE2B,1,12,0.0089,0.0233
UBE2C,1,51,0.0089,0.0992
UBE2D1,3,95,0.0268,0.1848
UBE2D2,3,55,0.0268,0.107
UBE2D3,3,50,0.0268,0.0973
UBE2D4,3,4,0.0268,0.0078
UBE2E1,1,56,0.0089,0.1089
UBE2E2,1,4,0.0089,0.0078
UBE2E2-AS1,0,0,0.0,0.0
UBE2E3,1,8,0.0089,0.0156
UBE2F,1,7,0.0089,0.0136
UBE2G1,4,8,0.0357,0.0156
UBE2G2,4,8,0.0357,0.0156
UBE2H,1,8,0.0089,0.0156
UBE2I,4,102,0.0357,0.1984
UBE2J1,4,4,0.0357,0.0078
UBE2J2,4,12,0.0357,0.0233
UBE2K,1,12,0.0089,0.0233
UBE2L6,3,28,0.0268,0.0545
UBE2NL,2,0,0.0179,0.0
UBE2O,1,4,0.0089,0.0078
UBE2Q1,1,4,0.0089,0.0078
UBE2Q2,1,8,0.0089,0.0156
UBE2Q2L,0,0,0.0,0.0
UBE2QL1,1,0,0.0089,0.0
UBE2R2,1,8,0.0089,0.0156
UBE2S,1,51,0.0089,0.0992
UBE2T,1,6,0.0089,0.0117
UBE2U,1,4,0.0089,0.0078
UBE2V1,1,60,0.0089,0.1167
UBE2V2,1,23,0.0089,0.0447
UBE2W,1,8,0.0089,0.0156
UBE2Z,1,8,0.0089,0.0156
UBE3A,3,4,0.0268,0.0078
UBE3B,1,4,0.0089,0.0078
UBE3C,1,4,0.0089,0.0078
UBE3D,0,4,0.0,0.0078
UBE4A,1,4,0.0089,0.0078
UBE4B,2,0,0.0179,0.0
UBFD1,0,0,0.0,0.0
UBIAD1,0,4,0.0,0.0078
UBL3,0,0,0.0,0.0
UBL4A,0,2,0.0,0.0039
UBL4B,0,0,0.0,0.0
UBL7,0,0,0.0,0.0
UBLCP1,0,0,0.0,0.0
UBN1,0,5,0.0,0.0097
UBN2,0,0,0.0,0.0
UBOX5,1,4,0.0089,0.0078
UBP1,0,0,0.0,0.0
UBQLN1,2,4,0.0179,0.0078
UBQLN2,2,4,0.0179,0.0078
UBQLN3,2,0,0.0179,0.0
UBQLN4,2,0,0.0179,0.0
UBQLNL,0,0,0.0,0.0
UBR1,0,4,0.0,0.0078
UBR2,0,4,0.0,0.0078
UBR3,0,0,0.0,0.0
UBR4,2,12,0.0179,0.0233
UBR5,1,0,0.0089,0.0
UBR7,0,0,0.0,0.0
UBTD1,0,0,0.0,0.0
UBTD2,0,0,0.0,0.0
UBTFL1,0,0,0.0,0.0
UBXN1,1,8,0.0089,0.0156
UBXN10,0,0,0.0,0.0
UBXN11,0,7,0.0,0.0136
UBXN2A,1,0,0.0089,0.0
UBXN2B,0,0,0.0,0.0
UBXN4,1,0,0.0089,0.0
UBXN6,1,0,0.0089,0.0
UBXN7,0,7,0.0,0.0136
UBXN8,1,0,0.0089,0.0
UCHL1,2,4,0.0179,0.0078
UCHL3,0,7,0.0,0.0136
UCHL5,0,13,0.0,0.0253
UCK1,2,4,0.0179,0.0078
UCK2,2,4,0.0179,0.0078
UCKL1,2,4,0.0179,0.0078
UCMA,0,6,0.0,0.0117
UCN,1,7,0.0089,0.0136
UCN2,1,4,0.0089,0.0078
UCN3,1,4,0.0089,0.0078
UCP1,4,8,0.0357,0.0156
UCP2,0,4,0.0,0.0078
UCP3,0,4,0.0,0.0078
UEVLD,0,0,0.0,0.0
UFC1,0,0,0.0,0.0
UFD1,1,25,0.0089,0.0486
UFD1L,0,0,0.0,0.0
UFL1,0,4,0.0,0.0078
UFM1,0,0,0.0,0.0
UFSP1,0,0,0.0,0.0
UFSP2,0,0,0.0,0.0
UGCG,1,5,0.0089,0.0097
UGDH,3,5,0.0268,0.0097
UGGT1,1,6,0.0089,0.0117
UGGT2,1,6,0.0089,0.0117
UGP2,4,8,0.0357,0.0156
UGT1A1,10,13,0.0893,0.0253
UGT1A10,10,6,0.0893,0.0117
UGT1A3,10,12,0.0893,0.0233
UGT1A4,10,12,0.0893,0.0233
UGT1A5,10,6,0.0893,0.0117
UGT1A6,10,7,0.0893,0.0136
UGT1A7,10,6,0.0893,0.0117
UGT1A8,10,6,0.0893,0.0117
UGT1A9,10,10,0.0893,0.0195
UGT2A1,10,6,0.0893,0.0117
UGT2A2,10,6,0.0893,0.0117
UGT2A3,10,6,0.0893,0.0117
UGT2B10,10,6,0.0893,0.0117
UGT2B11,10,6,0.0893,0.0117
UGT2B15,10,7,0.0893,0.0136
UGT2B17,10,7,0.0893,0.0136
UGT2B28,10,6,0.0893,0.0117
UGT2B4,10,6,0.0893,0.0117
UGT2B7,10,7,0.0893,0.0136
UGT3A1,0,6,0.0,0.0117
UGT3A2,0,6,0.0,0.0117
UGT8,2,5,0.0179,0.0097
UHMK1,0,5,0.0,0.0097
UHRF1,0,6,0.0,0.0117
UHRF1BP1,0,0,0.0,0.0
UHRF1BP1L,0,0,0.0,0.0
UHRF2,0,5,0.0,0.0097
UIMC1,1,16,0.0089,0.0311
ULBP1,1,3,0.0089,0.0058
ULBP2,1,3,0.0089,0.0058
ULBP3,1,3,0.0089,0.0058
ULK1,10,14,0.0893,0.0272
ULK2,8,0,0.0714,0.0
ULK3,0,3,0.0,0.0058
ULK4,0,0,0.0,0.0
UMAD1,0,0,0.0,0.0
UMOD,0,3,0.0,0.0058
UMODL1,0,0,0.0,0.0
UMPS,2,4,0.0179,0.0078
UNC119,0,0,0.0,0.0
UNC119B,0,5,0.0,0.0097
UNC13A,1,0,0.0089,0.0
UNC13B,1,8,0.0089,0.0156
UNC13C,1,0,0.0089,0.0
UNC13D,0,3,0.0,0.0058
UNC45A,0,0,0.0,0.0
UNC45B,0,0,0.0,0.0
UNC50,0,0,0.0,0.0
UNC5A,1,9,0.0089,0.0175
UNC5B,1,13,0.0089,0.0253
UNC5C,1,10,0.0089,0.0195
UNC5CL,0,0,0.0,0.0
UNC5D,1,5,0.0089,0.0097
UNC79,0,3,0.0,0.0058
UNC80,0,3,0.0,0.0058
UNC93A,0,0,0.0,0.0
UNC93B1,0,8,0.0,0.0156
UNCX,0,0,0.0,0.0
UNG,2,11,0.0179,0.0214
UNK,0,0,0.0,0.0
UNKL,0,4,0.0,0.0078
UPB1,4,4,0.0357,0.0078
UPF3A,2,8,0.0179,0.0156
UPF3B,2,14,0.0179,0.0272
UPK1A,0,6,0.0,0.0117
UPK1B,0,0,0.0,0.0
UPK2,0,0,0.0,0.0
UPK3A,1,0,0.0089,0.0
UPK3B,0,0,0.0,0.0
UPK3BL,0,0,0.0,0.0
UPK3BL1,0,0,0.0,0.0
UPP1,2,6,0.0179,0.0117
UPP2,2,6,0.0179,0.0117
UPRT,1,0,0.0089,0.0
UQCC1,0,4,0.0,0.0078
UQCC2,0,4,0.0,0.0078
UQCC3,0,4,0.0,0.0078
UQCC4,0,0,0.0,0.0
UQCC5,0,4,0.0,0.0078
UQCC6,0,4,0.0,0.0078
UQCR10,11,8,0.0982,0.0156
UQCR11,11,8,0.0982,0.0156
UQCRB,11,8,0.0982,0.0156
UQCRC2,11,10,0.0982,0.0195
UQCRH,11,8,0.0982,0.0156
UQCRHL,11,8,0.0982,0.0156
UQCRQ,11,10,0.0982,0.0195
URAD,1,0,0.0089,0.0
URB1,0,0,0.0,0.0
URB2,0,0,0.0,0.0
URGCP,0,0,0.0,0.0
URGCP-MRPS24,0,0,0.0,0.0
URI1,0,0,0.0,0.0
URM1,1,3,0.0089,0.0058
UROC1,1,3,0.0089,0.0058
UROS,1,3,0.0089,0.0058
USB1,0,0,0.0,0.0
USE1,1,5,0.0089,0.0097
USF1,0,8,0.0,0.0156
USF2,0,4,0.0,0.0078
USF3,0,0,0.0,0.0
USH1C,0,4,0.0,0.0078
USH1G,0,4,0.0,0.0078
USH2A,0,0,0.0,0.0
USHBP1,0,0,0.0,0.0
USMG5,0,0,0.0,0.0
USO1,0,14,0.0,0.0272
USP1,1,4,0.0089,0.0078
USP10,0,8,0.0,0.0156
USP11,0,0,0.0,0.0
USP12,0,4,0.0,0.0078
USP13,0,9,0.0,0.0175
USP14,0,28,0.0,0.0545
USP15,1,13,0.0089,0.0253
USP16,0,4,0.0,0.0078
USP17L1,0,4,0.0,0.0078
USP17L10,0,4,0.0,0.0078
USP17L11,0,4,0.0,0.0078
USP17L12,0,4,0.0,0.0078
USP17L13,0,4,0.0,0.0078
USP17L15,0,4,0.0,0.0078
USP17L17,0,4,0.0,0.0078
USP17L18,0,4,0.0,0.0078
USP17L19,0,4,0.0,0.0078
USP17L2,0,9,0.0,0.0175
USP17L20,0,4,0.0,0.0078
USP17L21,0,4,0.0,0.0078
USP17L22,0,4,0.0,0.0078
USP17L24,0,4,0.0,0.0078
USP17L25,0,4,0.0,0.0078
USP17L26,0,4,0.0,0.0078
USP17L27,0,4,0.0,0.0078
USP17L28,0,4,0.0,0.0078
USP17L29,0,4,0.0,0.0078
USP17L3,0,4,0.0,0.0078
USP17L30,0,4,0.0,0.0078
USP17L4,0,4,0.0,0.0078
USP17L5,0,4,0.0,0.0078
USP17L7,0,0,0.0,0.0
USP17L8,0,4,0.0,0.0078
USP18,0,33,0.0,0.0642
USP19,0,4,0.0,0.0078
USP2,0,17,0.0,0.0331
USP20,0,4,0.0,0.0078
USP21,1,10,0.0089,0.0195
USP22,0,7,0.0,0.0136
USP24,0,4,0.0,0.0078
USP25,1,4,0.0089,0.0078
USP26,0,4,0.0,0.0078
USP27X,0,0,0.0,0.0
USP28,0,4,0.0,0.0078
USP29,0,0,0.0,0.0
USP3,0,4,0.0,0.0078
USP30,1,8,0.0089,0.0156
USP31,0,0,0.0,0.0
USP32,0,0,0.0,0.0
USP33,0,9,0.0,0.0175
USP34,0,7,0.0,0.0136
USP35,0,0,0.0,0.0
USP36,0,0,0.0,0.0
USP37,0,4,0.0,0.0078
USP38,0,0,0.0,0.0
USP4,0,10,0.0,0.0195
USP40,0,0,0.0,0.0
USP41,0,0,0.0,0.0
USP42,0,4,0.0,0.0078
USP43,0,4,0.0,0.0078
USP44,0,4,0.0,0.0078
USP45,0,4,0.0,0.0078
USP46,0,0,0.0,0.0
USP47,0,4,0.0,0.0078
USP48,0,4,0.0,0.0078
USP49,0,4,0.0,0.0078
USP50,0,0,0.0,0.0
USP51,0,0,0.0,0.0
USP53,0,0,0.0,0.0
USP54,0,0,0.0,0.0
USP6,0,0,0.0,0.0
USP6NL,0,4,0.0,0.0078
USP7,3,24,0.0268,0.0467
USP8,3,14,0.0268,0.0272
USP9X,0,24,0.0,0.0467
USP9Y,0,0,0.0,0.0
UST,1,6,0.0089,0.0117
UTF1,0,0,0.0,0.0
UTP11,0,8,0.0,0.0156
UTP11L,0,0,0.0,0.0
UTP14A,1,8,0.0089,0.0156
UTP14C,1,8,0.0089,0.0156
UTP18,1,8,0.0089,0.0156
UTP3,0,8,0.0,0.0156
UTP6,1,8,0.0089,0.0156
UTRN,0,9,0.0,0.0175
UTS2,1,7,0.0089,0.0136
UTS2B,1,7,0.0089,0.0136
UTS2R,1,7,0.0089,0.0136
UTY,0,3,0.0,0.0058
UVRAG,1,18,0.0089,0.035
UVSSA,0,6,0.0,0.0117
UXS1,1,8,0.0089,0.0156
VAC14,2,14,0.0179,0.0272
VAMP1,1,8,0.0089,0.0156
VAMP2,5,46,0.0446,0.0895
VAMP3,2,28,0.0179,0.0545
VAMP4,1,6,0.0089,0.0117
VAMP5,1,0,0.0089,0.0
VAMP7,1,12,0.0089,0.0233
VAMP8,3,14,0.0268,0.0272
VANGL1,1,22,0.0089,0.0428
VANGL2,1,12,0.0089,0.0233
VAPA,1,11,0.0089,0.0214
VAPB,3,13,0.0268,0.0253
VARS1,1,4,0.0089,0.0078
VASH1,0,3,0.0,0.0058
VASH2,0,3,0.0,0.0058
VASN,0,0,0.0,0.0
VASP,7,15,0.0625,0.0292
VAT1,0,3,0.0,0.0058
VAT1L,0,0,0.0,0.0
VAV1,14,84,0.125,0.1634
VAV2,14,75,0.125,0.1459
VAV3,14,64,0.125,0.1245
VAX1,0,0,0.0,0.0
VAX2,0,0,0.0,0.0
VBP1,0,5,0.0,0.0097
VCAM1,9,10,0.0804,0.0195
VCAN,1,24,0.0089,0.0467
VCF1,0,0,0.0,0.0
VCF2,0,0,0.0,0.0
VCL,7,45,0.0625,0.0875
VCPIP1,0,4,0.0,0.0078
VCPKMT,0,3,0.0,0.0058
VCX,0,0,0.0,0.0
VCX2,0,0,0.0,0.0
VCX3A,0,0,0.0,0.0
VCX3B,0,0,0.0,0.0
VCY,0,0,0.0,0.0
VCY1B,0,0,0.0,0.0
VDAC1,18,16,0.1607,0.0311
VDAC2,16,11,0.1429,0.0214
VDAC3,18,11,0.1607,0.0214
VDR,4,13,0.0357,0.0253
VEGFA,21,33,0.1875,0.0642
VEGFB,9,9,0.0804,0.0175
VEGFC,10,9,0.0893,0.0175
VEGFD,10,9,0.0893,0.0175
VENTX,0,8,0.0,0.0156
VEPH1,0,0,0.0,0.0
VEZF1,0,0,0.0,0.0
VEZT,0,0,0.0,0.0
VGF,0,10,0.0,0.0195
VGLL1,0,0,0.0,0.0
VGLL2,0,0,0.0,0.0
VGLL3,0,0,0.0,0.0
VGLL4,0,0,0.0,0.0
VHL,4,36,0.0357,0.07
VHLL,0,0,0.0,0.0
VIL1,0,0,0.0,0.0
VILL,0,0,0.0,0.0
VIM,2,35,0.0179,0.0681
VIMP,0,0,0.0,0.0
VIP,2,7,0.0179,0.0136
VIPAS39,0,0,0.0,0.0
VIPR1,1,7,0.0089,0.0136
VIPR2,2,7,0.0179,0.0136
VIRMA,0,0,0.0,0.0
VIT,0,0,0.0,0.0
VKORC1,1,4,0.0089,0.0078
VKORC1L1,1,4,0.0089,0.0078
VLDLR,2,9,0.0179,0.0175
VMA21,0,0,0.0,0.0
VMAC,0,0,0.0,0.0
VMO1,0,0,0.0,0.0
VMP1,1,0,0.0089,0.0
VN1R1,0,0,0.0,0.0
VN1R2,0,0,0.0,0.0
VN1R4,0,0,0.0,0.0
VN1R5,0,0,0.0,0.0
VNN1,1,10,0.0089,0.0195
VNN1.00,0,0,0.0,0.0
VNN2,1,7,0.0089,0.0136
VNN3,0,0,0.0,0.0
VOPP1,0,0,0.0,0.0
VPRBP,0,0,0.0,0.0
VPREB1,0,2,0.0,0.0039
VPREB3,0,2,0.0,0.0039
VPS11,1,7,0.0089,0.0136
VPS13A,0,0,0.0,0.0
VPS13B,0,0,0.0,0.0
VPS13C,0,0,0.0,0.0
VPS13D,0,0,0.0,0.0
VPS16,1,7,0.0089,0.0136
VPS18,1,7,0.0089,0.0136
VPS26A,1,3,0.0089,0.0058
VPS26B,1,0,0.0089,0.0
VPS26C,0,0,0.0,0.0
VPS29,1,3,0.0089,0.0058
VPS33A,1,7,0.0089,0.0136
VPS33B,0,12,0.0,0.0233
VPS35,1,3,0.0089,0.0058
VPS35L,0,3,0.0,0.0058
VPS36,1,8,0.0089,0.0156
VPS37A,1,17,0.0089,0.0331
VPS37B,1,17,0.0089,0.0331
VPS37C,1,17,0.0089,0.0331
VPS37D,1,17,0.0089,0.0331
VPS39,1,7,0.0089,0.0136
VPS41,1,7,0.0089,0.0136
VPS45,1,13,0.0089,0.0253
VPS4A,2,19,0.0179,0.037
VPS4B,2,10,0.0179,0.0195
VPS50,0,0,0.0,0.0
VPS51,0,4,0.0,0.0078
VPS52,0,4,0.0,0.0078
VPS53,0,4,0.0,0.0078
VPS54,0,4,0.0,0.0078
VPS72,0,3,0.0,0.0058
VPS8,0,0,0.0,0.0
VPS9D1,0,0,0.0,0.0
VRK1,0,9,0.0,0.0175
VRK2,0,18,0.0,0.035
VRK3,0,30,0.0,0.0584
VRTN,0,0,0.0,0.0
VSIG1,0,0,0.0,0.0
VSIG10,0,0,0.0,0.0
VSIG10L,0,0,0.0,0.0
VSIG10L2,0,0,0.0,0.0
VSIG2,0,0,0.0,0.0
VSIG4,1,0,0.0089,0.0
VSIG8,0,0,0.0,0.0
VSIR,1,0,0.0089,0.0
VSNL1,0,0,0.0,0.0
VSTM1,0,0,0.0,0.0
VSTM2A,0,0,0.0,0.0
VSTM2B,0,0,0.0,0.0
VSTM2L,0,0,0.0,0.0
VSTM4,0,0,0.0,0.0
VSTM5,0,0,0.0,0.0
VSX1,0,0,0.0,0.0
VSX2,0,0,0.0,0.0
VTA1,1,10,0.0089,0.0195
VTCN1,1,0,0.0089,0.0
VTI1A,1,5,0.0089,0.0097
VTI1B,1,4,0.0089,0.0078
VTN,6,23,0.0536,0.0447
VWA1,0,4,0.0,0.0078
VWA2,0,0,0.0,0.0
VWA3A,0,0,0.0,0.0
VWA3B,0,0,0.0,0.0
VWA5A,0,0,0.0,0.0
VWA5B1,0,0,0.0,0.0
VWA5B2,0,0,0.0,0.0
VWA7,0,0,0.0,0.0
VWA8,0,0,0.0,0.0
VWA9,0,0,0.0,0.0
VWC2,0,0,0.0,0.0
VWC2L,0,0,0.0,0.0
VWCE,0,0,0.0,0.0
VWDE,0,0,0.0,0.0
VWF,8,42,0.0714,0.0817
VXN,0,0,0.0,0.0
WAC,0,4,0.0,0.0078
WAPAL,0,0,0.0,0.0
WAPL,0,12,0.0,0.0233
WARS1,1,4,0.0089,0.0078
WARS2,1,4,0.0089,0.0078
WAS,6,39,0.0536,0.0759
WASF1,7,38,0.0625,0.0739
WASF2,8,39,0.0714,0.0759
WASF3,5,37,0.0446,0.072
WASHC1,1,0,0.0089,0.0
WASHC2A,1,0,0.0089,0.0
WASHC2C,1,0,0.0089,0.0
WASHC3,1,0,0.0089,0.0
WASHC4,1,0,0.0089,0.0
WASHC5,1,0,0.0089,0.0
WASL,8,58,0.0714,0.1128
WBP1,0,0,0.0,0.0
WBP11,1,9,0.0089,0.0175
WBP1L,0,0,0.0,0.0
WBP2,0,0,0.0,0.0
WBP2NL,0,0,0.0,0.0
WBP4,0,4,0.0,0.0078
WBP5,0,0,0.0,0.0
WBSCR16,0,0,0.0,0.0
WBSCR17,0,0,0.0,0.0
WBSCR22,0,0,0.0,0.0
WBSCR27,0,0,0.0,0.0
WBSCR28,0,0,0.0,0.0
WDCP,0,4,0.0,0.0078
WDFY1,0,0,0.0,0.0
WDFY2,0,0,0.0,0.0
WDFY3,0,0,0.0,0.0
WDFY4,0,0,0.0,0.0
WDHD1,0,0,0.0,0.0
WDPCP,0,0,0.0,0.0
WDR1,0,4,0.0,0.0078
WDR11,0,5,0.0,0.0097
WDR13,0,0,0.0,0.0
WDR17,0,0,0.0,0.0
WDR18,0,4,0.0,0.0078
WDR19,0,7,0.0,0.0136
WDR20,0,4,0.0,0.0078
WDR24,1,4,0.0089,0.0078
WDR26,0,4,0.0,0.0078
WDR27,0,0,0.0,0.0
WDR31,0,0,0.0,0.0
WDR34,0,0,0.0,0.0
WDR35,0,7,0.0,0.0136
WDR36,1,8,0.0089,0.0156
WDR37,0,0,0.0,0.0
WDR38,0,0,0.0,0.0
WDR4,0,3,0.0,0.0058
WDR41,3,0,0.0268,0.0
WDR44,0,0,0.0,0.0
WDR45,0,2,0.0,0.0039
WDR45B,0,2,0.0,0.0039
WDR46,0,8,0.0,0.0156
WDR47,0,0,0.0,0.0
WDR48,1,12,0.0089,0.0233
WDR49,0,0,0.0,0.0
WDR5,1,50,0.0089,0.0973
WDR53,0,0,0.0,0.0
WDR54,0,0,0.0,0.0
WDR55,0,0,0.0,0.0
WDR59,1,4,0.0089,0.0078
WDR5B,1,0,0.0089,0.0
WDR6,0,9,0.0,0.0175
WDR60,0,0,0.0,0.0
WDR62,0,0,0.0,0.0
WDR63,0,0,0.0,0.0
WDR64,0,0,0.0,0.0
WDR66,0,0,0.0,0.0
WDR7,0,0,0.0,0.0
WDR72,0,0,0.0,0.0
WDR73,0,0,0.0,0.0
WDR76,0,0,0.0,0.0
WDR78,0,0,0.0,0.0
WDR81,0,5,0.0,0.0097
WDR82,1,6,0.0089,0.0117
WDR83,0,5,0.0,0.0097
WDR83OS,0,0,0.0,0.0
WDR86,0,0,0.0,0.0
WDR87,0,0,0.0,0.0
WDR88,0,0,0.0,0.0
WDR89,0,0,0.0,0.0
WDR90,0,0,0.0,0.0
WDR91,0,5,0.0,0.0097
WDR93,0,0,0.0,0.0
WDSUB1,0,0,0.0,0.0
WDTC1,0,3,0.0,0.0058
WDYHV1,0,0,0.0,0.0
WEE2,2,0,0.0179,0.0
WFDC1,0,0,0.0,0.0
WFDC10A,0,0,0.0,0.0
WFDC10B,0,0,0.0,0.0
WFDC11,0,0,0.0,0.0
WFDC12,0,0,0.0,0.0
WFDC13,0,0,0.0,0.0
WFDC2,0,3,0.0,0.0058
WFDC3,0,0,0.0,0.0
WFDC5,0,0,0.0,0.0
WFDC6,0,0,0.0,0.0
WFDC8,0,0,0.0,0.0
WFDC9,0,0,0.0,0.0
WFIKKN1,0,0,0.0,0.0
WFIKKN2,0,0,0.0,0.0
WFS1,1,9,0.0089,0.0175
WHAMM,1,5,0.0089,0.0097
WHRN,0,4,0.0,0.0078
WHSC1,0,0,0.0,0.0
WHSC1L1,0,0,0.0,0.0
WI2-2373I1.2,0,0,0.0,0.0
WIBG,0,0,0.0,0.0
WIF1,1,4,0.0089,0.0078
WIPF1,3,35,0.0268,0.0681
WIPF2,3,36,0.0268,0.07
WIPF3,3,35,0.0268,0.0681
WIPI1,8,7,0.0714,0.0136
WIPI2,8,2,0.0714,0.0039
WISP1,0,0,0.0,0.0
WISP2,0,0,0.0,0.0
WISP3,0,0,0.0,0.0
WIZ,0,0,0.0,0.0
WLS,0,3,0.0,0.0058
WNK1,0,3,0.0,0.0058
WNK2,0,3,0.0,0.0058
WNK3,0,3,0.0,0.0058
WNK4,0,3,0.0,0.0058
WNT1,15,20,0.1339,0.0389
WNT10A,15,9,0.1339,0.0175
WNT10B,15,12,0.1339,0.0233
WNT11,15,18,0.1339,0.035
WNT16,16,9,0.1429,0.0175
WNT2,15,9,0.1339,0.0175
WNT2B,15,9,0.1339,0.0175
WNT3,16,10,0.1429,0.0195
WNT3A,16,27,0.1429,0.0525
WNT4,17,18,0.1518,0.035
WNT5A,16,37,0.1429,0.072
WNT5B,16,10,0.1429,0.0195
WNT6,15,9,0.1339,0.0175
WNT7A,15,9,0.1339,0.0175
WNT7B,15,9,0.1339,0.0175
WNT8A,15,13,0.1339,0.0253
WNT8B,15,13,0.1339,0.0253
WNT9A,15,11,0.1339,0.0214
WNT9B,15,12,0.1339,0.0233
WRAP53,0,9,0.0,0.0175
WRAP73,0,0,0.0,0.0
WRB,0,0,0.0,0.0
WRN,0,43,0.0,0.0837
WRNIP1,0,0,0.0,0.0
WSB1,0,7,0.0,0.0136
WSB2,0,3,0.0,0.0058
WSCD1,0,0,0.0,0.0
WSCD2,0,0,0.0,0.0
WT1,1,13,0.0089,0.0253
WTAP,0,2,0.0,0.0039
WTH3DI,0,0,0.0,0.0
WTIP,2,8,0.0179,0.0156
WWC1,2,5,0.0179,0.0097
WWC2,0,0,0.0,0.0
WWC3,0,0,0.0,0.0
WWOX,0,10,0.0,0.0195
WWP1,2,16,0.0179,0.0311
WWP2,1,14,0.0089,0.0272
WWTR1,2,32,0.0179,0.0623
XAF1,0,0,0.0,0.0
XAGE1B,0,0,0.0,0.0
XAGE1E,0,0,0.0,0.0
XAGE2,0,0,0.0,0.0
XAGE3,0,0,0.0,0.0
XAGE5,0,0,0.0,0.0
XBP1,8,7,0.0714,0.0136
XCL1,3,8,0.0268,0.0156
XCL2,3,8,0.0268,0.0156
XCR1,3,8,0.0268,0.0156
XDH,4,9,0.0357,0.0175
XG,0,0,0.0,0.0
XIAP,11,40,0.0982,0.0778
XIRP1,0,0,0.0,0.0
XIRP2,0,4,0.0,0.0078
XK,0,5,0.0,0.0097
XKR3,0,0,0.0,0.0
XKR4,0,0,0.0,0.0
XKR5,0,0,0.0,0.0
XKR6,0,0,0.0,0.0
XKR7,0,0,0.0,0.0
XKR8,0,0,0.0,0.0
XKR9,0,0,0.0,0.0
XKRX,0,0,0.0,0.0
XKRY,0,0,0.0,0.0
XKRY2,0,0,0.0,0.0
XPA,1,8,0.0089,0.0156
XPC,1,10,0.0089,0.0195
XPNPEP1,0,0,0.0,0.0
XPNPEP2,1,3,0.0089,0.0058
XPNPEP3,0,0,0.0,0.0
XPO4,0,0,0.0,0.0
XPO5,1,3,0.0089,0.0058
XPO6,0,0,0.0,0.0
XPO7,0,0,0.0,0.0
XPOT,1,3,0.0089,0.0058
XPR1,0,0,0.0,0.0
XRCC1,1,13,0.0089,0.0253
XRCC2,1,19,0.0089,0.037
XRCC3,1,9,0.0089,0.0175
XRCC4,1,16,0.0089,0.0311
XRCC5,1,17,0.0089,0.0331
XRCC6BP1,0,0,0.0,0.0
XRN1,2,12,0.0179,0.0233
XRN2,2,13,0.0179,0.0253
XRRA1,0,0,0.0,0.0
XXYLT1,1,0,0.0089,0.0
XYLB,1,3,0.0089,0.0058
XYLT1,2,4,0.0179,0.0078
XYLT2,2,4,0.0179,0.0078
YAE1,0,0,0.0,0.0
YAE1D1,0,0,0.0,0.0
YAF2,0,6,0.0,0.0117
YAP1,2,42,0.0179,0.0817
YARS1,1,4,0.0089,0.0078
YBEY,0,0,0.0,0.0
YBX1,0,35,0.0,0.0681
YBX2,0,0,0.0,0.0
YBX3,1,0,0.0089,0.0
YDJC,0,0,0.0,0.0
YEATS2,0,7,0.0,0.0136
YEATS4,0,8,0.0,0.0156
YES1,1,61,0.0089,0.1187
YIF1A,0,5,0.0,0.0097
YIF1B,0,0,0.0,0.0
YIPF1,0,0,0.0,0.0
YIPF2,0,0,0.0,0.0
YIPF3,0,0,0.0,0.0
YIPF4,0,0,0.0,0.0
YIPF5,0,0,0.0,0.0
YIPF6,0,4,0.0,0.0078
YIPF7,0,0,0.0,0.0
YJEFN3,0,0,0.0,0.0
YJU2B,0,0,0.0,0.0
YKT6,1,20,0.0089,0.0389
YLPM1,0,0,0.0,0.0
YME1L1,0,8,0.0,0.0156
YOD1,1,4,0.0089,0.0078
YPEL1,0,0,0.0,0.0
YPEL2,0,0,0.0,0.0
YPEL3,0,0,0.0,0.0
YPEL4,0,0,0.0,0.0
YPEL5,0,3,0.0,0.0058
YTHDC1,0,2,0.0,0.0039
YTHDC2,0,2,0.0,0.0039
YTHDF1,0,0,0.0,0.0
YTHDF2,0,0,0.0,0.0
YTHDF3,0,0,0.0,0.0
YWHAB,7,79,0.0625,0.1537
YWHAE,8,70,0.0714,0.1362
YWHAG,6,61,0.0536,0.1187
YWHAH,6,36,0.0536,0.07
YWHAQ,7,35,0.0625,0.0681
YWHAZ,7,60,0.0625,0.1167
YY1,0,22,0.0,0.0428
YY1AP1,0,0,0.0,0.0
YY2,0,0,0.0,0.0
ZACN,0,0,0.0,0.0
ZADH2,0,0,0.0,0.0
ZAK,0,0,0.0,0.0
ZAN,0,0,0.0,0.0
ZAP70,9,15,0.0804,0.0292
ZAR1,0,0,0.0,0.0
ZAR1L,0,0,0.0,0.0
ZASP,0,0,0.0,0.0
ZBBX,0,0,0.0,0.0
ZBED1,0,5,0.0,0.0097
ZBED2,0,0,0.0,0.0
ZBED3,0,0,0.0,0.0
ZBED4,0,0,0.0,0.0
ZBED5,0,0,0.0,0.0
ZBED6,0,0,0.0,0.0
ZBED6CL,0,0,0.0,0.0
ZBED8,0,0,0.0,0.0
ZBED9,0,0,0.0,0.0
ZBP1,2,17,0.0179,0.0331
ZBTB1,0,0,0.0,0.0
ZBTB10,0,0,0.0,0.0
ZBTB11,0,0,0.0,0.0
ZBTB12,0,0,0.0,0.0
ZBTB14,0,0,0.0,0.0
ZBTB16,3,7,0.0268,0.0136
ZBTB17,4,5,0.0357,0.0097
ZBTB18,0,0,0.0,0.0
ZBTB2,0,0,0.0,0.0
ZBTB20,0,0,0.0,0.0
ZBTB21,0,0,0.0,0.0
ZBTB22,0,0,0.0,0.0
ZBTB24,0,0,0.0,0.0
ZBTB25,0,0,0.0,0.0
ZBTB26,0,0,0.0,0.0
ZBTB3,0,0,0.0,0.0
ZBTB32,0,0,0.0,0.0
ZBTB33,0,9,0.0,0.0175
ZBTB34,0,0,0.0,0.0
ZBTB37,0,0,0.0,0.0
ZBTB38,0,0,0.0,0.0
ZBTB39,0,0,0.0,0.0
ZBTB4,0,0,0.0,0.0
ZBTB40,0,0,0.0,0.0
ZBTB41,0,0,0.0,0.0
ZBTB42,0,0,0.0,0.0
ZBTB43,0,0,0.0,0.0
ZBTB44,0,0,0.0,0.0
ZBTB45,0,0,0.0,0.0
ZBTB46,0,0,0.0,0.0
ZBTB47,0,0,0.0,0.0
ZBTB48,0,0,0.0,0.0
ZBTB49,0,0,0.0,0.0
ZBTB5,0,0,0.0,0.0
ZBTB6,0,0,0.0,0.0
ZBTB7A,0,0,0.0,0.0
ZBTB7B,0,0,0.0,0.0
ZBTB7C,0,0,0.0,0.0
ZBTB8A,0,0,0.0,0.0
ZBTB8B,0,0,0.0,0.0
ZBTB9,0,0,0.0,0.0
ZC2HC1A,0,0,0.0,0.0
ZC2HC1B,0,0,0.0,0.0
ZC2HC1C,0,0,0.0,0.0
ZC3H10,0,0,0.0,0.0
ZC3H11A,0,5,0.0,0.0097
ZC3H12A,0,7,0.0,0.0136
ZC3H12B,0,0,0.0,0.0
ZC3H12C,0,0,0.0,0.0
ZC3H12D,0,0,0.0,0.0
ZC3H13,0,0,0.0,0.0
ZC3H14,0,0,0.0,0.0
ZC3H15,0,4,0.0,0.0078
ZC3H18,0,2,0.0,0.0039
ZC3H3,0,2,0.0,0.0039
ZC3H4,0,2,0.0,0.0039
ZC3H6,0,0,0.0,0.0
ZC3H7A,0,0,0.0,0.0
ZC3H7B,0,0,0.0,0.0
ZC3H8,0,6,0.0,0.0117
ZC3HAV1,0,4,0.0,0.0078
ZC3HAV1L,0,0,0.0,0.0
ZC3HC1,0,5,0.0,0.0097
ZC4H2,0,0,0.0,0.0
ZCCHC10,0,0,0.0,0.0
ZCCHC11,0,0,0.0,0.0
ZCCHC12,0,0,0.0,0.0
ZCCHC13,0,0,0.0,0.0
ZCCHC14,0,0,0.0,0.0
ZCCHC16,0,0,0.0,0.0
ZCCHC17,0,0,0.0,0.0
ZCCHC18,0,0,0.0,0.0
ZCCHC2,0,0,0.0,0.0
ZCCHC24,0,0,0.0,0.0
ZCCHC3,0,0,0.0,0.0
ZCCHC4,0,0,0.0,0.0
ZCCHC5,0,0,0.0,0.0
ZCCHC6,0,0,0.0,0.0
ZCCHC7,1,2,0.0089,0.0039
ZCCHC8,0,6,0.0,0.0117
ZCCHC9,0,0,0.0,0.0
ZCRB1,0,19,0.0,0.037
ZCWPW1,0,0,0.0,0.0
ZCWPW2,0,0,0.0,0.0
ZDBF2,0,0,0.0,0.0
ZDHHC1,0,0,0.0,0.0
ZDHHC11,0,8,0.0,0.0156
ZDHHC11B,0,0,0.0,0.0
ZDHHC12,0,0,0.0,0.0
ZDHHC13,0,0,0.0,0.0
ZDHHC14,0,0,0.0,0.0
ZDHHC15,0,0,0.0,0.0
ZDHHC16,0,0,0.0,0.0
ZDHHC17,0,0,0.0,0.0
ZDHHC18,0,0,0.0,0.0
ZDHHC19,0,0,0.0,0.0
ZDHHC2,0,10,0.0,0.0195
ZDHHC20,0,8,0.0,0.0156
ZDHHC21,0,7,0.0,0.0136
ZDHHC22,0,0,0.0,0.0
ZDHHC23,0,0,0.0,0.0
ZDHHC24,0,0,0.0,0.0
ZDHHC3,0,8,0.0,0.0156
ZDHHC4,0,0,0.0,0.0
ZDHHC5,0,8,0.0,0.0156
ZDHHC6,0,0,0.0,0.0
ZDHHC7,0,4,0.0,0.0078
ZDHHC8,0,12,0.0,0.0233
ZDHHC9,0,13,0.0,0.0253
ZEB1,3,17,0.0268,0.0331
ZEB2,1,25,0.0089,0.0486
ZER1,0,0,0.0,0.0
ZFAND1,0,0,0.0,0.0
ZFAND2A,0,0,0.0,0.0
ZFAND2B,0,0,0.0,0.0
ZFAND3,0,0,0.0,0.0
ZFAND4,0,0,0.0,0.0
ZFAND5,0,0,0.0,0.0
ZFAND6,0,4,0.0,0.0078
ZFAT,0,0,0.0,0.0
ZFC3H1,0,2,0.0,0.0039
ZFHX2,0,0,0.0,0.0
ZFHX3,1,5,0.0089,0.0097
ZFHX4,0,0,0.0,0.0
ZFP1,1,3,0.0089,0.0058
ZFP14,1,3,0.0089,0.0058
ZFP2,0,3,0.0,0.0058
ZFP28,1,3,0.0089,0.0058
ZFP3,0,0,0.0,0.0
ZFP30,1,3,0.0089,0.0058
ZFP36,2,3,0.0179,0.0058
ZFP36L1,1,3,0.0089,0.0058
ZFP36L2,1,3,0.0089,0.0058
ZFP37,1,3,0.0089,0.0058
ZFP41,0,0,0.0,0.0
ZFP42,0,0,0.0,0.0
ZFP57,1,0,0.0089,0.0
ZFP62,0,0,0.0,0.0
ZFP64,0,0,0.0,0.0
ZFP69,1,3,0.0089,0.0058
ZFP69B,1,3,0.0089,0.0058
ZFP82,1,0,0.0089,0.0
ZFP90,1,3,0.0089,0.0058
ZFP91,0,0,0.0,0.0
ZFP92,1,0,0.0089,0.0
ZFPL1,0,0,0.0,0.0
ZFPM1,0,7,0.0,0.0136
ZFPM2,1,4,0.0089,0.0078
ZFR,0,0,0.0,0.0
ZFR2,0,0,0.0,0.0
ZFTA,0,0,0.0,0.0
ZFTRAF1,0,0,0.0,0.0
ZFX,0,0,0.0,0.0
ZFY,0,0,0.0,0.0
ZFYVE1,2,0,0.0179,0.0
ZFYVE16,2,3,0.0179,0.0058
ZFYVE19,0,0,0.0,0.0
ZFYVE21,0,0,0.0,0.0
ZFYVE26,0,0,0.0,0.0
ZFYVE27,1,0,0.0089,0.0
ZFYVE28,0,0,0.0,0.0
ZFYVE9,2,16,0.0179,0.0311
ZG16,0,0,0.0,0.0
ZG16B,0,0,0.0,0.0
ZGLP1,0,0,0.0,0.0
ZGPAT,0,0,0.0,0.0
ZGRF1,0,0,0.0,0.0
ZHX1,0,0,0.0,0.0
ZHX1-C8ORF76,0,0,0.0,0.0
ZHX2,0,0,0.0,0.0
ZHX3,0,0,0.0,0.0
ZIC1,0,6,0.0,0.0117
ZIC2,0,3,0.0,0.0058
ZIC3,1,3,0.0089,0.0058
ZIC4,0,0,0.0,0.0
ZIC5,0,0,0.0,0.0
ZIK1,1,3,0.0089,0.0058
ZIM2,0,3,0.0,0.0058
ZIM3,1,3,0.0089,0.0058
ZKSCAN1,0,3,0.0,0.0058
ZKSCAN2,0,0,0.0,0.0
ZKSCAN3,0,3,0.0,0.0058
ZKSCAN4,0,3,0.0,0.0058
ZKSCAN5,0,3,0.0,0.0058
ZKSCAN7,0,3,0.0,0.0058
ZKSCAN8,0,3,0.0,0.0058
ZMAT1,0,0,0.0,0.0
ZMAT2,1,4,0.0089,0.0078
ZMAT3,1,0,0.0089,0.0
ZMAT4,0,0,0.0,0.0
ZMIZ1,0,0,0.0,0.0
ZMIZ2,0,0,0.0,0.0
ZMPSTE24,1,0,0.0089,0.0
ZMYM1,0,0,0.0,0.0
ZMYM2,0,21,0.0,0.0409
ZMYM3,0,0,0.0,0.0
ZMYM4,0,0,0.0,0.0
ZMYM5,0,0,0.0,0.0
ZMYM6,0,0,0.0,0.0
ZMYM6NB,0,0,0.0,0.0
ZMYND10,0,0,0.0,0.0
ZMYND11,0,0,0.0,0.0
ZMYND12,0,0,0.0,0.0
ZMYND15,0,0,0.0,0.0
ZMYND19,0,0,0.0,0.0
ZMYND8,0,6,0.0,0.0117
ZNF10,1,3,0.0089,0.0058
ZNF100,1,3,0.0089,0.0058
ZNF101,1,3,0.0089,0.0058
ZNF106,0,0,0.0,0.0
ZNF107,1,0,0.0089,0.0
ZNF112,1,3,0.0089,0.0058
ZNF114,1,3,0.0089,0.0058
ZNF117,0,0,0.0,0.0
ZNF12,1,3,0.0089,0.0058
ZNF121,0,0,0.0,0.0
ZNF124,1,3,0.0089,0.0058
ZNF132,1,0,0.0089,0.0
ZNF133,1,3,0.0089,0.0058
ZNF134,0,0,0.0,0.0
ZNF135,1,3,0.0089,0.0058
ZNF136,1,10,0.0089,0.0195
ZNF138,0,3,0.0,0.0058
ZNF14,1,3,0.0089,0.0058
ZNF140,1,3,0.0089,0.0058
ZNF141,1,10,0.0089,0.0195
ZNF142,0,0,0.0,0.0
ZNF143,0,13,0.0,0.0253
ZNF146,0,0,0.0,0.0
ZNF148,0,0,0.0,0.0
ZNF154,1,3,0.0089,0.0058
ZNF155,1,3,0.0089,0.0058
ZNF157,1,3,0.0089,0.0058
ZNF16,0,0,0.0,0.0
ZNF160,1,3,0.0089,0.0058
ZNF165,0,0,0.0,0.0
ZNF169,1,3,0.0089,0.0058
ZNF17,1,3,0.0089,0.0058
ZNF174,0,0,0.0,0.0
ZNF175,1,3,0.0089,0.0058
ZNF177,1,0,0.0089,0.0
ZNF18,0,3,0.0,0.0058
ZNF180,1,3,0.0089,0.0058
ZNF181,1,0,0.0089,0.0
ZNF182,1,0,0.0089,0.0
ZNF184,1,3,0.0089,0.0058
ZNF185,0,0,0.0,0.0
ZNF189,1,3,0.0089,0.0058
ZNF19,1,3,0.0089,0.0058
ZNF195,1,3,0.0089,0.0058
ZNF197,0,3,0.0,0.0058
ZNF2,1,3,0.0089,0.0058
ZNF20,1,3,0.0089,0.0058
ZNF200,1,3,0.0089,0.0058
ZNF202,0,3,0.0,0.0058
ZNF205,1,3,0.0089,0.0058
ZNF207,0,0,0.0,0.0
ZNF208,1,3,0.0089,0.0058
ZNF211,1,3,0.0089,0.0058
ZNF212,1,3,0.0089,0.0058
ZNF213,0,3,0.0,0.0058
ZNF214,1,3,0.0089,0.0058
ZNF215,0,3,0.0,0.0058
ZNF217,0,13,0.0,0.0253
ZNF219,0,0,0.0,0.0
ZNF22,0,0,0.0,0.0
ZNF221,1,3,0.0089,0.0058
ZNF222,1,3,0.0089,0.0058
ZNF223,1,3,0.0089,0.0058
ZNF224,1,10,0.0089,0.0195
ZNF225,1,3,0.0089,0.0058
ZNF226,1,3,0.0089,0.0058
ZNF227,1,3,0.0089,0.0058
ZNF229,1,0,0.0089,0.0
ZNF23,1,3,0.0089,0.0058
ZNF230,1,3,0.0089,0.0058
ZNF232,0,0,0.0,0.0
ZNF233,1,3,0.0089,0.0058
ZNF234,1,3,0.0089,0.0058
ZNF235,1,3,0.0089,0.0058
ZNF236,0,0,0.0,0.0
ZNF239,0,0,0.0,0.0
ZNF24,0,0,0.0,0.0
ZNF248,1,3,0.0089,0.0058
ZNF25,1,3,0.0089,0.0058
ZNF250,1,3,0.0089,0.0058
ZNF251,1,0,0.0089,0.0
ZNF253,1,3,0.0089,0.0058
ZNF254,1,3,0.0089,0.0058
ZNF256,1,3,0.0089,0.0058
ZNF257,1,10,0.0089,0.0195
ZNF26,1,3,0.0089,0.0058
ZNF260,0,0,0.0,0.0
ZNF263,0,3,0.0,0.0058
ZNF264,0,10,0.0,0.0195
ZNF266,0,3,0.0,0.0058
ZNF267,1,3,0.0089,0.0058
ZNF268,1,3,0.0089,0.0058
ZNF273,1,10,0.0089,0.0195
ZNF274,1,3,0.0089,0.0058
ZNF275,1,0,0.0089,0.0
ZNF276,0,0,0.0,0.0
ZNF277,0,0,0.0,0.0
ZNF28,0,10,0.0,0.0195
ZNF280A,0,0,0.0,0.0
ZNF280B,0,0,0.0,0.0
ZNF280C,0,0,0.0,0.0
ZNF280D,0,0,0.0,0.0
ZNF281,0,0,0.0,0.0
ZNF282,1,3,0.0089,0.0058
ZNF283,1,0,0.0089,0.0
ZNF284,1,0,0.0089,0.0
ZNF285,1,3,0.0089,0.0058
ZNF286A,1,3,0.0089,0.0058
ZNF286B,0,0,0.0,0.0
ZNF287,0,3,0.0,0.0058
ZNF292,0,0,0.0,0.0
ZNF296,0,0,0.0,0.0
ZNF3,1,3,0.0089,0.0058
ZNF30,1,10,0.0089,0.0195
ZNF300,1,3,0.0089,0.0058
ZNF302,1,3,0.0089,0.0058
ZNF304,1,3,0.0089,0.0058
ZNF311,1,3,0.0089,0.0058
ZNF316,1,0,0.0089,0.0
ZNF317,1,10,0.0089,0.0195
ZNF318,0,0,0.0,0.0
ZNF319,0,0,0.0,0.0
ZNF32,0,0,0.0,0.0
ZNF320,1,10,0.0089,0.0195
ZNF322,0,0,0.0,0.0
ZNF324,1,10,0.0089,0.0195
ZNF324B,1,3,0.0089,0.0058
ZNF326,0,0,0.0,0.0
ZNF329,0,0,0.0,0.0
ZNF330,0,0,0.0,0.0
ZNF331,1,10,0.0089,0.0195
ZNF333,1,3,0.0089,0.0058
ZNF334,1,3,0.0089,0.0058
ZNF335,0,3,0.0,0.0058
ZNF337,1,3,0.0089,0.0058
ZNF33A,1,10,0.0089,0.0195
ZNF33B,1,3,0.0089,0.0058
ZNF34,1,3,0.0089,0.0058
ZNF341,0,0,0.0,0.0
ZNF343,1,3,0.0089,0.0058
ZNF345,0,0,0.0,0.0
ZNF346,0,0,0.0,0.0
ZNF347,1,3,0.0089,0.0058
ZNF35,0,0,0.0,0.0
ZNF350,1,8,0.0089,0.0156
ZNF354A,1,10,0.0089,0.0195
ZNF354B,1,3,0.0089,0.0058
ZNF354C,1,3,0.0089,0.0058
ZNF358,0,0,0.0,0.0
ZNF362,0,0,0.0,0.0
ZNF365,0,0,0.0,0.0
ZNF366,0,0,0.0,0.0
ZNF367,0,0,0.0,0.0
ZNF37A,1,3,0.0089,0.0058
ZNF382,1,10,0.0089,0.0195
ZNF383,1,3,0.0089,0.0058
ZNF384,0,0,0.0,0.0
ZNF385A,0,16,0.0,0.0311
ZNF385B,0,0,0.0,0.0
ZNF385C,0,0,0.0,0.0
ZNF385D,0,0,0.0,0.0
ZNF391,0,0,0.0,0.0
ZNF394,0,3,0.0,0.0058
ZNF395,0,0,0.0,0.0
ZNF396,0,0,0.0,0.0
ZNF397,0,0,0.0,0.0
ZNF398,1,3,0.0089,0.0058
ZNF404,1,0,0.0089,0.0
ZNF407,0,0,0.0,0.0
ZNF408,0,0,0.0,0.0
ZNF41,1,3,0.0089,0.0058
ZNF410,0,0,0.0,0.0
ZNF414,0,0,0.0,0.0
ZNF415,1,3,0.0089,0.0058
ZNF416,1,3,0.0089,0.0058
ZNF417,1,3,0.0089,0.0058
ZNF418,1,10,0.0089,0.0195
ZNF419,1,3,0.0089,0.0058
ZNF420,1,6,0.0089,0.0117
ZNF423,0,4,0.0,0.0078
ZNF425,1,10,0.0089,0.0195
ZNF426,1,3,0.0089,0.0058
ZNF428,0,0,0.0,0.0
ZNF429,1,3,0.0089,0.0058
ZNF43,1,3,0.0089,0.0058
ZNF430,1,3,0.0089,0.0058
ZNF431,1,3,0.0089,0.0058
ZNF432,1,3,0.0089,0.0058
ZNF433,1,3,0.0089,0.0058
ZNF436,1,3,0.0089,0.0058
ZNF438,0,0,0.0,0.0
ZNF439,1,3,0.0089,0.0058
ZNF44,1,0,0.0089,0.0
ZNF440,1,3,0.0089,0.0058
ZNF441,1,3,0.0089,0.0058
ZNF442,1,3,0.0089,0.0058
ZNF443,1,3,0.0089,0.0058
ZNF444,0,0,0.0,0.0
ZNF445,0,3,0.0,0.0058
ZNF446,0,3,0.0,0.0058
ZNF449,0,0,0.0,0.0
ZNF45,1,3,0.0089,0.0058
ZNF451,0,0,0.0,0.0
ZNF454,1,10,0.0089,0.0195
ZNF460,1,3,0.0089,0.0058
ZNF461,1,3,0.0089,0.0058
ZNF462,0,0,0.0,0.0
ZNF467,0,3,0.0,0.0058
ZNF468,1,3,0.0089,0.0058
ZNF469,0,0,0.0,0.0
ZNF470,1,3,0.0089,0.0058
ZNF471,1,3,0.0089,0.0058
ZNF473,1,8,0.0089,0.0156
ZNF474,0,0,0.0,0.0
ZNF479,1,3,0.0089,0.0058
ZNF48,0,0,0.0,0.0
ZNF480,1,3,0.0089,0.0058
ZNF483,0,3,0.0,0.0058
ZNF484,1,3,0.0089,0.0058
ZNF485,0,3,0.0,0.0058
ZNF486,1,3,0.0089,0.0058
ZNF488,0,0,0.0,0.0
ZNF490,1,3,0.0089,0.0058
ZNF491,0,0,0.0,0.0
ZNF492,1,3,0.0089,0.0058
ZNF493,0,3,0.0,0.0058
ZNF496,0,3,0.0,0.0058
ZNF497,0,0,0.0,0.0
ZNF500,0,3,0.0,0.0058
ZNF501,0,0,0.0,0.0
ZNF502,0,0,0.0,0.0
ZNF503,0,0,0.0,0.0
ZNF506,1,3,0.0089,0.0058
ZNF507,0,0,0.0,0.0
ZNF510,1,3,0.0089,0.0058
ZNF511,0,0,0.0,0.0
ZNF511-PRAP1,0,0,0.0,0.0
ZNF512,0,0,0.0,0.0
ZNF512B,0,5,0.0,0.0097
ZNF513,0,0,0.0,0.0
ZNF514,1,3,0.0089,0.0058
ZNF516,1,0,0.0089,0.0
ZNF517,1,3,0.0089,0.0058
ZNF518A,0,0,0.0,0.0
ZNF518B,0,0,0.0,0.0
ZNF519,1,10,0.0089,0.0195
ZNF521,0,10,0.0,0.0195
ZNF524,0,0,0.0,0.0
ZNF526,0,0,0.0,0.0
ZNF527,1,0,0.0089,0.0
ZNF528,1,3,0.0089,0.0058
ZNF529,1,3,0.0089,0.0058
ZNF530,1,3,0.0089,0.0058
ZNF532,0,6,0.0,0.0117
ZNF534,1,8,0.0089,0.0156
ZNF536,0,0,0.0,0.0
ZNF540,1,3,0.0089,0.0058
ZNF541,0,0,0.0,0.0
ZNF543,1,3,0.0089,0.0058
ZNF544,1,3,0.0089,0.0058
ZNF546,1,3,0.0089,0.0058
ZNF547,1,10,0.0089,0.0195
ZNF548,1,3,0.0089,0.0058
ZNF549,1,3,0.0089,0.0058
ZNF550,1,3,0.0089,0.0058
ZNF551,1,3,0.0089,0.0058
ZNF552,1,3,0.0089,0.0058
ZNF554,1,3,0.0089,0.0058
ZNF555,1,3,0.0089,0.0058
ZNF556,1,3,0.0089,0.0058
ZNF557,1,3,0.0089,0.0058
ZNF558,1,3,0.0089,0.0058
ZNF559,1,3,0.0089,0.0058
ZNF559-ZNF177,1,0,0.0089,0.0
ZNF560,1,3,0.0089,0.0058
ZNF561,1,3,0.0089,0.0058
ZNF562,1,3,0.0089,0.0058
ZNF563,1,3,0.0089,0.0058
ZNF564,1,3,0.0089,0.0058
ZNF565,1,3,0.0089,0.0058
ZNF566,1,3,0.0089,0.0058
ZNF567,1,3,0.0089,0.0058
ZNF568,1,3,0.0089,0.0058
ZNF569,1,3,0.0089,0.0058
ZNF57,1,0,0.0089,0.0
ZNF570,1,3,0.0089,0.0058
ZNF571,1,3,0.0089,0.0058
ZNF572,0,0,0.0,0.0
ZNF573,1,3,0.0089,0.0058
ZNF575,0,0,0.0,0.0
ZNF576,0,0,0.0,0.0
ZNF577,1,3,0.0089,0.0058
ZNF578,1,0,0.0089,0.0
ZNF579,0,0,0.0,0.0
ZNF580,0,0,0.0,0.0
ZNF581,0,0,0.0,0.0
ZNF582,1,3,0.0089,0.0058
ZNF583,1,3,0.0089,0.0058
ZNF584,1,3,0.0089,0.0058
ZNF585A,1,3,0.0089,0.0058
ZNF585B,1,3,0.0089,0.0058
ZNF586,0,3,0.0,0.0058
ZNF587,1,3,0.0089,0.0058
ZNF587B,0,0,0.0,0.0
ZNF589,1,3,0.0089,0.0058
ZNF592,0,6,0.0,0.0117
ZNF593,0,0,0.0,0.0
ZNF594,0,0,0.0,0.0
ZNF595,1,3,0.0089,0.0058
ZNF596,1,3,0.0089,0.0058
ZNF597,1,3,0.0089,0.0058
ZNF598,0,4,0.0,0.0078
ZNF599,1,3,0.0089,0.0058
ZNF600,1,3,0.0089,0.0058
ZNF605,1,3,0.0089,0.0058
ZNF606,1,3,0.0089,0.0058
ZNF607,1,3,0.0089,0.0058
ZNF608,0,0,0.0,0.0
ZNF609,0,0,0.0,0.0
ZNF610,1,10,0.0089,0.0195
ZNF611,1,3,0.0089,0.0058
ZNF613,1,3,0.0089,0.0058
ZNF614,1,3,0.0089,0.0058
ZNF615,1,3,0.0089,0.0058
ZNF616,1,3,0.0089,0.0058
ZNF618,0,0,0.0,0.0
ZNF619,1,3,0.0089,0.0058
ZNF620,1,3,0.0089,0.0058
ZNF621,1,3,0.0089,0.0058
ZNF622,0,0,0.0,0.0
ZNF623,1,0,0.0089,0.0
ZNF624,1,3,0.0089,0.0058
ZNF625,0,3,0.0,0.0058
ZNF626,0,3,0.0,0.0058
ZNF627,1,3,0.0089,0.0058
ZNF628,0,0,0.0,0.0
ZNF629,0,0,0.0,0.0
ZNF630,1,0,0.0089,0.0
ZNF638,0,3,0.0,0.0058
ZNF639,0,0,0.0,0.0
ZNF641,1,3,0.0089,0.0058
ZNF644,0,0,0.0,0.0
ZNF645,0,0,0.0,0.0
ZNF646,0,0,0.0,0.0
ZNF648,0,0,0.0,0.0
ZNF649,1,10,0.0089,0.0195
ZNF652,0,0,0.0,0.0
ZNF653,0,0,0.0,0.0
ZNF654,0,0,0.0,0.0
ZNF655,0,3,0.0,0.0058
ZNF658,1,3,0.0089,0.0058
ZNF660,0,3,0.0,0.0058
ZNF662,1,3,0.0089,0.0058
ZNF664,0,3,0.0,0.0058
ZNF664-FAM101A,0,0,0.0,0.0
ZNF665,1,3,0.0089,0.0058
ZNF667,1,3,0.0089,0.0058
ZNF668,0,3,0.0,0.0058
ZNF669,1,10,0.0089,0.0195
ZNF670,1,3,0.0089,0.0058
ZNF671,1,3,0.0089,0.0058
ZNF672,0,0,0.0,0.0
ZNF674,1,0,0.0089,0.0
ZNF675,1,3,0.0089,0.0058
ZNF676,1,3,0.0089,0.0058
ZNF677,1,3,0.0089,0.0058
ZNF678,0,3,0.0,0.0058
ZNF679,1,3,0.0089,0.0058
ZNF680,1,10,0.0089,0.0195
ZNF681,0,3,0.0,0.0058
ZNF682,1,3,0.0089,0.0058
ZNF683,0,0,0.0,0.0
ZNF684,1,3,0.0089,0.0058
ZNF687,0,6,0.0,0.0117
ZNF688,1,3,0.0089,0.0058
ZNF689,1,3,0.0089,0.0058
ZNF69,0,0,0.0,0.0
ZNF691,0,3,0.0,0.0058
ZNF692,0,3,0.0,0.0058
ZNF695,0,0,0.0,0.0
ZNF696,0,3,0.0,0.0058
ZNF697,0,3,0.0,0.0058
ZNF699,1,3,0.0089,0.0058
ZNF7,1,0,0.0089,0.0
ZNF70,0,3,0.0,0.0058
ZNF700,1,3,0.0089,0.0058
ZNF701,1,3,0.0089,0.0058
ZNF703,0,3,0.0,0.0058
ZNF704,0,3,0.0,0.0058
ZNF705A,1,3,0.0089,0.0058
ZNF705B,0,0,0.0,0.0
ZNF705D,1,3,0.0089,0.0058
ZNF705E,0,0,0.0,0.0
ZNF705G,0,3,0.0,0.0058
ZNF706,0,3,0.0,0.0058
ZNF707,1,3,0.0089,0.0058
ZNF708,1,10,0.0089,0.0195
ZNF709,1,3,0.0089,0.0058
ZNF71,0,3,0.0,0.0058
ZNF710,0,3,0.0,0.0058
ZNF711,0,3,0.0,0.0058
ZNF713,1,3,0.0089,0.0058
ZNF714,1,3,0.0089,0.0058
ZNF716,1,3,0.0089,0.0058
ZNF717,1,3,0.0089,0.0058
ZNF718,1,3,0.0089,0.0058
ZNF720,0,0,0.0,0.0
ZNF721,1,3,0.0089,0.0058
ZNF726,1,3,0.0089,0.0058
ZNF727,1,3,0.0089,0.0058
ZNF728,0,0,0.0,0.0
ZNF729,1,3,0.0089,0.0058
ZNF730,1,3,0.0089,0.0058
ZNF732,0,3,0.0,0.0058
ZNF735,1,3,0.0089,0.0058
ZNF736,1,3,0.0089,0.0058
ZNF737,1,3,0.0089,0.0058
ZNF74,1,3,0.0089,0.0058
ZNF740,0,3,0.0,0.0058
ZNF746,1,3,0.0089,0.0058
ZNF747,0,3,0.0,0.0058
ZNF749,1,3,0.0089,0.0058
ZNF750,0,3,0.0,0.0058
ZNF75A,0,3,0.0,0.0058
ZNF75D,0,3,0.0,0.0058
ZNF76,0,0,0.0,0.0
ZNF761,1,3,0.0089,0.0058
ZNF763,1,0,0.0089,0.0
ZNF764,1,3,0.0089,0.0058
ZNF765,1,8,0.0089,0.0156
ZNF766,1,0,0.0089,0.0
ZNF768,1,0,0.0089,0.0
ZNF77,1,3,0.0089,0.0058
ZNF770,0,3,0.0,0.0058
ZNF771,0,3,0.0,0.0058
ZNF772,1,3,0.0089,0.0058
ZNF773,1,3,0.0089,0.0058
ZNF774,0,3,0.0,0.0058
ZNF775,0,3,0.0,0.0058
ZNF776,0,3,0.0,0.0058
ZNF777,1,3,0.0089,0.0058
ZNF778,1,10,0.0089,0.0195
ZNF780A,1,0,0.0089,0.0
ZNF780B,1,0,0.0089,0.0
ZNF781,0,0,0.0,0.0
ZNF782,1,3,0.0089,0.0058
ZNF783,1,0,0.0089,0.0
ZNF784,0,0,0.0,0.0
ZNF785,1,3,0.0089,0.0058
ZNF786,1,3,0.0089,0.0058
ZNF787,0,0,0.0,0.0
ZNF789,0,0,0.0,0.0
ZNF79,1,3,0.0089,0.0058
ZNF790,1,3,0.0089,0.0058
ZNF791,1,3,0.0089,0.0058
ZNF792,1,3,0.0089,0.0058
ZNF793,1,3,0.0089,0.0058
ZNF799,1,3,0.0089,0.0058
ZNF8,1,0,0.0089,0.0
ZNF80,0,0,0.0,0.0
ZNF800,0,0,0.0,0.0
ZNF804A,0,0,0.0,0.0
ZNF804B,0,3,0.0,0.0058
ZNF805,1,0,0.0089,0.0
ZNF806,0,0,0.0,0.0
ZNF808,1,0,0.0089,0.0
ZNF81,1,0,0.0089,0.0
ZNF812,0,0,0.0,0.0
ZNF813,1,0,0.0089,0.0
ZNF814,1,0,0.0089,0.0
ZNF816,1,8,0.0089,0.0156
ZNF816-ZNF321P,0,0,0.0,0.0
ZNF821,0,0,0.0,0.0
ZNF823,1,0,0.0089,0.0
ZNF827,0,6,0.0,0.0117
ZNF829,1,0,0.0089,0.0
ZNF83,1,0,0.0089,0.0
ZNF830,0,10,0.0,0.0195
ZNF831,0,0,0.0,0.0
ZNF835,0,0,0.0,0.0
ZNF836,1,0,0.0089,0.0
ZNF837,0,0,0.0,0.0
ZNF839,0,3,0.0,0.0058
ZNF84,1,0,0.0089,0.0
ZNF841,1,0,0.0089,0.0
ZNF843,0,0,0.0,0.0
ZNF844,0,0,0.0,0.0
ZNF845,1,0,0.0089,0.0
ZNF846,1,0,0.0089,0.0
ZNF85,1,0,0.0089,0.0
ZNF850,1,0,0.0089,0.0
ZNF852,0,0,0.0,0.0
ZNF853,1,0,0.0089,0.0
ZNF860,1,3,0.0089,0.0058
ZNF862,0,0,0.0,0.0
ZNF865,0,0,0.0,0.0
ZNF875,1,3,0.0089,0.0058
ZNF878,1,0,0.0089,0.0
ZNF879,1,0,0.0089,0.0
ZNF880,0,0,0.0,0.0
ZNF883,0,0,0.0,0.0
ZNF888,1,0,0.0089,0.0
ZNF891,1,0,0.0089,0.0
ZNF90,1,0,0.0089,0.0
ZNF91,1,0,0.0089,0.0
ZNF92,0,3,0.0,0.0058
ZNF93,1,8,0.0089,0.0156
ZNF98,1,0,0.0089,0.0
ZNF99,1,3,0.0089,0.0058
ZNFX1,0,0,0.0,0.0
ZNG1A,0,0,0.0,0.0
ZNG1B,0,0,0.0,0.0
ZNG1C,0,0,0.0,0.0
ZNG1E,0,0,0.0,0.0
ZNG1F,0,0,0.0,0.0
ZNHIT1,0,0,0.0,0.0
ZNHIT2,0,0,0.0,0.0
ZNHIT3,0,0,0.0,0.0
ZNHIT6,0,0,0.0,0.0
ZNRD1,0,0,0.0,0.0
ZNRD2,0,0,0.0,0.0
ZNRF1,0,4,0.0,0.0078
ZNRF2,0,4,0.0,0.0078
ZNRF3,1,4,0.0089,0.0078
ZNRF4,0,0,0.0,0.0
ZP1,0,3,0.0,0.0058
ZP2,0,3,0.0,0.0058
ZP3,0,3,0.0,0.0058
ZP4,0,3,0.0,0.0058
ZPBP,0,0,0.0,0.0
ZPBP2,0,0,0.0,0.0
ZPLD1,0,0,0.0,0.0
ZRANB1,0,7,0.0,0.0136
ZRANB2,0,0,0.0,0.0
ZRANB3,0,0,0.0,0.0
ZRSR2,0,4,0.0,0.0078
ZSCAN1,0,0,0.0,0.0
ZSCAN10,0,2,0.0,0.0039
ZSCAN12,0,0,0.0,0.0
ZSCAN16,0,0,0.0,0.0
ZSCAN18,0,0,0.0,0.0
ZSCAN2,0,0,0.0,0.0
ZSCAN20,0,0,0.0,0.0
ZSCAN21,0,0,0.0,0.0
ZSCAN22,0,0,0.0,0.0
ZSCAN23,0,0,0.0,0.0
ZSCAN25,0,3,0.0,0.0058
ZSCAN26,0,0,0.0,0.0
ZSCAN29,0,0,0.0,0.0
ZSCAN30,0,0,0.0,0.0
ZSCAN31,0,0,0.0,0.0
ZSCAN32,1,3,0.0089,0.0058
ZSCAN4,0,3,0.0,0.0058
ZSCAN5A,0,0,0.0,0.0
ZSCAN5B,0,0,0.0,0.0
ZSCAN9,0,0,0.0,0.0
ZSWIM1,0,0,0.0,0.0
ZSWIM2,0,0,0.0,0.0
ZSWIM3,0,0,0.0,0.0
ZSWIM4,0,0,0.0,0.0
ZSWIM5,0,0,0.0,0.0
ZSWIM6,0,0,0.0,0.0
ZSWIM7,0,0,0.0,0.0
ZSWIM8,0,5,0.0,0.0097
ZSWIM9,0,0,0.0,0.0
ZUFSP,0,0,0.0,0.0
ZUP1,0,0,0.0,0.0
ZW10,0,23,0.0,0.0447
ZWILCH,0,18,0.0,0.035
ZWINT,0,18,0.0,0.035
ZXDA,0,0,0.0,0.0
ZXDB,0,0,0.0,0.0
ZXDC,0,0,0.0,0.0
ZYG11A,0,0,0.0,0.0
ZYG11B,0,0,0.0,0.0
ZYX,1,0,0.0089,0.0
ZZEF1,0,0,0.0,0.0
ZZZ3,0,7,0.0,0.0136
