gene,pli_score,string_degree_norm
A1BG,0.0,0.0117
A1CF,0.0,0.0131
A2M,0.0,0.0836
A2ML1,0.0,0.0078
A3GALT2,0.0,0.0039
A4GALT,0.0,0.0196
A4GNT,0.1654,0.0026
AAAS,0.0,0.047
AACS,0.0,0.0196
AADAC,0.0029,0.0026
AADACL2,0.0,0.0
AADACL3,0.0119,0.0
AADACL4,0.0002,0.0
AADAT,0.1464,0.0235
AAED1,0.0,0.0
AAGAB,0.0,0.0078
AAK1,1.0,0.0274
AAMDC,0.0,0.0
AAMP,0.7617,0.0131
AANAT,0.003,0.0209
AAR2,0.0,0.0274
AARD,0.3258,0.0
AARS,0.0,0.0
AARS1,0.0,0.0744
AARS2,0.0,0.0574
AARSD1,0.0,0.0039
AASDH,0.0,0.0561
AASDHPPT,0.0339,0.0183
AASS,0.0,0.0131
AATF,0.0,0.1867
AATK,0.2063,0.0026
ABAT,0.0063,0.047
ABCA1,0.0,0.0535
ABCA10,0.0,0.0
ABCA12,0.0,0.0117
ABCA13,0.0,0.0
ABCA2,1.0,0.0235
ABCA3,0.0,0.0052
ABCA4,0.0,0.0431
ABCA5,0.0,0.0013
ABCA6,0.0,0.0039
ABCA7,0.0,0.0274
ABCA8,0.0,0.0013
ABCA9,0.0,0.0013
ABCB1,0.0,0.0287
ABCB10,0.0,0.0117
ABCB11,0.0,0.0235
ABCB4,0.0,0.0131
ABCB5,0.0,0.0026
ABCB6,0.0,0.0222
ABCB7,0.9999,0.0287
ABCB8,0.0,0.0261
ABCB9,0.0003,0.0065
ABCC1,0.0012,0.0052
ABCC10,0.0,0.0
ABCC11,0.0,0.0
ABCC12,0.0,0.0
ABCC2,0.0,0.0379
ABCC3,0.0,0.0131
ABCC4,0.0,0.0274
ABCC5,0.0042,0.0013
ABCC6,0.0,0.0117
ABCC8,0.0,0.0287
ABCC9,0.0,0.0144
ABCD1,0.999,0.0326
ABCD2,0.0,0.0104
ABCD3,0.0078,0.0392
ABCD4,0.0,0.0287
ABCE1,0.9738,0.1945
ABCF1,0.0,0.0614
ABCF2,0.0113,0.0313
ABCF2-2,0.0,0.03
ABCF3,0.0,0.0274
ABCG1,0.1118,0.0274
ABCG2,0.0,0.0352
ABCG4,0.0,0.0013
ABCG5,0.0,0.0444
ABCG8,0.0,0.0352
ABHD1,0.0,0.0013
ABHD10,0.0,0.0
ABHD11,0.003,0.0
ABHD12,0.0,0.0104
ABHD12B,0.0,0.0
ABHD13,0.8946,0.0
ABHD14A,0.0,0.0
ABHD14A-ACY1,0.0,0.0026
ABHD14B,0.0001,0.0
ABHD15,0.0,0.0013
ABHD16A,0.4734,0.0078
ABHD16B,0.0001,0.0
ABHD17A,0.0189,0.0013
ABHD17B,0.2544,0.0
ABHD17C,0.9576,0.0
ABHD2,0.6815,0.0013
ABHD3,0.0,0.0
ABHD4,0.0,0.0091
ABHD5,0.0,0.0196
ABHD6,0.0,0.0104
ABHD8,0.9703,0.0013
ABI1,0.6391,0.0561
ABI2,0.4312,0.0431
ABI3,0.0001,0.0196
ABI3BP,0.0,0.0013
ABITRAM,0.0,0.0065
ABL1,1.0,0.1749
ABL2,0.0,0.0144
ABLIM1,0.9301,0.0065
ABLIM2,0.0046,0.0013
ABLIM3,0.0,0.0065
ABO,0.0,0.0091
ABR,0.6274,0.0013
ABRA,0.0,0.0039
ABRACL,0.2417,0.0
ABRAXAS1,0.0,0.0313
ABRAXAS2,0.0,0.0144
ABT1,0.0203,0.0405
ABTB1,0.0,0.0065
ABTB2,0.0047,0.0
AC002310.13,0.1896,0.0
AC002365.1,0.0,0.0
AC002472.13,0.0,0.0
AC002553.1,0.1424,0.0
AC003002.4,0.0081,0.0
AC003002.6,0.3501,0.0
AC003006.7,0.0072,0.0
AC003043.1,0.3176,0.0
AC003101.1,0.0003,0.0
AC003102.1,0.0,0.0
AC004076.7,0.3858,0.0
AC004076.9,0.0015,0.0
AC004381.6,0.0,0.0
AC004466.1,0.0015,0.0
AC004899.1,0.0,0.0
AC005003.1,0.4521,0.0
AC005008.2,0.0,0.0
AC005082.1,0.1028,0.0
AC005358.1,0.993,0.0
AC005477.1,0.0,0.0
AC005481.5,0.4281,0.0
AC005493.1,0.0012,0.0
AC005544.1,0.014,0.0
AC005549.3,0.3074,0.0
AC005609.1,0.0115,0.0
AC005841.1,0.0,0.0
AC006372.1,0.0,0.0
AC006435.1,0.0,0.0
AC006486.1,0.1135,0.0
AC006486.9,0.937,0.0
AC006538.4,0.1306,0.0
AC006547.14,0.0,0.0
AC006946.15,0.1138,0.0
AC007040.11,0.0041,0.0
AC007204.1,0.1487,0.0
AC007401.2,0.0027,0.0
AC007421.1,0.0,0.0
AC007557.1,0.484,0.0
AC007952.5,0.5103,0.0
AC007956.1,0.0074,0.0
AC008060.7,0.0045,0.0
AC008132.13,0.0,0.0
AC008267.1,0.0,0.0
AC008271.1,0.1007,0.0
AC008372.1,0.0557,0.0
AC008394.1,0.0831,0.0
AC008686.1,0.0419,0.0
AC009041.2,0.3127,0.0
AC009065.1,0.0,0.0
AC009365.3,0.1506,0.0
AC009403.2,0.0234,0.0
AC009802.1,0.3319,0.0
AC009892.10,0.0104,0.0
AC010327.2,0.0,0.0
AC010336.1,0.0,0.0
AC010441.1,0.0,0.0
AC010536.1,0.0,0.0
AC010646.3,0.0758,0.0
AC011239.1,0.0222,0.0
AC011294.3,0.0042,0.0
AC011308.1,0.3525,0.0
AC011366.3,0.4177,0.0
AC011475.1,0.0701,0.0
AC011484.1,0.0,0.0
AC011500.1,0.0016,0.0
AC011530.4,0.0764,0.0
AC011897.1,0.0048,0.0
AC011997.1,0.0001,0.0
AC012123.1,0.0182,0.0
AC012215.1,0.0,0.0
AC012313.1,0.029,0.0
AC012360.1,0.2923,0.0
AC012493.2,0.0,0.0
AC013449.1,0.0,0.0
AC013468.1,0.3387,0.0
AC015987.2,0.115,0.0
AC015989.1,0.3325,0.0
AC015989.2,0.0,0.0
AC016251.1,0.0636,0.0
AC016586.1,0.0,0.0
AC016745.1,0.0,0.0
AC016757.3,0.0024,0.0
AC016885.1,0.0805,0.0
AC017028.1,0.0077,0.0
AC017104.2,0.006,0.0
AC018470.1,0.0084,0.0
AC018755.1,0.0218,0.0
AC018816.3,0.0001,0.0
AC018867.1,0.072,0.0
AC018867.2,0.3731,0.0
AC019171.1,0.0551,0.0
AC019206.1,0.2827,0.0
AC019294.1,0.0,0.0
AC020907.1,0.0,0.0
AC020922.1,0.0,0.0
AC021218.2,0.0596,0.0
AC021860.1,0.0,0.0
AC022400.2,0.2932,0.0
AC022431.2,0.0222,0.0
AC022498.1,0.0,0.0
AC022532.1,0.0644,0.0
AC023469.1,0.0003,0.0
AC023590.1,0.3766,0.0
AC023632.1,0.0,0.0
AC024580.1,0.1313,0.0
AC024592.12,0.0239,0.0
AC024940.1,0.0,0.0
AC025278.1,0.0,0.0
AC025287.1,0.0004,0.0
AC026202.1,0.001,0.0
AC026310.1,0.0,0.0
AC026369.1,0.2862,0.0
AC026407.1,0.1509,0.0
AC026703.1,0.0,0.0
AC027763.2,0.1757,0.0
AC037199.1,0.0,0.0
AC037459.4,0.0127,0.0
AC040160.1,0.0078,0.0
AC040977.1,0.047,0.0
AC061992.1,0.0,0.0
AC062017.1,0.003,0.0
AC064874.1,0.0355,0.0
AC068533.7,0.0,0.0
AC068987.1,0.1238,0.0
AC069368.3,0.0367,0.0
AC073063.1,0.0767,0.0
AC073342.1,0.0,0.0
AC073343.1,0.0,0.0
AC073569.1,0.3078,0.0
AC073610.5,0.6982,0.0
AC074091.13,0.2141,0.0
AC074212.3,0.0044,0.0
AC074389.6,0.0,0.0
AC079210.1,0.0,0.0
AC079341.1,0.0,0.0
AC079354.1,0.0,0.0
AC079354.2,0.0,0.0
AC079612.1,0.0002,0.0
AC083862.1,0.0,0.0
AC087645.1,0.2092,0.0
AC090186.1,0.0,0.0
AC090427.1,0.2964,0.0
AC090616.2,0.3175,0.0
AC091801.1,0.1722,0.0
AC092675.3,0.0109,0.0
AC092687.4,0.0646,0.0
AC092811.1,0.0,0.0
AC092964.1,0.387,0.0
AC093157.1,0.4069,0.0
AC093677.1,0.0,0.0
AC093802.1,0.0418,0.0
AC096582.1,0.4159,0.0
AC096644.1,0.1136,0.0
AC097381.1,0.0,0.0
AC099552.4,0.2198,0.0
AC103801.2,0.0,0.0
AC103809.2,0.0371,0.0
AC104057.1,0.3071,0.0
AC104472.1,0.0,0.0
AC104534.3,0.5108,0.0
AC104667.3,0.0067,0.0
AC104794.4,0.0225,0.0
AC104809.3,0.0,0.0
AC105020.1,0.0,0.0
AC106873.4,0.1243,0.0
AC106876.2,0.0103,0.0
AC107021.1,0.0,0.0
AC108868.1,0.3035,0.0
AC109829.1,0.0004,0.0
AC110615.1,0.1425,0.0
AC110619.2,0.0134,0.0
AC110781.3,0.1038,0.0
AC111200.1,0.3609,0.0
AC112205.1,0.3357,0.0
AC112693.2,0.0,0.0
AC112715.2,0.4214,0.0
AC112721.1,0.2956,0.0
AC114494.1,0.0851,0.0
AC114546.1,0.0,0.0
AC114783.1,0.0,0.0
AC115618.1,0.0,0.0
AC117834.1,0.5026,0.0
AC120194.1,0.3177,0.0
AC121757.1,0.1085,0.0
AC124890.1,0.0,0.0
AC127496.1,0.0,0.0
AC129492.6,0.0,0.0
AC131097.4,0.0081,0.0
AC131971.1,0.0,0.0
AC132186.1,0.0,0.0
AC132216.1,0.0453,0.0
AC135048.1,0.1421,0.0
AC135178.1,0.0,0.0
AC136604.1,0.3688,0.0
AC137932.1,0.0796,0.0
AC138647.1,0.0204,0.0
AC139426.2,0.0,0.0
AC140481.2,0.1047,0.0
AC142381.1,0.0,0.0
AC145676.2,0.0,0.0
AC174470.1,0.1535,0.0
AC187652.1,0.0964,0.0
AC226150.4,0.0,0.0
ACAA1,0.0,0.0953
ACAA2,0.0,0.0783
ACACA,1.0,0.0731
ACACB,0.0,0.0601
ACAD10,0.0,0.0039
ACAD11,0.0,0.0091
ACAD8,0.0,0.0183
ACAD9,0.0,0.064
ACADL,0.0,0.0392
ACADM,0.0,0.0509
ACADS,0.0,0.0692
ACADSB,0.0,0.0379
ACADVL,0.0,0.0379
ACAN,1.0,0.077
ACAP1,0.0676,0.0052
ACAP2,0.9233,0.0052
ACAP3,0.0,0.0
ACAT1,0.0,0.0679
ACAT2,0.0,0.0718
ACBD3,0.0107,0.0196
ACBD4,0.0,0.0026
ACBD5,0.0061,0.0183
ACBD6,0.0,0.0026
ACBD7,0.1161,0.0
ACCS,0.0,0.0026
ACCSL,0.0,0.0026
ACD,0.0,0.0352
ACE,0.0,0.0731
ACE2,0.9977,0.0822
ACER1,0.0022,0.0418
ACER2,0.0402,0.0418
ACER3,0.8746,0.0261
ACHE,0.9983,0.0392
ACIN1,1.0,0.0339
ACKR1,0.0,0.0261
ACKR2,0.0014,0.0431
ACKR3,0.3913,0.03
ACKR4,0.0,0.0235
ACLY,0.0836,0.0914
ACMSD,0.0,0.0131
ACN9,0.0026,0.0
ACO1,0.0,0.064
ACO2,0.2079,0.1606
ACOD1,0.0,0.0013
ACOT1,0.0001,0.0183
ACOT11,0.0,0.0026
ACOT12,0.0,0.0274
ACOT13,0.0,0.0131
ACOT2,0.0,0.0196
ACOT4,0.0,0.017
ACOT6,0.0035,0.0
ACOT7,0.7593,0.0104
ACOT8,0.0,0.0196
ACOT9,0.0,0.0026
ACOX1,0.0621,0.1162
ACOX2,0.0,0.0261
ACOX3,0.0,0.0731
ACOXL,0.0,0.0065
ACP1,0.0,0.0222
ACP2,0.0001,0.0
ACP4,0.0,0.0013
ACP5,0.0787,0.0326
ACP6,0.0,0.0065
ACP7,0.0,0.0026
ACPL2,0.0031,0.0
ACPP,0.0,0.0131
ACPT,0.0,0.0
ACR,0.0122,0.0065
ACRBP,0.0,0.0039
ACRC,0.9879,0.0
ACRV1,0.0,0.0065
ACSBG1,0.0,0.0235
ACSBG2,0.0,0.017
ACSF2,0.0,0.03
ACSF3,0.0,0.0209
ACSL1,0.0015,0.0601
ACSL3,0.0003,0.0326
ACSL4,0.981,0.0405
ACSL5,0.0,0.03
ACSL6,0.0032,0.0274
ACSM1,0.0,0.0065
ACSM2A,0.0,0.0039
ACSM2B,0.0,0.0039
ACSM3,0.0,0.0039
ACSM4,0.0,0.0026
ACSM5,0.0,0.0026
ACSM6,0.0,0.0026
ACSS1,0.0,0.064
ACSS2,0.0,0.064
ACSS3,0.0,0.0326
ACTA1,0.0,0.1149
ACTA2,0.9302,0.0509
ACTB,0.9856,0.5718
ACTBL2,0.0,0.0117
ACTC1,0.7367,0.0522
ACTG1,0.0048,0.2167
ACTG2,0.071,0.0274
ACTL10,0.0805,0.0026
ACTL6A,0.9967,0.1789
ACTL6B,0.0003,0.0744
ACTL7A,0.0,0.0065
ACTL7B,0.0,0.0039
ACTL8,0.3184,0.0026
ACTL9,0.0041,0.0026
ACTN1,1.0,0.0875
ACTN2,0.9997,0.0822
ACTN3,0.0,0.0379
ACTN4,1.0,0.0809
ACTR10,0.0015,0.0431
ACTR1A,0.9662,0.0366
ACTR1B,0.0011,0.0196
ACTR2,0.999,0.0783
ACTR3,0.9999,0.0561
ACTR3B,0.9991,0.0339
ACTR3C,0.0,0.0313
ACTR5,0.0,0.0679
ACTR6,0.0,0.0209
ACTR8,0.0,0.0339
ACTRT1,0.0037,0.0
ACTRT2,0.0005,0.0
ACTRT3,0.0,0.0039
ACVR1,0.3254,0.0601
ACVR1B,0.9997,0.0379
ACVR1C,0.0009,0.0261
ACVR2A,0.9997,0.064
ACVR2B,0.8341,0.0666
ACVRL1,0.001,0.0313
ACY1,0.0,0.0157
ACY3,0.0,0.0026
ACYP1,0.0703,0.0117
ACYP2,0.0001,0.0131
ADA,0.0,0.0457
ADA2,0.0,0.0196
ADAD1,0.039,0.0013
ADAD2,0.0,0.0
ADAL,0.0,0.0026
ADAM10,1.0,0.0744
ADAM11,0.0,0.0026
ADAM12,0.0,0.0091
ADAM15,0.0,0.0131
ADAM17,0.9953,0.0483
ADAM18,0.0,0.0
ADAM19,0.0001,0.0026
ADAM2,0.0,0.0078
ADAM20,0.0,0.0039
ADAM21,0.0,0.0039
ADAM22,0.251,0.0183
ADAM23,0.9971,0.0104
ADAM28,0.0,0.0026
ADAM29,0.0,0.0
ADAM30,0.0,0.0052
ADAM32,0.0,0.0
ADAM33,0.0,0.0026
ADAM7,0.0,0.0
ADAM8,0.0,0.0026
ADAM9,0.0294,0.0078
ADAMDEC1,0.0,0.0
ADAMTS1,0.716,0.0052
ADAMTS10,0.8429,0.0065
ADAMTS12,0.0,0.0065
ADAMTS13,0.0,0.017
ADAMTS14,0.0,0.0013
ADAMTS15,0.0,0.0
ADAMTS16,0.0004,0.0
ADAMTS17,0.0,0.0026
ADAMTS18,0.0,0.0
ADAMTS19,0.0,0.0
ADAMTS2,0.9661,0.0144
ADAMTS20,0.0,0.0
ADAMTS3,0.0,0.0131
ADAMTS4,0.0,0.0209
ADAMTS5,0.0,0.0144
ADAMTS6,1.0,0.0013
ADAMTS7,0.0,0.0039
ADAMTS8,0.0,0.0013
ADAMTS9,0.0,0.0052
ADAMTSL1,0.0,0.0026
ADAMTSL2,0.0016,0.0039
ADAMTSL3,0.0,0.0078
ADAMTSL4,0.0,0.0013
ADAMTSL4-AS1,0.0,0.0
ADAMTSL5,0.0,0.0026
ADAP1,0.5333,0.0091
ADAP2,0.0,0.0078
ADAR,0.0263,0.0379
ADARB1,0.8035,0.0131
ADARB2,0.856,0.0078
ADAT1,0.0,0.0052
ADAT2,0.0,0.0131
ADAT3,0.0056,0.0144
ADC,0.0,0.0
ADCK1,0.0,0.0013
ADCK2,0.0,0.0039
ADCK3,0.0,0.0
ADCK4,0.0,0.0
ADCK5,0.0044,0.0013
ADCY1,0.9975,0.0836
ADCY10,0.0,0.0457
ADCY2,0.999,0.0822
ADCY3,0.0,0.111
ADCY4,0.0,0.0862
ADCY5,0.9993,0.1227
ADCY6,0.0058,0.0836
ADCY7,0.0,0.0914
ADCY8,0.0,0.1031
ADCY9,0.9794,0.0966
ADCYAP1,0.5242,0.0483
ADCYAP1R1,0.0,0.0157
ADD1,0.9883,0.0444
ADD2,0.9961,0.0379
ADD3,0.9988,0.0326
ADGB,0.0,0.0039
ADGRA1,0.0,0.0013
ADGRA2,0.0,0.017
ADGRA3,0.0,0.0013
ADGRB1,0.0,0.0183
ADGRB2,0.0,0.0026
ADGRB3,0.0,0.0078
ADGRD1,0.0,0.0261
ADGRE1,0.0,0.0013
ADGRE2,0.0,0.0052
ADGRE3,0.0,0.0013
ADGRE5,0.0,0.0078
ADGRF1,0.0,0.0052
ADGRF5,0.0,0.0039
ADGRG1,0.0,0.0104
ADGRG2,0.0,0.0052
ADGRG3,0.0,0.0039
ADGRG4,0.0,0.0039
ADGRG5,0.0,0.0026
ADGRG6,0.0,0.0052
ADGRL1,0.0,0.0457
ADGRL2,0.0,0.0418
ADGRL3,0.0,0.0405
ADGRL4,0.0,0.0013
ADGRV1,0.0,0.0209
ADH1A,0.0,0.0692
ADH1B,0.0,0.0731
ADH1C,0.0,0.0718
ADH4,0.0,0.0627
ADH5,0.0,0.0587
ADH6,0.0,0.0783
ADH7,0.0,0.0705
ADHFE1,0.0,0.0261
ADI1,0.0,0.0131
ADIPOQ,0.0,0.0822
ADIPOR1,0.6584,0.0222
ADIPOR2,0.3622,0.0144
ADIRF,0.0365,0.0013
ADK,0.0003,0.0757
ADM,0.0408,0.0326
ADM2,0.02,0.0222
ADM5,0.3956,0.0013
ADNP,1.0,0.0157
ADNP2,0.6957,0.0026
ADO,0.4803,0.0065
ADORA1,0.0152,0.0235
ADORA2A,0.5971,0.0431
ADORA2B,0.0,0.0104
ADORA3,0.0001,0.0065
ADPGK,0.0052,0.0326
ADPRH,0.0,0.0
ADPRHL1,0.0,0.0013
ADPRHL2,0.0006,0.0091
ADPRM,0.0004,0.017
ADRA1A,0.0,0.0157
ADRA1B,0.1354,0.017
ADRA1D,0.0,0.0248
ADRA2A,0.0008,0.0235
ADRA2B,0.0,0.0065
ADRA2C,0.5016,0.0117
ADRB1,0.0,0.0366
ADRB2,0.5254,0.0836
ADRB3,0.0,0.0235
ADRBK1,1.0,0.0
ADRBK2,0.7106,0.0
ADRM1,0.997,0.1018
ADSL,0.0,0.1201
ADSS,0.3297,0.0
ADSS1,0.0,0.0666
ADSS2,0.0,0.0705
ADSSL1,0.0,0.0
ADTRP,0.0,0.0
AE000662.92,0.0001,0.0
AEBP1,0.0,0.0
AEBP2,0.9992,0.0587
AEN,0.0,0.0013
AES,0.9359,0.0
AF131215.5,0.0,0.0
AF165138.7,0.0,0.0
AF196779.12,0.9664,0.0
AFAP1,0.0,0.0013
AFAP1L1,0.0,0.0013
AFAP1L2,0.0022,0.0
AFDN,0.0,0.0979
AFF1,0.7104,0.0679
AFF2,0.9958,0.0026
AFF3,1.0,0.0131
AFF4,1.0,0.0653
AFG1L,0.0,0.0013
AFG3L2,0.0,0.0522
AFM,0.0,0.0052
AFMID,0.0,0.0274
AFP,0.0,0.0548
AFTPH,1.0,0.0431
AGA,0.0,0.0091
AGAP1,0.9998,0.0039
AGAP10,0.359,0.0
AGAP2,0.9982,0.0052
AGAP2-AS1,0.0275,0.0
AGAP3,0.9109,0.0013
AGAP4,0.0,0.0013
AGAP5,0.0059,0.0
AGAP6,0.0,0.0013
AGAP7,0.0378,0.0
AGAP8,0.0,0.0
AGBL1,0.0,0.0039
AGBL2,0.0,0.0013
AGBL3,0.0,0.0026
AGBL4,0.0,0.0039
AGBL5,0.0,0.0013
AGER,0.0,0.0496
AGFG1,0.9928,0.0196
AGFG2,0.0003,0.0026
AGGF1,0.0,0.0013
AGK,0.0,0.0392
AGL,0.0,0.0405
AGMAT,0.0,0.0183
AGMO,0.0,0.0039
AGO1,1.0,0.0901
AGO2,1.0,0.1501
AGO3,1.0,0.0496
AGO4,0.9999,0.0457
AGPAT1,0.9721,0.0444
AGPAT2,0.0,0.0548
AGPAT3,0.9993,0.0392
AGPAT4,0.1021,0.0444
AGPAT5,0.0,0.0379
AGPAT6,0.0881,0.0
AGPAT9,0.0,0.0
AGPS,1.0,0.0287
AGR2,0.0,0.0117
AGR3,0.0,0.0013
AGRN,0.0,0.0548
AGRP,0.0007,0.0392
AGT,0.0,0.1488
AGTPBP1,0.4215,0.0013
AGTR1,0.0005,0.0601
AGTR2,0.0082,0.0157
AGTRAP,0.1884,0.0078
AGXT,0.0,0.0796
AGXT2,0.0,0.0783
AHCTF1,1.0,0.0405
AHCY,0.0359,0.0392
AHCYL1,0.9943,0.0287
AHCYL2,0.9913,0.0235
AHDC1,1.0,0.0
AHI1,0.0,0.0379
AHNAK,0.8983,0.0326
AHNAK2,0.0006,0.0039
AHR,1.0,0.0222
AHRR,0.0002,0.0131
AHRR-2,0.0,0.0104
AHSA1,0.999,0.0405
AHSA2,0.0002,0.0
AHSG,0.0,0.0744
AHSP,0.0003,0.0287
AICDA,0.0,0.0392
AIDA,0.0002,0.0
AIF1,0.0,0.0548
AIF1L,0.0064,0.0
AIFM1,0.998,0.0144
AIFM2,0.0,0.0052
AIFM3,0.0,0.0013
AIG1,0.0,0.0
AIM1,0.0,0.0
AIM1L,0.0,0.0
AIM2,0.0,0.0444
AIMP1,0.0,0.0392
AIMP2,0.008,0.0261
AIP,0.3616,0.017
AIPL1,0.0,0.0431
AIRE,0.0,0.0379
AJAP1,0.9947,0.0052
AJM1,0.0,0.0026
AJUBA,0.7972,0.0131
AK1,0.0273,0.0587
AK2,0.0001,0.0614
AK3,0.0001,0.0731
AK4,0.1335,0.0444
AK5,0.0033,0.0444
AK6,0.0,0.0405
AK7,0.0,0.0418
AK8,0.0,0.0392
AK9,0.0,0.0992
AKAP1,0.7424,0.0431
AKAP10,0.1078,0.0144
AKAP11,0.9788,0.0144
AKAP12,0.0357,0.03
AKAP13,0.9291,0.0248
AKAP14,0.6583,0.017
AKAP17A,0.5017,0.0065
AKAP2,0.0001,0.0
AKAP3,0.0564,0.0091
AKAP4,0.9932,0.0209
AKAP5,0.6519,0.0483
AKAP6,0.9998,0.0196
AKAP7,0.0,0.0366
AKAP8,0.6643,0.0104
AKAP8L,0.0288,0.0065
AKAP9,0.0,0.0601
AKIP1,0.0,0.0052
AKIRIN1,0.7935,0.0013
AKIRIN2,0.9235,0.0222
AKNA,0.0001,0.0
AKNAD1,0.0,0.1684
AKR1A1,0.0,0.0274
AKR1B1,0.0,0.0548
AKR1B10,0.0,0.0522
AKR1B15,0.0,0.0
AKR1C1,0.0,0.0535
AKR1C2,0.0,0.0379
AKR1C3,0.0,0.0796
AKR1C4,0.0,0.0392
AKR1CL1,0.0,0.0
AKR1D1,0.0,0.0587
AKR1E2,0.0,0.0
AKR7A2,0.0,0.0078
AKR7A3,0.0,0.0052
AKR7L,0.0002,0.0
AKT1,0.9759,0.5679
AKT1S1,0.111,0.0601
AKT2,0.6443,0.1449
AKT3,0.9996,0.1253
AKTIP,0.4038,0.0104
AL020996.1,0.0,0.0
AL021546.6,0.0,0.0
AL022328.1,0.0172,0.0
AL031320.1,0.0,0.0
AL031590.1,0.3734,0.0
AL031666.2,0.0019,0.0
AL033381.1,0.0134,0.0
AL035406.1,0.3435,0.0
AL035588.1,0.355,0.0
AL049829.1,0.1347,0.0
AL049840.1,0.0,0.0
AL050302.1,0.0446,0.0
AL078585.1,0.0059,0.0
AL079342.1,0.0,0.0
AL109927.1,0.0,0.0
AL121963.1,0.0002,0.0
AL133373.1,0.0,0.0
AL133481.1,0.0017,0.0
AL135998.1,0.0632,0.0
AL136115.1,0.0,0.0
AL136218.1,0.0003,0.0
AL136376.1,0.0257,0.0
AL136531.1,0.0,0.0
AL137026.1,0.0599,0.0
AL138764.1,0.0,0.0
AL138815.1,0.1176,0.0
AL139099.1,0.0,0.0
AL139147.1,0.0,0.0
AL139333.1,0.0663,0.0
AL158091.1,0.0,0.0
AL161450.1,0.2923,0.0
AL161645.2,0.0681,0.0
AL161784.1,0.0948,0.0
AL161915.1,0.0,0.0
AL162407.1,0.3399,0.0
AL162424.1,0.0,0.0
AL162431.1,0.3109,0.0
AL163636.6,0.0991,0.0
AL353354.1,0.0132,0.0
AL353354.2,0.0,0.0
AL353698.1,0.0,0.0
AL354898.1,0.0,0.0
AL354993.1,0.034,0.0
AL355390.1,0.0891,0.0
AL355490.1,0.0,0.0
AL356356.1,0.3446,0.0
AL357673.1,0.0,0.0
AL358113.1,0.0,0.0
AL359195.1,0.0,0.0
AL359736.1,0.3229,0.0
AL359878.1,0.0,0.0
AL360004.1,0.0,0.0
AL365202.1,0.3084,0.0
AL390778.1,0.3097,0.0
AL391152.1,0.0,0.0
AL391421.1,0.0045,0.0
AL441883.1,0.0595,0.0
AL445989.1,0.0,0.0
AL450307.1,0.0029,0.0
AL583828.1,0.0,0.0
AL589765.1,0.0623,0.0
AL590708.2,0.3775,0.0
AL590714.1,0.3052,0.0
AL590822.1,0.0,0.0
AL590822.2,0.0,0.0
AL591025.1,0.0218,0.0
AL592284.1,0.3134,0.0
AL603965.1,0.0,0.0
AL627171.1,0.0742,0.0
AL627171.2,0.0,0.0
AL627309.1,0.0009,0.0
AL645608.1,0.0121,0.0
AL645728.1,0.0,0.0
AL645730.2,0.0,0.0
AL645922.1,0.0016,0.0
AL646016.1,0.0663,0.0
AL807752.1,0.0,0.0
AL929472.1,0.3369,0.0
ALAD,0.0001,0.017
ALAS1,0.1098,0.0313
ALAS2,0.9959,0.0522
ALB,0.6433,0.3133
ALCAM,0.7327,0.0261
ALDH16A1,0.0,0.0104
ALDH18A1,0.0008,0.1057
ALDH1A1,0.9545,0.077
ALDH1A2,0.3633,0.0522
ALDH1A3,0.1413,0.0535
ALDH1B1,0.0,0.0744
ALDH1L1,0.0,0.0222
ALDH1L2,0.0,0.0196
ALDH2,0.0,0.0875
ALDH3A1,0.0,0.0587
ALDH3A2,0.0,0.0809
ALDH3B1,0.0,0.0496
ALDH3B2,0.0,0.0418
ALDH4A1,0.0,0.0601
ALDH5A1,0.0,0.0261
ALDH6A1,0.0,0.047
ALDH7A1,0.0,0.1292
ALDH8A1,0.0,0.0065
ALDH9A1,0.0,0.077
ALDOA,0.0013,0.0731
ALDOB,0.0,0.0718
ALDOC,0.0922,0.0653
ALG1,0.0,0.03
ALG10,0.0,0.0131
ALG10B,0.0,0.0157
ALG11,0.0,0.0196
ALG12,0.0,0.0339
ALG13,1.0,0.0117
ALG14,0.0009,0.0157
ALG1L,0.0,0.0
ALG2,0.0001,0.017
ALG3,0.0,0.03
ALG5,0.4635,0.0248
ALG6,0.0003,0.0261
ALG8,0.0,0.0209
ALG9,0.0006,0.0065
ALG9-2,0.0,0.0052
ALK,0.0,0.0862
ALKAL1,0.0,0.0013
ALKAL2,0.0,0.0026
ALKBH1,0.0,0.0352
ALKBH2,0.0033,0.0091
ALKBH3,0.0,0.0117
ALKBH4,0.126,0.0078
ALKBH5,0.9497,0.0379
ALKBH6,0.1064,0.0078
ALKBH7,0.0,0.0078
ALKBH8,0.0002,0.0157
ALLC,0.0,0.0013
ALMS1,0.0,0.0091
ALOX12,0.0,0.0392
ALOX12B,0.0008,0.0457
ALOX15,0.0,0.0574
ALOX15B,0.0,0.0444
ALOX5,0.0,0.0574
ALOX5AP,0.0707,0.0131
ALOXE3,0.0,0.0104
ALPG,0.0,0.0131
ALPI,0.0,0.0091
ALPK1,0.0,0.0013
ALPK2,0.0,0.0
ALPK3,0.0,0.0026
ALPL,0.0004,0.0313
ALPP,0.0,0.0104
ALPPL2,0.0,0.0
ALS2,0.0,0.0313
ALS2CL,0.0,0.0026
ALS2CR11,0.0,0.0
ALS2CR12,0.0,0.0
ALX1,0.1762,0.0
ALX3,0.0191,0.0052
ALX4,0.3574,0.0039
ALYREF,0.9257,0.2258
AMACR,0.0274,0.0313
AMBN,0.0,0.0196
AMBP,0.0,0.0522
AMBRA1,1.0,0.0849
AMD1,0.9823,0.0
AMDHD1,0.0,0.0117
AMDHD2,0.0023,0.0157
AMDHD2-2,0.0,0.0222
AMELX,0.0745,0.0287
AMELY,0.0001,0.017
AMER1,0.8538,0.017
AMER2,0.0835,0.0
AMER3,0.6187,0.0
AMFR,0.0001,0.0705
AMH,0.0,0.0418
AMHR2,0.0,0.0274
AMICA1,0.0007,0.0
AMIGO1,0.9841,0.0013
AMIGO2,0.5974,0.0
AMIGO3,0.0002,0.0
AMMECR1,0.8212,0.0065
AMMECR1L,0.9913,0.0
AMN,0.0003,0.0078
AMN1,0.3253,0.0
AMOT,0.9967,0.0431
AMOTL1,0.0018,0.0261
AMOTL2,0.1552,0.0235
AMPD1,0.0,0.0614
AMPD2,0.0,0.0705
AMPD3,0.0,0.0731
AMPH,0.0,0.064
AMT,0.0027,0.0496
AMTN,0.0,0.0117
AMY1A,0.0003,0.0026
AMY1B,0.0006,0.0339
AMY1C,0.0034,0.0039
AMY2A,0.0,0.0287
AMY2B,0.0,0.0248
AMZ1,0.0,0.0
AMZ2,0.0,0.0
ANAPC1,0.9453,0.0992
ANAPC10,0.0055,0.0836
ANAPC11,0.3328,0.0744
ANAPC13,0.0014,0.0653
ANAPC15,0.2958,0.064
ANAPC16,0.0229,0.064
ANAPC2,0.9999,0.0888
ANAPC4,0.0007,0.0914
ANAPC5,0.0,0.0875
ANAPC7,0.8485,0.0718
ANG,0.2874,0.0131
ANGEL1,0.0,0.0039
ANGEL2,0.0,0.0013
ANGPT1,0.9521,0.0587
ANGPT2,0.8321,0.0548
ANGPT4,0.0,0.0196
ANGPTL1,0.0,0.0052
ANGPTL2,0.0015,0.0039
ANGPTL3,0.0,0.017
ANGPTL4,0.0,0.0222
ANGPTL5,0.0,0.0013
ANGPTL6,0.0,0.0013
ANGPTL7,0.0,0.0
ANGPTL8,0.0,0.0078
ANHX,0.2262,0.0
ANK1,1.0,0.1057
ANK2,1.0,0.1084
ANK3,1.0,0.1044
ANKAR,0.0,0.0026
ANKDD1A,0.0,0.0
ANKDD1B,0.0,0.0
ANKEF1,0.0,0.0
ANKFN1,0.0,0.0
ANKFY1,0.9563,0.0117
ANKH,0.2786,0.0026
ANKHD1,1.0,0.0052
ANKHD1-EIF4EBP3,1.0,0.0
ANKIB1,1.0,0.0013
ANKK1,0.0,0.0131
ANKLE1,0.0,0.0026
ANKLE2,0.0,0.0183
ANKMY1,0.0,0.0
ANKMY2,0.0,0.0026
ANKRA2,0.0,0.0104
ANKRD1,0.0,0.0091
ANKRD10,0.1645,0.0
ANKRD11,1.0,0.0013
ANKRD12,1.0,0.0
ANKRD13A,0.0002,0.0
ANKRD13B,0.3622,0.0
ANKRD13C,0.9979,0.0
ANKRD13D,0.3491,0.0013
ANKRD16,0.0,0.0
ANKRD17,1.0,0.0039
ANKRD18A,0.0,0.0
ANKRD18B,0.0,0.0
ANKRD2,0.0,0.0091
ANKRD20A1,0.0,0.0
ANKRD20A2,0.0003,0.0013
ANKRD20A3,0.0032,0.0
ANKRD20A4,0.0,0.0
ANKRD22,0.0,0.0013
ANKRD23,0.0,0.0039
ANKRD24,0.0,0.0
ANKRD26,0.0,0.0
ANKRD27,0.0,0.0104
ANKRD28,1.0,0.0131
ANKRD29,0.0,0.0065
ANKRD30A,0.0,0.0
ANKRD30B,0.0,0.0
ANKRD31,0.0,0.0052
ANKRD32,0.0,0.0
ANKRD33,0.0,0.0
ANKRD33B,0.4323,0.0
ANKRD34A,0.981,0.0
ANKRD34B,0.0,0.0
ANKRD34C,0.2145,0.0
ANKRD35,0.0,0.0
ANKRD36,0.0,0.0026
ANKRD36B,0.0,0.0026
ANKRD36C,0.0,0.0026
ANKRD37,0.0005,0.0013
ANKRD39,0.0009,0.0013
ANKRD40,0.2544,0.0026
ANKRD40CL,0.0,0.0013
ANKRD42,0.0,0.0026
ANKRD44,0.3366,0.0078
ANKRD45,0.0006,0.0039
ANKRD46,0.5151,0.0039
ANKRD49,0.0005,0.0052
ANKRD50,0.9792,0.0052
ANKRD52,1.0,0.0065
ANKRD53,0.0,0.0
ANKRD54,0.002,0.0026
ANKRD55,0.0,0.0065
ANKRD6,0.0,0.0144
ANKRD60,0.0,0.0
ANKRD61,0.0039,0.0013
ANKRD62,0.301,0.0
ANKRD63,0.3756,0.0
ANKRD65,0.0,0.0
ANKRD66,0.0,0.0
ANKRD7,0.0,0.0
ANKRD9,0.2936,0.0104
ANKS1A,0.8092,0.0039
ANKS1B,1.0,0.0
ANKS3,0.0,0.0104
ANKS4B,0.0,0.0052
ANKS6,0.0,0.0131
ANKUB1,0.0,0.0
ANKZF1,0.0,0.0144
ANLN,0.1426,0.0849
ANO1,0.8743,0.0157
ANO10,0.0,0.0
ANO2,0.0,0.0065
ANO3,0.0,0.0052
ANO4,0.0003,0.0013
ANO5,0.0,0.0222
ANO6,0.0,0.0052
ANO7,0.0,0.0026
ANO8,0.9563,0.0
ANO9,0.0,0.0
ANOS1,0.0,0.0183
ANP32A,0.9896,0.0235
ANP32B,0.9583,0.0052
ANP32D,0.0,0.0
ANP32E,0.8438,0.0392
ANPEP,0.0,0.077
ANTXR1,0.9863,0.0065
ANTXR2,0.0869,0.0052
ANTXRL,0.0,0.0
ANXA1,0.0,0.0405
ANXA10,0.0,0.0013
ANXA11,0.0,0.0065
ANXA13,0.0,0.0039
ANXA2,0.0001,0.0757
ANXA2R,0.0,0.0026
ANXA3,0.0,0.0
ANXA4,0.0,0.0026
ANXA5,0.0,0.0718
ANXA6,0.0,0.0104
ANXA7,0.0,0.0078
ANXA8,0.0,0.0131
ANXA8L1,0.3344,0.0
ANXA8L2,0.0009,0.0
ANXA9,0.0,0.0
AOAH,0.0,0.0
AOC1,0.0,0.0235
AOC2,0.0,0.0235
AOC3,0.0,0.0496
AOPEP,0.0,0.0026
AOX1,0.0,0.1149
AP000275.65,0.0,0.0
AP000295.9,0.0001,0.0
AP000304.12,0.1396,0.0
AP000322.53,0.1811,0.0
AP000349.1,0.0046,0.0
AP000350.10,0.0,0.0
AP000350.4,0.4048,0.0
AP000679.2,0.0,0.0
AP000688.1,0.2976,0.0
AP000695.1,0.0,0.0
AP000708.1,0.1227,0.0
AP000721.4,0.0916,0.0
AP000758.1,0.401,0.0
AP000769.1,0.0548,0.0
AP000783.1,0.7005,0.0
AP000867.1,0.0,0.0
AP000889.3,0.0007,0.0
AP000974.1,0.0,0.0
AP001024.2,0.0262,0.0
AP001350.1,0.0,0.0
AP001362.1,0.2573,0.0
AP001468.1,0.103,0.0
AP001631.10,0.3552,0.0
AP001652.1,0.2044,0.0
AP001816.1,0.0,0.0
AP001885.1,0.0,0.0
AP002348.1,0.0728,0.0
AP002884.3,0.0,0.0
AP002956.1,0.3576,0.0
AP003062.1,0.0,0.0
AP003068.23,0.002,0.0
AP003733.1,0.0,0.0
AP003774.4,0.3918,0.0
AP005482.1,0.0803,0.0
AP006621.5,0.0,0.0
AP1AR,0.1421,0.0039
AP1B1,0.9983,0.0587
AP1G1,1.0,0.0653
AP1G2,0.0,0.0392
AP1M1,0.7125,0.0444
AP1M2,0.0,0.0313
AP1S1,0.1,0.0509
AP1S2,0.867,0.0379
AP1S3,0.0163,0.0313
AP2A1,1.0,0.0966
AP2A2,1.0,0.0692
AP2B1,0.9983,0.1018
AP2M1,0.9992,0.0979
AP2S1,0.7852,0.0744
AP3B1,0.6153,0.0352
AP3B2,0.772,0.0209
AP3D1,0.9865,0.0405
AP3M1,0.0265,0.0183
AP3M2,0.0,0.0352
AP3S1,0.0,0.0431
AP3S2,0.0,0.0418
AP4B1,0.0,0.0457
AP4E1,0.0028,0.047
AP4M1,0.0,0.0483
AP4S1,0.0,0.0379
AP5B1,0.0,0.0287
AP5M1,0.0,0.0392
AP5S1,0.0001,0.03
AP5Z1,0.0,0.0366
APAF1,0.0,0.0574
APBA1,0.537,0.0352
APBA2,0.7427,0.0144
APBA3,0.0,0.0065
APBB1,0.9681,0.0274
APBB1IP,0.8544,0.0248
APBB2,0.0652,0.0091
APBB3,0.0,0.0065
APC,1.0,0.0796
APC2,0.9999,0.0352
APCDD1,0.0073,0.0039
APCDD1L,0.059,0.0
APCS,0.0317,0.03
APEH,0.0,0.0117
APELA,0.0,0.0026
APEX1,0.0,0.1097
APEX2,0.973,0.0117
APH1A,0.7948,0.0248
APH1B,0.0,0.0144
API5,1.0,0.0078
APIP,0.0,0.0117
APITD1,0.0,0.0
APITD1-CORT,0.0,0.0
APLF,0.0,0.0379
APLN,0.459,0.0235
APLNR,0.7891,0.0405
APLP1,0.1224,0.0131
APLP2,0.3797,0.0131
APMAP,0.0,0.0209
APOA1,0.0005,0.1345
APOA1BP,0.0,0.0
APOA2,0.0448,0.077
APOA4,0.0,0.0561
APOA5,0.0,0.0614
APOB,0.0,0.1527
APOBEC1,0.0,0.0117
APOBEC2,0.0171,0.0065
APOBEC3A,0.001,0.0274
APOBEC3B,0.0,0.0235
APOBEC3C,0.0267,0.0248
APOBEC3D,0.0,0.0144
APOBEC3F,0.0,0.0261
APOBEC3G,0.0,0.0366
APOBEC3H,0.002,0.0248
APOBEC4,0.0001,0.0157
APOBR,0.0,0.0026
APOC1,0.2168,0.0483
APOC2,0.4016,0.0548
APOC3,0.01,0.0744
APOC4,0.0,0.0366
APOD,0.0005,0.03
APOE,0.0019,0.1971
APOF,0.0103,0.0339
APOH,0.0,0.0914
APOL1,0.0,0.0509
APOL2,0.0073,0.0
APOL3,0.0004,0.0
APOL4,0.0011,0.0013
APOL5,0.0,0.0
APOL6,0.096,0.0013
APOLD1,0.0001,0.0
APOM,0.001,0.047
APOO,0.602,0.0366
APOOL,0.0212,0.03
APOPT1,0.0002,0.0
APP,0.0465,0.2768
APPBP2,0.9957,0.0261
APPL1,0.7952,0.0313
APPL2,0.0,0.0078
APRT,0.0,0.1123
APTX,0.0,0.0392
AQP1,0.0933,0.0157
AQP10,0.0013,0.0131
AQP11,0.0005,0.0131
AQP12A,0.0179,0.0131
AQP12B,0.002,0.0
AQP2,0.0,0.0287
AQP3,0.134,0.0131
AQP4,0.0023,0.0
AQP5,0.0532,0.0131
AQP6,0.0159,0.0039
AQP7,0.0,0.0144
AQP8,0.0004,0.0091
AQP9,0.2403,0.0157
AQPEP,0.0,0.0
AQR,1.0,0.1084
AR,0.9884,0.1828
ARAF,0.9632,0.0614
ARAP1,0.1229,0.0065
ARAP2,0.0,0.0013
ARAP3,0.0,0.0078
ARC,0.5943,0.0209
ARCN1,1.0,0.0418
AREG,0.4706,0.0496
AREGB,0.3541,0.0
AREL1,0.0,0.0039
ARF1,0.8997,0.1253
ARF3,0.3527,0.0418
ARF4,0.9599,0.0366
ARF5,0.943,0.0352
ARF6,0.7154,0.0953
ARFGAP1,0.0015,0.0235
ARFGAP2,0.0049,0.0196
ARFGAP3,0.0,0.017
ARFGEF1,1.0,0.0078
ARFGEF2,0.9999,0.0052
ARFGEF3,0.0,0.0013
ARFIP1,0.0,0.0078
ARFIP2,0.7742,0.0104
ARFRP1,0.1374,0.0117
ARG1,0.0004,0.0601
ARG2,0.0002,0.0418
ARGFX,0.0003,0.0039
ARGLU1,0.8618,0.0078
ARHGAP1,0.7677,0.0235
ARHGAP10,0.0,0.0117
ARHGAP11A,0.0,0.0209
ARHGAP11B,0.0,0.0026
ARHGAP11B-2,0.0,0.0052
ARHGAP12,0.0,0.0052
ARHGAP15,0.0,0.0013
ARHGAP17,0.0197,0.0144
ARHGAP18,0.0,0.0
ARHGAP19,0.0,0.0013
ARHGAP19-SLIT1,0.0,0.0
ARHGAP20,0.0292,0.0026
ARHGAP21,1.0,0.0065
ARHGAP22,0.0,0.0026
ARHGAP23,0.9999,0.0
ARHGAP24,0.0,0.0052
ARHGAP25,0.9464,0.0
ARHGAP26,0.9966,0.0117
ARHGAP27,0.0012,0.0026
ARHGAP28,0.0,0.0
ARHGAP29,0.9996,0.0078
ARHGAP30,0.9999,0.0026
ARHGAP31,1.0,0.0091
ARHGAP32,0.9998,0.0065
ARHGAP33,0.0286,0.0
ARHGAP35,1.0,0.0313
ARHGAP36,0.8732,0.0
ARHGAP39,0.0082,0.0091
ARHGAP4,0.9769,0.0026
ARHGAP40,0.0,0.0
ARHGAP42,1.0,0.0013
ARHGAP44,0.9999,0.0065
ARHGAP45,0.0,0.0026
ARHGAP5,0.9986,0.0183
ARHGAP6,0.9984,0.0026
ARHGAP8,0.0,0.0091
ARHGAP9,0.0,0.0065
ARHGDIA,0.0364,0.0339
ARHGDIB,0.0006,0.0209
ARHGDIG,0.9215,0.017
ARHGEF1,0.7675,0.0483
ARHGEF10,0.0,0.0013
ARHGEF10L,0.0005,0.0013
ARHGEF11,1.0,0.0535
ARHGEF12,1.0,0.0483
ARHGEF15,0.0,0.0065
ARHGEF16,0.0,0.0039
ARHGEF17,0.9845,0.0013
ARHGEF18,0.0018,0.0144
ARHGEF18-2,0.0,0.0065
ARHGEF19,0.0,0.0039
ARHGEF2,1.0,0.0522
ARHGEF25,0.0,0.0091
ARHGEF26,0.0,0.0026
ARHGEF28,0.0,0.0144
ARHGEF3,0.004,0.0065
ARHGEF33,0.0,0.0
ARHGEF35,0.0,0.0013
ARHGEF37,0.0,0.0013
ARHGEF38,0.0,0.0
ARHGEF39,0.0,0.0
ARHGEF4,0.0007,0.0131
ARHGEF40,0.0,0.0
ARHGEF5,0.0,0.0065
ARHGEF6,1.0,0.0457
ARHGEF7,1.0,0.0496
ARHGEF9,0.9989,0.0235
ARID1A,1.0,0.111
ARID1B,1.0,0.0535
ARID2,1.0,0.0875
ARID3A,0.9907,0.0052
ARID3B,0.3802,0.0026
ARID3C,0.0,0.0013
ARID4A,1.0,0.0418
ARID4B,1.0,0.0535
ARID5A,0.9452,0.0
ARID5B,1.0,0.0091
ARIH1,1.0,0.0392
ARIH2,0.9937,0.0157
ARIH2OS,0.0,0.0
ARL1,0.0937,0.017
ARL10,0.0008,0.0013
ARL11,0.0053,0.0013
ARL13A,0.0006,0.0013
ARL13B,0.0,0.0418
ARL14,0.0,0.0026
ARL14EP,0.3786,0.0065
ARL14EPL,0.0348,0.0
ARL15,0.0009,0.0013
ARL16,0.0,0.0026
ARL17A,0.0,0.0052
ARL17B,0.3358,0.0052
ARL2,0.0214,0.0104
ARL2BP,0.0,0.0039
ARL3,0.0014,0.017
ARL4A,0.8053,0.0078
ARL4C,0.7608,0.0013
ARL4D,0.0376,0.0013
ARL5A,0.1281,0.0
ARL5B,0.0018,0.0065
ARL5C,0.3097,0.0
ARL6,0.0101,0.0117
ARL6IP1,0.0223,0.1971
ARL6IP4,0.0009,0.0013
ARL6IP5,0.1038,0.0026
ARL6IP6,0.0181,0.0
ARL8A,0.9417,0.0
ARL8B,0.1296,0.0078
ARL9,0.4449,0.0039
ARMC1,0.7628,0.0026
ARMC10,0.0001,0.0
ARMC12,0.0,0.0013
ARMC2,0.0,0.0039
ARMC3,0.0,0.0078
ARMC4,0.0,0.0366
ARMC5,0.1075,0.0065
ARMC6,0.0,0.0
ARMC7,0.0361,0.0483
ARMC8,1.0,0.0196
ARMC9,0.0,0.0
ARMCX1,0.0727,0.0
ARMCX2,0.6925,0.0
ARMCX3,0.4588,0.0013
ARMCX4,1.0,0.0013
ARMCX5,0.0334,0.0
ARMCX6,0.1171,0.0
ARMH1,0.0,0.0013
ARMH2,0.0,0.0013
ARMH3,0.0,0.0026
ARMS2,0.0005,0.0091
ARMT1,0.0,0.0026
ARNT,0.9958,0.0574
ARNT2,0.9914,0.0196
ARNTL,0.9944,0.0718
ARNTL2,0.0,0.0196
ARPC1A,0.74,0.0287
ARPC1B,0.011,0.0405
ARPC2,0.9977,0.0522
ARPC3,0.2158,0.0509
ARPC4,0.9745,0.0379
ARPC4-TTLL3,0.0,0.0104
ARPC5,0.8215,0.0431
ARPC5L,0.5538,0.0326
ARPIN,0.0,0.0144
ARPIN-AP3S2,0.0,0.0078
ARPP19,0.7737,0.0117
ARPP21,0.012,0.0026
ARR3,0.104,0.0183
ARRB1,0.9939,0.1723
ARRB2,0.5066,0.1828
ARRDC1,0.0,0.0104
ARRDC2,0.0,0.0
ARRDC3,0.9871,0.0117
ARRDC4,0.0,0.0
ARRDC5,0.0057,0.0
ARSA,0.0,0.0261
ARSB,0.0,0.0183
ARSD,0.0016,0.0039
ARSE,0.5898,0.0
ARSF,0.0,0.0078
ARSG,0.0,0.0052
ARSH,0.0,0.0039
ARSI,0.0,0.0039
ARSJ,0.0,0.0026
ARSK,0.0,0.0078
ARSL,0.0,0.0065
ART1,0.0,0.0039
ART3,0.0,0.0065
ART4,0.0016,0.0
ART5,0.0005,0.0013
ARTN,0.3579,0.0144
ARV1,0.0,0.0
ARVCF,0.0,0.0144
ARX,0.9081,0.0104
AS3MT,0.0,0.0026
ASAH1,0.0,0.0509
ASAH2,0.0043,0.0444
ASAH2B,0.1596,0.0013
ASAH2C,0.0007,0.0
ASAP1,1.0,0.0379
ASAP2,1.0,0.0104
ASAP3,0.0,0.0039
ASB1,0.003,0.0078
ASB10,0.0,0.0078
ASB11,0.0,0.0026
ASB12,0.0007,0.0026
ASB13,0.0,0.0013
ASB14,0.0,0.0
ASB15,0.0,0.0
ASB16,0.0,0.0
ASB17,0.0,0.0039
ASB18,0.0,0.0013
ASB2,0.0,0.0091
ASB3,0.0,0.0052
ASB4,0.0,0.03
ASB5,0.0,0.0
ASB6,0.0008,0.0078
ASB7,0.9839,0.0117
ASB8,0.0,0.0039
ASB9,0.6965,0.0131
ASCC1,0.0,0.0222
ASCC2,0.031,0.0078
ASCC3,0.0,0.0261
ASCL1,0.6769,0.0496
ASCL2,0.3456,0.0117
ASCL3,0.0137,0.0026
ASCL4,0.0016,0.0013
ASDURF,0.0,0.0144
ASF1A,0.8054,0.0849
ASF1B,0.0001,0.107
ASGR1,0.0,0.0144
ASGR2,0.0,0.0104
ASH1L,1.0,0.017
ASH2L,0.9997,0.1162
ASIC1,0.9302,0.0078
ASIC2,0.9991,0.0091
ASIC3,0.0,0.0091
ASIC4,0.0029,0.0065
ASIC5,0.0,0.0026
ASIP,0.0163,0.0209
ASL,0.0,0.047
ASMT,0.0,0.0235
ASMTL,0.0,0.0104
ASNA1,0.9432,0.0
ASNS,0.0,0.0601
ASNSD1,0.0,0.0117
ASPA,0.0004,0.0352
ASPDH,0.0,0.0157
ASPG,0.0,0.0039
ASPH,0.0,0.0248
ASPHD1,0.0022,0.0052
ASPHD2,0.459,0.0
ASPM,0.0,0.1345
ASPN,0.0,0.0248
ASPRV1,0.0088,0.0
ASPSCR1,0.0,0.0209
ASRGL1,0.0,0.0222
ASS1,0.0,0.0614
ASTE1,0.0,0.0013
ASTL,0.0,0.0039
ASTN1,1.0,0.0
ASTN2,0.9997,0.0183
ASUN,0.8623,0.0
ASXL1,0.0,0.0836
ASXL2,1.0,0.03
ASXL3,1.0,0.0078
ASZ1,0.0,0.0196
ATAD1,0.0013,0.0144
ATAD2,0.9982,0.0366
ATAD2B,1.0,0.0013
ATAD3A,0.0,0.0065
ATAD3B,0.0,0.0039
ATAD3C,0.0,0.0
ATAD5,1.0,0.0561
ATAT1,0.0,0.0026
ATCAY,0.6208,0.0039
ATE1,0.0406,0.0078
ATF1,0.6343,0.0313
ATF2,0.9913,0.1123
ATF3,0.0893,0.0653
ATF4,0.0157,0.0927
ATF5,0.2916,0.0209
ATF6,0.0,0.0587
ATF6B,0.0,0.0366
ATF7,0.9984,0.0196
ATF7IP,0.9999,0.0248
ATF7IP2,0.1578,0.0039
ATG10,0.0,0.0405
ATG101,0.0,0.0601
ATG12,0.0,0.0927
ATG13,0.9636,0.0614
ATG14,0.1744,0.0692
ATG16L1,0.9645,0.0822
ATG16L2,0.0,0.0157
ATG2A,0.0535,0.03
ATG2B,0.0,0.0287
ATG3,0.0007,0.0679
ATG4A,0.9895,0.0274
ATG4B,0.9565,0.0444
ATG4C,0.0,0.0287
ATG4D,0.0003,0.0248
ATG5,0.9776,0.1214
ATG7,0.0,0.0927
ATG9A,0.9708,0.0496
ATG9B,0.0,0.0235
ATHL1,0.0,0.0
ATIC,0.0,0.1044
ATL1,0.9811,0.0209
ATL2,0.0118,0.0104
ATL3,0.0,0.0248
ATM,0.0,0.2872
ATMIN,0.0001,0.0052
ATN1,0.9999,0.0209
ATOH1,0.0178,0.017
ATOH7,0.0509,0.0052
ATOH8,0.9139,0.0
ATOX1,0.5865,0.0248
ATP10A,0.0018,0.0183
ATP10B,0.0,0.0091
ATP10D,0.0,0.0091
ATP11A,0.0,0.0104
ATP11B,0.002,0.0039
ATP11C,0.9997,0.0065
ATP12A,0.0,0.0548
ATP13A1,0.9894,0.0013
ATP13A2,0.0,0.0235
ATP13A3,1.0,0.0026
ATP13A4,0.0,0.0
ATP13A5,0.0,0.0
ATP1A1,1.0,0.0444
ATP1A2,0.0002,0.0392
ATP1A3,1.0,0.0405
ATP1A4,0.0,0.0287
ATP1B1,0.9988,0.0444
ATP1B2,0.0737,0.0352
ATP1B3,0.1024,0.0339
ATP1B4,0.0004,0.0196
ATP23,0.0,0.0352
ATP2A1,0.0,0.0326
ATP2A2,0.9994,0.0535
ATP2A3,0.0,0.0117
ATP2B1,1.0,0.0222
ATP2B2,1.0,0.0235
ATP2B3,0.9994,0.0183
ATP2B4,0.0015,0.0222
ATP2C1,1.0,0.0039
ATP2C2,0.0,0.0078
ATP4A,0.0,0.0366
ATP4B,0.0,0.017
ATP5A1,0.9994,0.0
ATP5B,0.9768,0.0
ATP5C1,0.0008,0.0
ATP5D,0.0738,0.0
ATP5E,0.0089,0.0
ATP5EP2,0.3639,0.0
ATP5F1,0.0015,0.0
ATP5F1A,0.0,0.2715
ATP5F1B,0.0,0.1305
ATP5F1C,0.0,0.2702
ATP5F1D,0.0,0.1554
ATP5F1E,0.0,0.0744
ATP5G1,0.4269,0.0
ATP5G2,0.0,0.0
ATP5G3,0.2572,0.0
ATP5H,0.0005,0.0
ATP5I,0.0858,0.0
ATP5IF1,0.0,0.0444
ATP5J,0.0061,0.0
ATP5J2,0.0192,0.0
ATP5J2-PTCD1,0.0,0.0
ATP5L,0.0044,0.0
ATP5L2,0.0003,0.0
ATP5MC1,0.0,0.1005
ATP5MC2,0.0,0.0822
ATP5MC3,0.0,0.094
ATP5MD,0.0,0.0509
ATP5ME,0.0,0.0966
ATP5MF,0.0,0.0901
ATP5MG,0.0,0.0953
ATP5MGL,0.0,0.0522
ATP5MPL,0.0,0.03
ATP5O,0.0581,0.0
ATP5PB,0.0,0.1044
ATP5PD,0.0,0.1384
ATP5PF,0.0,0.0901
ATP5PO,0.0,0.1958
ATP5S,0.0,0.0
ATP5SL,0.0,0.0
ATP6AP1,0.9908,0.047
ATP6AP1L,0.0299,0.0339
ATP6AP2,0.8709,0.0522
ATP6C,0.3453,0.0
ATP6V0A1,0.998,0.0548
ATP6V0A2,0.0,0.064
ATP6V0A4,0.0,0.0548
ATP6V0B,0.9689,0.0718
ATP6V0C,0.7423,0.0849
ATP6V0D1,0.9876,0.0548
ATP6V0D2,0.0,0.0509
ATP6V0E1,0.3977,0.0457
ATP6V0E2,0.2952,0.0457
ATP6V1A,0.868,0.0614
ATP6V1B1,0.0,0.0705
ATP6V1B2,0.9915,0.0744
ATP6V1C1,0.0002,0.0457
ATP6V1C2,0.0,0.0457
ATP6V1D,0.0,0.0653
ATP6V1E1,0.528,0.0653
ATP6V1E2,0.0029,0.0483
ATP6V1F,0.0147,0.0614
ATP6V1G1,0.1041,0.0483
ATP6V1G2,0.0029,0.0431
ATP6V1G3,0.1075,0.0339
ATP6V1H,0.0001,0.0496
ATP7A,0.9998,0.03
ATP7B,0.0,0.017
ATP8A1,0.1999,0.0117
ATP8A2,0.0,0.0039
ATP8B1,0.0,0.0157
ATP8B2,0.0056,0.0026
ATP8B3,0.0,0.0026
ATP8B4,0.0,0.0026
ATP9A,1.0,0.0
ATP9B,0.0,0.0
ATPAF1,0.0135,0.0065
ATPAF2,0.0,0.0104
ATPIF1,0.0001,0.0
ATPSCKMT,0.0,0.0013
ATR,0.0,0.1384
ATRAID,0.0001,0.0026
ATRIP,0.0,0.0731
ATRN,1.0,0.0091
ATRNL1,0.9991,0.0013
ATRX,1.0,0.1319
ATXN1,0.975,0.0457
ATXN10,0.0003,0.0091
ATXN1L,0.979,0.0117
ATXN2,0.8529,0.0653
ATXN2L,1.0,0.0235
ATXN3,0.1057,0.0548
ATXN3L,0.0,0.0352
ATXN7,0.9595,0.0875
ATXN7-2,0.0,0.0574
ATXN7L1,0.9988,0.0209
ATXN7L2,0.8707,0.0274
ATXN7L3,0.9989,0.0548
ATXN7L3B,0.1468,0.0039
AUH,0.0,0.0222
AUNIP,0.0,0.0026
AUP1,0.0002,0.0287
AURKA,0.8676,0.1593
AURKAIP1,0.0001,0.1266
AURKB,0.0045,0.2063
AURKC,0.0779,0.0261
AUTS2,0.9993,0.0222
AVEN,0.0,0.0039
AVIL,0.0,0.0013
AVL9,0.0026,0.0052
AVP,0.0744,0.0418
AVPI1,0.0,0.0
AVPR1A,0.0,0.0209
AVPR1B,0.0004,0.0183
AVPR2,0.5559,0.0339
AWAT1,0.0003,0.0078
AWAT2,0.1886,0.0366
AXDND1,0.0,0.0013
AXIN1,0.4077,0.1136
AXIN2,0.5702,0.0574
AXL,0.013,0.0418
AZGP1,0.0,0.0209
AZI1,0.0,0.0
AZI2,0.0069,0.0117
AZIN1,0.9949,0.0117
AZIN2,0.0,0.0248
AZU1,0.0,0.0209
B2M,0.5617,0.1371
B3GALNT1,0.0022,0.0196
B3GALNT2,0.0,0.0209
B3GALT1,0.0102,0.0196
B3GALT2,0.8964,0.0183
B3GALT4,0.0298,0.0131
B3GALT5,0.0,0.0248
B3GALT6,0.0227,0.0091
B3GALTL,0.0,0.0
B3GAT1,0.1352,0.0366
B3GAT2,0.0,0.0339
B3GAT3,0.0,0.0117
B3GLCT,0.0,0.0091
B3GNT1,0.0069,0.0
B3GNT2,0.8872,0.0196
B3GNT3,0.7389,0.0222
B3GNT4,0.0,0.0183
B3GNT5,0.7258,0.0117
B3GNT6,0.0,0.0313
B3GNT7,0.7064,0.0013
B3GNT8,0.0,0.0
B3GNT9,0.0,0.0
B3GNTL1,0.0,0.0
B4E171_HUMAN,0.0,0.0274
B4E1Z4_HUMAN,0.0,0.0052
B4GALNT1,0.0,0.0248
B4GALNT2,0.0,0.0078
B4GALNT3,0.0,0.0091
B4GALNT4,0.0,0.0104
B4GALT1,0.0374,0.0535
B4GALT2,0.1983,0.0483
B4GALT3,0.0114,0.0418
B4GALT4,0.0,0.0261
B4GALT5,0.9989,0.0039
B4GALT6,0.9078,0.0157
B4GALT7,0.0001,0.0091
B4GAT1,0.0,0.017
B9D1,0.0028,0.0261
B9D2,0.0001,0.0261
BAALC,0.0044,0.0026
BAAT,0.0,0.0235
BABAM1,0.9627,0.0196
BABAM2,0.0,0.0614
BACE1,0.8789,0.0535
BACE2,0.0068,0.0091
BACH1,0.5707,0.0144
BACH2,0.998,0.017
BAD,0.0046,0.047
BAG1,0.0,0.0431
BAG2,0.042,0.0352
BAG3,0.6174,0.077
BAG4,0.0002,0.0209
BAG5,0.0,0.0274
BAG6,1.0,0.0248
BAHCC1,0.0,0.0039
BAHD1,0.9855,0.0144
BAI1,1.0,0.0
BAI2,0.9998,0.0
BAI3,1.0,0.0
BAIAP2,0.4616,0.0614
BAIAP2L1,0.0001,0.0117
BAIAP2L2,0.0,0.0235
BAIAP3,0.0,0.0039
BAK1,0.0,0.0574
BAMBI,0.0002,0.0313
BANF1,0.6518,0.064
BANF2,0.0143,0.0196
BANK1,0.0,0.0144
BANP,0.9939,0.0091
BAP1,0.9944,0.0692
BARD1,0.0,0.1997
BARHL1,0.1458,0.0026
BARHL2,0.6115,0.0
BARX1,0.5857,0.0039
BARX2,0.2116,0.0
BASP1,0.6917,0.0104
BATF,0.8546,0.0379
BATF2,0.5854,0.0091
BATF3,0.0317,0.0209
BAX,0.3175,0.0875
BAZ1A,1.0,0.0235
BAZ1B,1.0,0.0483
BAZ2A,1.0,0.0235
BAZ2B,0.9816,0.0078
BBC3,0.004,0.0248
BBIP1,0.0042,0.0235
BBOX1,0.0,0.0666
BBS1,0.0,0.0522
BBS10,0.0,0.0405
BBS12,0.0,0.0313
BBS2,0.0,0.0418
BBS4,0.0,0.0444
BBS5,0.0,0.0339
BBS7,0.0,0.0431
BBS9,0.0,0.0339
BBX,0.5175,0.0013
BCAM,0.0,0.0039
BCAN,0.0,0.0183
BCAP29,0.2556,0.0039
BCAP31,0.4337,0.0379
BCAR1,0.9981,0.0966
BCAR3,0.5821,0.0026
BCAS1,0.0,0.0039
BCAS2,0.0,0.1084
BCAS3,0.0001,0.0052
BCAS4,0.0001,0.0104
BCAT1,0.0,0.0339
BCAT2,0.0,0.0339
BCCIP,0.0079,0.0352
BCDIN3D,0.0,0.0013
BCHE,0.0,0.0261
BCKDHA,0.0,0.0653
BCKDHB,0.0,0.0731
BCKDK,0.0001,0.0104
BCL10,0.3371,0.0601
BCL11A,0.97,0.0744
BCL11B,0.9888,0.0653
BCL2,0.559,0.3616
BCL2A1,0.2079,0.03
BCL2L1,0.9367,0.1815
BCL2L10,0.0108,0.0235
BCL2L11,0.8886,0.0718
BCL2L12,0.0,0.0039
BCL2L13,0.0024,0.017
BCL2L14,0.0,0.0131
BCL2L15,0.0482,0.0
BCL2L2,0.4691,0.0287
BCL2L2-PABPN1,0.2791,0.0026
BCL3,0.9887,0.0248
BCL6,0.9604,0.0901
BCL6B,0.0469,0.0026
BCL7A,0.0782,0.0431
BCL7B,0.1852,0.047
BCL7C,0.0795,0.0431
BCL9,0.4961,0.047
BCL9L,0.9994,0.017
BCLAF1,0.0,0.0339
BCMO1,0.0,0.0
BCO1,0.0,0.0326
BCO2,0.0,0.0
BCOR,1.0,0.0614
BCORL1,1.0,0.0209
BCR,0.9876,0.03
BCS1L,0.0,0.0705
BDH1,0.0,0.0104
BDH2,0.0,0.0091
BDKRB1,0.0047,0.0222
BDKRB2,0.1186,0.0287
BDNF,0.6563,0.1749
BDP1,0.0,0.0522
BEAN1,0.0,0.0026
BECN1,0.9372,0.1919
BECN2,0.0,0.0379
BEGAIN,0.97,0.0052
BEND2,0.0885,0.0
BEND3,0.9355,0.0013
BEND4,0.9848,0.0
BEND5,0.0543,0.0013
BEND6,0.0008,0.0013
BEND7,0.0061,0.0
BEST1,0.0,0.0235
BEST2,0.0,0.0026
BEST3,0.0,0.0
BEST4,0.0,0.0013
BET1,0.0038,0.0888
BET1L,0.0044,0.0444
BEX1,0.5427,0.0117
BEX2,0.1008,0.0104
BEX3,0.0,0.0117
BEX4,0.672,0.0
BEX5,0.0025,0.0039
BFAR,0.0,0.0039
BFSP1,0.0,0.0196
BFSP2,0.0,0.0248
BGLAP,0.0,0.064
BGN,0.4523,0.0757
BHLHA15,0.0066,0.0
BHLHA9,0.2959,0.0078
BHLHB9,0.0203,0.0
BHLHE22,0.7999,0.0026
BHLHE23,0.196,0.0013
BHLHE40,0.9944,0.0274
BHLHE41,0.9921,0.0261
BHMG1,0.0,0.0013
BHMT,0.0,0.0444
BHMT2,0.0,0.0352
BICC1,0.8368,0.0026
BICD1,0.0,0.0196
BICD2,0.9827,0.0326
BICDL1,0.0,0.0287
BICRA,0.0,0.0457
BICRAL,0.0,0.0379
BID,0.0,0.0601
BIK,0.0,0.0183
BIN1,0.7782,0.077
BIN2,0.0,0.0052
BIN3,0.0,0.0078
BIRC2,0.4271,0.1123
BIRC3,0.0656,0.1005
BIRC5,0.0559,0.1632
BIRC6,1.0,0.017
BIRC7,0.0,0.0222
BIRC8,0.0,0.0
BIVM,0.0002,0.0026
BIVM-ERCC5,0.0,0.0261
BLACAT1,0.0,0.0104
BLACE,0.0,0.0
BLCAP,0.5095,0.0013
BLID,0.0,0.0013
BLK,0.0,0.0248
BLM,0.0,0.1292
BLMH,0.1288,0.0039
BLNK,0.6108,0.047
BLOC1S1,0.0708,0.0313
BLOC1S2,0.0119,0.0392
BLOC1S3,0.0041,0.0222
BLOC1S4,0.1015,0.0183
BLOC1S5,0.0,0.0209
BLOC1S6,0.0,0.0352
BLVRA,0.0003,0.0339
BLVRB,0.0,0.0509
BLZF1,0.0,0.0091
BMERB1,0.0,0.0026
BMF,0.0068,0.017
BMI1,0.9429,0.1632
BMP1,0.0009,0.0352
BMP10,0.9084,0.0183
BMP15,0.0002,0.0209
BMP2,0.988,0.1097
BMP2K,0.219,0.0117
BMP3,0.0564,0.0078
BMP4,0.9564,0.0992
BMP5,0.0009,0.0222
BMP6,0.7595,0.0379
BMP7,0.1273,0.064
BMP8A,0.0,0.0157
BMP8B,0.0002,0.0183
BMPER,0.0,0.0104
BMPR1A,0.9033,0.0679
BMPR1B,0.9986,0.0561
BMPR2,1.0,0.0692
BMS1,0.0002,0.2441
BMT2,0.0,0.0157
BMX,0.0067,0.0078
BNC1,0.9648,0.0
BNC2,0.9276,0.0013
BNIP1,0.0,0.0587
BNIP2,0.0001,0.0104
BNIP3,0.0,0.047
BNIP3L,0.1527,0.0379
BNIPL,0.0,0.0039
BOC,0.0,0.0144
BOD1,0.2485,0.0235
BOD1L1,0.9999,0.0104
BOD1L2,0.0756,0.0026
BOK,0.1628,0.0078
BOLA1,0.0382,0.0209
BOLA2,0.0,0.0131
BOLA2-SMG1P6,0.0,0.0013
BOLA2B,0.0,0.0144
BOLA3,0.1491,0.0261
BOLL,0.0583,0.0104
BOP1,0.0928,0.2676
BORA,0.0003,0.0183
BORCS5,0.0,0.0104
BORCS6,0.0,0.0144
BORCS7,0.0,0.0104
BORCS8,0.0,0.0091
BPGM,0.0213,0.0392
BPHL,0.0,0.0
BPI,0.0,0.0235
BPIFA1,0.0,0.0131
BPIFA2,0.0,0.0144
BPIFA3,0.0,0.0039
BPIFB1,0.0,0.0104
BPIFB2,0.0,0.0039
BPIFB3,0.0,0.0
BPIFB4,0.0,0.0039
BPIFB6,0.0,0.0052
BPIFC,0.0,0.0
BPNT1,0.0,0.0065
BPTF,1.0,0.0601
BPY2,0.0,0.0287
BPY2B,0.0,0.0261
BPY2C,0.0,0.0261
BRAF,1.0,0.1227
BRAP,0.0,0.0183
BRAT1,0.0,0.0026
BRCA1,0.0,0.4869
BRCA2,0.0,0.2389
BRCC3,0.0064,0.0914
BRD1,0.9995,0.0235
BRD2,0.9996,0.0796
BRD3,0.9747,0.0392
BRD4,1.0,0.171
BRD7,0.9977,0.0836
BRD8,0.0,0.0692
BRD9,0.0154,0.0457
BRDT,0.0,0.0183
BRE,0.1665,0.0
BRF1,0.0001,0.0392
BRF2,0.0,0.0418
BRI3,0.0338,0.0013
BRI3BP,0.0644,0.0
BRICD5,0.0,0.0
BRINP1,0.9925,0.0039
BRINP2,0.9994,0.0
BRINP3,0.1455,0.0
BRIP1,0.0,0.094
BRIX1,0.728,0.2402
BRK1,0.6871,0.0431
BRMS1,0.0,0.0287
BRMS1L,0.0578,0.0261
BROX,0.0,0.0052
BRPF1,1.0,0.0326
BRPF3,1.0,0.0131
BRS3,0.9485,0.0117
BRSK1,0.9998,0.0052
BRSK2,0.9514,0.0039
BRWD1,1.0,0.0078
BRWD3,1.0,0.0039
BSCL2,0.0,0.0235
BSDC1,0.0241,0.0
BSG,0.0,0.0496
BSN,1.0,0.017
BSND,0.0,0.0091
BSPH1,0.0165,0.0
BSPRY,0.0,0.0
BST1,0.0,0.0287
BST2,0.0004,0.0352
BSX,0.0079,0.0026
BTAF1,1.0,0.0117
BTBD1,0.0001,0.0131
BTBD10,0.0029,0.0013
BTBD11,0.9999,0.0
BTBD16,0.0,0.0
BTBD17,0.0215,0.0
BTBD18,0.9978,0.0
BTBD19,0.0508,0.0
BTBD2,0.8753,0.0117
BTBD3,0.1283,0.0
BTBD6,0.0,0.0013
BTBD7,0.0001,0.0013
BTBD8,0.0,0.0
BTBD9,0.0,0.0196
BTC,0.0623,0.0209
BTD,0.0,0.0104
BTF3,0.7562,0.1227
BTF3L4,0.5714,0.0183
BTG1,0.5364,0.0052
BTG2,0.019,0.0117
BTG3,0.9158,0.0078
BTG4,0.1668,0.0026
BTK,1.0,0.0966
BTLA,0.021,0.0496
BTN1A1,0.0,0.0078
BTN2A1,0.0,0.0052
BTN2A2,0.0,0.0039
BTN3A1,0.0,0.0104
BTN3A2,0.0,0.0091
BTN3A3,0.0,0.0078
BTNL2,0.0,0.0065
BTNL3,0.0006,0.0039
BTNL8,0.0,0.0039
BTNL9,0.0,0.0039
BTRC,0.0119,0.1527
BUB1,0.0,0.2102
BUB1B,0.0,0.2415
BUB3,0.8093,0.1005
BUD13,0.0,0.1214
BUD23,0.0,0.0849
BUD31,0.2311,0.1567
BVES,0.0,0.0052
BX088651.1,0.0,0.0
BX255923.1,0.0,0.0
BYSL,0.0001,0.3003
BZRAP1,0.0084,0.0
BZW1,0.9442,0.0013
BZW2,0.1048,0.0013
C10ORF10,0.3361,0.0
C10ORF105,0.0842,0.0
C10ORF107,0.0004,0.0
C10ORF11,0.0003,0.0
C10ORF111,0.0,0.0
C10ORF113,0.0003,0.0
C10ORF115,0.0013,0.0
C10ORF118,0.0014,0.0
C10ORF12,0.9997,0.0
C10ORF120,0.0,0.0013
C10ORF126,0.0018,0.0
C10ORF128,0.006,0.0
C10ORF129,0.0,0.0
C10ORF131,0.0,0.0
C10ORF143,0.0,0.0039
C10ORF2,0.0032,0.0
C10ORF25,0.0,0.0
C10ORF32,0.0,0.0
C10ORF35,0.0164,0.0
C10ORF40,0.0,0.0
C10ORF53,0.5843,0.0
C10ORF54,0.761,0.0
C10ORF55,0.0144,0.0
C10ORF62,0.0,0.0
C10ORF67,0.0,0.0
C10ORF71,0.0,0.0026
C10ORF76,0.0,0.0
C10ORF82,0.0114,0.0
C10ORF85,0.0,0.0
C10ORF88,0.0129,0.0
C10ORF90,0.0,0.0013
C10ORF91,0.031,0.0
C10ORF95,0.0047,0.0
C10ORF99,0.2121,0.0026
C11ORF1,0.0,0.0444
C11ORF16,0.0,0.0
C11ORF21,0.0164,0.0013
C11ORF24,0.0023,0.0
C11ORF30,1.0,0.0
C11ORF31,0.0013,0.0
C11ORF35,0.0,0.0
C11ORF40,0.0,0.0
C11ORF42,0.0,0.0
C11ORF44,0.0023,0.0
C11ORF45,0.0119,0.0
C11ORF48,0.0,0.0
C11ORF49,0.0,0.0078
C11ORF52,0.0,0.0
C11ORF53,0.0019,0.0013
C11ORF54,0.0,0.0
C11ORF57,0.3075,0.0
C11ORF58,0.1654,0.0026
C11ORF63,0.0,0.0
C11ORF65,0.0,0.0
C11ORF68,0.2456,0.0013
C11ORF70,0.0,0.0
C11ORF71,0.2085,0.0
C11ORF72,0.0,0.0
C11ORF73,0.5246,0.0
C11ORF74,0.0,0.0065
C11ORF80,0.0,0.0052
C11ORF82,0.0,0.0
C11ORF83,0.0323,0.0
C11ORF84,0.9914,0.0
C11ORF85,0.0005,0.0
C11ORF86,0.0,0.0
C11ORF87,0.2782,0.0
C11ORF88,0.0003,0.0196
C11ORF89,0.0,0.0
C11ORF91,0.01,0.0
C11ORF94,0.0429,0.0013
C11ORF95,0.0,0.0039
C11ORF96,0.0096,0.0
C12ORF10,0.0,0.0013
C12ORF23,0.0089,0.0
C12ORF29,0.0,0.0
C12ORF36,0.0344,0.0
C12ORF39,0.0001,0.0
C12ORF4,0.0,0.0026
C12ORF40,0.0,0.0
C12ORF42,0.0,0.0
C12ORF43,0.0001,0.0026
C12ORF44,0.6062,0.0
C12ORF45,0.0105,0.0065
C12ORF49,0.0062,0.0013
C12ORF5,0.7348,0.0
C12ORF50,0.0,0.0
C12ORF54,0.0,0.0
C12ORF55,0.0,0.0
C12ORF56,0.0,0.0
C12ORF57,0.0001,0.0052
C12ORF60,0.0483,0.0
C12ORF61,0.0,0.0
C12ORF65,0.209,0.0796
C12ORF66,0.4419,0.0248
C12ORF68,0.0017,0.0
C12ORF71,0.0026,0.0
C12ORF73,0.0248,0.0
C12ORF74,0.0,0.0
C12ORF75,0.6398,0.0
C12ORF76,0.0,0.0
C12ORF77,0.0006,0.0
C12ORF79,0.0008,0.0
C13ORF35,0.015,0.0
C13ORF45,0.0,0.0
C14ORF1,0.2393,0.0
C14ORF105,0.0005,0.0
C14ORF119,0.0063,0.0
C14ORF132,0.0,0.0
C14ORF142,0.0077,0.0
C14ORF144,0.0199,0.0
C14ORF159,0.0,0.0
C14ORF164,0.0,0.0
C14ORF166,0.2016,0.0
C14ORF166B,0.0,0.0
C14ORF177,0.0305,0.0
C14ORF178,0.0005,0.0
C14ORF180,0.0044,0.0
C14ORF182,0.0001,0.0
C14ORF183,0.0,0.0
C14ORF2,0.8054,0.0
C14ORF23,0.1987,0.0
C14ORF28,0.0,0.0
C14ORF37,0.0,0.0
C14ORF39,0.0,0.0065
C14ORF64,0.0027,0.0
C14ORF79,0.0,0.0
C14ORF80,0.0149,0.0
C14ORF93,0.0109,0.0
C15ORF26,0.0163,0.0
C15ORF27,0.0,0.0
C15ORF32,0.0012,0.0
C15ORF37,0.0,0.0
C15ORF38,0.0,0.0
C15ORF38-AP3S2,0.0,0.0
C15ORF39,0.0054,0.0
C15ORF40,0.1863,0.0078
C15ORF41,0.0,0.0052
C15ORF43,0.0,0.0
C15ORF48,0.0001,0.0052
C15ORF52,0.0,0.0
C15ORF53,0.0171,0.0
C15ORF54,0.0256,0.0
C15ORF56,0.0316,0.0
C15ORF57,0.3877,0.0
C15ORF59,0.1096,0.0
C15ORF60,0.0,0.0
C15ORF61,0.0925,0.0013
C15ORF62,0.0348,0.0
C15ORF65,0.2639,0.0444
C16ORF11,0.0212,0.0
C16ORF13,0.0,0.0
C16ORF3,0.0,0.0
C16ORF45,0.1369,0.0
C16ORF46,0.0,0.0
C16ORF47,0.4475,0.0
C16ORF52,0.2593,0.0
C16ORF54,0.3669,0.0026
C16ORF58,0.0,0.0013
C16ORF59,0.0,0.0
C16ORF62,0.0,0.0
C16ORF70,0.9806,0.0013
C16ORF71,0.0,0.0
C16ORF72,0.9805,0.0
C16ORF74,0.4965,0.0026
C16ORF78,0.0,0.0
C16ORF80,0.0021,0.0
C16ORF86,0.0058,0.0
C16ORF87,0.0045,0.0039
C16ORF89,0.0,0.0
C16ORF90,0.0013,0.0
C16ORF91,0.0,0.0
C16ORF92,0.0324,0.0
C16ORF93,0.0,0.0
C16ORF95,0.0,0.0
C16ORF96,0.0,0.0
C16ORF97,0.0413,0.0
C16ORF98,0.3449,0.0
C17ORF100,0.1311,0.0
C17ORF102,0.0081,0.0
C17ORF103,0.6484,0.0
C17ORF104,1.0,0.0
C17ORF105,0.0031,0.0
C17ORF107,0.0693,0.0
C17ORF112,0.293,0.0
C17ORF47,0.0,0.0
C17ORF49,0.0693,0.0496
C17ORF50,0.0,0.0
C17ORF51,0.1149,0.0
C17ORF53,0.0,0.0
C17ORF58,0.1912,0.0
C17ORF59,0.2007,0.0
C17ORF62,0.0006,0.0
C17ORF64,0.0,0.0
C17ORF66,0.0,0.0
C17ORF67,0.0,0.0
C17ORF70,0.0,0.0
C17ORF72,0.0098,0.0
C17ORF74,0.0,0.0
C17ORF75,0.3367,0.0104
C17ORF77,0.0,0.0
C17ORF78,0.0,0.0
C17ORF80,0.0,0.0274
C17ORF82,0.0,0.0
C17ORF85,0.9995,0.0
C17ORF89,0.1429,0.0
C17ORF96,0.2797,0.0
C17ORF97,0.0,0.0274
C17ORF98,0.0088,0.0
C17ORF99,0.1318,0.0
C18ORF21,0.0,0.0026
C18ORF25,0.8905,0.0013
C18ORF32,0.2006,0.0
C18ORF42,0.4892,0.0
C18ORF54,0.0,0.0
C18ORF56,0.1577,0.0
C18ORF63,0.0,0.0
C18ORF64,0.0828,0.0
C18ORF8,0.9882,0.0
C19ORF10,0.0,0.0
C19ORF12,0.3442,0.0091
C19ORF18,0.0,0.0
C19ORF24,0.0,0.0
C19ORF25,0.4031,0.0052
C19ORF26,0.3466,0.0
C19ORF33,0.7045,0.0026
C19ORF35,0.0022,0.0
C19ORF38,0.01,0.0
C19ORF40,0.0,0.0
C19ORF43,0.4735,0.0
C19ORF44,0.0,0.0013
C19ORF45,0.0,0.0
C19ORF47,0.1709,0.0
C19ORF48,0.0,0.0
C19ORF52,0.0002,0.0
C19ORF53,0.0562,0.0
C19ORF54,0.0,0.0379
C19ORF55,0.0,0.0
C19ORF57,0.0001,0.0013
C19ORF59,0.0001,0.0
C19ORF60,0.0004,0.0
C19ORF66,0.1374,0.0
C19ORF67,0.0003,0.0
C19ORF68,0.9618,0.0
C19ORF69,0.0392,0.0
C19ORF70,0.0008,0.0
C19ORF71,0.0,0.0065
C19ORF73,0.0833,0.0
C19ORF77,0.0747,0.0
C19ORF80,0.0,0.0
C19ORF81,0.0,0.0013
C19ORF82,0.0017,0.0
C19ORF83,0.0019,0.0
C19ORF84,0.3451,0.0
C1D,0.0341,0.0809
C1GALT1,0.7631,0.0431
C1GALT1C1,0.8516,0.0379
C1GALT1C1L,0.0,0.0196
C1ORF100,0.0,0.0
C1ORF101,0.0,0.0
C1ORF105,0.0,0.0
C1ORF106,0.0002,0.0
C1ORF109,0.0,0.0091
C1ORF110,0.0041,0.0
C1ORF111,0.0,0.0
C1ORF112,0.0,0.0013
C1ORF115,0.0409,0.0
C1ORF116,0.0017,0.0013
C1ORF122,0.1432,0.0
C1ORF123,0.0,0.0
C1ORF127,0.0,0.0
C1ORF131,0.0,0.0809
C1ORF134,0.3263,0.0
C1ORF137,0.0218,0.0
C1ORF141,0.0032,0.0
C1ORF143,0.0959,0.0
C1ORF145,0.0294,0.0
C1ORF146,0.0002,0.0065
C1ORF147,0.0175,0.0
C1ORF158,0.0003,0.0457
C1ORF159,0.0002,0.0
C1ORF162,0.0,0.0
C1ORF167,0.0,0.0
C1ORF168,0.0,0.0
C1ORF170,0.0,0.0
C1ORF172,0.1542,0.0
C1ORF173,0.0,0.0
C1ORF174,0.0001,0.0013
C1ORF177,0.0,0.0
C1ORF180,0.0945,0.0
C1ORF185,0.0,0.0
C1ORF186,0.0,0.0
C1ORF189,0.0,0.0444
C1ORF192,0.0,0.0
C1ORF194,0.0,0.0457
C1ORF195,0.1677,0.0
C1ORF198,0.0006,0.0927
C1ORF200,0.0298,0.0
C1ORF204,0.0,0.0
C1ORF21,0.892,0.0
C1ORF210,0.0002,0.0
C1ORF213,0.0277,0.0
C1ORF216,0.0013,0.0
C1ORF220,0.2356,0.0
C1ORF222,0.0,0.0
C1ORF226,0.939,0.0013
C1ORF227,0.1983,0.0
C1ORF228,0.0,0.0
C1ORF229,0.0,0.0
C1ORF232,0.0,0.0052
C1ORF233,0.1195,0.0
C1ORF234,0.0077,0.0
C1ORF27,0.0,0.0
C1ORF35,0.0001,0.0
C1ORF43,0.0018,0.0013
C1ORF50,0.0266,0.0013
C1ORF51,0.7914,0.0
C1ORF52,0.0474,0.0
C1ORF53,0.0001,0.0
C1ORF54,0.0002,0.0
C1ORF56,0.0,0.0
C1ORF61,0.0,0.0
C1ORF63,0.0,0.0
C1ORF64,0.1091,0.0
C1ORF65,0.0,0.0
C1ORF68,0.0,0.0052
C1ORF74,0.0153,0.0
C1ORF85,0.0,0.0
C1ORF86,0.5256,0.0
C1ORF87,0.0,0.0
C1ORF94,0.0093,0.0
C1ORF95,0.0044,0.0
C1QA,0.0038,0.047
C1QB,0.1539,0.0352
C1QBP,0.0,0.0287
C1QC,0.0486,0.0196
C1QL1,0.0,0.0013
C1QL2,0.0357,0.0013
C1QL3,0.5157,0.0026
C1QL4,0.4244,0.0
C1QTNF1,0.0004,0.0026
C1QTNF1-AS1,0.5368,0.0
C1QTNF2,0.0008,0.0013
C1QTNF3,0.0,0.0
C1QTNF4,0.1723,0.0
C1QTNF5,0.8357,0.0013
C1QTNF6,0.0,0.0013
C1QTNF7,0.0001,0.0
C1QTNF8,0.0,0.0013
C1QTNF9,0.0,0.0013
C1QTNF9B,0.0,0.0013
C1R,0.7789,0.03
C1RL,0.0,0.0013
C1S,0.0007,0.0392
C2,0.0,0.0274
C20ORF112,0.995,0.0
C20ORF135,0.1234,0.0
C20ORF141,0.0433,0.0
C20ORF144,0.0022,0.0
C20ORF166,0.0035,0.0
C20ORF173,0.0,0.0
C20ORF187,0.0042,0.0
C20ORF194,0.0,0.0013
C20ORF195,0.0,0.0
C20ORF196,0.1663,0.0
C20ORF197,0.4219,0.0
C20ORF201,0.0252,0.0
C20ORF202,0.0343,0.0
C20ORF24,0.6696,0.0
C20ORF26,0.0,0.0
C20ORF27,0.0087,0.0026
C20ORF62,0.4516,0.0
C20ORF78,0.5527,0.0
C20ORF85,0.0,0.0039
C20ORF96,0.0,0.0
C21ORF119,0.0,0.0
C21ORF128,0.0022,0.0
C21ORF140,0.0101,0.0
C21ORF2,0.0,0.0
C21ORF33,0.0,0.0
C21ORF37,0.0337,0.0
C21ORF49,0.1643,0.0
C21ORF54,0.0004,0.0
C21ORF58,0.0,0.0
C21ORF59,0.0,0.0
C21ORF62,0.0026,0.0
C21ORF67,0.0587,0.0
C21ORF88,0.2235,0.0
C21ORF90,0.029,0.0
C21ORF91,0.0009,0.0
C22ORF15,0.0028,0.0013
C22ORF23,0.0,0.0
C22ORF24,0.1494,0.0
C22ORF26,0.0387,0.0
C22ORF29,0.0,0.0
C22ORF31,0.0,0.0
C22ORF34,0.0001,0.0
C22ORF39,0.0,0.0
C22ORF42,0.0,0.0
C22ORF43,0.0,0.0
C22ORF46,0.0023,0.0
C2CD2,0.0,0.0026
C2CD2L,0.9872,0.0
C2CD3,0.0,0.0091
C2CD4A,0.0175,0.0039
C2CD4B,0.0001,0.0013
C2CD4C,0.4661,0.0
C2CD4D,0.1301,0.0
C2CD5,0.0,0.0039
C2ORF15,0.0528,0.0
C2ORF16,0.0,0.0026
C2ORF27A,0.3491,0.0
C2ORF27B,0.0747,0.0
C2ORF40,0.0004,0.0
C2ORF42,0.0051,0.0013
C2ORF43,0.0004,0.0
C2ORF44,0.001,0.0
C2ORF47,0.0,0.0
C2ORF48,0.2964,0.0
C2ORF49,0.0172,0.0078
C2ORF50,0.0001,0.0
C2ORF53,0.0,0.0
C2ORF54,0.0,0.0
C2ORF57,0.097,0.0
C2ORF61,0.0001,0.0
C2ORF62,0.0,0.0
C2ORF66,0.0073,0.0013
C2ORF68,0.0,0.0
C2ORF69,0.0187,0.0
C2ORF70,0.0001,0.0
C2ORF71,0.0,0.0
C2ORF72,0.1611,0.0
C2ORF73,0.0,0.0
C2ORF74,0.135,0.0
C2ORF76,0.0054,0.0
C2ORF78,0.0,0.0
C2ORF80,0.0,0.0
C2ORF81,0.1264,0.0
C2ORF82,0.6016,0.0
C2ORF83,0.0,0.0026
C2ORF88,0.0028,0.0013
C2ORF91,0.0009,0.0
C2ORF92,0.0,0.0026
C3,0.9042,0.1201
C3AR1,0.0,0.0248
C3ORF14,0.0,0.0013
C3ORF17,0.0,0.0
C3ORF18,0.0007,0.0013
C3ORF20,0.0,0.0
C3ORF22,0.1001,0.0
C3ORF27,0.0,0.0
C3ORF30,0.0,0.0
C3ORF33,0.0,0.0013
C3ORF35,0.0486,0.0
C3ORF36,0.0,0.0
C3ORF38,0.0006,0.0013
C3ORF49,0.0,0.0
C3ORF52,0.0001,0.0
C3ORF55,0.0024,0.0
C3ORF56,0.0,0.0
C3ORF58,0.0005,0.0
C3ORF62,0.0001,0.0
C3ORF65,0.3956,0.0
C3ORF67,0.0,0.0
C3ORF70,0.0,0.0
C3ORF72,0.0001,0.0
C3ORF79,0.0563,0.0
C3ORF80,0.1896,0.0
C3ORF83,0.0,0.0
C3ORF84,0.0,0.0
C4A,0.0,0.0666
C4B,0.8346,0.047
C4BPA,0.4574,0.0261
C4BPB,0.0,0.0131
C4ORF17,0.0,0.0
C4ORF19,0.0943,0.0052
C4ORF21,0.0,0.0
C4ORF22,0.0,0.0
C4ORF26,0.0496,0.0
C4ORF27,0.0,0.0
C4ORF29,0.0,0.0
C4ORF3,0.308,0.0013
C4ORF32,0.6595,0.0
C4ORF33,0.0,0.0
C4ORF36,0.0002,0.0
C4ORF40,0.0002,0.0
C4ORF45,0.0,0.0
C4ORF46,0.0396,0.0
C4ORF47,0.0006,0.0013
C4ORF48,0.5142,0.0
C4ORF50,0.0,0.0
C4ORF51,0.0,0.0
C4ORF6,0.0,0.0
C5,0.0,0.0509
C5AR1,0.4025,0.0326
C5AR2,0.2459,0.0052
C5ORF15,0.0503,0.0
C5ORF20,0.0,0.0
C5ORF22,0.0001,0.0013
C5ORF24,0.7302,0.0
C5ORF27,0.077,0.0
C5ORF28,0.0,0.0
C5ORF30,0.4275,0.0026
C5ORF34,0.0,0.0013
C5ORF38,0.0017,0.0
C5ORF42,0.0,0.0
C5ORF45,0.0,0.0
C5ORF46,0.072,0.0
C5ORF47,0.0,0.0
C5ORF48,0.0006,0.0
C5ORF49,0.0118,0.0457
C5ORF51,0.0,0.0
C5ORF52,0.0644,0.0
C5ORF54,0.0,0.0
C5ORF55,0.0,0.0
C5ORF56,0.0042,0.0
C5ORF58,0.0464,0.0
C5ORF60,0.0,0.0
C5ORF63,0.0045,0.0
C5ORF64,0.0072,0.0
C5ORF66,0.0005,0.0
C6,0.0,0.0287
C6ORF1,0.6242,0.0
C6ORF10,0.0,0.0
C6ORF100,0.3961,0.0
C6ORF106,0.8513,0.0
C6ORF118,0.0,0.0
C6ORF120,0.0,0.0013
C6ORF132,0.0,0.0
C6ORF136,0.9489,0.0
C6ORF141,0.0,0.0
C6ORF15,0.0105,0.0274
C6ORF163,0.0007,0.0
C6ORF164,0.0177,0.0
C6ORF165,0.0,0.0
C6ORF195,0.0,0.0
C6ORF201,0.0064,0.0
C6ORF203,0.001,0.0
C6ORF211,0.0,0.0
C6ORF222,0.0,0.0
C6ORF223,0.0005,0.0
C6ORF226,0.3042,0.0026
C6ORF229,0.0673,0.0
C6ORF25,0.0,0.0
C6ORF47,0.0664,0.0
C6ORF48,0.0236,0.0
C6ORF50,0.0,0.0
C6ORF52,0.0,0.0379
C6ORF57,0.0989,0.0
C6ORF58,0.0,0.0013
C6ORF62,0.9834,0.0013
C6ORF89,0.0,0.0013
C6ORF99,0.1273,0.0
C7,0.0,0.0287
C7ORF13,0.0,0.0
C7ORF25,0.3539,0.0013
C7ORF26,0.9765,0.0209
C7ORF31,0.0,0.0013
C7ORF33,0.0,0.0
C7ORF34,0.0003,0.0
C7ORF43,0.1813,0.0
C7ORF49,0.2597,0.0
C7ORF50,0.0,0.0013
C7ORF55,0.0126,0.0
C7ORF55-LUC7L2,0.0553,0.0
C7ORF57,0.0,0.0
C7ORF60,0.9975,0.0
C7ORF61,0.0187,0.0013
C7ORF62,0.0,0.0
C7ORF63,0.0,0.0
C7ORF65,0.0065,0.0
C7ORF66,0.0923,0.0
C7ORF69,0.0017,0.0
C7ORF71,0.0004,0.0
C7ORF72,0.0,0.0
C7ORF73,0.5507,0.0
C7ORF76,0.0182,0.0
C8A,0.0,0.0352
C8B,0.0,0.0366
C8G,0.0,0.0157
C8ORF12,0.0374,0.0
C8ORF17,0.0,0.0
C8ORF22,0.0001,0.0
C8ORF31,0.0,0.0
C8ORF33,0.0,0.0013
C8ORF34,0.0,0.0
C8ORF37,0.0,0.0026
C8ORF4,0.0087,0.0
C8ORF44,0.207,0.0
C8ORF44-SGK3,0.0,0.0
C8ORF46,0.1299,0.0
C8ORF47,0.0,0.0
C8ORF48,0.0002,0.0
C8ORF49,0.0,0.0
C8ORF56,0.0,0.0
C8ORF58,0.0,0.0
C8ORF59,0.0079,0.0
C8ORF74,0.0,0.0
C8ORF76,0.0,0.0
C8ORF82,0.0,0.0013
C8ORF86,0.0,0.0
C8ORF87,0.0691,0.0
C8ORF88,0.435,0.0
C9,0.0,0.0418
C9ORF114,0.0,0.0
C9ORF116,0.0,0.0496
C9ORF117,0.0,0.0
C9ORF129,0.0003,0.0
C9ORF131,0.0,0.0
C9ORF135,0.0,0.0457
C9ORF139,0.0025,0.0
C9ORF141,0.0011,0.0
C9ORF142,0.0054,0.0
C9ORF147,0.6452,0.0
C9ORF152,0.0179,0.0
C9ORF153,0.0076,0.0
C9ORF156,0.0,0.0
C9ORF16,0.0184,0.0013
C9ORF163,0.0,0.0
C9ORF169,0.0086,0.0
C9ORF170,0.0,0.0
C9ORF171,0.0,0.0
C9ORF172,0.9878,0.0
C9ORF173,0.0,0.0
C9ORF24,0.0,0.0
C9ORF3,0.0,0.0
C9ORF37,0.0,0.0
C9ORF38,0.0,0.0
C9ORF40,0.0697,0.0
C9ORF41,0.0025,0.0
C9ORF43,0.0,0.0
C9ORF47,0.0001,0.0
C9ORF50,0.0,0.0
C9ORF53,0.0,0.0
C9ORF57,0.0001,0.0013
C9ORF62,0.0032,0.0
C9ORF64,0.0,0.0
C9ORF66,0.0239,0.0
C9ORF69,0.2007,0.0
C9ORF72,0.0,0.0627
C9ORF78,0.0,0.0131
C9ORF84,0.0,0.0
C9ORF85,0.0,0.0026
C9ORF89,0.0,0.0
C9ORF9,0.0,0.0
C9ORF91,0.0,0.0
C9ORF92,0.0,0.0
C9ORF96,0.0,0.0
CA1,0.0,0.0157
CA10,0.5675,0.0013
CA11,0.001,0.0
CA12,0.0,0.0026
CA13,0.0,0.0013
CA14,0.0,0.0013
CA2,0.0,0.0274
CA3,0.0017,0.0052
CA4,0.0,0.0091
CA5A,0.0001,0.0026
CA5B,0.0003,0.0026
CA6,0.0004,0.0078
CA7,0.108,0.0065
CA8,0.0083,0.0052
CA9,0.0,0.0183
CAAP1,0.7845,0.0026
CAB39,0.068,0.0222
CAB39L,0.0001,0.0144
CABIN1,0.0,0.0248
CABLES1,0.0055,0.0117
CABLES2,0.0002,0.0039
CABP1,0.8879,0.0065
CABP2,0.0025,0.0013
CABP4,0.0,0.0131
CABP5,0.0048,0.0
CABP7,0.1474,0.0
CABS1,0.0076,0.0078
CABYR,0.0,0.0117
CACFD1,0.0008,0.0
CACHD1,0.0,0.0144
CACNA1A,1.0,0.0796
CACNA1B,1.0,0.0614
CACNA1C,1.0,0.158
CACNA1D,1.0,0.1266
CACNA1E,1.0,0.0326
CACNA1F,0.0,0.0901
CACNA1G,1.0,0.064
CACNA1H,0.0,0.0888
CACNA1I,1.0,0.0235
CACNA1S,0.0,0.0992
CACNA2D1,0.9999,0.0666
CACNA2D2,1.0,0.0313
CACNA2D3,0.5778,0.0274
CACNA2D4,0.0,0.0483
CACNB1,0.7869,0.0352
CACNB2,0.0,0.0692
CACNB3,0.0003,0.0535
CACNB4,0.0307,0.0692
CACNG1,0.0,0.0574
CACNG2,0.9232,0.1057
CACNG3,0.9942,0.0718
CACNG4,0.0166,0.0731
CACNG5,0.0061,0.0366
CACNG6,0.0,0.0457
CACNG7,0.8871,0.0822
CACNG8,0.9638,0.0822
CACTIN,1.0,0.0627
CACUL1,0.9631,0.0
CACYBP,0.9198,0.0196
CAD,0.9999,0.0457
CADM1,0.6622,0.0326
CADM2,0.891,0.0026
CADM3,0.9339,0.0091
CADM4,0.9976,0.0039
CADPS,0.0,0.0065
CADPS2,0.3679,0.0039
CAGE1,0.0,0.0052
CALB1,0.2431,0.0274
CALB2,0.0,0.0379
CALCA,0.0156,0.0196
CALCB,0.0971,0.0183
CALCOCO1,0.0,0.0039
CALCOCO2,0.0001,0.0587
CALCR,0.0,0.03
CALCRL,0.9853,0.0248
CALD1,0.9988,0.0366
CALHM1,0.0,0.0117
CALHM2,0.0,0.0
CALHM3,0.0033,0.0013
CALM1,0.9447,0.1214
CALM2,0.9209,0.0966
CALM3,0.9275,0.3642
CALML3,0.0009,0.3133
CALML4,0.0001,0.3029
CALML5,0.0,0.3146
CALML6,0.0,0.2977
CALN1,0.0319,0.0013
CALR,0.8913,0.1214
CALR3,0.0,0.0091
CALU,0.014,0.0131
CALY,0.0387,0.0013
CAMK1,0.0,0.0196
CAMK1D,0.9962,0.0117
CAMK1G,0.0004,0.0131
CAMK2A,0.9984,0.1397
CAMK2B,0.7391,0.1057
CAMK2D,0.0023,0.0235
CAMK2G,0.9991,0.0248
CAMK2N1,0.1668,0.0
CAMK2N2,0.2205,0.0026
CAMK4,0.5096,0.0483
CAMKK1,0.0003,0.0131
CAMKK2,0.0916,0.0274
CAMKMT,0.0,0.0509
CAMKV,0.997,0.0
CAMLG,0.0006,0.0196
CAMP,0.0044,0.0548
CAMSAP1,0.9999,0.0065
CAMSAP2,1.0,0.0013
CAMSAP3,1.0,0.0091
CAMTA1,1.0,0.0039
CAMTA2,0.9992,0.0026
CAND1,1.0,0.0392
CAND2,0.0,0.0039
CANT1,0.0,0.0653
CANX,0.8663,0.1279
CAP1,0.0198,0.0261
CAP2,0.699,0.0157
CAPG,0.0,0.0039
CAPN1,0.0,0.0418
CAPN10,0.0,0.0091
CAPN11,0.0,0.0026
CAPN12,0.0,0.0013
CAPN13,0.0,0.0
CAPN14,0.0,0.0026
CAPN15,0.9686,0.0013
CAPN2,0.0,0.0196
CAPN3,0.0,0.0326
CAPN5,0.0,0.0039
CAPN6,0.819,0.0052
CAPN7,0.0,0.0078
CAPN8,0.0,0.0026
CAPN9,0.0,0.0026
CAPNS1,0.0,0.0157
CAPNS2,0.0019,0.0091
CAPRIN1,0.9725,0.0366
CAPRIN2,0.1024,0.0013
CAPS,0.0,0.0
CAPS2,0.0,0.0
CAPSL,0.0,0.0026
CAPZA1,0.9329,0.0692
CAPZA2,0.9983,0.0561
CAPZA3,0.001,0.0065
CAPZB,0.9116,0.0679
CARD10,0.0023,0.0104
CARD11,1.0,0.0457
CARD14,0.0,0.0131
CARD16,0.3827,0.0144
CARD17,0.0001,0.0039
CARD18,0.0014,0.0052
CARD19,0.0,0.0013
CARD6,0.0,0.0065
CARD8,0.0,0.03
CARD9,0.0,0.0483
CARF,0.0,0.0
CARHSP1,0.0001,0.0
CARKD,0.007,0.0
CARM1,1.0,0.0822
CARMIL1,0.0,0.0104
CARMIL2,0.0,0.0104
CARNMT1,0.0,0.0039
CARNS1,0.0,0.0326
CARS,0.0004,0.0
CARS1,0.0,0.0535
CARS2,0.0,0.0496
CARTPT,0.0937,0.0222
CASC1,0.0,0.017
CASC10,0.0848,0.0
CASC3,0.6134,0.0849
CASC4,0.0001,0.0
CASC5,0.7835,0.0
CASD1,0.0448,0.0013
CASK,1.0,0.0627
CASKIN1,1.0,0.0039
CASKIN2,0.9997,0.0
CASP1,0.0,0.1319
CASP10,0.0,0.0366
CASP12,0.0001,0.0
CASP14,0.0,0.0131
CASP16,0.0018,0.0
CASP2,0.0015,0.0339
CASP3,0.1002,0.2846
CASP4,0.0,0.0235
CASP5,0.0,0.0261
CASP6,0.0001,0.0326
CASP7,0.0001,0.0574
CASP8,0.0,0.1488
CASP8AP2,0.0,0.0052
CASP9,0.0,0.0979
CASQ1,0.0,0.0222
CASQ2,0.0,0.0248
CASR,0.0467,0.0379
CASS4,0.3668,0.0183
CAST,0.0,0.0196
CASTOR1,0.0,0.0287
CASTOR2,0.0,0.0104
CASTOR3,0.0,0.0052
CASZ1,1.0,0.0013
CAT,0.0,0.0261
CATSPER1,0.0,0.0444
CATSPER2,0.0,0.047
CATSPER3,0.0001,0.0457
CATSPER4,0.0,0.0418
CATSPERB,0.0,0.0418
CATSPERD,0.0,0.0418
CATSPERE,0.0,0.0418
CATSPERG,0.0,0.0431
CATSPERZ,0.0,0.0418
CAV1,0.0083,0.1919
CAV2,0.027,0.03
CAV3,0.0055,0.0862
CAVIN1,0.0,0.0287
CAVIN2,0.0,0.0052
CAVIN3,0.0,0.0039
CAVIN4,0.0,0.0026
CBFA2T2,0.9959,0.0065
CBFA2T3,0.0484,0.0261
CBFB,0.9589,0.0862
CBL,0.0006,0.1789
CBLB,0.9982,0.0431
CBLC,0.0,0.017
CBLIF,0.0,0.0131
CBLL1,0.9992,0.0261
CBLL2,0.0,0.0039
CBLN1,0.1763,0.0078
CBLN2,0.1216,0.0013
CBLN3,0.0007,0.0026
CBLN4,0.1673,0.0
CBR1,0.0001,0.0483
CBR3,0.0,0.0392
CBR4,0.0,0.0091
CBS,0.0,0.0718
CBSL,0.0,0.0574
CBWD1,0.0,0.0026
CBWD2,0.0061,0.0052
CBWD3,0.0,0.0
CBWD5,0.0005,0.0
CBWD6,0.0,0.0013
CBX1,0.9762,0.0888
CBX2,0.995,0.1044
CBX3,0.4095,0.1279
CBX4,0.982,0.0953
CBX5,0.9317,0.0953
CBX6,0.9757,0.0666
CBX7,0.6853,0.1018
CBX8,0.9927,0.0953
CBY1,0.0013,0.0104
CBY2,0.0,0.0026
CBY3,0.0003,0.0013
CC2D1A,0.0085,0.0131
CC2D1B,0.0,0.0078
CC2D2A,0.0,0.0313
CC2D2B,0.0,0.0
CCAR1,1.0,0.0313
CCAR2,0.941,0.0183
CCBE1,0.0,0.0039
CCBL1,0.0,0.0
CCBL2,0.0,0.0
CCDC101,0.0021,0.0
CCDC102A,0.0001,0.0
CCDC102B,0.0,0.0
CCDC103,0.0005,0.0339
CCDC104,0.0,0.0
CCDC105,0.0,0.2637
CCDC106,0.0272,0.0013
CCDC107,0.0,0.0
CCDC108,0.0,0.0
CCDC109B,0.0,0.0
CCDC11,0.0,0.0
CCDC110,0.0,0.0
CCDC112,0.8487,0.0039
CCDC113,0.0,0.0013
CCDC114,0.0,0.0548
CCDC115,0.0,0.0326
CCDC116,0.0,0.0026
CCDC117,0.7877,0.0013
CCDC12,0.0401,0.0509
CCDC120,0.4341,0.0144
CCDC121,0.7298,0.0039
CCDC122,0.0,0.0065
CCDC124,0.2758,0.107
CCDC125,0.0,0.0
CCDC126,0.1192,0.0
CCDC127,0.0005,0.0078
CCDC129,0.0,0.0
CCDC13,0.0,0.0039
CCDC130,0.0032,0.0104
CCDC132,0.8139,0.0
CCDC134,0.0,0.0
CCDC135,0.0,0.0
CCDC136,0.0,0.0013
CCDC137,0.0,0.0013
CCDC138,0.0,0.0
CCDC14,0.0,0.0209
CCDC140,0.0,0.0
CCDC141,0.0,0.0026
CCDC142,0.0,0.0
CCDC144A,0.0,0.0
CCDC144NL,0.0,0.0
CCDC146,0.0,0.0013
CCDC147,0.0,0.0
CCDC148,0.0,0.0
CCDC149,0.0,0.0
CCDC15,0.0,0.0
CCDC150,0.0,0.0
CCDC151,0.0,0.0326
CCDC152,0.0,0.0
CCDC153,0.0,0.0
CCDC154,0.0,0.0
CCDC155,0.0,0.0183
CCDC157,0.0,0.0
CCDC158,0.0,0.0
CCDC159,0.0,0.0
CCDC160,0.017,0.0026
CCDC163P,0.4208,0.0
CCDC166,0.0033,0.0
CCDC167,0.0,0.0
CCDC168,0.0,0.0
CCDC169,0.0,0.0
CCDC169-SOHLH2,0.0012,0.0039
CCDC17,0.0,0.0013
CCDC170,0.0,0.0052
CCDC171,0.0,0.0
CCDC172,0.0,0.0
CCDC173,0.0,0.0444
CCDC174,0.0,0.0026
CCDC175,0.0,0.0
CCDC176,0.0,0.0
CCDC177,0.0,0.0
CCDC178,0.0,0.0
CCDC179,0.0091,0.0
CCDC18,0.0,0.0013
CCDC180,0.0,0.0039
CCDC181,0.0,0.0
CCDC182,0.7007,0.0
CCDC183,0.0,0.0
CCDC186,0.0,0.0013
CCDC189,0.0,0.0039
CCDC19,0.0,0.0
CCDC192,0.0,0.0026
CCDC197,0.0,0.0013
CCDC201,0.0,0.0039
CCDC22,0.9998,0.0248
CCDC23,0.0011,0.0
CCDC24,0.0,0.0
CCDC25,0.0091,0.0
CCDC27,0.0,0.0
CCDC28A,0.0,0.0013
CCDC28B,0.0,0.017
CCDC3,0.0049,0.0
CCDC30,0.0,0.0026
CCDC32,0.0,0.0039
CCDC33,0.0,0.0
CCDC34,0.0,0.0013
CCDC36,0.0245,0.0117
CCDC37,0.0,0.0
CCDC38,0.0,0.0013
CCDC39,0.0,0.0379
CCDC40,0.0,0.0418
CCDC41,0.0,0.0
CCDC42,0.0,0.0026
CCDC42B,0.0003,0.0
CCDC43,0.0003,0.0
CCDC47,0.0,0.064
CCDC50,0.0,0.0013
CCDC51,0.0,0.0013
CCDC53,0.0046,0.0
CCDC54,0.0,0.0
CCDC57,0.0,0.0
CCDC58,0.0041,0.0
CCDC59,0.0,0.0052
CCDC6,0.5771,0.0183
CCDC60,0.0,0.0
CCDC61,0.0,0.0117
CCDC62,0.0,0.0091
CCDC63,0.0,0.0065
CCDC64,0.9479,0.0
CCDC64B,0.0,0.0
CCDC65,0.0,0.0379
CCDC66,0.0,0.0026
CCDC67,0.0,0.0
CCDC68,0.0,0.0144
CCDC69,0.0,0.0013
CCDC7,0.0,0.0
CCDC70,0.0092,0.0
CCDC71,0.0258,0.0
CCDC71L,0.5781,0.0
CCDC73,0.0,0.0013
CCDC74A,0.0,0.0013
CCDC74B,0.0,0.0274
CCDC77,0.0,0.0
CCDC78,0.0,0.0013
CCDC79,0.0,0.0
CCDC8,0.254,0.0078
CCDC80,0.0,0.0026
CCDC81,0.0,0.0
CCDC82,0.0,0.0
CCDC83,0.0,0.0
CCDC84,0.0,0.0039
CCDC85A,0.0,0.0
CCDC85B,0.3133,0.0
CCDC85C,0.7501,0.0013
CCDC86,0.0,0.0026
CCDC87,0.0,0.0
CCDC88A,1.0,0.0052
CCDC88B,0.0,0.0013
CCDC88C,0.0,0.0039
CCDC89,0.0001,0.0
CCDC9,0.0,0.0131
CCDC90B,0.0,0.0
CCDC91,0.0,0.0013
CCDC92,0.2999,0.0287
CCDC93,0.0,0.0274
CCDC94,0.0,0.0
CCDC96,0.0,0.0013
CCDC97,0.0,0.0131
CCER1,0.0,0.0
CCER2,0.004,0.0
CCHCR1,0.0,0.0091
CCIN,0.124,0.0026
CCK,0.0,0.077
CCKAR,0.004,0.0261
CCKBR,0.0,0.0104
CCL1,0.008,0.0653
CCL11,0.0102,0.0979
CCL13,0.041,0.0705
CCL14,0.0001,0.0091
CCL15,0.3333,0.0379
CCL16,0.225,0.0431
CCL17,0.0001,0.0875
CCL18,0.0092,0.0457
CCL19,0.3169,0.0901
CCL2,0.6079,0.2245
CCL20,0.0002,0.0979
CCL21,0.0362,0.0862
CCL22,0.0084,0.0875
CCL23,0.0006,0.0144
CCL24,0.0071,0.0483
CCL25,0.0152,0.0705
CCL26,0.0101,0.0627
CCL27,0.0135,0.0757
CCL28,0.0516,0.0444
CCL3,0.3498,0.1175
CCL3L1,0.1206,0.0444
CCL3L3,0.3152,0.0
CCL4,0.2413,0.1149
CCL4L1,0.3358,0.0
CCL4L2,0.0886,0.0379
CCL5,0.0018,0.1945
CCL7,0.0009,0.0561
CCL8,0.0414,0.0548
CCM2,0.0093,0.017
CCM2L,0.0,0.0026
CCN1,0.0,0.0196
CCN2,0.0,0.0822
CCN3,0.0,0.0052
CCN4,0.0,0.0052
CCN5,0.0,0.0013
CCN6,0.0,0.0013
CCNA1,0.0004,0.1097
CCNA2,0.9996,0.2794
CCNB1,0.1599,0.2689
CCNB1IP1,0.0001,0.0104
CCNB2,0.0,0.1841
CCNB3,0.8585,0.0352
CCNC,0.9991,0.0666
CCND1,0.8906,0.2298
CCND2,0.9866,0.0483
CCND3,0.9835,0.0509
CCNDBP1,0.0003,0.0052
CCNE1,0.9719,0.0862
CCNE2,0.8698,0.0614
CCNF,0.1268,0.047
CCNG1,0.0007,0.0131
CCNG2,0.0097,0.0039
CCNH,0.0008,0.1671
CCNI,0.8272,0.0013
CCNI2,0.0,0.0
CCNJ,0.998,0.0013
CCNJL,0.0,0.0
CCNK,0.9998,0.0444
CCNL1,0.9958,0.0052
CCNL2,0.1609,0.0862
CCNO,0.0035,0.0144
CCNQ,0.0,0.0039
CCNT1,0.0511,0.1123
CCNT2,0.9268,0.0836
CCNY,0.8067,0.0065
CCNYL1,0.5856,0.0026
CCP110,0.0067,0.0535
CCPG1,0.0006,0.0117
CCR1,0.3877,0.1175
CCR10,0.0005,0.077
CCR2,0.0234,0.1436
CCR3,0.0001,0.1097
CCR4,0.0686,0.0261
CCR5,0.0,0.1997
CCR6,0.0058,0.1253
CCR7,0.0576,0.1841
CCR8,0.0077,0.0888
CCR9,0.0042,0.0901
CCRL2,0.3686,0.0731
CCRN4L,0.0421,0.0
CCS,0.0,0.0104
CCSAP,0.105,0.0
CCSER1,0.0008,0.0013
CCSER2,0.667,0.0013
CCT2,0.9985,0.1606
CCT3,1.0,0.1084
CCT4,0.999,0.171
CCT5,0.9993,0.1449
CCT6A,0.9953,0.0927
CCT6B,0.0,0.0444
CCT7,0.9836,0.1684
CCT8,0.9625,0.1305
CCT8L2,0.0,0.0183
CCZ1,0.0,0.0287
CCZ1B,0.0,0.0261
CD101,0.0,0.0013
CD109,0.0,0.0026
CD14,0.0,0.0196
CD151,0.0,0.0326
CD160,0.0001,0.0261
CD163,0.0008,0.0836
CD163L1,0.0,0.0
CD164,0.4891,0.0013
CD164L2,0.0,0.0
CD177,0.0,0.0078
CD180,0.0001,0.0052
CD19,0.905,0.1971
CD1A,0.0,0.0313
CD1B,0.0,0.0366
CD1C,0.0,0.0535
CD1D,0.0,0.0431
CD1E,0.0,0.0287
CD2,0.4711,0.124
CD200,0.4136,0.0131
CD200R1,0.0,0.0104
CD200R1L,0.003,0.0
CD207,0.0,0.0196
CD209,0.0,0.0666
CD22,0.8044,0.0614
CD226,0.0392,0.047
CD24,0.0,0.0483
CD244,0.0573,0.0261
CD247,0.0167,0.1136
CD248,0.059,0.0065
CD27,0.01,0.1227
CD274,0.0192,0.1319
CD276,0.0,0.0457
CD28,0.3578,0.1449
CD2AP,0.2299,0.0822
CD2BP2,0.0,0.0366
CD300A,0.0,0.0091
CD300C,0.0,0.0522
CD300E,0.0237,0.0052
CD300LB,0.0,0.0117
CD300LD,0.0,0.0052
CD300LF,0.0,0.0091
CD300LG,0.0007,0.0026
CD302,0.0,0.0039
CD320,0.0035,0.0091
CD33,0.0,0.0666
CD34,0.0,0.1658
CD36,0.0,0.141
CD37,0.0,0.0183
CD38,0.0,0.1292
CD3D,0.0001,0.0692
CD3E,0.0003,0.0849
CD3EAP,0.0316,0.064
CD3G,0.0,0.0548
CD4,0.0008,0.4243
CD40,0.846,0.1749
CD40LG,0.7208,0.1384
CD44,0.0,0.3433
CD46,0.0,0.0379
CD47,0.9192,0.064
CD48,0.0,0.0548
CD5,0.0,0.0979
CD52,0.4028,0.0104
CD53,0.0023,0.0248
CD55,0.0,0.0248
CD58,0.2509,0.017
CD59,0.6057,0.0287
CD5L,0.0,0.0065
CD6,0.0001,0.0287
CD63,0.0174,0.0757
CD68,0.0,0.1005
CD69,0.0297,0.0927
CD7,0.0513,0.0522
CD70,0.0104,0.0261
CD72,0.0203,0.0157
CD74,0.2489,0.3695
CD79A,0.6923,0.077
CD79B,0.9163,0.0496
CD80,0.0109,0.1358
CD81,0.9184,0.0809
CD82,0.0,0.0274
CD83,0.0052,0.0352
CD84,0.0,0.0065
CD86,0.9488,0.1514
CD8A,0.0,0.342
CD8B,0.0004,0.0235
CD8B2,0.0,0.0131
CD9,0.0047,0.0979
CD93,0.0,0.0104
CD96,0.0,0.0196
CD97,0.0,0.0
CD99,0.0026,0.0352
CD99L2,0.0002,0.0222
CDA,0.0081,0.0614
CDADC1,0.0,0.0052
CDAN1,0.0,0.0144
CDC123,0.0,0.0144
CDC14A,0.0,0.0366
CDC14B,0.9431,0.0091
CDC16,0.614,0.111
CDC20,0.0,0.2702
CDC20B,0.0,0.047
CDC23,0.9918,0.0966
CDC25A,0.8404,0.094
CDC25B,0.3643,0.0535
CDC25C,0.0,0.1201
CDC26,0.6603,0.0744
CDC27,0.9968,0.1084
CDC34,0.9563,0.0405
CDC37,0.9093,0.0862
CDC37L1,0.9661,0.0117
CDC40,0.9794,0.1828
CDC42,0.7873,0.3786
CDC42BPA,0.9931,0.0104
CDC42BPB,1.0,0.0039
CDC42BPG,0.0,0.0
CDC42EP1,0.0,0.0026
CDC42EP2,0.0393,0.0065
CDC42EP3,0.1856,0.0065
CDC42EP4,0.2121,0.017
CDC42EP5,0.3211,0.0091
CDC42SE1,0.0035,0.0013
CDC42SE2,0.7683,0.0013
CDC45,0.0,0.205
CDC5L,1.0,0.2376
CDC6,0.0,0.1684
CDC7,0.0,0.0731
CDC73,1.0,0.158
CDCA2,0.0,0.0705
CDCA3,0.6885,0.0992
CDCA4,0.0835,0.0078
CDCA5,0.0012,0.1123
CDCA7,0.0108,0.0052
CDCA7L,0.0002,0.0091
CDCA8,0.0072,0.1854
CDCP1,0.0001,0.0078
CDCP2,0.0,0.0052
CDH1,0.1463,0.3198
CDH10,0.2938,0.0248
CDH11,0.9999,0.0222
CDH12,0.0004,0.0209
CDH13,0.0007,0.0209
CDH15,0.0,0.0339
CDH16,0.0,0.0
CDH17,0.0,0.0744
CDH18,0.2148,0.017
CDH19,0.0,0.0157
CDH2,0.9917,0.1214
CDH20,0.4587,0.017
CDH22,0.4999,0.0013
CDH23,0.0,0.0405
CDH24,0.0,0.0039
CDH26,0.0,0.0
CDH3,0.0,0.0287
CDH4,0.7435,0.0183
CDH5,0.5131,0.0796
CDH6,0.9197,0.0222
CDH7,0.5975,0.0196
CDH8,0.9881,0.017
CDH9,0.8315,0.0261
CDHR1,0.0,0.0117
CDHR2,0.0,0.0065
CDHR3,0.0,0.0013
CDHR4,0.0,0.0
CDHR5,0.0,0.0091
CDIP1,0.87,0.0013
CDIPT,0.1301,0.0757
CDK1,0.9921,0.3864
CDK10,0.0,0.0078
CDK11A,0.0,0.0104
CDK11B,0.0001,0.0091
CDK12,1.0,0.0444
CDK13,0.9075,0.0261
CDK14,0.0,0.0065
CDK15,0.0,0.0013
CDK16,0.9948,0.0039
CDK17,0.9995,0.0052
CDK18,0.0,0.0026
CDK19,0.9998,0.0496
CDK2,0.6105,0.2376
CDK20,0.0,0.0078
CDK2AP1,0.4484,0.0222
CDK2AP2,0.788,0.0
CDK3,0.0,0.0326
CDK4,0.0629,0.1645
CDK5,0.1389,0.0901
CDK5R1,0.9149,0.0313
CDK5R2,0.6707,0.0013
CDK5RAP1,0.0,0.0078
CDK5RAP2,0.0,0.0405
CDK5RAP3,0.0,0.0144
CDK6,0.9831,0.0836
CDK7,0.0,0.1762
CDK8,0.4096,0.0783
CDK9,0.0001,0.1449
CDKAL1,0.016,0.0235
CDKL1,0.0,0.0013
CDKL2,0.0,0.0
CDKL3,0.0,0.0
CDKL4,0.0,0.0013
CDKL5,0.9993,0.0274
CDKN1A,0.0019,0.1749
CDKN1B,0.6238,0.1436
CDKN1C,0.8196,0.0627
CDKN2A,0.3947,0.1906
CDKN2AIP,0.9639,0.0026
CDKN2AIPNL,0.3421,0.0013
CDKN2B,0.0073,0.0326
CDKN2C,0.3953,0.0183
CDKN2D,0.4947,0.0157
CDKN3,0.0019,0.0836
CDNF,0.0,0.0039
CDO1,0.0097,0.0235
CDON,0.0,0.0157
CDPF1,0.0,0.0
CDR1,0.0,0.0078
CDR2,0.0,0.0104
CDR2L,0.002,0.0026
CDRT1,0.0035,0.0013
CDRT15,0.0,0.0013
CDRT15L2,0.0018,0.0
CDRT4,0.0958,0.0026
CDS1,0.0006,0.0366
CDS2,0.0,0.0418
CDSN,0.4639,0.0366
CDT1,0.0,0.141
CDV3,0.7682,0.0
CDX1,0.1425,0.0013
CDX2,0.5289,0.0313
CDX4,0.006,0.0039
CDY1,0.0,0.0561
CDY1B,0.0,0.0352
CDY2A,0.0,0.047
CDY2B,0.0,0.0431
CDYL,0.995,0.0196
CDYL2,0.0193,0.0222
CEA,0.0,0.0
CEACAM1,0.0008,0.0131
CEACAM16,0.0,0.0052
CEACAM18,0.0,0.0013
CEACAM19,0.0,0.0026
CEACAM20,0.0,0.0013
CEACAM21,0.0,0.0
CEACAM3,0.0,0.0
CEACAM4,0.0,0.0
CEACAM5,0.0,0.0339
CEACAM6,0.0,0.0065
CEACAM7,0.0,0.0
CEACAM8,0.0,0.0352
CEBPA,0.5536,0.1097
CEBPB,0.3581,0.1188
CEBPD,0.6122,0.0339
CEBPE,0.0071,0.0144
CEBPG,0.4369,0.0157
CEBPZ,0.0,0.1567
CEBPZ-AS1,0.0105,0.0
CECR1,0.0,0.0
CECR2,1.0,0.0287
CECR5,0.0,0.0
CECR6,0.6994,0.0
CEL,0.0,0.0574
CELA1,0.0002,0.0039
CELA2A,0.0,0.0104
CELA2B,0.0,0.0065
CELA3A,0.0,0.0209
CELA3B,0.0,0.0131
CELF1,0.9997,0.0418
CELF2,0.9997,0.0065
CELF3,0.7676,0.0052
CELF4,0.9982,0.0039
CELF5,0.9984,0.0013
CELF6,0.0045,0.0039
CELSR1,0.9999,0.0196
CELSR2,0.9999,0.0091
CELSR3,1.0,0.0065
CEMIP2,0.0,0.0013
CEMP1,0.0,0.0013
CEND1,0.5975,0.0
CENPA,0.0115,0.2285
CENPB,0.9963,0.0222
CENPBD1,0.283,0.0
CENPC,0.0001,0.0901
CENPE,0.2415,0.1345
CENPF,0.0,0.1319
CENPH,0.0,0.0862
CENPI,0.9997,0.094
CENPJ,0.0,0.0574
CENPK,0.0,0.0692
CENPL,0.0712,0.0535
CENPM,0.015,0.0953
CENPN,0.0044,0.1084
CENPO,0.0,0.0561
CENPP,0.0463,0.0483
CENPQ,0.0,0.0548
CENPS,0.0,0.0992
CENPS-CORT,0.0,0.0091
CENPT,0.0,0.0731
CENPU,0.0,0.0836
CENPV,0.3319,0.0039
CENPW,0.4052,0.0744
CENPX,0.0,0.077
CEP104,0.0,0.0039
CEP112,0.0,0.0
CEP120,0.0,0.0235
CEP128,0.0,0.017
CEP131,0.0,0.0104
CEP135,0.0,0.0496
CEP152,0.0,0.0248
CEP162,0.0,0.0026
CEP164,0.0,0.0405
CEP170,1.0,0.0248
CEP170B,0.9967,0.0
CEP19,0.0157,0.0052
CEP192,0.0,0.0274
CEP250,0.0,0.0144
CEP290,0.0,0.1044
CEP295,0.0,0.0131
CEP350,1.0,0.0117
CEP41,0.0,0.0065
CEP44,0.0,0.0052
CEP55,0.0,0.1227
CEP57,0.0727,0.0039
CEP57L1,0.0,0.0
CEP63,0.0,0.0248
CEP68,0.5182,0.0
CEP70,0.0,0.0065
CEP72,0.0,0.0065
CEP76,0.0,0.0052
CEP78,0.0,0.0065
CEP83,0.0,0.0209
CEP85,0.0003,0.0065
CEP85L,0.0,0.0
CEP89,0.0,0.017
CEP95,0.0,0.0
CEP97,0.0,0.0222
CEPT1,0.9935,0.0601
CER1,0.0,0.0326
CERCAM,0.0,0.0
CERK,0.0,0.0379
CERKL,0.0,0.0431
CERS1,0.0966,0.0144
CERS2,0.4798,0.0561
CERS3,0.0057,0.0522
CERS4,0.0,0.047
CERS5,0.0,0.047
CERS6,0.0386,0.0496
CERT1,0.0,0.0196
CES1,0.0,0.0444
CES2,0.0,0.0313
CES3,0.0,0.0039
CES4A,0.0,0.0
CES5A,0.0,0.0039
CETN1,0.2151,0.017
CETN2,0.5033,0.0953
CETN3,0.0001,0.0196
CETP,0.0,0.0561
CFAP100,0.0,0.0052
CFAP126,0.0,0.047
CFAP161,0.0,0.0444
CFAP20,0.0,0.0535
CFAP206,0.0,0.0026
CFAP221,0.0,0.0157
CFAP298,0.0,0.017
CFAP299,0.0,0.0013
CFAP300,0.0,0.0026
CFAP36,0.0,0.0013
CFAP410,0.0,0.0052
CFAP43,0.0,0.0144
CFAP44,0.0,0.0052
CFAP45,0.0,0.0483
CFAP47,0.0,0.0026
CFAP52,0.0,0.0509
CFAP53,0.0,0.047
CFAP54,0.0,0.0052
CFAP61,0.0,0.0026
CFAP69,0.0,0.0065
CFAP70,0.0,0.0261
CFAP74,0.0,0.0039
CFAP77,0.0,0.0444
CFB,0.0003,0.0313
CFC1,0.1051,0.0157
CFD,0.0,0.0104
CFDP1,0.0037,0.0196
CFH,0.8606,0.0587
CFHR1,0.0,0.0222
CFHR2,0.0,0.0065
CFHR3,0.0,0.0196
CFHR4,0.0,0.0117
CFHR5,0.0,0.0196
CFI,0.0,0.0287
CFL1,0.5556,0.1031
CFL2,0.0001,0.0744
CFLAR,0.9997,0.0548
CFP,0.6878,0.0326
CFTR,0.0,0.094
CGA,0.3452,0.0339
CGAS,0.0,0.0783
CGB,0.0983,0.0
CGB1,0.0363,0.0013
CGB2,0.0304,0.0
CGB3,0.0,0.0091
CGB5,0.0254,0.0196
CGB7,0.0053,0.0
CGB8,0.016,0.0091
CGGBP1,0.8182,0.0039
CGN,0.0,0.0287
CGNL1,0.0,0.0131
CGREF1,0.0,0.0013
CGRRF1,0.0073,0.0013
CH17-132F21.1,0.0017,0.0
CH25H,0.2272,0.0352
CHAC1,0.0002,0.0339
CHAC2,0.0,0.0326
CHAD,0.007,0.0117
CHADL,0.0,0.0
CHAF1A,1.0,0.0352
CHAF1B,0.4277,0.0366
CHAMP1,0.992,0.0078
CHAT,0.0,0.0366
CHCHD1,0.0,0.1201
CHCHD10,0.0,0.0235
CHCHD2,0.0,0.0183
CHCHD3,0.0275,0.0392
CHCHD4,0.1874,0.0418
CHCHD5,0.05,0.0078
CHCHD6,0.0,0.0287
CHCHD7,0.0349,0.0131
CHD1,1.0,0.0614
CHD1L,0.0,0.0561
CHD2,1.0,0.0013
CHD3,1.0,0.0809
CHD4,1.0,0.1802
CHD5,1.0,0.0222
CHD6,1.0,0.0039
CHD7,1.0,0.0352
CHD8,1.0,0.0627
CHD9,1.0,0.0065
CHDC2,0.0307,0.0
CHDH,0.0,0.03
CHEK1,0.0,0.2219
CHEK2,0.0,0.1475
CHERP,1.0,0.0366
CHFR,0.0008,0.0131
CHGA,0.0304,0.03
CHGB,0.0,0.0131
CHI3L1,0.0,0.0117
CHI3L2,0.0,0.0013
CHIA,0.0,0.0131
CHIC1,0.8525,0.0013
CHIC2,0.5424,0.0026
CHID1,0.0,0.0052
CHIT1,0.0,0.017
CHKA,0.2275,0.0261
CHKB,0.0,0.0222
CHL1,0.0,0.0065
CHM,0.999,0.0326
CHML,0.0,0.0352
CHMP1A,0.0003,0.0457
CHMP1B,0.7318,0.0509
CHMP2A,0.1272,0.0561
CHMP2B,0.0,0.0614
CHMP3,0.004,0.0522
CHMP4A,0.0,0.0548
CHMP4B,0.9577,0.0483
CHMP4C,0.0,0.0509
CHMP5,0.0067,0.0379
CHMP6,0.9836,0.0483
CHMP7,0.863,0.0444
CHN1,0.0305,0.0091
CHN2,0.0023,0.0026
CHODL,0.0,0.0
CHORDC1,0.9016,0.0052
CHP1,0.6267,0.0065
CHP2,0.0,0.0026
CHPF,0.1507,0.0078
CHPF2,0.0,0.0065
CHPT1,0.0002,0.0561
CHRAC1,0.0695,0.0339
CHRD,0.0,0.0313
CHRDL1,0.2164,0.0
CHRDL2,0.0,0.0052
CHRFAM7A,0.0002,0.0039
CHRM1,0.9906,0.0483
CHRM2,0.182,0.0352
CHRM3,0.9925,0.0117
CHRM4,0.9744,0.0104
CHRM5,0.004,0.0091
CHRNA1,0.0,0.0261
CHRNA10,0.0,0.0052
CHRNA2,0.0,0.0183
CHRNA3,0.0,0.0235
CHRNA4,0.0001,0.0287
CHRNA5,0.0,0.0144
CHRNA6,0.0,0.0183
CHRNA7,0.0004,0.017
CHRNA9,0.0,0.0235
CHRNB1,0.0,0.0222
CHRNB2,0.0007,0.0222
CHRNB3,0.0,0.0183
CHRNB4,0.1427,0.0235
CHRND,0.0,0.0248
CHRNE,0.0,0.0235
CHRNG,0.0,0.0078
CHST1,0.7686,0.0065
CHST10,0.0001,0.0039
CHST11,0.406,0.0052
CHST12,0.0,0.0065
CHST13,0.0001,0.0065
CHST14,0.4473,0.0091
CHST15,0.0,0.0091
CHST2,0.018,0.0026
CHST3,0.0072,0.0117
CHST4,0.0,0.0039
CHST5,0.0002,0.0065
CHST6,0.0,0.0065
CHST7,0.0687,0.0104
CHST8,0.0001,0.0078
CHST9,0.0,0.0052
CHSY1,0.7078,0.0104
CHSY3,0.0028,0.0078
CHTF18,0.0,0.0548
CHTF8,0.8295,0.0261
CHTOP,0.764,0.0457
CHUK,0.994,0.1775
CHURC1,0.0,0.0052
CHURC1-FNTB,0.0001,0.0013
CIAO1,0.0012,0.03
CIAO2A,0.0,0.0078
CIAO2B,0.0,0.0209
CIAO3,0.0,0.0196
CIAPIN1,0.0019,0.0196
CIART,0.0,0.0065
CIB1,0.0003,0.0196
CIB2,0.0014,0.0196
CIB3,0.0,0.0039
CIB4,0.0,0.0
CIC,1.0,0.0039
CIDEA,0.0,0.0222
CIDEB,0.0,0.0065
CIDEC,0.009,0.017
CIITA,0.0,0.0326
CILP,0.0,0.0078
CILP2,0.0,0.0013
CINP,0.0571,0.0144
CIP2A,0.0,0.0039
CIPC,0.0578,0.0052
CIR1,0.0,0.0379
CIRBP,0.3364,0.0078
CIRH1A,0.0,0.0
CISD1,0.0217,0.0039
CISD2,0.4158,0.0065
CISD3,0.0198,0.0039
CISH,0.0005,0.0483
CIT,0.9997,0.0144
CITED1,0.0244,0.0078
CITED2,0.7627,0.017
CITED4,0.3464,0.0039
CIZ1,0.0632,0.0078
CKAP2,0.0,0.0339
CKAP2L,0.0002,0.047
CKAP4,0.5086,0.0026
CKAP5,1.0,0.0587
CKB,0.2189,0.0157
CKLF,0.0049,0.0104
CKLF-CMTM1,0.0346,0.0
CKM,0.0078,0.0326
CKMT1A,0.0,0.0078
CKMT1B,0.0,0.0183
CKMT2,0.0,0.0157
CKS1B,0.4314,0.0535
CKS2,0.4188,0.0496
CLASP1,1.0,0.0209
CLASP2,1.0,0.0235
CLASRP,0.4308,0.0183
CLC,0.0,0.0104
CLCA1,0.0,0.0235
CLCA2,0.0,0.0065
CLCA4,0.0,0.0078
CLCC1,0.0062,0.0039
CLCF1,0.9479,0.0078
CLCN1,0.0,0.0196
CLCN2,0.0,0.0117
CLCN3,0.9997,0.0091
CLCN4,0.9989,0.0013
CLCN5,0.9924,0.0144
CLCN6,0.0,0.0104
CLCN7,0.2724,0.0117
CLCNKA,0.0,0.0078
CLCNKB,0.0,0.0078
CLDN1,0.001,0.0457
CLDN10,0.0008,0.0209
CLDN11,0.9108,0.0274
CLDN12,0.0485,0.03
CLDN14,0.0001,0.017
CLDN15,0.0233,0.0196
CLDN16,0.0255,0.0392
CLDN17,0.0003,0.0157
CLDN18,0.0002,0.0248
CLDN19,0.005,0.017
CLDN2,0.7033,0.0248
CLDN20,0.0049,0.0104
CLDN22,0.0381,0.0104
CLDN23,0.0,0.0366
CLDN24,0.0,0.0117
CLDN25,0.0,0.0157
CLDN3,0.5223,0.0366
CLDN34,0.0,0.0222
CLDN4,0.0001,0.0313
CLDN5,0.8951,0.0444
CLDN6,0.004,0.0235
CLDN7,0.0029,0.0431
CLDN8,0.0162,0.0261
CLDN9,0.0,0.0235
CLDND1,0.1635,0.0026
CLDND2,0.0,0.0
CLEC10A,0.0,0.0078
CLEC11A,0.0004,0.0039
CLEC12A,0.0,0.0131
CLEC12B,0.0,0.0013
CLEC14A,0.0,0.0052
CLEC16A,0.2759,0.0078
CLEC17A,0.0,0.0
CLEC18A,0.0077,0.0
CLEC18B,0.0,0.0013
CLEC18C,0.0009,0.0013
CLEC19A,0.0038,0.0013
CLEC1A,0.0,0.0026
CLEC1B,0.0,0.0222
CLEC2A,0.0,0.0039
CLEC2B,0.0116,0.0078
CLEC2D,0.2301,0.0026
CLEC2L,0.0143,0.0
CLEC3A,0.0,0.0
CLEC3B,0.0021,0.0052
CLEC4A,0.0,0.0065
CLEC4C,0.0,0.0131
CLEC4D,0.0,0.0091
CLEC4E,0.0,0.0144
CLEC4F,0.0,0.0026
CLEC4G,0.0,0.0078
CLEC4M,0.0,0.0183
CLEC5A,0.1257,0.0078
CLEC6A,0.0,0.0104
CLEC7A,0.0,0.0574
CLEC9A,0.0,0.0131
CLECL1,0.2593,0.0
CLGN,0.0,0.0052
CLHC1,0.0,0.0026
CLIC1,0.0002,0.0052
CLIC2,0.0495,0.0052
CLIC3,0.0,0.0013
CLIC4,0.0011,0.0117
CLIC5,0.0,0.0222
CLIC6,0.0,0.0039
CLINT1,0.5354,0.047
CLIP1,0.6809,0.0418
CLIP2,1.0,0.0196
CLIP3,0.6795,0.0013
CLIP4,0.0,0.0013
CLK1,0.0,0.0131
CLK2,1.0,0.0183
CLK3,0.23,0.0183
CLK4,0.0001,0.0013
CLLU1,0.0017,0.0
CLLU1OS,0.0003,0.0
CLMN,0.0,0.0
CLMP,0.0,0.0026
CLN3,0.0,0.0209
CLN5,0.0,0.0144
CLN6,0.0001,0.0157
CLN8,0.0036,0.0131
CLNK,0.0,0.0013
CLNS1A,0.0814,0.0287
CLOCK,0.9996,0.0535
CLP1,0.2027,0.0653
CLPB,0.0005,0.047
CLPP,0.5711,0.0496
CLPS,0.0096,0.0248
CLPSL1,0.0,0.0
CLPSL2,0.1858,0.0
CLPTM1,0.9577,0.0
CLPTM1L,0.0,0.0065
CLPX,0.9238,0.0183
CLRN1,0.0,0.0144
CLRN2,0.0,0.0013
CLRN3,0.0392,0.0026
CLSPN,0.0026,0.0849
CLSTN1,0.9776,0.0091
CLSTN2,0.0,0.0039
CLSTN3,0.9702,0.0026
CLTA,0.9632,0.0601
CLTB,0.3344,0.0548
CLTC,1.0,0.1436
CLTCL1,0.0,0.077
CLTRN,0.0,0.0052
CLU,0.0001,0.1097
CLUAP1,0.0004,0.0326
CLUH,0.9947,0.0013
CLUL1,0.0,0.0013
CLVS1,0.854,0.0
CLVS2,0.0136,0.0
CLYBL,0.0,0.0013
CMA1,0.0,0.0131
CMAS,0.5614,0.0039
CMBL,0.0001,0.0065
CMC1,0.1073,0.0013
CMC2,0.1991,0.0104
CMC4,0.1581,0.0026
CMIP,1.0,0.0039
CMKLR1,0.0108,0.0039
CMPK1,0.8479,0.0235
CMPK2,0.0,0.0914
CMSS1,0.0011,0.0078
CMTM1,0.0022,0.0078
CMTM2,0.0,0.0091
CMTM3,0.0001,0.0091
CMTM4,0.2306,0.0078
CMTM5,0.0658,0.0104
CMTM6,0.433,0.0104
CMTM7,0.0382,0.0091
CMTM8,0.0596,0.0091
CMTR1,0.9925,0.0091
CMTR2,0.0,0.0039
CMYA5,0.0,0.0091
CNBD1,0.0,0.0
CNBD2,0.0,0.0
CNBP,0.9599,0.017
CNDP1,0.0,0.0339
CNDP2,0.0,0.0405
CNEP1R1,0.4087,0.0026
CNFN,0.026,0.0052
CNGA1,0.0,0.0444
CNGA2,0.001,0.0183
CNGA3,0.0,0.0222
CNGA4,0.0,0.017
CNGB1,0.0,0.0574
CNGB3,0.0,0.017
CNIH1,0.6496,0.017
CNIH2,0.9517,0.0379
CNIH3,0.8453,0.0313
CNIH4,0.0217,0.0117
CNK3/IPCEF1,0.0,0.0026
CNKSR1,0.0,0.0091
CNKSR2,1.0,0.0091
CNKSR3,0.0282,0.0013
CNMD,0.0,0.0013
CNN1,0.138,0.0274
CNN2,0.0244,0.0065
CNN3,0.5985,0.0013
CNNM1,0.0176,0.0091
CNNM2,0.9952,0.0144
CNNM3,0.0,0.0078
CNNM4,0.0,0.0104
CNOT1,1.0,0.0679
CNOT10,0.9819,0.0287
CNOT11,0.5969,0.0274
CNOT2,0.9998,0.0444
CNOT3,1.0,0.0444
CNOT4,1.0,0.0418
CNOT6,0.0195,0.0339
CNOT6L,0.9982,0.0352
CNOT7,0.9969,0.0561
CNOT8,0.2174,0.0366
CNOT9,0.0,0.0444
CNP,0.984,0.0183
CNPPD1,0.0,0.0
CNPY1,0.0,0.0039
CNPY2,0.0029,0.0078
CNPY3,0.3976,0.0104
CNPY4,0.0,0.0026
CNR1,0.5065,0.0522
CNR2,0.0,0.0131
CNRIP1,0.1587,0.0013
CNST,0.0,0.0535
CNTD1,0.0045,0.0065
CNTD2,0.0005,0.0078
CNTF,0.0,0.064
CNTFR,0.9555,0.0287
CNTLN,0.0,0.0274
CNTN1,0.1513,0.0157
CNTN2,0.0021,0.0261
CNTN3,0.0,0.0026
CNTN4,0.0,0.0144
CNTN5,0.0001,0.0065
CNTN6,0.0,0.0078
CNTNAP1,0.0,0.0222
CNTNAP2,0.0,0.0379
CNTNAP3,0.0,0.0013
CNTNAP3B,0.0,0.0
CNTNAP4,0.0,0.0065
CNTNAP5,0.9917,0.0
CNTRL,0.0,0.0222
CNTROB,0.0,0.0183
COA1,0.0088,0.0157
COA3,0.0648,0.0209
COA4,0.2134,0.0091
COA5,0.0183,0.0131
COA6,0.0057,0.064
COA7,0.0597,0.0026
COA8-2,0.0,0.0026
COASY,0.0,0.0379
COBL,0.0039,0.0104
COBLL1,0.0467,0.0052
COCH,0.0,0.0078
COG1,0.0,0.0366
COG2,0.0,0.0339
COG3,0.9999,0.0601
COG4,0.0,0.0405
COG5,0.0,0.0326
COG6,0.0,0.0431
COG7,0.0,0.0339
COG8,0.0,0.0366
COIL,0.0094,0.0274
COL10A1,0.0,0.0274
COL11A1,1.0,0.0379
COL11A2,0.702,0.0274
COL12A1,0.9736,0.0392
COL13A1,0.0,0.0091
COL14A1,0.0,0.0326
COL15A1,0.0,0.0235
COL16A1,0.0,0.0326
COL17A1,0.0,0.0196
COL18A1,0.0,0.0483
COL19A1,0.0,0.0013
COL1A1,1.0,0.1527
COL1A2,1.0,0.1175
COL20A1,0.0,0.0013
COL21A1,0.0,0.0091
COL22A1,0.0,0.0039
COL23A1,0.0,0.0091
COL24A1,0.0,0.0013
COL25A1,0.0,0.0052
COL26A1,0.0,0.0065
COL27A1,0.5864,0.0144
COL28A1,0.0,0.0
COL2A1,1.0,0.0731
COL3A1,1.0,0.0809
COL4A1,1.0,0.0822
COL4A2,0.0,0.0757
COL4A3,0.0,0.0483
COL4A3BP,0.667,0.0
COL4A4,0.0,0.0339
COL4A5,1.0,0.0548
COL4A6,0.899,0.0352
COL5A1,1.0,0.0601
COL5A2,1.0,0.0509
COL5A3,0.0,0.0222
COL6A1,1.0,0.077
COL6A2,0.0,0.0744
COL6A3,0.0,0.0601
COL6A5,0.0,0.0235
COL6A6,0.0,0.0235
COL7A1,0.0,0.0183
COL8A1,0.4051,0.017
COL8A2,0.1177,0.0209
COL9A1,0.0,0.0261
COL9A2,0.0,0.0274
COL9A3,0.0,0.0339
COLCA1,0.0,0.0
COLCA2,0.7507,0.0013
COLEC10,0.0026,0.0131
COLEC11,0.0175,0.0183
COLEC12,0.9076,0.0039
COLGALT1,0.0,0.0131
COLGALT2,0.0,0.017
COLQ,0.0,0.0196
COMMD1,0.2201,0.0627
COMMD10,0.0,0.0209
COMMD2,0.0,0.0209
COMMD3,0.0,0.0196
COMMD3-BMI1,0.0015,0.0757
COMMD4,0.0003,0.0222
COMMD5,0.0,0.0274
COMMD6,0.1724,0.0287
COMMD7,0.0,0.0209
COMMD7-2,0.0,0.0078
COMMD8,0.0,0.0222
COMMD9,0.3936,0.0222
COMP,0.0,0.0418
COMT,0.0,0.0888
COMTD1,0.0,0.0
COP1,0.0,0.0601
COPA,1.0,0.0418
COPB1,0.9999,0.064
COPB2,1.0,0.0561
COPE,0.6925,0.0352
COPG1,0.1747,0.0339
COPG2,0.0063,0.03
COPRS,0.253,0.0078
COPS2,1.0,0.0509
COPS3,0.9995,0.0522
COPS4,0.9989,0.0535
COPS5,0.9992,0.1462
COPS6,0.9867,0.0757
COPS7A,0.0436,0.0431
COPS7B,0.6007,0.0392
COPS8,0.7248,0.0418
COPS9,0.0,0.0183
COPZ1,0.949,0.03
COPZ2,0.0,0.0157
COQ10A,0.0004,0.0091
COQ10B,0.2942,0.0078
COQ2,0.0013,0.0444
COQ3,0.0,0.0274
COQ4,0.0,0.017
COQ5,0.0,0.0183
COQ6,0.0,0.0222
COQ7,0.0,0.0196
COQ8A,0.0,0.017
COQ8B,0.0,0.0157
COQ9,0.0,0.017
CORIN,0.0,0.0013
CORO1A,0.9702,0.0131
CORO1B,0.0,0.0091
CORO1C,0.9981,0.0091
CORO2A,0.0,0.0026
CORO2B,0.0568,0.0026
CORO6,0.0,0.0013
CORO7,0.0,0.0039
CORO7-PAM16,0.0,0.0078
CORT,0.0131,0.0209
COTL1,0.0391,0.0026
COX10,0.084,0.0666
COX11,0.0161,0.0352
COX14,0.3573,0.017
COX15,0.0,0.0627
COX16,0.0,0.0078
COX17,0.1988,0.0444
COX18,0.0,0.0117
COX19,0.0043,0.0157
COX20,0.0201,0.0078
COX4I1,0.3942,0.1684
COX4I2,0.0001,0.1005
COX5A,0.4941,0.1736
COX5B,0.8738,0.171
COX6A1,0.0023,0.1005
COX6A1P2,0.4261,0.0
COX6A2,0.1888,0.1162
COX6B1,0.1206,0.1319
COX6B2,0.0006,0.0548
COX6C,0.0488,0.1188
COX7A1,0.0,0.1057
COX7A2,0.0045,0.0914
COX7A2L,0.0,0.0444
COX7B,0.6746,0.1057
COX7B2,0.0,0.0431
COX7C,0.5637,0.1554
COX8A,0.1161,0.0653
COX8C,0.1093,0.017
CP,0.0,0.0405
CPA1,0.0,0.0274
CPA2,0.0,0.0091
CPA3,0.0,0.0157
CPA4,0.0,0.0065
CPA5,0.0002,0.0
CPA6,0.0,0.0
CPAMD8,0.0,0.0
CPB1,0.0,0.0183
CPB2,0.0,0.0352
CPD,0.0007,0.0052
CPE,0.9923,0.0209
CPEB1,0.999,0.0418
CPEB2,0.0001,0.0183
CPEB3,0.9985,0.03
CPEB4,0.9856,0.0157
CPED1,0.0,0.0013
CPLANE1,0.0,0.0144
CPLANE2,0.0,0.0039
CPLX1,0.825,0.0483
CPLX2,0.526,0.0392
CPLX3,0.2403,0.0104
CPLX4,0.0001,0.0091
CPM,0.0,0.0013
CPN1,0.0,0.0091
CPN2,0.0026,0.0026
CPNE1,0.0,0.0
CPNE2,0.0013,0.0
CPNE3,0.0,0.0
CPNE4,0.0859,0.0
CPNE5,0.0004,0.0
CPNE6,0.153,0.0013
CPNE7,0.0,0.0
CPNE8,0.008,0.0
CPNE9,0.0,0.0
CPO,0.0,0.0
CPOX,0.1715,0.0183
CPPED1,0.0,0.0052
CPQ,0.0,0.0
CPS1,0.0,0.0274
CPSF1,0.0,0.0679
CPSF2,0.0,0.0666
CPSF3,0.0,0.0783
CPSF3L,0.0,0.0
CPSF4,0.2677,0.0496
CPSF4L,0.0016,0.03
CPSF6,0.9998,0.0979
CPSF7,0.9987,0.0326
CPT1A,0.0,0.0496
CPT1B,0.0,0.0313
CPT1C,0.0,0.0235
CPT2,0.0,0.0261
CPTP,0.0,0.0013
CPVL,0.0,0.0013
CPXCR1,0.0,0.0013
CPXM1,0.0,0.0
CPXM2,0.0,0.0
CPZ,0.0,0.0013
CR1,0.0,0.0313
CR1L,0.0,0.0039
CR2,0.0,0.0483
CRABP1,0.0059,0.0104
CRABP2,0.0015,0.0196
CRACR2A,0.0,0.0065
CRADD,0.8786,0.0104
CRAMP1,0.0,0.0039
CRAMP1L,0.0502,0.0
CRAT,0.0,0.0091
CRB1,0.0,0.0052
CRB2,0.0,0.017
CRB3,0.3578,0.0183
CRBN,0.0003,0.0783
CRCP,0.0,0.0614
CRCT1,0.0019,0.0039
CREB1,0.9967,0.2206
CREB3,0.0,0.0509
CREB3L1,0.9849,0.0392
CREB3L2,0.0015,0.0379
CREB3L3,0.0,0.0483
CREB3L4,0.0,0.0418
CREB5,0.2234,0.0561
CREBBP,1.0,0.312
CREBL2,0.7217,0.0026
CREBRF,1.0,0.0052
CREBZF,0.1003,0.0078
CREG1,0.0012,0.0013
CREG2,0.0001,0.0
CRELD1,0.0,0.0013
CRELD2,0.0,0.0104
CREM,0.5088,0.0248
CRH,0.7161,0.0744
CRHBP,0.2148,0.0104
CRHR1,0.0,0.0431
CRHR1-2,0.0,0.0248
CRHR2,0.0,0.0131
CRIM1,0.9997,0.0039
CRIP1,0.0005,0.0013
CRIP2,0.0002,0.0
CRIP3,0.0006,0.0
CRIPAK,0.0,0.0
CRIPT,0.001,0.0509
CRISP1,0.0,0.0013
CRISP2,0.0,0.0039
CRISP3,0.0,0.0052
CRISPLD1,0.0,0.0013
CRISPLD2,0.0,0.0013
CRK,0.9594,0.1449
CRKL,0.446,0.1031
CRLF1,0.0,0.0078
CRLF2,0.0,0.0431
CRLF3,0.0005,0.0052
CRLS1,0.0031,0.0222
CRMP1,0.9917,0.0209
CRNKL1,0.0,0.1593
CRNN,0.0001,0.0091
CROCC,0.0,0.0131
CROT,0.0,0.0065
CRP,0.0037,0.1397
CRPPA,0.0,0.0131
CRTAC1,0.0,0.0013
CRTAM,0.0,0.0065
CRTAP,0.0006,0.0222
CRTC1,0.531,0.0104
CRTC2,0.9989,0.0548
CRTC3,0.8659,0.0065
CRX,0.5104,0.0587
CRY1,0.0,0.0522
CRY2,0.0003,0.0496
CRYAA,0.174,0.0248
CRYAA2,0.0,0.0013
CRYAB,0.0225,0.0352
CRYBA1,0.0001,0.0131
CRYBA2,0.0002,0.0039
CRYBA4,0.0,0.0091
CRYBB1,0.0007,0.0144
CRYBB2,0.3896,0.017
CRYBB3,0.0,0.0157
CRYBG1,0.0,0.0026
CRYBG2,0.0,0.0013
CRYBG3,0.0003,0.0
CRYGA,0.0,0.0013
CRYGB,0.0,0.0026
CRYGC,0.0006,0.0235
CRYGD,0.0003,0.017
CRYGN,0.0,0.0026
CRYGS,0.023,0.0117
CRYL1,0.0,0.0196
CRYM,0.0257,0.0052
CRYZ,0.0,0.0078
CRYZL1,0.0,0.0065
CS,0.984,0.1815
CSAD,0.0,0.0183
CSAG1,0.0036,0.0157
CSAG3,0.0,0.0013
CSDC2,0.0031,0.0013
CSDE1,1.0,0.0196
CSE1L,1.0,0.0326
CSF1,0.9963,0.0914
CSF1R,0.1328,0.1619
CSF2,0.8347,0.1854
CSF2RA,0.0,0.0222
CSF2RB,0.1765,0.0627
CSF3,0.3805,0.1854
CSF3R,0.0,0.0927
CSGALNACT1,0.0,0.0078
CSGALNACT2,0.2377,0.0091
CSH1,0.0,0.0444
CSH2,0.0132,0.0483
CSHL1,0.0,0.0039
CSK,0.9998,0.0522
CSKMT,0.0,0.0013
CSMD1,1.0,0.0
CSMD3,0.0571,0.0078
CSN1S1,0.0,0.0039
CSN2,0.0,0.017
CSN3,0.0118,0.0157
CSNK1A1,0.9976,0.0979
CSNK1A1L,0.0132,0.0157
CSNK1D,0.9958,0.1084
CSNK1E,0.9993,0.1266
CSNK1G1,0.9991,0.0026
CSNK1G2,0.9914,0.0131
CSNK1G3,0.9995,0.0104
CSNK2A1,0.9871,0.0966
CSNK2A2,0.9994,0.0522
CSNK2A3,0.0,0.017
CSNK2B,0.9173,0.0483
CSNK2B-2,0.0,0.0052
CSNK2B-LY6G5B-1181,0.0057,0.0
CSPG4,0.0,0.0157
CSPG5,0.0562,0.0052
CSPP1,0.0,0.0117
CSRNP1,0.3427,0.0026
CSRNP2,0.9601,0.0026
CSRNP3,0.5002,0.0
CSRP1,0.0003,0.0039
CSRP2,0.0,0.0
CSRP2BP,0.0,0.0
CSRP3,0.0002,0.0601
CST1,0.0,0.0052
CST11,0.0001,0.0026
CST2,0.0,0.0052
CST3,0.0039,0.0326
CST4,0.0,0.0144
CST5,0.0,0.0
CST6,0.3719,0.0065
CST7,0.0,0.0104
CST8,0.0034,0.0013
CST9,0.0011,0.0013
CST9L,0.0,0.0
CSTA,0.0002,0.0248
CSTB,0.0066,0.0196
CSTF1,0.954,0.0392
CSTF2,0.9996,0.0653
CSTF2T,0.0864,0.0405
CSTF3,0.9828,0.0535
CSTL1,0.0,0.0
CT45A1,0.3005,0.0026
CT45A10,0.0,0.0026
CT45A5,0.0,0.0039
CT45A6,0.3047,0.0
CT45A8,0.0,0.0026
CT45A9,0.0,0.0013
CT47A10,0.0,0.0078
CT47A2,0.0,0.0078
CT47A3,0.0,0.0078
CT47A4,0.0,0.0091
CT47A5,0.0,0.0078
CT47A8,0.0,0.0078
CT47A9,0.0,0.0078
CT47B1,0.0,0.0013
CT55,0.4855,0.0026
CT62,0.0167,0.0
CT83,0.0837,0.0
CTA-299D3.8,0.0147,0.0
CTAG1A,0.0,0.0013
CTAG1B,0.0,0.0339
CTAG2,0.105,0.0131
CTAGE1,0.0,0.0013
CTAGE15,0.0,0.0
CTAGE4,0.0,0.0
CTAGE5,0.0,0.0
CTAGE6,0.0,0.0026
CTAGE9,0.0,0.0
CTB-102L5.4,0.7734,0.0
CTB-134H23.2,0.0961,0.0
CTB-167G5.5,0.0029,0.0
CTB-186H2.3,0.3679,0.0
CTB-54O9.9,0.0058,0.0
CTB-58E17.5,0.0,0.0
CTB-60B18.6,0.3021,0.0
CTB-78H18.1,0.0175,0.0
CTB-96E2.2,0.0001,0.0
CTBP1,0.9844,0.1018
CTBP2,0.0014,0.0705
CTBS,0.0,0.0013
CTC-236F12.4,0.0068,0.0
CTC-241N9.1,0.0,0.0
CTC-260F20.3,0.0,0.0
CTC-273B12.7,0.7177,0.0
CTC-360G5.8,0.0,0.0
CTC-429P9.4,0.013,0.0
CTC-432M15.3,0.9634,0.0
CTC-435M10.3,0.0,0.0
CTC-454I21.3,0.1095,0.0
CTC-512J12.6,0.1276,0.0
CTC-534A2.2,0.0206,0.0
CTC1,0.0,0.0313
CTCF,0.9999,0.0901
CTCFL,0.0004,0.0091
CTD-2014B16.3,0.0366,0.0
CTD-2021H9.3,0.0063,0.0
CTD-2054N24.2,0.0026,0.0
CTD-2116N17.1,0.1027,0.0
CTD-2117L12.1,0.0492,0.0
CTD-2132N18.3,0.4324,0.0
CTD-2140B24.4,0.0,0.0
CTD-2144E22.5,0.0,0.0
CTD-2192J16.24,0.0009,0.0
CTD-2203A3.1,0.1474,0.0
CTD-2207O23.12,0.4084,0.0
CTD-2207O23.3,0.0042,0.0
CTD-2210P24.4,0.1179,0.0
CTD-2215E18.1,0.0002,0.0
CTD-2228K2.5,0.0,0.0
CTD-2260A17.2,0.5642,0.0
CTD-2267D19.3,0.0919,0.0
CTD-2287O16.3,0.0323,0.0
CTD-2368P22.1,0.0,0.0
CTD-2370N5.3,0.0005,0.0
CTD-2410N18.5,0.1163,0.0
CTD-2510F5.6,0.0189,0.0
CTD-2521M24.10,0.0061,0.0
CTD-2545M3.6,0.6536,0.0
CTD-2547L24.3,0.0252,0.0
CTD-2583A14.10,0.0076,0.0
CTD-2600O9.1,0.3475,0.0
CTD-3074O7.11,0.0,0.0
CTD-3088G3.8,0.0,0.0
CTD-3105H18.16,0.0994,0.0
CTD-3193O13.9,0.144,0.0
CTD-3203P2.2,0.0266,0.0
CTD-3214H19.16,0.001,0.0
CTDNEP1,0.9747,0.0065
CTDP1,0.0006,0.0548
CTDSP1,0.9925,0.0117
CTDSP2,0.1143,0.0131
CTDSPL,0.0027,0.0078
CTDSPL2,0.9997,0.0013
CTF1,0.0419,0.0248
CTGF,0.0005,0.0
CTH,0.0,0.0653
CTHRC1,0.0,0.0052
CTIF,0.9999,0.0104
CTLA4,0.9408,0.1501
CTNNA1,0.9696,0.0627
CTNNA2,0.425,0.0483
CTNNA3,0.0,0.0366
CTNNAL1,0.0,0.0104
CTNNB1,1.0,0.607
CTNNBIP1,0.0248,0.0104
CTNNBL1,0.0097,0.094
CTNND1,1.0,0.0809
CTNND2,1.0,0.0287
CTNS,0.0003,0.0065
CTPS1,0.9926,0.0548
CTPS2,0.8192,0.0352
CTR9,1.0,0.1475
CTRB1,0.0,0.0405
CTRB2,0.0004,0.0352
CTRC,0.0,0.0131
CTRL,0.0,0.0235
CTSA,0.0,0.0144
CTSB,0.0,0.0483
CTSC,0.0,0.0144
CTSD,0.0009,0.0535
CTSE,0.0,0.0013
CTSF,0.0,0.0104
CTSG,0.0,0.0457
CTSH,0.0,0.0144
CTSK,0.0,0.0392
CTSL,0.008,0.0313
CTSO,0.0,0.0039
CTSS,0.3418,0.0627
CTSV,0.0,0.0104
CTSW,0.0,0.0131
CTSZ,0.0,0.0157
CTTN,0.0892,0.111
CTTNBP2,0.0,0.0352
CTTNBP2NL,0.0027,0.0222
CTU1,0.0672,0.0522
CTU2,0.0,0.0078
CTXN1,0.4113,0.0
CTXN2,0.0352,0.0013
CTXN3,0.1399,0.0013
CUBN,0.0,0.0196
CUEDC1,0.0,0.0
CUEDC2,0.0608,0.0039
CUL1,1.0,0.2389
CUL2,1.0,0.1279
CUL3,0.9996,0.1775
CUL4A,1.0,0.1436
CUL4B,1.0,0.0979
CUL5,1.0,0.0966
CUL7,0.0,0.3473
CUL9,0.9919,0.0196
CUTA,0.0,0.0039
CUTC,0.0006,0.0013
CUX1,1.0,0.017
CUX2,1.0,0.0026
CUZD1,0.0,0.0
CWC15,0.9777,0.1501
CWC22,0.0009,0.1475
CWC25,0.0,0.0888
CWC27,0.0,0.1175
CWF19L1,0.0,0.0117
CWF19L2,0.0,0.0496
CWH43,0.0,0.0
CX3CL1,0.6084,0.0992
CX3CR1,0.0614,0.1188
CXADR,0.3687,0.0104
CXCL1,0.1184,0.1227
CXCL10,0.3686,0.1854
CXCL11,0.3141,0.094
CXCL12,0.1185,0.1619
CXCL13,0.8257,0.0914
CXCL14,0.0373,0.047
CXCL16,0.0,0.0614
CXCL17,0.0048,0.0261
CXCL2,0.0,0.0979
CXCL3,0.0003,0.0679
CXCL5,0.0,0.0809
CXCL6,0.0,0.0587
CXCL8,0.0,0.2755
CXCL9,0.0029,0.1279
CXCR1,0.0,0.0979
CXCR2,0.0137,0.1279
CXCR3,0.181,0.1305
CXCR4,0.0178,0.2376
CXCR5,0.7286,0.1266
CXCR6,0.0001,0.0953
CXORF21,0.843,0.0026
CXORF22,0.9891,0.0
CXORF23,0.6253,0.0
CXORF24,0.0,0.0
CXORF27,0.0,0.0
CXORF28,0.1364,0.0
CXORF30,0.71,0.0
CXORF31,0.1119,0.0
CXORF36,0.0,0.0
CXORF38,0.0001,0.0
CXORF40A,0.5901,0.0026
CXORF40B,0.0244,0.0026
CXORF49,0.0,0.0026
CXORF49B,0.0,0.0026
CXORF56,0.952,0.017
CXORF57,0.0003,0.0
CXORF58,0.0,0.0039
CXORF64,0.0046,0.0
CXORF65,0.8833,0.0
CXORF66,0.0294,0.2219
CXORF67,0.0,0.0
CXXC1,0.8951,0.0352
CXXC11,0.0163,0.0
CXXC4,0.8886,0.0052
CXXC5,0.8886,0.0065
CYB561,0.6109,0.0039
CYB561A3,0.011,0.0
CYB561D1,0.0001,0.0013
CYB561D2,0.0001,0.0
CYB5A,0.0016,0.0326
CYB5B,0.0935,0.0313
CYB5D1,0.0,0.0013
CYB5D2,0.0,0.0013
CYB5R1,0.0,0.0117
CYB5R2,0.0,0.0104
CYB5R3,0.0002,0.0222
CYB5R4,0.0,0.0117
CYB5RL,0.0,0.0091
CYBA,0.0,0.0431
CYBB,0.999,0.0875
CYBRD1,0.0116,0.0183
CYC1,0.1388,0.1971
CYCS,0.6365,0.2258
CYFIP1,0.9682,0.0679
CYFIP2,1.0,0.047
CYGB,0.1025,0.0065
CYHR1,0.4911,0.0052
CYLC1,0.9315,0.0013
CYLC2,0.0,0.0013
CYLD,0.9999,0.0731
CYP11A1,0.0,0.0444
CYP11B1,0.0,0.0366
CYP11B2,0.0,0.0444
CYP17A1,0.0003,0.0627
CYP19A1,0.0,0.0849
CYP1A1,0.0,0.1332
CYP1A2,0.0,0.1188
CYP1B1,0.0,0.0888
CYP20A1,0.0,0.0
CYP21A2,0.0003,0.0366
CYP24A1,0.0,0.03
CYP26A1,0.0,0.094
CYP26B1,0.9799,0.0352
CYP26C1,0.0016,0.03
CYP27A1,0.0,0.0352
CYP27B1,0.0,0.03
CYP27C1,0.0,0.0313
CYP2A13,0.0,0.0679
CYP2A6,0.0,0.1097
CYP2A7,0.0,0.0039
CYP2B6,0.0,0.1097
CYP2C18,0.0,0.0666
CYP2C19,0.0,0.0783
CYP2C8,0.0,0.0914
CYP2C9,0.0,0.1162
CYP2D6,0.0,0.0627
CYP2E1,0.0,0.1423
CYP2F1,0.0,0.0144
CYP2J2,0.0,0.0431
CYP2R1,0.0,0.0091
CYP2S1,0.0,0.0535
CYP2U1,0.0014,0.03
CYP2W1,0.0,0.0
CYP39A1,0.0,0.0104
CYP3A4,0.0,0.1527
CYP3A43,0.0,0.0
CYP3A5,0.0,0.1057
CYP3A7,0.0,0.0666
CYP46A1,0.9855,0.0183
CYP4A11,0.0,0.0849
CYP4A22,0.0,0.0692
CYP4B1,0.0,0.0
CYP4F11,0.0,0.0039
CYP4F12,0.0,0.0026
CYP4F2,0.0,0.0352
CYP4F22,0.0,0.0117
CYP4F3,0.0,0.0313
CYP4F31P,0.2238,0.0
CYP4F8,0.0,0.0326
CYP4V2,0.0,0.0039
CYP4X1,0.0,0.0052
CYP4Z1,0.0,0.0013
CYP51A1,0.0,0.0509
CYP7A1,0.0002,0.0901
CYP7B1,0.0,0.0261
CYP8B1,0.0,0.0274
CYR61,0.7139,0.0
CYREN,0.0,0.0078
CYS1,0.1093,0.0039
CYSLTR1,0.012,0.0131
CYSLTR2,0.0001,0.0157
CYSTM1,0.4225,0.0
CYTH1,0.9998,0.0235
CYTH2,0.2549,0.0248
CYTH3,0.7225,0.0222
CYTH4,0.0008,0.0078
CYTIP,0.0021,0.0104
CYTL1,0.0,0.0
CYYR1,0.0004,0.0
CZIB,0.0,0.0013
D2HGDH,0.0543,0.0091
D6RAR5_HUMAN,0.0,0.0026
DAAM1,0.9992,0.03
DAAM2,1.0,0.0078
DAB1,0.9991,0.0131
DAB2,0.407,0.064
DAB2IP,1.0,0.0144
DACH1,0.9995,0.0144
DACH2,0.1624,0.0026
DACT1,0.4002,0.0104
DACT2,0.0094,0.0026
DACT3,0.5056,0.0013
DAD1,0.0855,0.0366
DAG1,0.9812,0.0888
DAGLA,1.0,0.0131
DAGLB,0.0,0.0091
DAK,0.0,0.0
DALRD3,0.0,0.0052
DAND5,0.002,0.0039
DAO,0.0,0.03
DAOA,0.0001,0.0078
DAP,0.0035,0.0013
DAP3,0.0,0.2063
DAPK1,0.9977,0.0326
DAPK2,0.0,0.0183
DAPK3,0.0066,0.0248
DAPL1,0.0,0.0744
DAPP1,0.1717,0.0078
DARC,0.0002,0.0
DARS,0.0,0.0
DARS1,0.0,0.0248
DARS2,0.0,0.0522
DAW1,0.0,0.0144
DAXX,0.0986,0.1175
DAZ1,0.0,0.0313
DAZ2,0.288,0.0183
DAZ3,0.0,0.017
DAZ4,0.0,0.0104
DAZAP1,0.9999,0.0091
DAZAP2,0.3637,0.0091
DAZL,0.9945,0.0248
DBF4,0.993,0.0444
DBF4B,0.0,0.0052
DBH,0.0,0.03
DBI,0.0014,0.0379
DBN1,0.997,0.0261
DBNDD1,0.0001,0.0
DBNDD2,0.0083,0.0
DBNL,0.0179,0.0117
DBP,0.2338,0.0078
DBR1,0.0,0.0026
DBT,0.0,0.0849
DBX1,0.061,0.0
DBX2,0.0,0.0
DCAF1,0.0,0.0587
DCAF10,0.8038,0.0366
DCAF11,0.0063,0.0535
DCAF12,0.0,0.0392
DCAF12L1,0.954,0.0078
DCAF12L2,0.0059,0.0052
DCAF13,0.0,0.2206
DCAF15,0.9942,0.0379
DCAF16,0.0003,0.0431
DCAF17,0.0,0.0444
DCAF4,0.0,0.0509
DCAF4L1,0.3181,0.0052
DCAF4L2,0.0,0.0039
DCAF5,1.0,0.0418
DCAF6,0.0865,0.0405
DCAF7,0.9328,0.0783
DCAF8,0.9996,0.0392
DCAF8L1,0.0,0.0039
DCAF8L2,0.8193,0.0052
DCAKD,0.0649,0.0065
DCANP1,0.0,0.0013
DCBLD1,0.0,0.0
DCBLD2,0.0954,0.0013
DCC,0.9945,0.0379
DCD,0.0002,0.0
DCDC1,0.0,0.0078
DCDC2,0.0,0.0117
DCDC2B,0.0,0.0
DCDC2C,0.0007,0.0
DCHS1,1.0,0.0104
DCHS2,0.0,0.0013
DCK,0.0,0.0862
DCLK1,0.9996,0.0131
DCLK2,0.9571,0.0
DCLK3,0.1369,0.0026
DCLRE1A,0.0,0.0287
DCLRE1B,0.5391,0.0248
DCLRE1C,0.0,0.0548
DCN,0.3123,0.1097
DCP1A,0.6899,0.064
DCP1B,0.0,0.0196
DCP2,0.664,0.0705
DCPS,0.0,0.0052
DCST1,0.0,0.0013
DCST2,0.0,0.0013
DCSTAMP,0.0,0.0144
DCT,0.0,0.0144
DCTD,0.0007,0.0261
DCTN1,0.0843,0.124
DCTN2,0.9965,0.0822
DCTN3,0.0,0.03
DCTN4,0.7322,0.0418
DCTN5,0.0071,0.0366
DCTN6,0.0557,0.0313
DCTPP1,0.4609,0.03
DCUN1D1,0.9853,0.0326
DCUN1D2,0.0,0.0196
DCUN1D3,0.8666,0.0157
DCUN1D4,0.0475,0.0131
DCUN1D5,0.9943,0.017
DCX,0.3042,0.0418
DCXR,0.0,0.0039
DDA1,0.9372,0.0444
DDAH1,0.0028,0.0026
DDAH2,0.0138,0.0065
DDB1,0.9998,0.2402
DDB2,0.0,0.1292
DDC,0.0,0.0418
DDC8,0.3768,0.0
DDHD1,0.902,0.0013
DDHD2,0.0,0.0013
DDI1,0.0,0.0104
DDI2,0.9982,0.0131
DDIAS,0.0,0.0013
DDIT3,0.5907,0.047
DDIT4,0.0007,0.017
DDIT4L,0.0,0.0013
DDN,0.359,0.0078
DDO,0.0,0.0
DDOST,0.0006,0.047
DDR1,0.0,0.0065
DDR2,0.5503,0.0078
DDRGK1,0.0,0.0104
DDT,0.3296,0.0026
DDT-2,0.0,0.0013
DDTL,0.3344,0.0
DDX1,0.9945,0.0287
DDX10,0.0,0.1279
DDX11,0.0,0.0209
DDX17,1.0,0.0627
DDX18,0.138,0.2076
DDX19A,0.8399,0.0131
DDX19B,0.0,0.0039
DDX19B-2,0.0,0.0065
DDX20,0.0,0.0418
DDX21,1.0,0.0796
DDX23,0.542,0.107
DDX24,0.6846,0.094
DDX25,0.0,0.0078
DDX26B,0.9999,0.0
DDX27,0.5833,0.1214
DDX28,0.0,0.1201
DDX31,0.0,0.077
DDX39A,0.6015,0.0326
DDX39B,0.9972,0.1789
DDX3X,0.9999,0.0953
DDX3Y,0.9649,0.0352
DDX4,0.9983,0.0261
DDX41,0.0,0.0287
DDX42,1.0,0.0261
DDX43,0.0,0.0039
DDX46,1.0,0.0809
DDX47,0.0,0.124
DDX49,0.0,0.0927
DDX5,1.0,0.1606
DDX50,0.0,0.0078
DDX51,0.0,0.0065
DDX52,0.0,0.1305
DDX53,0.6617,0.0065
DDX54,0.0,0.111
DDX55,0.0,0.0718
DDX56,0.0,0.1632
DDX58,0.0,0.1762
DDX59,0.0,0.0
DDX6,0.9996,0.0966
DDX60,0.0,0.0483
DDX60L,0.0,0.0078
DEAF1,0.0003,0.0026
DEC1,0.0,0.0
DECR1,0.0,0.0131
DECR2,0.0,0.0052
DEDD,0.9591,0.0091
DEDD2,0.0599,0.0013
DEF6,0.9977,0.0078
DEF8,0.0026,0.0
DEFA1,0.0,0.0091
DEFA1B,0.0,0.0117
DEFA3,0.0905,0.0117
DEFA4,0.498,0.0274
DEFA5,0.0,0.0183
DEFA6,0.0,0.0078
DEFB1,0.4059,0.0444
DEFB103A,0.0,0.0405
DEFB103B,0.0,0.0026
DEFB104A,0.0937,0.0209
DEFB104B,0.3318,0.0091
DEFB105A,0.3772,0.0196
DEFB105B,0.2918,0.0078
DEFB106A,0.0086,0.0091
DEFB106B,0.0812,0.0274
DEFB107A,0.3263,0.0222
DEFB107B,0.0,0.0
DEFB108B,0.0016,0.0183
DEFB110,0.018,0.0248
DEFB112,0.0207,0.0091
DEFB113,0.0941,0.0131
DEFB114,0.0916,0.0209
DEFB115,0.0021,0.0144
DEFB116,0.0019,0.0196
DEFB118,0.0968,0.0248
DEFB119,0.0967,0.0222
DEFB121,0.0965,0.0157
DEFB123,0.4096,0.0144
DEFB124,0.1133,0.017
DEFB125,0.0145,0.0196
DEFB126,0.4084,0.03
DEFB127,0.4049,0.03
DEFB128,0.396,0.0222
DEFB129,0.0971,0.0235
DEFB130,0.2956,0.0
DEFB130A,0.0,0.0052
DEFB131,0.0135,0.0
DEFB131A,0.0,0.0144
DEFB132,0.0018,0.0157
DEFB133,0.2827,0.0
DEFB134,0.0017,0.0131
DEFB135,0.0,0.0131
DEFB136,0.0925,0.0
DEFB4A,0.0012,0.0379
DEFB4B,0.068,0.0052
DEGS1,0.1388,0.047
DEGS2,0.0002,0.0483
DEK,0.1306,0.0379
DELE1,0.0,0.0039
DENND10,0.0,0.0235
DENND11,0.0,0.0039
DENND1A,0.9998,0.0144
DENND1B,0.2041,0.0052
DENND1C,0.0,0.0039
DENND2A,0.0673,0.0026
DENND2B,0.0,0.0065
DENND2C,0.0,0.0
DENND2D,0.0008,0.0013
DENND3,0.0,0.0039
DENND4A,0.9963,0.0013
DENND4B,0.991,0.0
DENND4C,0.0,0.0013
DENND5A,0.0575,0.0039
DENND5B,1.0,0.0
DENND6A,0.0018,0.0039
DENND6B,0.0,0.0
DENR,0.8751,0.0901
DEPDC1,0.0,0.0705
DEPDC1B,0.0,0.0326
DEPDC4,0.0,0.0
DEPDC5,0.1165,0.0366
DEPDC7,0.0,0.0052
DEPP1,0.0,0.0026
DEPTOR,0.0,0.0352
DERA,0.0004,0.0627
DERL1,0.0002,0.0574
DERL2,0.9574,0.0444
DERL3,0.0002,0.0326
DES,0.0088,0.0196
DESI1,0.0057,0.0379
DESI2,0.8483,0.0013
DET1,0.679,0.0796
DEUP1,0.0,0.0013
DEXI,0.4145,0.0013
DFFA,0.0001,0.0117
DFFB,0.0,0.0196
DFNA5,0.0,0.0
DFNB31,0.0001,0.0
DFNB59,0.0,0.0
DGAT1,0.0,0.0914
DGAT2,0.0,0.0444
DGAT2L6,0.0,0.0
DGCR14,0.0,0.0
DGCR2,0.0,0.017
DGCR6,0.0,0.0078
DGCR6L,0.0001,0.0117
DGCR8,0.9997,0.0548
DGKA,0.4607,0.0326
DGKB,0.5299,0.0287
DGKD,0.0722,0.0196
DGKE,0.0,0.0392
DGKG,0.0,0.0274
DGKH,0.0264,0.0235
DGKI,0.9313,0.0313
DGKK,0.0,0.0078
DGKQ,0.0,0.0418
DGKZ,0.0395,0.0405
DGLUCY,0.0,0.0026
DGUOK,0.0,0.0561
DHCR24,0.031,0.0444
DHCR7,0.0,0.0548
DHDDS,0.2453,0.0261
DHDH,0.0,0.0144
DHFR,0.0343,0.0574
DHFR2,0.0,0.0496
DHFRL1,0.225,0.0
DHH,0.2245,0.0287
DHODH,0.003,0.0509
DHPS,0.0002,0.0117
DHRS1,0.0,0.0
DHRS11,0.0,0.0287
DHRS12,0.0,0.0
DHRS13,0.0256,0.0
DHRS2,0.0,0.0078
DHRS3,0.2258,0.0209
DHRS4,0.0,0.0274
DHRS4-AS1,0.0,0.0
DHRS4L2,0.0,0.0013
DHRS7,0.0,0.0
DHRS7B,0.0,0.0013
DHRS7C,0.0,0.0
DHRS9,0.0,0.0274
DHRSX,0.0003,0.0039
DHTKD1,0.0,0.0287
DHX15,1.0,0.2794
DHX16,0.0,0.1214
DHX29,0.0,0.0587
DHX30,1.0,0.0091
DHX32,0.0,0.0457
DHX33,0.0,0.0379
DHX34,0.0,0.0235
DHX35,0.0,0.03
DHX36,0.4722,0.0144
DHX37,0.9925,0.107
DHX38,0.0,0.1319
DHX40,0.7556,0.0052
DHX57,0.0,0.0039
DHX58,0.0,0.0574
DHX8,0.0,0.1175
DHX9,1.0,0.2311
DIABLO,0.0,0.0457
DIABLO-2,0.0,0.047
DIAPH1,0.9151,0.0261
DIAPH2,0.9944,0.0183
DIAPH3,0.0,0.0379
DICER1,1.0,0.1305
DIDO1,1.0,0.0366
DIEXF,0.0,0.0
DIMT1,0.0,0.1606
DIO1,0.584,0.0131
DIO2,0.6196,0.0222
DIO3,0.6233,0.0065
DIP2A,0.113,0.0039
DIP2B,0.9992,0.0052
DIP2C,1.0,0.0026
DIPK1C,0.0,0.0013
DIPK2A,0.0,0.0235
DIPK2B,0.0,0.0013
DIRAS1,0.388,0.0026
DIRAS2,0.478,0.0013
DIRAS3,0.0,0.0013
DIRC1,0.0,0.0
DIRC2,0.0,0.0
DIRC3,0.0,0.0
DIS3,0.0,0.0405
DIS3L,0.0,0.0287
DIS3L2,0.944,0.0261
DISC1,0.0,0.0601
DISP1,0.0,0.0078
DISP2,0.199,0.0039
DISP3,0.0,0.0026
DIXDC1,0.0,0.0078
DKC1,0.9992,0.158
DKFZP434O1614,0.0,0.0
DKFZP667F0711,0.0,0.0
DKFZP761J1410,0.9902,0.0
DKFZP779J2370,0.0303,0.0
DKK1,0.1742,0.0627
DKK2,0.7532,0.047
DKK3,0.0,0.0183
DKK4,0.0008,0.0392
DKKL1,0.0004,0.0078
DLAT,0.0,0.0888
DLC1,0.9995,0.0131
DLD,0.0095,0.0914
DLEC1,0.0,0.0052
DLEU1,0.4703,0.0
DLEU2L,0.3748,0.0
DLEU7,0.1845,0.0
DLG1,0.9939,0.0875
DLG2,0.708,0.0548
DLG3,1.0,0.0679
DLG4,0.9995,0.2311
DLG5,0.9995,0.0091
DLGAP1,0.9988,0.047
DLGAP2,0.9999,0.0248
DLGAP3,1.0,0.0313
DLGAP4,0.9925,0.0104
DLGAP5,0.0,0.1384
DLK1,0.0346,0.0144
DLK2,0.7792,0.0
DLL1,1.0,0.0392
DLL3,0.0001,0.0157
DLL4,0.9998,0.0261
DLST,0.4847,0.0796
DLX1,0.9623,0.0065
DLX2,0.9785,0.0131
DLX3,0.0026,0.0065
DLX4,0.0169,0.0
DLX5,0.2184,0.0183
DLX6,0.9213,0.0078
DMAC1,0.0,0.0013
DMAC2,0.0,0.0052
DMAC2L,0.0,0.0183
DMAP1,0.0411,0.0875
DMBT1,0.0,0.0117
DMBX1,0.9296,0.0
DMC1,0.0001,0.0235
DMD,1.0,0.0836
DMGDH,0.0,0.0235
DMKN,0.0,0.0026
DMP1,0.0,0.0209
DMPK,0.0383,0.017
DMRT1,0.7387,0.0183
DMRT2,0.0097,0.0013
DMRT3,0.0,0.0
DMRTA1,0.0,0.0
DMRTA2,0.9161,0.0
DMRTB1,0.8286,0.0013
DMRTC1,0.0237,0.0013
DMRTC1B,0.0,0.0013
DMRTC2,0.731,0.0
DMTF1,0.9671,0.0039
DMTN,0.9008,0.0222
DMWD,0.3692,0.0078
DMXL1,1.0,0.0117
DMXL2,1.0,0.0091
DNA2,0.0,0.1253
DNAAF1,0.0,0.0352
DNAAF2,0.0,0.0339
DNAAF3,0.0,0.03
DNAAF4,0.0,0.0366
DNAAF5,0.0,0.0287
DNAH1,0.0,0.03
DNAH10,0.0,0.0039
DNAH10OS,0.0002,0.0
DNAH11,0.0,0.0287
DNAH12,0.0,0.0209
DNAH14,0.0,0.0052
DNAH17,0.0,0.0209
DNAH17-AS1,0.0838,0.0
DNAH2,0.0,0.0209
DNAH3,0.0,0.0222
DNAH5,0.0,0.047
DNAH6,0.0,0.0065
DNAH7,0.0,0.0196
DNAH8,0.0,0.0209
DNAH9,0.0,0.0144
DNAI1,0.0,0.0601
DNAI2,0.0,0.0601
DNAJA1,0.0908,0.0457
DNAJA2,0.998,0.0313
DNAJA3,0.0098,0.0235
DNAJA4,0.002,0.0274
DNAJB1,0.0394,0.0927
DNAJB11,0.2255,0.0744
DNAJB12,0.4401,0.0157
DNAJB13,0.0029,0.0039
DNAJB14,0.9387,0.0104
DNAJB2,0.0001,0.0209
DNAJB4,0.0162,0.0418
DNAJB5,0.2063,0.017
DNAJB6,0.8544,0.0326
DNAJB7,0.0,0.0065
DNAJB8,0.0952,0.0117
DNAJB9,0.3651,0.0274
DNAJC1,0.0,0.0065
DNAJC10,0.0,0.0444
DNAJC11,0.9989,0.0274
DNAJC12,0.0,0.0039
DNAJC13,1.0,0.0104
DNAJC14,1.0,0.0039
DNAJC15,0.0,0.0196
DNAJC16,0.0,0.0
DNAJC17,0.002,0.0026
DNAJC18,0.0,0.0052
DNAJC19,0.0006,0.0392
DNAJC2,0.991,0.0248
DNAJC21,0.0,0.0104
DNAJC22,0.0,0.0
DNAJC24,0.0,0.0144
DNAJC25,0.0,0.0013
DNAJC25-GNG10,0.0013,0.0
DNAJC27,0.0013,0.0039
DNAJC28,0.0,0.0026
DNAJC3,0.0175,0.0339
DNAJC30,0.0231,0.0039
DNAJC4,0.0,0.0013
DNAJC5,0.8122,0.0548
DNAJC5B,0.0,0.0196
DNAJC5G,0.0001,0.0
DNAJC6,0.9999,0.0326
DNAJC7,0.9901,0.03
DNAJC8,0.051,0.0209
DNAJC9,0.0045,0.0587
DNAL1,0.0089,0.0261
DNAL4,0.0028,0.0104
DNALI1,0.0,0.0261
DNASE1,0.0,0.0013
DNASE1L1,0.3883,0.0
DNASE1L2,0.0,0.0091
DNASE1L3,0.0,0.0
DNASE2,0.0005,0.0052
DNASE2B,0.0,0.0013
DND1,0.4361,0.0078
DNER,0.1859,0.017
DNHD1,0.0,0.0065
DNLZ,0.0002,0.0013
DNM1,0.9992,0.0522
DNM1L,0.0006,0.0587
DNM2,1.0,0.0679
DNM3,0.0024,0.0117
DNMBP,0.0,0.0065
DNMT1,1.0,0.1671
DNMT3A,0.0,0.1266
DNMT3B,0.1996,0.1188
DNMT3L,0.0,0.047
DNPEP,0.0,0.0052
DNPH1,0.0321,0.0
DNTT,0.0,0.0352
DNTTIP1,0.7272,0.0078
DNTTIP2,0.0,0.141
DOC2A,0.0067,0.0091
DOC2B,0.0171,0.0039
DOCK1,0.0068,0.0692
DOCK10,0.0,0.0065
DOCK11,0.0121,0.0065
DOCK2,0.9997,0.0222
DOCK3,1.0,0.0144
DOCK4,0.8256,0.2063
DOCK5,0.0,0.0131
DOCK6,0.0,0.0078
DOCK7,0.0,0.0104
DOCK8,0.0,0.0209
DOCK9,1.0,0.0052
DOHH,0.016,0.0222
DOK1,0.029,0.0131
DOK2,0.0,0.0144
DOK3,0.0009,0.0052
DOK4,0.0915,0.0026
DOK5,0.0002,0.0026
DOK6,0.1553,0.0026
DOK7,0.0001,0.0183
DOLK,0.0012,0.0326
DOLPP1,0.175,0.0196
DONSON,0.0,0.0222
DOP1A,0.0,0.0013
DOP1B,0.0,0.0013
DOPEY1,0.9999,0.0
DOPEY2,0.0,0.0
DOT1L,1.0,0.0992
DPAGT1,0.0,0.0248
DPCD,0.0003,0.0039
DPCR1,0.0,0.0
DPEP1,0.0,0.0
DPEP2,0.0,0.0013
DPEP3,0.0,0.0026
DPF1,0.9905,0.0366
DPF2,0.9999,0.0405
DPF3,0.0205,0.0444
DPH1,0.0,0.0131
DPH2,0.0,0.0131
DPH3,0.0663,0.0183
DPH5,0.0,0.0117
DPH6,0.0,0.0091
DPH7,0.0,0.0091
DPM1,0.0002,0.0379
DPM2,0.3179,0.0431
DPM3,0.2332,0.0339
DPP10,1.0,0.0222
DPP3,0.0,0.0013
DPP4,0.0,0.0666
DPP6,0.34,0.0222
DPP7,0.0,0.0078
DPP8,0.9979,0.0065
DPP9,0.9871,0.0065
DPPA2,0.0,0.0026
DPPA3,0.2167,0.0196
DPPA4,0.0003,0.0104
DPPA5,0.0041,0.0052
DPRX,0.0,0.0052
DPT,0.0,0.0091
DPY19L1,0.0001,0.0
DPY19L2,0.0,0.0052
DPY19L3,0.0,0.0
DPY19L4,0.0,0.0
DPY30,0.1769,0.0953
DPYD,0.0,0.064
DPYS,0.0,0.0104
DPYSL2,0.9938,0.0392
DPYSL3,0.9989,0.03
DPYSL4,0.0,0.0078
DPYSL5,0.9999,0.03
DQX1,0.0,0.0352
DR1,0.9212,0.0587
DRAM1,0.2277,0.0013
DRAM2,0.0001,0.0013
DRAP1,0.1299,0.0157
DRAXIN,0.0,0.0052
DRC1,0.0,0.0287
DRC3,0.0,0.0131
DRC7,0.0,0.0104
DRD1,0.9555,0.0418
DRD2,0.7471,0.0875
DRD3,0.0024,0.0274
DRD4,0.0,0.0418
DRD5,0.0,0.0274
DRG1,0.329,0.047
DRG2,0.0,0.0339
DRGX,0.0002,0.0026
DROSHA,0.0932,0.0953
DRP2,0.0,0.0026
DSC1,0.0,0.0196
DSC2,0.0,0.0209
DSC3,0.0,0.0209
DSCAM,1.0,0.0091
DSCAML1,1.0,0.0026
DSCC1,0.0085,0.0392
DSCR3,0.0001,0.0
DSCR4,0.0008,0.0
DSCR8,0.0001,0.0
DSE,0.6331,0.0052
DSEL,0.0,0.0
DSG1,0.9269,0.0405
DSG2,0.0,0.0392
DSG3,0.0,0.0366
DSG4,0.0,0.0144
DSN1,0.0,0.0405
DSP,0.9998,0.0496
DSPP,0.0,0.017
DST,1.0,0.0196
DSTN,0.5512,0.0104
DSTYK,0.5126,0.0
DTD1,0.0018,0.0
DTD1-2,0.0,0.0013
DTD2,0.0008,0.0013
DTHD1,0.0,0.0
DTL,0.0033,0.1162
DTNA,0.6346,0.0326
DTNB,0.0,0.0183
DTNBP1,0.0,0.0392
DTWD1,0.0,0.0026
DTWD2,0.0,0.0026
DTX1,0.001,0.0183
DTX2,0.0289,0.0144
DTX3,0.8875,0.0065
DTX3L,0.0,0.0157
DTX4,0.217,0.0052
DTYMK,0.0001,0.0548
DUOX1,0.0,0.0261
DUOX2,0.0,0.03
DUOXA1,0.0001,0.0052
DUOXA2,0.0,0.0104
DUPD1,0.0,0.0
DUS1L,0.0,0.0078
DUS2,0.0,0.0052
DUS3L,0.0,0.0078
DUS4L,0.0,0.0039
DUS4L-BCAP29,0.0,0.0013
DUSP1,0.0102,0.0339
DUSP10,0.8335,0.0117
DUSP11,0.0,0.0026
DUSP12,0.0001,0.0131
DUSP13,0.0,0.0
DUSP14,0.1211,0.0
DUSP15,0.0,0.0013
DUSP16,0.0889,0.0144
DUSP18,0.1205,0.0
DUSP19,0.01,0.0052
DUSP2,0.0,0.0117
DUSP21,0.0003,0.0
DUSP22,0.0093,0.0131
DUSP23,0.0007,0.0013
DUSP26,0.0002,0.0
DUSP27,0.0,0.0
DUSP28,0.1799,0.0
DUSP3,0.4616,0.017
DUSP4,0.8815,0.0117
DUSP5,0.0033,0.0157
DUSP6,0.976,0.0091
DUSP7,0.6902,0.0131
DUSP8,0.6997,0.0104
DUSP9,0.8198,0.0117
DUT,0.0013,0.0457
DUX4,0.0,0.0183
DUX4L4,0.0,0.0
DUXA,0.0,0.0039
DUXB,0.0,0.0052
DVL1,0.0,0.124
DVL2,0.0,0.1097
DVL3,0.3854,0.077
DXO,0.0,0.0222
DYDC1,0.0003,0.0039
DYDC2,0.0035,0.0039
DYM,0.0,0.0013
DYNAP,0.0026,0.0013
DYNC1H1,1.0,0.0862
DYNC1I1,0.0,0.064
DYNC1I2,0.0,0.0757
DYNC1LI1,0.9635,0.0614
DYNC1LI2,0.9835,0.0509
DYNC2H1,0.0,0.0666
DYNC2LI1,0.0,0.0379
DYNLL1,0.6983,0.0862
DYNLL2,0.7431,0.0509
DYNLRB1,0.1615,0.0457
DYNLRB2,0.0001,0.0274
DYNLT1,0.0001,0.047
DYNLT3,0.7189,0.0313
DYRK1A,0.9997,0.0405
DYRK1B,0.969,0.0117
DYRK2,0.9975,0.0091
DYRK3,0.0,0.0
DYRK4,0.0,0.0013
DYSF,0.0,0.0379
DYTN,0.0,0.0013
DYX1C1,0.0,0.0
DZANK1,0.0,0.0
DZIP1,0.0,0.0052
DZIP1L,0.0,0.0013
DZIP3,0.0,0.0065
E2F1,0.9877,0.1736
E2F2,0.255,0.0405
E2F3,0.9458,0.0418
E2F4,0.4526,0.0627
E2F5,0.935,0.0444
E2F6,0.1016,0.0783
E2F7,0.9932,0.0091
E2F8,0.8178,0.0418
E4F1,0.0801,0.0157
E5RI56_HUMAN,0.0,0.0104
E7ENQ6_HUMAN,0.0,0.0261
E7ENX8_HUMAN,0.0,0.0026
E9PCH4_HUMAN,0.0,0.0026
E9PSI1_HUMAN,0.0,0.0013
EAF1,0.0615,0.0692
EAF2,0.0,0.0548
EAPP,0.0,0.0157
EARS2,0.0,0.1527
EBAG9,0.0771,0.0039
EBF1,0.997,0.0326
EBF2,0.9998,0.0052
EBF3,0.9999,0.0013
EBF4,0.0003,0.0013
EBI3,0.108,0.0131
EBLN1,0.0,0.0
EBLN2,0.0,0.0013
EBNA1BP2,0.0,0.2311
EBP,0.9365,0.0196
EBPL,0.0001,0.0
ECD,0.0,0.0117
ECE1,0.9599,0.0091
ECE2,0.0,0.0104
ECE2-2,0.0,0.0052
ECEL1,0.0,0.0
ECH1,0.0,0.0117
ECHDC1,0.0,0.0405
ECHDC2,0.0,0.0117
ECHDC3,0.0,0.0
ECHS1,0.0009,0.0548
ECI1,0.0,0.0274
ECI2,0.0,0.0418
ECM1,0.0,0.0065
ECM2,0.0,0.0091
ECPAS,0.0,0.0379
ECSCR,0.0004,0.0
ECSIT,0.0,0.0601
ECT2,0.0,0.0757
ECT2L,0.0,0.0013
EDA,0.9739,0.0078
EDA2R,0.0005,0.0091
EDAR,0.0,0.0104
EDARADD,0.0003,0.0065
EDC3,0.026,0.0392
EDC4,0.1061,0.03
EDDM13,0.0,0.0039
EDDM3A,0.0,0.0
EDDM3B,0.0,0.0
EDEM1,0.0,0.0444
EDEM2,0.0,0.0157
EDEM3,0.0025,0.0196
EDF1,0.7774,0.1175
EDIL3,0.0001,0.0026
EDN1,0.455,0.0731
EDN2,0.0603,0.0131
EDN3,0.0246,0.0326
EDNRA,0.9916,0.0313
EDNRB,0.0092,0.0366
EDRF1,0.0044,0.0013
EEA1,0.9287,0.0535
EED,0.9993,0.0849
EEF1A1,0.9786,0.218
EEF1A2,0.9956,0.0653
EEF1AKMT1,0.0,0.0078
EEF1AKMT2,0.0,0.0144
EEF1AKMT3,0.0,0.0013
EEF1AKMT4,0.0,0.0026
EEF1AKNMT,0.0,0.0065
EEF1B2,0.0663,0.1867
EEF1D,0.0,0.1227
EEF1E1,0.0826,0.0261
EEF1G,0.9997,0.1893
EEF2,1.0,0.3381
EEF2K,0.0,0.0287
EEF2KMT,0.0,0.0052
EEFSEC,0.0,0.1332
EEPD1,0.0549,0.0026
EFCAB1,0.0003,0.0091
EFCAB10,0.009,0.0
EFCAB11,0.0002,0.0
EFCAB12,0.0,0.0
EFCAB13,0.0,0.0
EFCAB14,0.0,0.0
EFCAB2,0.0,0.0
EFCAB3,0.0,0.0
EFCAB4A,0.0,0.0
EFCAB4B,0.0,0.0
EFCAB5,0.0,0.0013
EFCAB6,0.0,0.0078
EFCAB7,0.0,0.0065
EFCAB8,0.0002,0.0
EFCAB9,0.0001,0.0418
EFCC1,0.0,0.0
EFEMP1,0.9999,0.0091
EFEMP2,0.0082,0.0196
EFHB,0.0,0.047
EFHC1,0.0,0.0561
EFHC2,0.9991,0.0522
EFHD1,0.0051,0.0013
EFHD2,0.0091,0.0
EFL1,0.0,0.1867
EFNA1,0.4626,0.0535
EFNA2,0.038,0.0431
EFNA3,0.1534,0.0444
EFNA4,0.0004,0.0444
EFNA5,0.9605,0.0574
EFNB1,0.9325,0.0405
EFNB2,0.9885,0.0561
EFNB3,0.3205,0.0405
EFR3A,0.0,0.0052
EFR3B,0.0241,0.0052
EFS,0.0,0.0065
EFTUD1,0.0,0.0
EFTUD2,1.0,0.4151
EGF,0.0,0.2911
EGFL6,0.0,0.0
EGFL7,0.0,0.0026
EGFL8,0.0,0.0026
EGFLAM,0.0,0.0039
EGFR,0.3684,0.6606
EGLN1,0.974,0.0457
EGLN2,0.7217,0.03
EGLN3,0.0095,0.0379
EGR1,0.3509,0.077
EGR2,0.5029,0.064
EGR3,0.9529,0.0209
EGR4,0.0063,0.0052
EHBP1,0.3075,0.0104
EHBP1L1,0.0,0.0013
EHD1,0.9834,0.0261
EHD2,0.3076,0.0235
EHD3,0.0422,0.0131
EHD4,0.0,0.0039
EHF,0.7054,0.0
EHHADH,0.0,0.0757
EHMT1,1.0,0.0587
EHMT2,0.0001,0.1319
EI24,0.7335,0.0026
EID1,0.4275,0.0117
EID2,0.2965,0.0026
EID2B,0.0,0.0013
EID3,0.4076,0.0157
EIF1,0.8307,0.1097
EIF1AD,0.0034,0.047
EIF1AX,0.9102,0.2089
EIF1AY,0.5521,0.1932
EIF1B,0.5027,0.0809
EIF2A,0.0,0.0144
EIF2AK1,0.0,0.017
EIF2AK2,0.0176,0.1201
EIF2AK3,0.0028,0.047
EIF2AK4,0.0,0.0418
EIF2B1,0.0001,0.017
EIF2B2,0.0,0.017
EIF2B3,0.5669,0.0183
EIF2B4,0.9612,0.017
EIF2B5,0.0642,0.0196
EIF2D,0.0,0.0522
EIF2S1,0.9703,0.2572
EIF2S2,0.9533,0.1606
EIF2S3,0.9639,0.1775
EIF2S3B,0.0,0.0614
EIF2S3L,0.0002,0.0
EIF3A,1.0,0.1057
EIF3B,1.0,0.1462
EIF3C,0.0,0.111
EIF3CL,0.0121,0.0796
EIF3D,0.9998,0.111
EIF3E,0.052,0.1214
EIF3F,0.9704,0.1319
EIF3G,0.9855,0.1084
EIF3H,0.0475,0.1175
EIF3I,0.9493,0.1645
EIF3J,0.8566,0.0901
EIF3K,0.0021,0.1057
EIF3L,0.8378,0.0953
EIF3M,0.0175,0.1214
EIF4A1,0.9999,0.1802
EIF4A2,0.9983,0.0953
EIF4A3,0.9999,0.2689
EIF4B,1.0,0.0679
EIF4E,0.9413,0.1671
EIF4E1B,0.0,0.0352
EIF4E2,0.5816,0.0431
EIF4E3,0.0181,0.0248
EIF4EBP1,0.2076,0.0444
EIF4EBP2,0.3055,0.0091
EIF4EBP3,0.0003,0.0196
EIF4ENIF1,1.0,0.0222
EIF4G1,1.0,0.1802
EIF4G2,1.0,0.0313
EIF4G3,1.0,0.0235
EIF4H,0.4398,0.0444
EIF5,0.9876,0.1279
EIF5A,0.7371,0.1997
EIF5A2,0.0002,0.1749
EIF5AL1,0.3415,0.1802
EIF5B,0.9998,0.282
EIF6,0.2378,0.2193
EIPR1,0.0,0.0078
ELAC1,0.8812,0.0013
ELAC2,0.0,0.0144
ELANE,0.0012,0.064
ELAVL1,0.9885,0.1606
ELAVL2,0.9951,0.0091
ELAVL3,0.7707,0.0026
ELAVL4,0.9081,0.0078
ELF1,0.0106,0.0
ELF2,0.9948,0.0013
ELF3,0.9832,0.0117
ELF4,0.0614,0.0013
ELF5,0.0009,0.0065
ELFN1,0.9988,0.0
ELFN2,0.9648,0.0
ELK1,0.9371,0.0235
ELK3,0.0835,0.0013
ELK4,0.0034,0.0157
ELL,0.9854,0.0731
ELL2,0.9982,0.0535
ELL3,0.0,0.0483
ELMO1,0.9,0.0509
ELMO2,0.0,0.0274
ELMO3,0.0,0.0144
ELMOD1,0.7926,0.0013
ELMOD2,0.4182,0.0013
ELMOD3,0.0,0.0013
ELMSAN1,1.0,0.0052
ELN,0.0,0.0809
ELOA,0.0,0.0653
ELOA2,0.0,0.0144
ELOB,0.0,0.2023
ELOC,0.0,0.205
ELOF1,0.0901,0.0339
ELOVL1,0.679,0.0078
ELOVL2,0.0,0.0131
ELOVL3,0.0188,0.0104
ELOVL4,0.8323,0.017
ELOVL5,0.9334,0.0039
ELOVL6,0.9658,0.0235
ELOVL7,0.0102,0.0039
ELP1,0.0,0.017
ELP2,0.0,0.0522
ELP3,0.0,0.0313
ELP4,0.0,0.0666
ELP5,0.0,0.0104
ELP6,0.0005,0.0144
ELSPBP1,0.0,0.0
ELTD1,0.0,0.0
EMB,0.0,0.0078
EMC1,0.0,0.0209
EMC10,0.0,0.0117
EMC2,0.0033,0.0183
EMC3,0.2856,0.0209
EMC4,0.861,0.0157
EMC6,0.523,0.0157
EMC7,0.8667,0.017
EMC8,0.8523,0.0157
EMC9,0.0013,0.0117
EMCN,0.0001,0.0144
EMD,0.9318,0.0522
EME1,0.0,0.0548
EME2,0.0,0.0104
EMG1,0.0,0.1671
EMID1,0.0,0.0013
EMILIN1,0.0044,0.0065
EMILIN2,0.0,0.0013
EMILIN3,0.0,0.0
EML1,0.9961,0.0065
EML2,0.0,0.0026
EML3,0.0,0.0
EML4,0.0005,0.0522
EML5,0.0,0.0
EML6,0.0,0.0013
EMP1,0.4971,0.0026
EMP2,0.0,0.0026
EMP3,0.0,0.0026
EMR1,0.0,0.0
EMR2,0.0,0.0
EMR3,0.0,0.0
EMSY,0.0,0.0196
EMX1,0.8953,0.0039
EMX2,0.9507,0.0065
EN1,0.9314,0.0091
EN2,0.6345,0.0
ENAH,0.9999,0.0287
ENAM,0.0,0.0222
ENC1,0.4601,0.0457
ENDOD1,0.0,0.0039
ENDOG,0.0002,0.0235
ENDOU,0.0,0.0013
ENDOV,0.0,0.0078
ENG,0.9986,0.0731
ENGASE,0.0,0.0026
ENHO,0.1053,0.0013
ENKD1,0.0,0.0013
ENKUR,0.0001,0.0561
ENO1,0.0,0.124
ENO2,0.384,0.0809
ENO3,0.0,0.064
ENO4,0.0,0.0483
ENOPH1,0.0061,0.0117
ENOSF1,0.0,0.0013
ENOX1,0.0,0.0
ENOX2,0.0,0.0
ENPEP,0.0,0.0196
ENPP1,0.0,0.1775
ENPP2,0.0028,0.0104
ENPP3,0.0,0.1671
ENPP4,0.1194,0.0013
ENPP5,0.0,0.0
ENPP6,0.0,0.0065
ENPP7,0.0,0.0352
ENSA,0.3492,0.0104
ENSP00000293826,0.0,0.0013
ENSP00000370980,0.0,0.0117
ENSP00000387111,0.0,0.0574
ENSP00000423325,0.0,0.0039
ENSP00000428055,0.0,0.0144
ENSP00000455145,0.0,0.0013
ENSP00000461865,0.0,0.0013
ENSP00000466140,0.0,0.0013
ENSP00000478249,0.0,0.0196
ENSP00000479064,0.0,0.0026
ENSP00000480527,0.0,0.0026
ENSP00000480571,0.0,0.064
ENSP00000482263,0.0,0.0013
ENSP00000483415,0.0,0.0013
ENSP00000485615,0.0,0.0157
ENSP00000487094,0.0,0.0209
ENSP00000487717,0.0,0.0013
ENSP00000489910,0.0,0.0013
ENSP00000490530,0.0,0.0065
ENSP00000491073,0.0,0.0104
ENSP00000491596,0.0,0.0052
ENSP00000491651,0.0,0.0183
ENSP00000492220,0.0,0.0274
ENSP00000492798,0.0,0.0183
ENSP00000493273,0.0,0.0052
ENSP00000493607,0.0,0.0039
ENSP00000493691,0.0,0.0026
ENSP00000493701,0.0,0.0013
ENSP00000493780,0.0,0.0013
ENSP00000494172,0.0,0.0013
ENSP00000495715,0.0,0.0013
ENSP00000496158,0.0,0.0026
ENSP00000496197,0.0,0.0078
ENSP00000496817,0.0,0.0039
ENSP00000496982,0.0,0.0039
ENSP00000497305,0.0,0.0927
ENSP00000497443,0.0,0.0078
ENSP00000497509,0.0,0.0117
ENSP00000498010,0.0,0.0052
ENSP00000498408,0.0,0.0627
ENSP00000498801,0.0,0.1123
ENSP00000499200,0.0,0.1123
ENSP00000499734,0.0,0.0196
ENSP00000500339,0.0,0.0013
ENTHD1,0.0,0.0091
ENTHD2,0.0,0.0
ENTPD1,0.0081,0.0953
ENTPD2,0.0,0.0535
ENTPD3,0.0,0.0849
ENTPD4,0.0,0.0496
ENTPD5,0.0,0.0561
ENTPD6,0.0,0.0496
ENTPD7,0.0,0.0
ENTPD8,0.0,0.0822
ENTR1,0.0,0.0013
ENY2,0.8747,0.094
EOGT,0.0,0.0052
EOMES,0.9844,0.0587
EP300,1.0,0.5091
EP400,1.0,0.0901
EP400NL,0.0,0.0
EPAS1,0.5961,0.0679
EPB41,0.0,0.0561
EPB41L1,0.8768,0.0326
EPB41L2,0.9932,0.017
EPB41L3,0.0,0.0091
EPB41L4A,0.0,0.0013
EPB41L4A-AS2,0.0,0.0
EPB41L4B,0.9997,0.0052
EPB41L5,0.0208,0.0104
EPB42,0.0,0.0418
EPC1,1.0,0.0653
EPC2,1.0,0.0548
EPCAM,0.0,0.0509
EPDR1,0.0179,0.0
EPG5,0.0,0.0117
EPGN,0.0002,0.0104
EPHA1,0.0,0.0287
EPHA10,0.0,0.0131
EPHA2,0.0,0.1188
EPHA3,0.0,0.0248
EPHA4,1.0,0.0339
EPHA5,0.0001,0.0209
EPHA6,0.6704,0.0196
EPHA7,1.0,0.0209
EPHA8,0.0,0.0157
EPHB1,0.9985,0.0313
EPHB2,1.0,0.0366
EPHB3,0.4624,0.0183
EPHB4,0.0135,0.0287
EPHB6,0.0,0.0196
EPHX1,0.0,0.0522
EPHX2,0.0,0.0679
EPHX3,0.0,0.0
EPHX4,0.0,0.0
EPM2A,0.0,0.0209
EPM2AIP1,0.6,0.0039
EPN1,0.7858,0.0444
EPN2,0.7476,0.0587
EPN3,0.0,0.0366
EPO,0.0112,0.0862
EPOP,0.0,0.017
EPOR,0.0101,0.0718
EPPIN,0.0001,0.0065
EPPIN-WFDC6,0.0001,0.0
EPPK1,0.0,0.0
EPRS,0.0,0.0
EPRS1,0.0,0.3094
EPS15,0.0035,0.1044
EPS15L1,0.9996,0.0522
EPS8,0.9731,0.0418
EPS8L1,0.0,0.0013
EPS8L2,0.0,0.0196
EPS8L3,0.0,0.0
EPSTI1,0.0,0.0379
EPT1,0.6421,0.0
EPX,0.0,0.0078
EPYC,0.0,0.0
EQTN,0.0,0.0
ERAL1,0.0,0.0705
ERAP1,0.0,0.0104
ERAP2,0.0,0.0026
ERAS,0.2227,0.0
ERBB2,0.006,0.299
ERBB2IP,0.994,0.0
ERBB3,0.0,0.1292
ERBB4,0.9991,0.1397
ERBIN,0.0,0.03
ERC1,0.0,0.0287
ERC2,0.9893,0.0222
ERCC1,0.0,0.1305
ERCC2,0.0,0.1828
ERCC3,0.0,0.205
ERCC4,0.0,0.1319
ERCC5,0.0,0.0901
ERCC6,0.0,0.1253
ERCC6-PGBD3,0.0,0.0
ERCC6L,0.9993,0.0379
ERCC6L2,0.0,0.0013
ERCC8,0.0,0.1253
EREG,0.0,0.0418
ERF,0.9897,0.0065
ERFE,0.0,0.0013
ERG,0.9641,0.0117
ERG28,0.0,0.0274
ERGIC1,0.6475,0.0052
ERGIC2,0.0135,0.0104
ERGIC3,0.0,0.0039
ERH,0.8877,0.0601
ERI1,0.0,0.0131
ERI2,0.0,0.0026
ERI3,0.004,0.0039
ERICH1,0.0,0.0
ERICH2,0.0064,0.0
ERICH3,0.0,0.0013
ERLEC1,0.0,0.0418
ERLIN1,0.1775,0.0222
ERLIN2,0.0007,0.0248
ERMAP,0.0,0.0052
ERMARD,0.0,0.0183
ERMN,0.0,0.0052
ERMP1,0.0,0.0
ERN1,0.9903,0.0849
ERN2,0.0,0.0065
ERO1A,0.0,0.0287
ERO1B,0.0,0.0144
ERO1L,0.8085,0.0
ERO1LB,0.0,0.0
ERP27,0.0,0.0052
ERP29,0.7511,0.0196
ERP44,0.9911,0.0157
ERRFI1,0.0122,0.0039
ERV3-1,0.0,0.017
ERVFRD-1,0.0259,0.0196
ERVMER34-1,0.0,0.0
ERVV-1,0.0,0.0
ERVV-2,0.0,0.0
ERVW-1,0.0,0.047
ESAM,0.2019,0.0235
ESCO1,1.0,0.0509
ESCO2,0.0,0.0692
ESD,0.0,0.0261
ESF1,0.0178,0.1371
ESM1,0.212,0.0026
ESPL1,1.0,0.1501
ESPN,0.0,0.0483
ESPNL,0.0,0.0183
ESR1,0.9992,0.3342
ESR2,0.0,0.077
ESRP1,0.9993,0.0183
ESRP2,0.0,0.0091
ESRRA,0.597,0.03
ESRRB,0.1261,0.03
ESRRG,0.0712,0.017
ESS2,0.0,0.0157
ESX1,0.5269,0.0078
ESYT1,0.0,0.0078
ESYT2,0.0,0.0039
ESYT3,0.0,0.0026
ETAA1,0.0078,0.0078
ETDA,0.0,0.0039
ETDB,0.0,0.0039
ETDC,0.0,0.0039
ETF1,0.996,0.158
ETFA,0.0029,0.0653
ETFB,0.0166,0.0431
ETFBKMT,0.0,0.0052
ETFDH,0.0,0.0261
ETFRF1,0.0,0.0117
ETHE1,0.0,0.0091
ETNK1,0.9256,0.0065
ETNK2,0.0,0.0052
ETNPPL,0.0001,0.0091
ETS1,0.7816,0.0457
ETS2,0.9989,0.0196
ETV1,0.9369,0.0131
ETV2,0.0,0.0013
ETV3,0.976,0.0013
ETV3L,0.0,0.0
ETV4,0.0,0.0104
ETV5,1.0,0.0104
ETV6,0.9735,0.0444
ETV7,0.0,0.0026
EVA1A,0.0656,0.0013
EVA1B,0.729,0.0013
EVA1C,0.0015,0.0
EVC,0.0,0.0091
EVC2,0.0,0.0131
EVI2A,0.002,0.0065
EVI2B,0.0633,0.0104
EVI5,0.0,0.0052
EVI5L,0.9999,0.0026
EVL,0.9976,0.0157
EVPL,0.0,0.03
EVPLL,0.0,0.0
EVX1,0.0,0.0026
EVX2,0.3996,0.0026
EWSR1,0.9998,0.0757
EXD1,0.0,0.0052
EXD2,0.0,0.0039
EXD3,0.0,0.0013
EXO1,0.0,0.2493
EXO5,0.0,0.0
EXOC1,0.0007,0.0366
EXOC1L,0.0,0.0157
EXOC2,0.0,0.0405
EXOC3,0.9222,0.0352
EXOC3L1,0.0,0.0144
EXOC3L2,0.7604,0.0144
EXOC3L4,0.0,0.0144
EXOC4,0.0,0.0457
EXOC5,0.9999,0.0418
EXOC6,0.0,0.0444
EXOC6B,0.1169,0.0183
EXOC7,0.0,0.0522
EXOC8,0.999,0.0352
EXOG,0.0,0.0026
EXOSC1,0.0,0.0966
EXOSC10,0.0,0.1919
EXOSC2,0.0,0.0914
EXOSC3,0.0002,0.0875
EXOSC4,0.068,0.0953
EXOSC5,0.004,0.0953
EXOSC6,0.5247,0.0496
EXOSC7,0.0,0.094
EXOSC8,0.0,0.0901
EXOSC9,0.0,0.0914
EXPH5,0.0,0.0039
EXT1,0.9973,0.0196
EXT2,0.0,0.0183
EXTL1,0.0,0.0039
EXTL2,0.0002,0.0039
EXTL3,0.0,0.0104
EYA1,0.9459,0.0196
EYA2,0.098,0.0117
EYA3,0.997,0.0078
EYA4,0.0487,0.0091
EYS,0.0,0.0392
EZH1,0.0425,0.0574
EZH2,1.0,0.2768
EZHIP,0.0,0.0039
EZR,0.1799,0.1253
F10,0.0,0.0405
F11,0.0,0.0313
F11R,0.0,0.0431
F12,0.0,0.0339
F13A1,0.0,0.0117
F13B,0.0,0.0183
F2,0.0011,0.1149
F2R,0.0085,0.0535
F2RL1,0.0001,0.017
F2RL2,0.0,0.0052
F2RL3,0.0,0.0144
F3,0.0189,0.0744
F5,0.0,0.0287
F5H5P2_HUMAN,0.0,0.0313
F5H5T6_HUMAN,0.0,0.0117
F6UB75_HUMAN,0.0,0.0065
F7,0.0,0.0379
F8,1.0,0.0352
F8A1,0.0,0.0052
F8A2,0.0,0.0052
F8A3,0.0,0.0039
F8VP50_HUMAN,0.0,0.0013
F8W6W0_HUMAN,0.0,0.0013
F9,0.9978,0.0313
FA2H,0.1468,0.0117
FAAH,0.0,0.0326
FAAH2,0.0,0.0157
FAAP100,0.0,0.0574
FAAP20,0.0,0.0261
FAAP24,0.0,0.0483
FABP1,0.0,0.0352
FABP12,0.0034,0.0
FABP2,0.005,0.0078
FABP3,0.4433,0.0117
FABP4,0.0001,0.0418
FABP5,0.047,0.0157
FABP6,0.0,0.0196
FABP7,0.0008,0.0117
FABP9,0.0,0.0
FADD,0.526,0.094
FADS1,0.3738,0.017
FADS2,0.9981,0.0131
FADS3,0.0025,0.0026
FADS6,0.0,0.0222
FAF1,0.999,0.047
FAF2,0.9991,0.0587
FAH,0.0,0.0157
FAHD1,0.0,0.0117
FAHD2A,0.0,0.0052
FAHD2B,0.0,0.0026
FAIM,0.0001,0.0
FAIM2,0.0001,0.0078
FAIM3,0.0,0.0
FAM101A,0.233,0.0
FAM101B,0.2696,0.0
FAM102A,0.1098,0.0
FAM102B,0.0004,0.0
FAM103A1,0.0084,0.0
FAM104A,0.2459,0.0117
FAM104B,0.0176,0.0
FAM105A,0.0,0.0
FAM105B,0.2201,0.0
FAM106A,0.0,0.0
FAM107A,0.0,0.0
FAM107B,0.0,0.0052
FAM109A,0.01,0.0
FAM109B,0.0,0.0
FAM110A,0.3609,0.0013
FAM110B,0.3641,0.0013
FAM110C,0.0,0.0013
FAM110D,0.394,0.0
FAM111A,0.0022,0.0026
FAM111B,0.0985,0.0
FAM114A1,0.0,0.0
FAM114A2,0.0,0.0
FAM115A,0.6176,0.0
FAM115C,0.0,0.0
FAM117A,0.0001,0.0
FAM117B,0.009,0.0026
FAM118A,0.0001,0.0
FAM118B,0.0193,0.0026
FAM120A,1.0,0.0052
FAM120AOS,0.0223,0.0
FAM120B,0.0,0.0065
FAM120C,1.0,0.0065
FAM122A,0.4938,0.0078
FAM122B,0.8384,0.0013
FAM122C,0.0002,0.0
FAM124A,0.0,0.0
FAM124B,0.0,0.0013
FAM126A,0.121,0.0091
FAM126B,0.1786,0.0
FAM127A,0.4566,0.0
FAM127B,0.4464,0.0
FAM127C,0.0143,0.0
FAM129A,0.0,0.0
FAM129B,0.017,0.0
FAM129C,0.0,0.0
FAM131A,0.0067,0.0
FAM131B,0.9909,0.0065
FAM131C,0.0115,0.0013
FAM132A,0.0,0.0
FAM132B,0.0025,0.0
FAM133A,0.3958,0.0
FAM133B,0.0007,0.0
FAM134A,0.2492,0.0
FAM134B,0.0,0.0
FAM134C,0.13,0.0
FAM135A,0.9989,0.0
FAM135B,1.0,0.0
FAM136A,0.0006,0.0013
FAM13A,0.0,0.0052
FAM13B,0.4874,0.0
FAM13C,0.0001,0.0
FAM149A,0.0,0.0
FAM149B1,0.0,0.0039
FAM150A,0.0001,0.0
FAM150B,0.0318,0.0
FAM151A,0.0,0.0
FAM151B,0.0,0.0
FAM153A,0.0,0.0
FAM153B,0.0,0.0
FAM153C,0.0539,0.0
FAM154A,0.0,0.0
FAM154B,0.0,0.0
FAM155A,0.9759,0.0065
FAM155B,0.8128,0.0
FAM159A,0.0001,0.0
FAM159B,0.0034,0.0
FAM160A1,0.0,0.0026
FAM160A2,0.9902,0.0065
FAM160B1,0.999,0.0026
FAM160B2,0.0,0.0026
FAM161A,0.0,0.0222
FAM161B,0.0,0.0
FAM162A,0.0,0.0
FAM162B,0.0,0.0
FAM163A,0.1155,0.0
FAM163B,0.0259,0.0013
FAM166A,0.0,0.0
FAM166B,0.0,0.0444
FAM166C,0.0,0.0444
FAM167A,0.0,0.0052
FAM167B,0.0008,0.0
FAM168A,0.9867,0.0013
FAM168B,0.0157,0.0
FAM169A,0.9991,0.0
FAM169B,0.0126,0.0
FAM170A,0.0,0.0039
FAM170B,0.0001,0.0
FAM171A1,0.9853,0.0
FAM171A2,0.9085,0.0
FAM171B,0.4854,0.0
FAM172A,0.0002,0.0013
FAM173A,0.0009,0.0
FAM173B,0.0,0.0
FAM174A,0.0001,0.0
FAM174B,0.0016,0.0
FAM175A,0.0,0.0
FAM175B,0.0202,0.0
FAM177A1,0.0012,0.0
FAM177B,0.0,0.0
FAM178A,0.0,0.0
FAM178B,0.0,0.0
FAM179A,0.0,0.0
FAM179B,0.0,0.0
FAM180A,0.001,0.0
FAM180B,0.0009,0.0
FAM181A,0.0008,0.0013
FAM181B,0.0694,0.0013
FAM182B,0.0872,0.0
FAM183A,0.0416,0.0457
FAM183B,0.0,0.0
FAM184A,0.0,0.0013
FAM184B,0.0,0.0039
FAM185A,0.0407,0.0052
FAM186A,0.0,0.0
FAM186B,0.0,0.0
FAM187A,0.0,0.0
FAM187B,0.0,0.0013
FAM188A,0.0112,0.0
FAM188B,0.0,0.0
FAM188B2,0.0,0.0
FAM189A1,0.0393,0.0
FAM189A2,0.0,0.0039
FAM189B,0.0,0.0
FAM192A,0.1947,0.0
FAM193A,0.9999,0.0013
FAM193B,0.9933,0.0
FAM194A,0.0,0.0
FAM194B,0.0,0.0
FAM195A,0.3719,0.0
FAM195B,0.0422,0.0
FAM196A,0.9149,0.0
FAM196B,0.9847,0.0
FAM198A,0.0,0.0
FAM198B,0.0,0.0
FAM199X,0.5727,0.0026
FAM19A1,0.3312,0.0
FAM19A2,0.341,0.0
FAM19A3,0.0,0.0
FAM19A4,0.0007,0.0
FAM19A5,0.4469,0.0
FAM200A,0.0,0.0
FAM200B,0.0,0.0
FAM203A,0.0124,0.0
FAM204A,0.0085,0.0
FAM205A,0.3212,0.0
FAM206A,0.0,0.0
FAM207A,0.0756,0.0535
FAM208A,0.9995,0.0
FAM208B,0.3096,0.0
FAM209A,0.0789,0.0013
FAM209B,0.0002,0.0
FAM20A,0.0,0.0117
FAM20B,0.0,0.0052
FAM20C,0.3146,0.0313
FAM210A,0.0,0.0
FAM210B,0.0871,0.0
FAM211A,0.6958,0.0
FAM211B,0.0,0.0
FAM212A,0.0006,0.0
FAM212B,0.008,0.0
FAM213A,0.0,0.0
FAM213B,0.0,0.0
FAM214A,0.4452,0.0
FAM214B,0.8024,0.0
FAM215A,0.0,0.0
FAM216A,0.0335,0.0
FAM216B,0.0008,0.0
FAM217A,0.0,0.0
FAM217B,0.0,0.0013
FAM218A,0.0,0.0
FAM219A,0.1462,0.0
FAM219B,0.0002,0.0
FAM21A,0.0005,0.0
FAM21B,0.0005,0.0
FAM21C,0.0,0.0
FAM220A,0.0,0.0013
FAM221A,0.0,0.0
FAM221B,0.0,0.0
FAM222A,0.8512,0.0065
FAM222B,0.2918,0.0
FAM227A,0.0,0.0
FAM227B,0.0,0.0013
FAM228A,0.0163,0.0
FAM228B,0.0,0.0013
FAM229A,0.0809,0.0
FAM229B,0.5707,0.0013
FAM230A,0.4807,0.0
FAM231B,0.0,0.0
FAM231D,0.0,0.0
FAM240C,0.0,0.0104
FAM241A,0.0,0.0013
FAM24A,0.0152,0.0
FAM24B,0.0883,0.0
FAM25A,0.1987,0.0
FAM25C,0.0887,0.0
FAM26D,0.0007,0.0
FAM26E,0.001,0.0
FAM26F,0.0095,0.0
FAM27B,0.0612,0.0
FAM27E1,0.0,0.0
FAM27E2,0.0,0.0
FAM32A,0.0303,0.0614
FAM35A,0.0,0.0
FAM3A,0.669,0.0013
FAM3B,0.0,0.0039
FAM3C,0.0969,0.0039
FAM3D,0.0002,0.0
FAM43A,0.4075,0.0
FAM43B,0.1066,0.0
FAM45A,0.0,0.0
FAM46A,0.9248,0.0
FAM46B,0.1826,0.0
FAM46C,0.9476,0.0
FAM46D,0.8303,0.0
FAM47A,0.0,0.0
FAM47B,0.0,0.0
FAM47C,0.0,0.0
FAM47E,0.0017,0.0
FAM47E-STBD1,0.0046,0.0
FAM49A,0.206,0.0
FAM49B,0.9761,0.0013
FAM50A,0.9791,0.0104
FAM50B,0.1539,0.0
FAM53A,0.0036,0.0
FAM53B,0.8552,0.0
FAM53C,0.0676,0.0039
FAM57A,0.2562,0.0
FAM57B,0.6647,0.0
FAM58A,0.9038,0.0
FAM60A,0.9646,0.0
FAM63A,0.0,0.0
FAM63B,0.0,0.0
FAM64A,0.0012,0.0
FAM65A,0.949,0.0
FAM65B,0.9228,0.0
FAM65C,0.0,0.0
FAM69A,0.584,0.0
FAM69B,0.0125,0.0
FAM69C,0.0,0.0
FAM71A,0.0,0.0
FAM71B,0.0022,0.0
FAM71C,0.1667,0.0
FAM71E1,0.0002,0.0
FAM71E2,0.0,0.0
FAM71F1,0.0,0.0
FAM71F2,0.0214,0.0026
FAM72A,0.0328,0.0
FAM72B,0.0014,0.0013
FAM72C,0.3583,0.0013
FAM72D,0.0299,0.0
FAM73A,0.0,0.0
FAM73B,0.0,0.0
FAM76A,0.0,0.0
FAM76B,0.3406,0.0
FAM78A,0.3725,0.0
FAM78B,0.3111,0.0
FAM81A,0.192,0.0
FAM81B,0.0,0.0013
FAM83A,0.0,0.0
FAM83B,0.0,0.0026
FAM83C,0.0,0.0
FAM83D,0.0,0.017
FAM83E,0.0,0.0
FAM83F,0.0,0.0
FAM83G,0.0,0.0013
FAM83H,0.8924,0.0157
FAM84A,0.8883,0.0
FAM84B,0.0004,0.0
FAM86A,0.0,0.0
FAM86B1,0.0,0.0
FAM86B2,0.0,0.0
FAM86C1,0.0,0.0
FAM89A,0.2567,0.0078
FAM89B,0.0523,0.0078
FAM8A1,0.0175,0.0117
FAM90A1,0.0,0.0039
FAM90A10P,0.0,0.0026
FAM90A26,0.2866,0.0
FAM91A1,0.0002,0.0026
FAM92A,0.0,0.0013
FAM92A1,0.0,0.0
FAM92B,0.0,0.0
FAM96A,0.0,0.0
FAM96B,0.0038,0.0
FAM98A,0.5473,0.0104
FAM98B,0.0103,0.0065
FAM98C,0.0,0.0026
FAM9A,0.0,0.0013
FAM9B,0.0,0.0
FAM9C,0.0,0.0
FAN1,0.0,0.0313
FANCA,0.0,0.0731
FANCB,0.9963,0.0326
FANCC,0.0,0.0601
FANCD2,0.0,0.1384
FANCD2OS,0.0227,0.0
FANCE,0.0,0.2807
FANCF,0.4589,0.0392
FANCG,0.0,0.0535
FANCI,0.0,0.1175
FANCL,0.0,0.0483
FANCM,0.0,0.1475
FANK1,0.0,0.0013
FAP,0.0,0.0039
FAR1,0.985,0.0052
FAR2,0.5596,0.0052
FARP1,0.0,0.0013
FARP2,0.0,0.0144
FARS2,0.0,0.047
FARSA,0.0141,0.0117
FARSB,0.0033,0.0274
FAS,0.8117,0.0627
FASLG,0.1835,0.1018
FASN,1.0,0.1018
FASTK,0.0047,0.0052
FASTKD1,0.0,0.0013
FASTKD2,0.0,0.0261
FASTKD3,0.0,0.0131
FASTKD5,0.0,0.0039
FAT1,0.0,0.0131
FAT2,0.0,0.0013
FAT3,1.0,0.0039
FAT4,1.0,0.0039
FATE1,0.0072,0.0026
FAU,0.8525,0.5522
FAXC,0.9348,0.0
FAXDC2,0.0,0.0183
FBF1,0.0,0.0209
FBH1,0.0,0.0418
FBL,0.9932,0.2585
FBLIM1,0.0001,0.0117
FBLL1,0.0869,0.1201
FBLN1,0.9188,0.0209
FBLN2,0.0,0.0274
FBLN5,0.9997,0.0274
FBLN7,0.0,0.0026
FBN1,1.0,0.0718
FBN2,1.0,0.0196
FBN3,0.0,0.0039
FBP1,0.0791,0.0587
FBP2,0.0002,0.0366
FBRS,0.9999,0.0144
FBRSL1,0.0059,0.0078
FBXL12,0.0439,0.0039
FBXL13,0.0,0.0078
FBXL14,0.8254,0.0078
FBXL15,0.0143,0.0078
FBXL16,0.9698,0.0026
FBXL17,0.999,0.0091
FBXL18,0.0002,0.0052
FBXL19,1.0,0.0065
FBXL2,0.0075,0.0091
FBXL20,0.9969,0.0026
FBXL22,0.0015,0.0026
FBXL3,0.9807,0.0157
FBXL4,0.0,0.0039
FBXL5,0.9985,0.0131
FBXL6,0.0,0.0026
FBXL7,0.315,0.0065
FBXL8,0.0,0.0026
FBXO10,0.0,0.0039
FBXO11,1.0,0.0183
FBXO15,0.7107,0.0091
FBXO16,0.0,0.0026
FBXO17,0.0,0.0131
FBXO18,0.0001,0.0
FBXO2,0.0002,0.017
FBXO21,0.9754,0.0052
FBXO22,0.9775,0.0078
FBXO24,0.0004,0.0039
FBXO25,0.0002,0.0065
FBXO27,0.0,0.0039
FBXO28,0.9868,0.0026
FBXO3,0.9892,0.0065
FBXO30,0.3584,0.0052
FBXO31,0.4444,0.0052
FBXO32,0.9969,0.0222
FBXO33,0.9942,0.0039
FBXO34,0.1166,0.0052
FBXO36,0.0,0.0026
FBXO38,0.9988,0.0078
FBXO39,0.0001,0.0013
FBXO4,0.0,0.0157
FBXO40,0.0,0.0078
FBXO41,0.9994,0.0026
FBXO42,0.995,0.0052
FBXO43,0.0,0.0235
FBXO44,0.0,0.0078
FBXO45,0.9706,0.0144
FBXO46,0.6943,0.0026
FBXO47,0.0353,0.0
FBXO48,0.0001,0.0
FBXO5,0.9699,0.0601
FBXO6,0.0152,0.0078
FBXO7,0.0,0.0418
FBXO8,0.4856,0.0026
FBXO9,0.0001,0.0039
FBXW10,0.0,0.0039
FBXW11,0.9761,0.0692
FBXW12,0.0,0.0104
FBXW2,0.9988,0.017
FBXW4,0.0007,0.0248
FBXW5,0.0,0.0496
FBXW7,0.9995,0.0875
FBXW8,0.0,0.0248
FBXW9,0.0,0.0078
FCAMR,0.0,0.0013
FCAR,0.0,0.0196
FCER1A,0.0,0.0183
FCER1G,0.6633,0.0979
FCER2,0.0,0.0052
FCF1,0.0244,0.1554
FCGBP,0.0,0.0065
FCGR1A,0.0001,0.0718
FCGR1B,0.0,0.0013
FCGR2A,0.0,0.064
FCGR2B,0.4564,0.0627
FCGR2C,0.0,0.0
FCGR3A,0.0,0.1723
FCGR3B,0.0,0.1449
FCGRT,0.0415,0.0183
FCHO1,0.9984,0.0405
FCHO2,0.9997,0.0418
FCHSD1,0.0,0.0013
FCHSD2,0.5662,0.0144
FCMR,0.0,0.0013
FCN1,0.0,0.0261
FCN2,0.0,0.0248
FCN3,0.0038,0.0209
FCRL1,0.0,0.0039
FCRL2,0.0,0.0026
FCRL3,0.0,0.0078
FCRL4,0.0,0.0052
FCRL5,0.0,0.0104
FCRL6,0.0,0.0
FCRLA,0.0,0.0144
FCRLB,0.0,0.0
FCSK,0.0,0.017
FDCSP,0.0818,0.0013
FDFT1,0.0,0.0705
FDPS,0.0056,0.0418
FDX1,0.0866,0.0574
FDX1L,0.0017,0.0
FDX2,0.0,0.0509
FDXACB1,0.0,0.0078
FDXR,0.0,0.0444
FECH,0.0028,0.0496
FEM1A,0.0,0.0261
FEM1B,0.3487,0.03
FEM1C,0.6293,0.0248
FEN1,0.0,0.1815
FER,0.6633,0.0052
FER1L5,0.0,0.0013
FER1L6,0.0,0.0
FERD3L,0.3187,0.0039
FERMT1,0.0,0.0091
FERMT2,1.0,0.0287
FERMT3,0.0003,0.0287
FES,0.0,0.017
FETUB,0.0,0.0026
FEV,0.0081,0.0
FEZ1,0.75,0.0078
FEZ2,0.0,0.0039
FEZF1,0.9504,0.0
FEZF2,0.9886,0.0091
FFAR1,0.0008,0.0209
FFAR2,0.0094,0.0209
FFAR3,0.0002,0.0117
FFAR4,0.0,0.0235
FGA,0.0,0.077
FGB,0.5662,0.0548
FGD1,0.9997,0.0065
FGD2,0.0,0.0
FGD3,0.0,0.0091
FGD4,0.0098,0.0052
FGD5,1.0,0.0
FGD6,0.0,0.0039
FGF1,0.4441,0.0692
FGF10,0.9378,0.0875
FGF11,0.0002,0.0039
FGF12,0.6229,0.0078
FGF13,0.8949,0.0705
FGF14,0.9089,0.0052
FGF16,0.7511,0.0718
FGF17,0.9561,0.0888
FGF18,0.3852,0.077
FGF19,0.5702,0.0535
FGF2,0.0184,0.188
FGF20,0.8138,0.0744
FGF21,0.0294,0.0392
FGF22,0.0,0.0731
FGF23,0.031,0.0679
FGF3,0.0001,0.0796
FGF4,0.1406,0.0849
FGF5,0.0,0.0836
FGF6,0.0004,0.0757
FGF7,0.7709,0.0914
FGF8,0.6768,0.107
FGF9,0.947,0.0862
FGFBP1,0.5879,0.0222
FGFBP2,0.0039,0.0039
FGFBP3,0.001,0.0
FGFR1,0.9998,0.1619
FGFR1OP,0.0006,0.0248
FGFR1OP2,0.0005,0.0248
FGFR2,0.9973,0.1358
FGFR3,0.0,0.1201
FGFR4,0.0,0.0992
FGFRL1,0.0119,0.0235
FGG,0.0496,0.0522
FGGY,0.0,0.0052
FGL1,0.0,0.0117
FGL2,0.0001,0.0117
FGR,0.4841,0.0431
FH,0.0882,0.1005
FHAD1,0.0001,0.0
FHDC1,0.0001,0.0039
FHIT,0.0057,0.0157
FHL1,0.9698,0.0144
FHL2,0.0,0.0248
FHL3,0.0018,0.0026
FHL5,0.0,0.0039
FHOD1,0.0,0.0039
FHOD3,0.0665,0.0013
FIBCD1,0.0,0.0
FIBIN,0.4158,0.0
FIBP,0.0,0.0078
FICD,0.0102,0.0052
FIG4,0.0,0.0405
FIGF,0.0,0.0
FIGLA,0.0022,0.0222
FIGN,0.9892,0.0
FIGNL1,0.0001,0.0039
FILIP1,0.0,0.0026
FILIP1L,0.0,0.0
FIP1L1,0.7889,0.0601
FIS1,0.0,0.0535
FITM1,0.0003,0.0
FITM2,0.0,0.0026
FIZ1,0.5262,0.0039
FJX1,0.9441,0.0091
FKBP10,0.0,0.0274
FKBP11,0.0,0.0039
FKBP14,0.0,0.0013
FKBP15,0.0,0.0078
FKBP1A,0.8145,0.0992
FKBP1B,0.3936,0.0248
FKBP1C,0.0413,0.0039
FKBP2,0.0493,0.0235
FKBP3,0.0007,0.0117
FKBP4,0.1554,0.0418
FKBP5,0.7339,0.0548
FKBP6,0.0,0.0326
FKBP7,0.0,0.0
FKBP8,0.9982,0.0392
FKBP9,0.0,0.0
FKBPL,0.0,0.0091
FKRP,0.0,0.0379
FKSG52,0.0,0.0
FKTN,0.0,0.0392
FLACC1,0.0,0.0013
FLAD1,0.0094,0.0326
FLCN,0.7889,0.0313
FLG,0.0003,0.0392
FLG2,0.018,0.0274
FLI1,0.9894,0.0196
FLII,0.0,0.0131
FLJ00104,0.0,0.0
FLJ00273,0.1706,0.0
FLJ00418,0.0,0.0
FLJ20306,0.071,0.0
FLJ20373,0.0,0.0
FLJ27365,0.1004,0.0
FLJ45079,0.0,0.0
FLNA,1.0,0.1332
FLNB,0.0,0.0574
FLNC,0.9999,0.0914
FLOT1,0.0,0.0287
FLOT2,0.0001,0.0183
FLRT1,0.3565,0.0078
FLRT2,0.8172,0.0104
FLRT3,0.2201,0.0144
FLT1,0.9998,0.1123
FLT3,0.6078,0.1253
FLT3LG,0.9404,0.3538
FLT4,1.0,0.0979
FLVCR1,0.0013,0.0039
FLVCR2,0.0,0.0
FLYWCH1,0.0,0.0
FLYWCH2,0.1873,0.0
FMC1,0.0,0.0026
FMC1-LUC7L2,0.0,0.0261
FMN1,0.0,0.0117
FMN2,0.9977,0.0065
FMNL1,0.9999,0.0144
FMNL2,0.9932,0.0039
FMNL3,0.4655,0.0104
FMO1,0.0,0.0039
FMO2,0.0,0.0039
FMO3,0.0,0.0065
FMO4,0.0,0.0039
FMO5,0.0,0.0065
FMO6P,0.0,0.0
FMOD,0.0024,0.0222
FMR1,0.6472,0.1253
FMR1NB,0.0818,0.0
FN1,0.0014,0.3903
FN3K,0.0,0.0
FN3KRP,0.0,0.0
FNBP1,0.8284,0.0196
FNBP1L,0.7539,0.0196
FNBP4,1.0,0.0
FNDC1,0.0,0.0
FNDC3A,1.0,0.0013
FNDC3B,1.0,0.0
FNDC4,0.881,0.0
FNDC5,0.5458,0.0078
FNDC7,0.0,0.0
FNDC8,0.0002,0.0
FNDC9,0.0074,0.0
FNIP1,0.9996,0.017
FNIP2,1.0,0.0183
FNTA,0.9472,0.0235
FNTB,0.0788,0.0196
FOCAD,0.0,0.0
FOLH1,0.0,0.03
FOLR1,0.1264,0.0078
FOLR2,0.0,0.0065
FOLR3,0.0154,0.0013
FOLR4,0.0,0.0
FOPNL,0.0,0.0104
FOS,0.2618,0.2285
FOSB,0.9755,0.0496
FOSL1,0.1585,0.0509
FOSL2,0.9829,0.03
FOXA1,0.2223,0.0692
FOXA2,0.7422,0.0601
FOXA3,0.7326,0.0052
FOXB1,0.9063,0.0
FOXB2,0.0001,0.0
FOXC1,0.9534,0.0104
FOXC2,0.1336,0.0157
FOXD1,0.6887,0.0026
FOXD2,0.029,0.0
FOXD3,0.5822,0.0104
FOXD4,0.0,0.0013
FOXD4L1,0.0077,0.0013
FOXD4L3,0.4954,0.0
FOXD4L5,0.0,0.0
FOXD4L6,0.0,0.0
FOXE1,0.792,0.0117
FOXE3,0.1814,0.0039
FOXF1,0.9579,0.0131
FOXF2,0.8467,0.0026
FOXG1,0.9435,0.0326
FOXH1,0.0416,0.0222
FOXI1,0.7727,0.0052
FOXI2,0.0003,0.0
FOXJ1,0.969,0.0117
FOXJ2,0.9985,0.0013
FOXJ3,0.996,0.0
FOXK1,0.8052,0.0144
FOXK2,0.0255,0.0131
FOXL1,0.0359,0.0026
FOXL2,0.8776,0.0261
FOXM1,0.0007,0.1188
FOXN1,0.9421,0.0078
FOXN2,0.497,0.0013
FOXN3,0.9317,0.0039
FOXN4,0.8606,0.0052
FOXO1,0.9972,0.1971
FOXO3,0.9881,0.1606
FOXO4,0.8133,0.0679
FOXO6,0.4055,0.0065
FOXP1,1.0,0.0261
FOXP1-2,0.0,0.0104
FOXP2,0.9999,0.0117
FOXP3,0.9942,0.1501
FOXP4,0.9824,0.0078
FOXQ1,0.6185,0.0026
FOXR1,0.0,0.0196
FOXR2,0.0767,0.0196
FOXRED1,0.0,0.077
FOXRED2,0.0025,0.0065
FOXS1,0.2333,0.0
FP15737,0.0,0.0
FPGS,0.0,0.0326
FPGT,0.0,0.0065
FPGT-TNNI3K,0.0,0.0039
FPR1,0.0,0.0339
FPR2,0.4014,0.0261
FPR3,0.0,0.0065
FRA10AC1,0.0,0.0104
FRAS1,0.0,0.0078
FRAT1,0.3235,0.0117
FRAT2,0.048,0.0078
FREM1,0.0,0.0078
FREM2,0.0,0.0091
FREM3,0.0,0.0013
FRG1,0.0,0.0574
FRG1B,0.0026,0.0
FRG2,0.3664,0.0052
FRG2B,0.1822,0.0
FRG2C,0.0,0.0013
FRK,0.0,0.0091
FRMD1,0.0,0.0039
FRMD3,0.2702,0.0
FRMD4A,1.0,0.0026
FRMD4B,0.4539,0.0026
FRMD5,0.9972,0.0
FRMD6,0.0279,0.0117
FRMD7,0.7298,0.0065
FRMD8,0.1143,0.0013
FRMPD1,0.0,0.0026
FRMPD2,0.0,0.0052
FRMPD3,0.0002,0.0
FRMPD4,1.0,0.0013
FRRS1,0.0,0.0026
FRRS1L,0.0015,0.0366
FRS2,0.9972,0.0627
FRS3,0.5505,0.0091
FRY,1.0,0.0
FRYL,0.9973,0.0039
FRZB,0.0011,0.017
FSBP,0.0007,0.0196
FSCB,0.0,0.0013
FSCN1,0.8685,0.0287
FSCN2,0.0,0.064
FSCN3,0.0,0.0
FSD1,0.252,0.0
FSD1L,0.2339,0.0
FSD2,0.0,0.0
FSHB,0.3445,0.0418
FSHR,0.0,0.0339
FSIP1,0.0,0.0065
FSIP2,0.0,0.0039
FST,0.9801,0.0405
FSTL1,0.894,0.0131
FSTL3,0.6866,0.0065
FSTL4,0.0179,0.0
FSTL5,0.0,0.0
FTCD,0.0,0.0614
FTCDNL1,0.4052,0.0013
FTH1,0.14,0.0326
FTHL17,0.0,0.0
FTL,0.0,0.0196
FTMT,0.0056,0.0026
FTO,0.0,0.0601
FTSJ1,0.9925,0.0561
FTSJ2,0.0002,0.0
FTSJ3,0.0372,0.2298
FUBP1,1.0,0.0261
FUBP3,0.7983,0.0065
FUCA1,0.0,0.0091
FUCA2,0.0,0.0026
FUK,0.0,0.0
FUNDC1,0.0421,0.047
FUNDC2,0.0598,0.0
FUOM,0.0002,0.0013
FURIN,0.9999,0.0653
FUS,0.9993,0.1253
FUT1,0.0005,0.0326
FUT10,0.0,0.0
FUT11,0.0,0.0013
FUT2,0.0,0.0352
FUT3,0.0001,0.03
FUT4,0.0,0.0574
FUT5,0.0,0.0222
FUT6,0.0,0.0248
FUT7,0.0,0.0144
FUT8,0.0099,0.03
FUT9,0.0832,0.0222
FUZ,0.0,0.0039
FXN,0.3449,0.0653
FXR1,1.0,0.0601
FXR2,1.0,0.0457
FXYD1,0.244,0.03
FXYD2,0.1143,0.0287
FXYD3,0.0,0.0026
FXYD4,0.0003,0.0052
FXYD5,0.0021,0.0065
FXYD6,0.6189,0.0052
FXYD6-FXYD2,0.8502,0.0013
FXYD7,0.0052,0.0039
FYB,0.238,0.0
FYB1,0.0,0.0287
FYCO1,0.0,0.0183
FYN,0.9941,0.2285
FYTTD1,0.395,0.0261
FZD1,0.0424,0.064
FZD10,0.0005,0.0457
FZD2,0.6527,0.0627
FZD3,0.0004,0.0587
FZD4,0.9696,0.0601
FZD5,0.9826,0.0587
FZD6,0.0,0.0561
FZD7,0.0883,0.064
FZD8,0.7898,0.0601
FZD9,0.0019,0.0574
FZR1,0.9997,0.0822
G0S2,0.3779,0.0039
G2E3,0.9708,0.0013
G3BP1,0.0331,0.0783
G3BP2,0.9995,0.0274
G3V2T6_HUMAN,0.0,0.0026
G3V4G9_HUMAN,0.0,0.0078
G6PC,0.0,0.0666
G6PC2,0.0,0.0614
G6PC3,0.0,0.0561
G6PD,0.9716,0.0927
GAA,0.0,0.0157
GAB1,0.1843,0.0548
GAB2,0.9832,0.0548
GAB3,0.9536,0.0104
GAB4,0.0,0.0
GABARAP,0.2613,0.1162
GABARAPL1,0.8353,0.124
GABARAPL2,0.0002,0.1214
GABARAPL3,0.0,0.0
GABBR1,0.9999,0.0535
GABBR2,1.0,0.0705
GABPA,0.9981,0.0248
GABPB1,0.9112,0.0352
GABPB2,0.0,0.0013
GABRA1,0.9149,0.0444
GABRA2,0.996,0.0235
GABRA3,0.0388,0.0222
GABRA4,0.7786,0.0222
GABRA5,0.9053,0.0313
GABRA6,0.0,0.0248
GABRB1,0.9812,0.0287
GABRB2,0.8488,0.0261
GABRB3,0.9514,0.0405
GABRD,0.9935,0.0326
GABRE,0.0002,0.0209
GABRG1,0.0001,0.0287
GABRG2,0.7385,0.0379
GABRG3,0.8468,0.0248
GABRP,0.0,0.0104
GABRQ,0.0043,0.017
GABRR1,0.0,0.0104
GABRR2,0.0,0.0144
GABRR3,0.0,0.0026
GAD1,0.0462,0.1057
GAD2,0.7508,0.1201
GADD45A,0.0441,0.0366
GADD45B,0.2106,0.03
GADD45G,0.5526,0.0183
GADD45GIP1,0.0001,0.1436
GADL1,0.0,0.0405
GAGE1,0.0131,0.0692
GAGE10,0.0017,0.064
GAGE12C,0.0,0.0653
GAGE12D,0.0,0.0653
GAGE12E,0.0,0.064
GAGE12F,0.0,0.0718
GAGE12G,0.0,0.0718
GAGE12H,0.3449,0.064
GAGE12J,0.002,0.064
GAGE13,0.3296,0.0679
GAGE2A,0.1009,0.0705
GAGE2B,0.0023,0.0
GAGE2C,0.3546,0.0
GAGE2D,0.4344,0.0
GAGE2E,0.0,0.064
GAK,0.0052,0.0405
GAL,0.0,0.0627
GAL3ST1,0.6656,0.0104
GAL3ST2,0.0,0.0039
GAL3ST3,0.0,0.0013
GAL3ST4,0.0,0.0
GALC,0.0,0.0509
GALE,0.0,0.0326
GALK1,0.0,0.0183
GALK2,0.0,0.0091
GALM,0.0,0.0313
GALNS,0.0,0.0131
GALNT1,0.0019,0.0091
GALNT10,0.0,0.0065
GALNT11,0.0,0.0078
GALNT12,0.0,0.0157
GALNT13,0.9907,0.0039
GALNT14,0.0,0.0052
GALNT15,0.0,0.0065
GALNT16,0.0001,0.0065
GALNT17,0.0,0.0065
GALNT18,0.0003,0.0065
GALNT2,0.0084,0.0117
GALNT3,0.0,0.017
GALNT4,0.2669,0.0157
GALNT5,0.0,0.0078
GALNT6,0.0,0.0078
GALNT7,0.0,0.0091
GALNT8,0.0,0.0091
GALNT9,0.0052,0.0065
GALNTL5,0.0,0.0065
GALNTL6,0.0,0.0052
GALP,0.0,0.0078
GALR1,0.0005,0.0157
GALR2,0.0,0.0183
GALR3,0.0001,0.0117
GALT,0.0001,0.0196
GAMT,0.0095,0.0144
GAN,0.0248,0.0522
GANAB,0.9987,0.0235
GANC,0.0,0.0144
GAP43,0.0215,0.0326
GAPDH,0.1139,0.3629
GAPDHS,0.0,0.0405
GAPT,0.3062,0.0
GAPVD1,1.0,0.0261
GAR1,0.1005,0.0809
GAREM,0.1989,0.0
GAREM1,0.0,0.0026
GAREM2,0.0,0.0013
GAREML,0.439,0.0
GARNL3,0.0,0.0
GARS,0.3065,0.0
GARS1,0.0,0.0587
GART,0.0003,0.1123
GAS1,0.8192,0.0157
GAS2,0.0008,0.0091
GAS2L1,0.8323,0.0065
GAS2L2,0.0,0.0065
GAS2L3,0.0,0.0
GAS6,0.0345,0.0196
GAS7,0.8523,0.0013
GAS8,0.0,0.0196
GASK1A,0.0,0.0026
GAST,0.0027,0.0509
GATA1,0.948,0.077
GATA2,0.9793,0.0496
GATA3,0.8989,0.1162
GATA4,0.4931,0.0679
GATA5,0.2848,0.0065
GATA6,0.9971,0.03
GATAD1,0.4297,0.0117
GATAD2A,0.9996,0.0392
GATAD2B,1.0,0.0405
GATB,0.0,0.0679
GATC,0.0007,0.0483
GATD1,0.0,0.0026
GATD3A,0.0,0.0052
GATM,0.0514,0.0561
GATS,0.0096,0.0
GATSL2,0.4284,0.0
GATSL3,0.0275,0.0
GBA,0.0,0.0744
GBA2,0.0,0.0405
GBAS,0.0,0.0
GBE1,0.0,0.0287
GBF1,0.0,0.0222
GBGT1,0.0,0.0065
GBP1,0.0,0.047
GBP2,0.0,0.017
GBP3,0.0,0.0039
GBP4,0.0,0.0131
GBP5,0.0,0.017
GBP6,0.0,0.0
GBP7,0.0,0.0013
GBX1,0.4098,0.0026
GBX2,0.7135,0.0065
GC,0.0,0.0548
GCA,0.0001,0.0026
GCAT,0.0,0.0052
GCC1,0.0,0.0888
GCC2,0.0,0.0366
GCDH,0.0049,0.0379
GCFC2,0.0,0.0222
GCG,0.0348,0.1371
GCGR,0.0,0.0196
GCH1,0.9029,0.0783
GCHFR,0.0483,0.0039
GCK,0.6346,0.077
GCKR,0.0,0.0117
GCLC,0.4272,0.0614
GCLM,0.9901,0.0496
GCM1,0.999,0.0039
GCM2,0.0009,0.0065
GCN1,0.0,0.1332
GCN1L1,1.0,0.0
GCNA,0.0,0.0013
GCNT1,0.0033,0.0392
GCNT2,0.0,0.0235
GCNT3,0.0,0.0104
GCNT4,0.0011,0.0117
GCNT6,0.019,0.0
GCNT7,0.0873,0.0
GCOM1,0.0,0.0
GCSAM,0.064,0.0
GCSAML,0.1247,0.0
GCSAML-AS1,0.0,0.0013
GCSH,0.0016,0.0483
GDA,0.9987,0.0235
GDAP1,0.0,0.017
GDAP1L1,0.4453,0.0
GDAP2,0.0,0.0039
GDE1,0.0,0.0052
GDF1,0.4124,0.0261
GDF10,0.0053,0.0013
GDF11,0.9765,0.0209
GDF15,0.0,0.0117
GDF2,0.0025,0.0235
GDF3,0.0,0.0157
GDF5,0.67,0.0418
GDF5OS,0.0026,0.0
GDF6,0.9883,0.0157
GDF7,0.6306,0.0183
GDF9,0.0,0.0287
GDI1,0.9947,0.0444
GDI2,0.8493,0.0392
GDNF,0.2035,0.0627
GDPD1,0.0026,0.0222
GDPD2,0.3147,0.0
GDPD3,0.0,0.0209
GDPD4,0.0,0.0
GDPD5,0.0003,0.0065
GDPGP1,0.0,0.0013
GEM,0.0,0.0013
GEMIN2,0.0,0.0326
GEMIN4,0.0,0.0339
GEMIN5,0.0,0.0339
GEMIN6,0.0001,0.0248
GEMIN7,0.6454,0.0261
GEMIN8,0.9446,0.0248
GEN1,0.0,0.0352
GET1,0.0,0.017
GET3,0.0,0.0274
GET4,0.5616,0.0183
GFAP,0.0,0.0875
GFER,0.0002,0.0248
GFI1,0.2549,0.0274
GFI1B,0.0005,0.017
GFM1,0.0,0.2794
GFM2,0.0,0.0783
GFOD1,0.0537,0.0065
GFOD2,0.0466,0.0052
GFPT1,0.8995,0.0431
GFPT2,0.0,0.0352
GFRA1,0.1175,0.0209
GFRA2,0.0975,0.0091
GFRA3,0.0276,0.0104
GFRA4,0.0014,0.0091
GFRAL,0.0,0.0052
GFY,0.562,0.0013
GGA1,0.9999,0.03
GGA2,0.0,0.0183
GGA3,0.0,0.0313
GGACT,0.0008,0.0026
GGCT,0.0001,0.0352
GGCX,0.0,0.0274
GGH,0.5813,0.0131
GGN,0.0019,0.0013
GGNBP1,0.6911,0.0
GGNBP2,1.0,0.0052
GGPS1,0.2687,0.0366
GGT1,0.0001,0.0731
GGT1-2,0.0,0.0065
GGT2,0.0001,0.0052
GGT5,0.0,0.0718
GGT6,0.0,0.0666
GGT7,0.9839,0.0627
GGTLC1,0.0,0.0026
GGTLC2,0.0,0.0013
GGTLC3,0.0,0.0039
GH1,0.0301,0.0379
GH2,0.0246,0.0274
GHDC,0.0,0.0065
GHITM,0.0115,0.0104
GHR,0.0001,0.0509
GHRH,0.1496,0.0574
GHRHR,0.0,0.0287
GHRL,0.0,0.1005
GHSR,0.0066,0.0405
GID4,0.9206,0.0157
GID8,0.9396,0.0183
GIF,0.0002,0.0
GIGYF1,0.0,0.0117
GIGYF2,1.0,0.0274
GIMAP1,0.4035,0.0078
GIMAP1-GIMAP5,0.0,0.0026
GIMAP2,0.4053,0.0026
GIMAP4,0.0017,0.0065
GIMAP5,0.0965,0.0091
GIMAP6,0.1421,0.0091
GIMAP7,0.0,0.0078
GIMAP8,0.0001,0.0078
GIN1,0.0,0.0
GINM1,0.0,0.0
GINS1,0.0,0.047
GINS2,0.0,0.0561
GINS3,0.0,0.0457
GINS4,0.0001,0.0548
GIP,0.2711,0.0535
GIPC1,0.0083,0.0222
GIPC2,0.0,0.0026
GIPC3,0.0093,0.0013
GIPR,0.0,0.0235
GIT1,0.9998,0.0379
GIT2,0.9979,0.0222
GJA1,0.1552,0.1005
GJA10,0.0,0.0
GJA3,0.0013,0.0287
GJA4,0.0558,0.0039
GJA5,0.0179,0.0274
GJA8,0.0022,0.0313
GJA9,0.0,0.0
GJB1,0.8463,0.0405
GJB2,0.0,0.0405
GJB3,0.0022,0.0065
GJB4,0.0006,0.0104
GJB5,0.0,0.0
GJB6,0.0,0.0144
GJB7,0.0,0.0013
GJC1,0.9879,0.0157
GJC2,0.0104,0.0183
GJC3,0.0005,0.0026
GJD2,0.1968,0.0144
GJD3,0.0,0.0131
GJD4,0.015,0.0013
GJE1,0.108,0.0078
GK,0.9894,0.0261
GK2,0.0,0.0261
GK3P,0.0,0.0013
GK5,0.0063,0.0013
GKAP1,0.0611,0.0013
GKN1,0.0,0.0039
GKN2,0.0002,0.0039
GLA,0.9968,0.0392
GLB1,0.0,0.0587
GLB1L,0.0,0.0
GLB1L2,0.0,0.0
GLB1L3,0.0,0.0
GLCCI1,0.059,0.0013
GLCE,0.6544,0.0091
GLDC,0.0,0.0744
GLDN,0.0,0.0052
GLE1,0.0,0.064
GLG1,1.0,0.0078
GLI1,0.0,0.0627
GLI2,0.973,0.0561
GLI3,1.0,0.0535
GLI4,0.0024,0.0
GLIPR1,0.0,0.0026
GLIPR1L1,0.0,0.0013
GLIPR1L2,0.0,0.0013
GLIPR2,0.0,0.0039
GLIS1,0.0389,0.0013
GLIS2,0.8583,0.0065
GLIS3,0.0,0.0104
GLMN,0.0,0.1162
GLMP,0.0,0.0013
GLO1,0.0,0.0274
GLOD4,0.0,0.0026
GLOD5,0.0533,0.0
GLP1R,0.2935,0.0496
GLP2R,0.0,0.0144
GLRA1,0.0002,0.0091
GLRA2,0.9733,0.0026
GLRA3,0.0,0.0026
GLRA4,0.0,0.0013
GLRB,0.0014,0.0078
GLRX,0.0,0.0392
GLRX2,0.0009,0.0157
GLRX3,0.3575,0.0339
GLRX5,0.7456,0.0313
GLS,0.9615,0.0574
GLS2,0.0,0.0574
GLT1D1,0.0,0.0
GLT6D1,0.1196,0.0013
GLT8D1,0.0,0.0
GLT8D2,0.0,0.0
GLTP,0.1148,0.0026
GLTPD1,0.0225,0.0
GLTPD2,0.0001,0.0
GLTSCR1,0.9835,0.0
GLTSCR1L,1.0,0.0
GLTSCR2,0.1815,0.0
GLUD1,0.007,0.0966
GLUD2,0.0315,0.0875
GLUL,0.9957,0.0849
GLYAT,0.0,0.0052
GLYATL1,0.0034,0.0209
GLYATL2,0.0,0.0
GLYATL3,0.0,0.0
GLYCTK,0.0,0.0561
GLYR1,0.9997,0.0352
GM2A,0.031,0.0065
GMCL1,0.0,0.0013
GMDS,0.9913,0.0209
GMEB1,0.9855,0.0039
GMEB2,0.995,0.0026
GMFB,0.0053,0.0
GMFG,0.0,0.0104
GMIP,0.0,0.0026
GML,0.2176,0.0
GMNC,0.4467,0.0052
GMNN,0.1149,0.0379
GMPPA,0.0,0.0144
GMPPB,0.0,0.0352
GMPR,0.0,0.0666
GMPR2,0.0,0.0052
GMPS,0.9982,0.1632
GNA11,0.8894,0.1123
GNA12,0.9699,0.1018
GNA13,0.8673,0.1201
GNA14,0.0,0.0627
GNA15,0.006,0.0783
GNAI1,0.9113,0.2624
GNAI2,0.8919,0.2167
GNAI3,0.0383,0.205
GNAL,0.9983,0.2493
GNAO1,0.9896,0.0731
GNAQ,0.9807,0.2833
GNAS,0.6808,0.2193
GNAT1,0.0,0.0601
GNAT2,0.0,0.0496
GNAT3,0.0,0.0796
GNAZ,0.9627,0.0379
GNB1,0.9992,0.3551
GNB1L,0.0,0.0157
GNB2,0.9888,0.1358
GNB2L1,0.9984,0.0
GNB3,0.0,0.1593
GNB4,0.0024,0.1319
GNB5,0.0,0.1697
GNE,0.0,0.0352
GNG10,0.0001,0.0601
GNG11,0.5471,0.0601
GNG12,0.5894,0.0796
GNG13,0.0001,0.1266
GNG14,0.0,0.0104
GNG2,0.5056,0.2768
GNG3,0.5422,0.0731
GNG4,0.1557,0.0862
GNG5,0.1881,0.0535
GNG5P2,0.3259,0.0
GNG7,0.4966,0.1044
GNG8,0.164,0.0431
GNGT1,0.2529,0.0796
GNGT2,0.1939,0.0731
GNL1,0.9993,0.0444
GNL2,0.0001,0.2258
GNL3,0.0,0.1906
GNL3L,0.9956,0.1841
GNLY,0.0,0.0392
GNMT,0.0028,0.0274
GNPAT,0.304,0.0653
GNPDA1,0.0,0.0196
GNPDA2,0.0085,0.0313
GNPNAT1,0.0124,0.0183
GNPTAB,0.0,0.0091
GNPTG,0.0,0.0039
GNRH1,0.1515,0.0522
GNRH2,0.0,0.017
GNRHR,0.0676,0.0222
GNS,0.0006,0.0104
GOLGA1,0.0,0.0274
GOLGA2,0.9876,0.0574
GOLGA3,0.0068,0.017
GOLGA4,0.0,0.0235
GOLGA5,0.0001,0.0274
GOLGA6A,0.0,0.0
GOLGA6B,0.0,0.0
GOLGA6C,0.001,0.0026
GOLGA6D,0.0,0.0
GOLGA6L1,0.0,0.0
GOLGA6L10,0.0012,0.0
GOLGA6L18,0.6128,0.0
GOLGA6L19,0.0008,0.0
GOLGA6L2,0.0,0.0
GOLGA6L4,0.0061,0.0
GOLGA6L6,0.0,0.0
GOLGA7,0.4562,0.0209
GOLGA7B,0.006,0.0026
GOLGA8A,0.0004,0.0013
GOLGA8B,0.0,0.0013
GOLGA8F,0.0543,0.0
GOLGA8G,0.1956,0.0
GOLGA8H,0.0,0.0
GOLGA8I,0.0,0.0
GOLGA8J,0.0,0.0
GOLGA8K,0.0,0.0
GOLGA8M,0.0,0.0
GOLGA8N,0.2864,0.0
GOLGA8O,0.0,0.0
GOLGA8Q,0.001,0.0
GOLGA8R,0.0,0.0
GOLGA8S,0.0,0.0013
GOLGA8T,0.0,0.0
GOLGB1,0.0,0.03
GOLIM4,0.0,0.0117
GOLM1,0.0,0.0039
GOLPH3,0.2359,0.0574
GOLPH3L,0.0,0.0026
GOLT1A,0.2368,0.0078
GOLT1B,0.8526,0.0078
GON4L,0.9515,0.0039
GON7,0.0,0.0078
GOPC,0.0008,0.0248
GORAB,0.0,0.0078
GORASP1,0.0195,0.0366
GORASP2,0.8839,0.0209
GOSR1,0.0628,0.0836
GOSR2,0.0,0.0862
GOT1,0.0012,0.0953
GOT1L1,0.0,0.0914
GOT2,0.0142,0.1305
GP1BA,0.0032,0.0392
GP1BB,0.5125,0.0261
GP2,0.0,0.0157
GP5,0.0002,0.0222
GP6,0.0,0.0796
GP9,0.4758,0.0235
GPA33,0.0,0.0026
GPAA1,0.0,0.0235
GPALPP1,0.0,0.0
GPAM,0.0,0.0392
GPANK1,0.0,0.0026
GPAT2,0.0,0.0235
GPAT3,0.0,0.0261
GPAT4,0.0,0.0287
GPATCH1,0.0,0.0117
GPATCH11,0.0,0.0052
GPATCH2,0.0,0.017
GPATCH2L,0.0028,0.0183
GPATCH3,0.0,0.0013
GPATCH4,0.0001,0.017
GPATCH8,1.0,0.0
GPBAR1,0.0,0.0313
GPBP1,0.4164,0.0
GPBP1L1,0.199,0.0039
GPC1,0.0155,0.0627
GPC2,0.0315,0.0078
GPC3,0.9982,0.0548
GPC4,0.9261,0.0248
GPC5,0.0,0.0039
GPC6,0.1418,0.0039
GPCPD1,0.2018,0.017
GPD1,0.0056,0.0366
GPD1L,0.0382,0.0483
GPD2,0.0,0.0849
GPER1,0.5743,0.0183
GPHA2,0.0,0.0104
GPHB5,0.0,0.0065
GPHN,1.0,0.0548
GPI,0.0,0.1423
GPIHBP1,0.1387,0.0157
GPKOW,0.9955,0.0783
GPLD1,0.0,0.0104
GPM6A,0.9896,0.0039
GPM6B,0.3463,0.0
GPN1,0.0001,0.0366
GPN2,0.0142,0.0131
GPN3,0.0,0.0392
GPNMB,0.0,0.0117
GPR1,0.0,0.0065
GPR101,0.7037,0.0
GPR107,0.2886,0.0013
GPR108,0.0,0.0013
GPR110,0.0,0.0
GPR111,0.0,0.0
GPR112,0.0,0.0
GPR113,0.0,0.0
GPR114,0.1344,0.0
GPR115,0.0,0.0
GPR116,0.024,0.0
GPR119,0.0086,0.0235
GPR12,0.3618,0.0
GPR123,0.0137,0.0
GPR124,0.0,0.0
GPR125,0.2934,0.0
GPR126,0.0001,0.0
GPR128,0.0,0.0
GPR132,0.017,0.0026
GPR133,0.0,0.0
GPR135,0.0001,0.0013
GPR137,0.668,0.0
GPR137B,0.0,0.0
GPR137C,0.4226,0.0
GPR139,0.0369,0.0052
GPR141,0.0,0.0013
GPR142,0.0,0.0013
GPR143,0.9253,0.0222
GPR144,0.0,0.0
GPR146,0.1493,0.0
GPR148,0.0001,0.0013
GPR149,0.0,0.0
GPR15,0.0,0.0013
GPR150,0.0,0.0
GPR151,0.0,0.0013
GPR152,0.0004,0.0013
GPR153,0.0,0.0
GPR155,0.0,0.0
GPR156,0.0,0.0026
GPR157,0.001,0.0
GPR158,0.0006,0.0052
GPR160,0.0007,0.0
GPR161,0.0003,0.0196
GPR162,0.0094,0.0
GPR17,0.0001,0.0065
GPR171,0.0002,0.0026
GPR173,0.8742,0.0013
GPR174,0.3976,0.0
GPR176,0.0081,0.0
GPR179,0.0,0.0065
GPR18,0.0,0.0104
GPR180,0.0,0.0013
GPR182,0.0001,0.0039
GPR183,0.0173,0.0078
GPR19,0.1041,0.0026
GPR20,0.441,0.0026
GPR21,0.1128,0.0013
GPR22,0.0603,0.0052
GPR25,0.0094,0.0
GPR26,0.521,0.0026
GPR27,0.3468,0.0
GPR3,0.0003,0.0039
GPR31,0.0205,0.0039
GPR32,0.0,0.0026
GPR34,0.2639,0.0026
GPR35,0.0049,0.0026
GPR37,0.0003,0.0117
GPR37L1,0.0,0.0052
GPR39,0.0,0.0052
GPR4,0.1002,0.0013
GPR42,0.0509,0.0026
GPR45,0.1045,0.0
GPR50,0.6464,0.0026
GPR52,0.0095,0.0078
GPR55,0.0,0.0248
GPR56,0.0,0.0
GPR6,0.0681,0.0039
GPR61,0.7777,0.0013
GPR62,0.2625,0.0013
GPR63,0.1975,0.0
GPR64,0.9269,0.0
GPR65,0.1114,0.0
GPR68,0.0005,0.0026
GPR75,0.0,0.0013
GPR75-ASB3,0.0,0.0
GPR78,0.0,0.0026
GPR82,0.1441,0.0013
GPR83,0.0,0.0144
GPR84,0.0,0.0065
GPR85,0.7728,0.0026
GPR87,0.0,0.0013
GPR88,0.7549,0.0065
GPR89A,0.0,0.0039
GPR89B,0.0002,0.0039
GPR97,0.0,0.0
GPR98,0.0,0.0
GPRASP1,0.311,0.0039
GPRASP2,0.9875,0.0026
GPRC5A,0.0,0.0013
GPRC5B,0.0242,0.0
GPRC5C,0.0005,0.0013
GPRC5D,0.0012,0.0026
GPRC6A,0.0,0.0091
GPRIN1,0.97,0.0026
GPRIN2,0.0,0.0144
GPRIN3,0.0,0.0
GPS1,0.9982,0.0444
GPS2,0.0532,0.0209
GPSM1,0.0,0.0117
GPSM2,0.0,0.0235
GPSM3,0.2864,0.0052
GPT,0.0,0.077
GPT2,0.0003,0.0392
GPX1,0.0,0.0
GPX2,0.0001,0.1057
GPX3,0.051,0.1044
GPX4,0.0,0.0901
GPX5,0.0006,0.0979
GPX6,0.0,0.0992
GPX7,0.0,0.1057
GPX8,0.0531,0.1005
GRAMD1A,0.0013,0.0
GRAMD1B,0.9993,0.0039
GRAMD1C,0.0,0.0039
GRAMD2,0.0,0.0
GRAMD2B,0.0,0.0039
GRAMD3,0.0,0.0
GRAMD4,1.0,0.0
GRAP,0.1106,0.0131
GRAP2,0.0002,0.0744
GRAPL,0.3087,0.0
GRASP,0.9012,0.0131
GRB10,0.9395,0.0379
GRB14,0.0531,0.0091
GRB2,0.9393,0.3564
GRB7,0.0,0.0248
GREB1,0.0,0.0078
GREB1L,1.0,0.0
GREM1,0.4744,0.0274
GREM2,0.0318,0.0157
GRHL1,0.2395,0.0
GRHL2,0.9968,0.0026
GRHL3,0.9929,0.0039
GRHPR,0.0,0.047
GRIA1,0.9987,0.1031
GRIA2,0.9992,0.0862
GRIA3,0.9998,0.0561
GRIA4,0.0183,0.0601
GRID1,0.9993,0.0013
GRID2,1.0,0.0222
GRID2IP,0.1245,0.0013
GRIK1,0.0,0.0222
GRIK1-AS2,0.0,0.0
GRIK2,0.9984,0.0392
GRIK3,1.0,0.0104
GRIK4,0.1113,0.0209
GRIK5,0.9942,0.0157
GRIN1,0.9763,0.077
GRIN2A,1.0,0.107
GRIN2B,1.0,0.1305
GRIN2C,0.0,0.0561
GRIN2D,1.0,0.0561
GRIN3A,0.4533,0.0366
GRIN3B,0.0,0.03
GRINA,0.442,0.0013
GRIP1,0.5083,0.0509
GRIP2,0.0,0.0078
GRIPAP1,1.0,0.0078
GRK1,0.0,0.0196
GRK2,0.0,0.0901
GRK3,0.0,0.0326
GRK4,0.0,0.0144
GRK5,0.6757,0.0261
GRK6,0.0005,0.017
GRK7,0.0,0.0091
GRM1,0.1428,0.0601
GRM2,0.1202,0.0235
GRM3,0.7846,0.0222
GRM4,0.9931,0.0157
GRM5,0.9987,0.0666
GRM6,0.0,0.0104
GRM7,0.999,0.0157
GRM8,0.0,0.0052
GRN,0.0697,0.0261
GRP,0.0025,0.0431
GRPEL1,0.1392,0.0731
GRPEL2,0.0004,0.0366
GRPR,0.2244,0.0209
GRSF1,0.0,0.017
GRTP1,0.0,0.0013
GRWD1,0.0004,0.1658
GRXCR1,0.0,0.0392
GRXCR2,0.0,0.0248
GSAP,0.0,0.0065
GSC,0.0139,0.0287
GSC2,0.0044,0.0052
GSDMA,0.0,0.0039
GSDMB,0.0,0.0091
GSDMC,0.0,0.0039
GSDMD,0.0,0.0366
GSDME,0.0,0.0131
GSE1,1.0,0.0131
GSG1,0.001,0.0
GSG1L,0.7676,0.0065
GSG2,0.0,0.0
GSK3A,0.9997,0.0366
GSK3B,0.9557,0.252
GSKIP,0.3822,0.0078
GSN,0.0,0.0901
GSPT1,0.9999,0.1279
GSPT2,0.9832,0.0131
GSR,0.0,0.107
GSS,0.0,0.0522
GSTA1,0.0,0.0875
GSTA2,0.0,0.0744
GSTA3,0.0013,0.0718
GSTA4,0.011,0.0705
GSTA5,0.0,0.0666
GSTCD,0.0,0.0039
GSTK1,0.0,0.0078
GSTM1,0.0021,0.0888
GSTM2,0.0,0.0666
GSTM3,0.0,0.0705
GSTM4,0.0,0.0627
GSTM5,0.0,0.0679
GSTO1,0.0,0.0744
GSTO2,0.0,0.0731
GSTP1,0.0142,0.0953
GSTT1,0.0001,0.0
GSTT2,0.015,0.0
GSTT2B,0.7222,0.0718
GSTZ1,0.0,0.0222
GSX1,0.044,0.0
GSX2,0.257,0.0013
GTDC1,0.0,0.0013
GTF2A1,0.9904,0.1305
GTF2A1L,0.0,0.0091
GTF2A2,0.0261,0.1305
GTF2B,0.0001,0.1749
GTF2E1,0.8925,0.1397
GTF2E2,0.0393,0.1214
GTF2F1,0.0,0.1501
GTF2F2,0.0002,0.1423
GTF2H1,0.9898,0.1554
GTF2H2,0.0155,0.1358
GTF2H2C,0.0219,0.0235
GTF2H3,0.0,0.1462
GTF2H4,0.0,0.1462
GTF2H5,0.0452,0.1371
GTF2I,0.9959,0.0339
GTF2IRD1,0.9004,0.0209
GTF2IRD2,0.0,0.0026
GTF2IRD2B,0.0644,0.0039
GTF3A,0.0,0.0091
GTF3C1,1.0,0.0274
GTF3C2,0.9944,0.0157
GTF3C3,0.0,0.0326
GTF3C4,0.2592,0.0157
GTF3C5,0.0,0.0222
GTF3C6,0.0003,0.0078
GTPBP1,0.93,0.0431
GTPBP10,0.0042,0.077
GTPBP2,0.3166,0.0052
GTPBP3,0.0,0.0444
GTPBP4,1.0,0.2833
GTPBP6,0.0,0.1031
GTPBP8,0.0,0.0326
GTSE1,0.0,0.0366
GTSF1,0.0221,0.0039
GTSF1L,0.002,0.0
GUCA1A,0.0004,0.0144
GUCA1A-2,0.0,0.0078
GUCA1B,0.0002,0.0444
GUCA1C,0.0,0.0078
GUCA2A,0.2869,0.0144
GUCA2B,0.381,0.0078
GUCD1,0.2423,0.0
GUCY1A1,0.0,0.0379
GUCY1A2,0.3141,0.0379
GUCY1A3,0.0,0.0
GUCY1B1,0.0,0.0392
GUCY1B3,0.0,0.0
GUCY2C,0.0,0.0431
GUCY2D,0.0,0.0731
GUCY2F,0.0,0.0444
GUF1,0.0,0.0653
GUK1,0.0,0.0744
GULP1,0.6871,0.017
GUSB,0.0,0.0561
GVQW1,0.0,0.0
GVQW2,0.0,0.0013
GXYLT1,0.125,0.0052
GXYLT2,0.0,0.0065
GYG1,0.0,0.0287
GYG2,0.0,0.0248
GYLTL1B,0.0,0.0
GYPA,0.0011,0.0561
GYPB,0.0001,0.0326
GYPC,0.113,0.0261
GYPE,0.0037,0.0078
GYS1,0.0003,0.0522
GYS2,0.0,0.0483
GZF1,0.0018,0.0
GZMA,0.0,0.0614
GZMB,0.0,0.1332
GZMH,0.0,0.0274
GZMK,0.0081,0.0392
GZMM,0.0113,0.0039
H0Y980_HUMAN,0.0,0.0065
H0YIJ7_HUMAN,0.0,0.1136
H0YIV9_HUMAN,0.0,0.0013
H1-0,0.0,0.0862
H1-1,0.0,0.0483
H1-10,0.0,0.0418
H1-2,0.0,0.0392
H1-3,0.0,0.0222
H1-4,0.0,0.0601
H1-5,0.0,0.0496
H1-6,0.0,0.0091
H1-7,0.0,0.0117
H1-8,0.0,0.017
H1F0,0.6427,0.0
H1FNT,0.0,0.0
H1FOO,0.0696,0.0
H1FX,0.0877,0.0
H2AB1,0.0,0.0078
H2AB2,0.0,0.0392
H2AB3,0.0,0.0339
H2AC1,0.0,0.0496
H2AC11,0.0,0.1266
H2AC12,0.0,0.0574
H2AC13,0.0,0.1554
H2AC14,0.0,0.0705
H2AC15,0.0,0.1253
H2AC16,0.0,0.124
H2AC17,0.0,0.1384
H2AC18,0.0,0.2598
H2AC19,0.0,0.0574
H2AC20,0.0,0.2702
H2AC21,0.0,0.0718
H2AC4,0.0,0.1488
H2AC6,0.0,0.1828
H2AC7,0.0,0.0666
H2AC8,0.0,0.188
H2AFB1,0.0,0.0
H2AFJ,0.2463,0.0
H2AFV,0.4713,0.0
H2AFX,0.1765,0.0
H2AFY,0.737,0.0
H2AFY2,0.9764,0.0
H2AFZ,0.8786,0.0
H2AJ,0.0,0.0627
H2AW,0.0,0.0144
H2AX,0.0,0.2245
H2AZ1,0.0,0.3003
H2AZ2,0.0,0.0966
H2BC1,0.0,0.1358
H2BC10,0.0,0.1253
H2BC11,0.0,0.2715
H2BC12,0.0,0.1684
H2BC13,0.0,0.0875
H2BC14,0.0,0.1201
H2BC15,0.0,0.1123
H2BC17,0.0,0.1332
H2BC18,0.0,0.1044
H2BC21,0.0,0.3042
H2BC3,0.0,0.158
H2BC4,0.0,0.1802
H2BC5,0.0,0.1227
H2BC6,0.0,0.124
H2BC7,0.0,0.1266
H2BC8,0.0,0.1227
H2BC9,0.0,0.1201
H2BE1,0.0,0.0326
H2BFM,0.014,0.0
H2BFWT,0.0025,0.0
H2BS1,0.0,0.0601
H2BU1,0.0,0.107
H2BW1,0.0,0.0326
H2BW2,0.0,0.0339
H3-2,0.0,0.3185
H3-3A,0.0,0.1658
H3-3B,0.0,0.4634
H3-4,0.0,0.4099
H3-5,0.0,0.3303
H3BML4_HUMAN,0.0,0.0013
H3BMQ9_HUMAN,0.0,0.0091
H3BN98_HUMAN,0.0,0.1867
H3BNC9_HUMAN,0.0,0.2272
H3BUN2_HUMAN,0.0,0.0091
H3C1,0.0,0.2454
H3C10,0.0,0.2167
H3C11,0.0,0.2076
H3C12,0.0,0.5392
H3C13,0.0,0.5901
H3C14,0.0,0.3185
H3C15,0.0,0.3146
H3C2,0.0,0.2141
H3C3,0.0,0.2285
H3C4,0.0,0.2128
H3C6,0.0,0.2206
H3C7,0.0,0.2102
H3C8,0.0,0.2089
H3F3A,0.1231,0.0
H3F3B,0.8068,0.0
H3F3C,0.0,0.0
H3Y1,0.0,0.0248
H3Y2,0.0,0.0013
H4-16,0.0,0.3251
H4C1,0.0,0.3238
H4C11,0.0,0.3264
H4C12,0.0,0.3225
H4C13,0.0,0.3264
H4C14,0.0,0.3225
H4C15,0.0,0.3238
H4C2,0.0,0.3277
H4C3,0.0,0.3251
H4C4,0.0,0.3264
H4C5,0.0,0.3264
H4C6,0.0,0.5901
H4C7,0.0,0.1084
H4C8,0.0,0.3251
H4C9,0.0,0.3238
H6PD,0.0,0.1149
H7C0C1_HUMAN,0.0,0.1358
H7C0S8_HUMAN,0.0,0.0065
H7C0V5_HUMAN,0.0,0.0026
H7C2Y5_HUMAN,0.0,0.0013
HAAO,0.0,0.0157
HABP2,0.0,0.0117
HABP4,0.0062,0.124
HACD1,0.0,0.0196
HACD2,0.0,0.0157
HACD3,0.0,0.0157
HACD4,0.0,0.0157
HACE1,0.0,0.0039
HACL1,0.0,0.0379
HADH,0.0001,0.0509
HADHA,0.0,0.0496
HADHB,0.0,0.0809
HAGH,0.0002,0.0104
HAGHL,0.0,0.0
HAL,0.0,0.0157
HAMP,0.0082,0.0339
HAND1,0.1091,0.0026
HAND2,0.3991,0.0313
HAO1,0.0,0.0405
HAO2,0.0,0.0261
HAP1,0.0,0.0457
HAPLN1,0.6024,0.0117
HAPLN2,0.0,0.0039
HAPLN3,0.0,0.0
HAPLN4,0.0108,0.0026
HARBI1,0.0006,0.0013
HARS,0.0,0.0
HARS1,0.0,0.0548
HARS2,0.0,0.0522
HAS1,0.0,0.0039
HAS2,0.9901,0.0104
HAS3,0.8832,0.0026
HASPIN,0.0,0.0287
HAT1,0.8351,0.0392
HAUS1,0.0,0.0183
HAUS2,0.0,0.0183
HAUS3,0.0,0.0131
HAUS4,0.018,0.0117
HAUS5,0.0,0.0144
HAUS6,0.0,0.03
HAUS7,0.9891,0.0131
HAUS8,0.0,0.0157
HAVCR1,0.0,0.0131
HAVCR2,0.0387,0.0914
HAX1,0.0,0.017
HBA1,0.0067,0.064
HBA2,0.0031,0.0653
HBB,0.0,0.0313
HBD,0.0,0.0248
HBE1,0.02,0.0209
HBEGF,0.0756,0.0522
HBG1,0.5661,0.0274
HBG2,0.6698,0.0222
HBM,0.0123,0.017
HBP1,0.0042,0.0039
HBQ1,0.0008,0.0183
HBS1L,0.0,0.1488
HBZ,0.0206,0.0248
HCAR1,0.0008,0.0013
HCAR2,0.0002,0.0091
HCAR3,0.0,0.0026
HCCS,0.8862,0.0104
HCFC1,1.0,0.1227
HCFC1R1,0.0006,0.0
HCFC2,0.9999,0.0274
HCG27,0.0231,0.0
HCG_1642624,0.0,0.0052
HCG_1984214,0.0,0.124
HCG_2039566,0.0,0.0405
HCK,0.0198,0.0953
HCLS1,0.0,0.1175
HCN1,0.9999,0.0052
HCN2,0.4889,0.0052
HCN3,0.0,0.0065
HCN4,0.9987,0.03
HCRT,0.0288,0.0509
HCRTR1,0.0002,0.0091
HCRTR2,0.005,0.0091
HCST,0.002,0.0457
HDAC1,0.6143,0.4426
HDAC10,0.0,0.0339
HDAC11,0.0069,0.0444
HDAC2,1.0,0.3094
HDAC3,0.5674,0.1462
HDAC4,1.0,0.1188
HDAC5,1.0,0.0901
HDAC6,1.0,0.1319
HDAC7,0.9997,0.0731
HDAC8,0.9771,0.0901
HDAC9,0.9997,0.0718
HDC,0.0041,0.0222
HDDC2,0.0,0.0065
HDDC3,0.0193,0.1175
HDGF,0.2727,0.0183
HDGFL1,0.0587,0.0013
HDGFL2,0.0,0.0222
HDGFRP2,0.775,0.0
HDGFRP3,0.9738,0.0
HDHD1,0.1267,0.0
HDHD2,0.0,0.0
HDHD3,0.0019,0.0026
HDHD5,0.0,0.0039
HDLBP,1.0,0.0157
HDX,0.0759,0.0
HEATR1,1.0,0.201
HEATR2,0.0,0.0
HEATR3,0.0,0.0065
HEATR4,0.0,0.0
HEATR5A,0.0547,0.0
HEATR5B,0.0,0.0013
HEATR6,0.0,0.0026
HEBP1,0.0,0.0026
HEBP2,0.0001,0.0091
HECA,0.6149,0.0065
HECTD1,1.0,0.0013
HECTD2,0.9981,0.0
HECTD3,0.0888,0.0
HECTD4,1.0,0.0013
HECW1,0.9998,0.0117
HECW2,0.9997,0.0026
HEG1,0.0,0.0052
HELB,0.0,0.0065
HELLS,0.9998,0.0235
HELQ,0.0,0.0052
HELT,0.001,0.0013
HELZ,1.0,0.0078
HELZ2,0.0,0.0366
HEMGN,0.0,0.0065
HEMK1,0.0,0.0117
HENMT1,0.0,0.0157
HEPACAM,0.8679,0.0013
HEPACAM2,0.0,0.0
HEPH,0.0,0.0131
HEPHL1,0.0,0.0013
HEPN1,0.0,0.0013
HERC1,1.0,0.0039
HERC2,1.0,0.0274
HERC3,0.0701,0.0026
HERC4,0.9996,0.0
HERC5,0.0,0.047
HERC6,0.0,0.0392
HERPUD1,0.9958,0.0131
HERPUD2,0.947,0.0
HES1,0.7072,0.0457
HES2,0.0026,0.0
HES3,0.2771,0.0
HES4,0.0,0.0
HES5,0.2488,0.0235
HES6,0.0839,0.0039
HES7,0.827,0.0
HESX1,0.0008,0.0078
HEXA,0.0,0.0248
HEXB,0.0,0.0274
HEXD,0.0,0.0065
HEXDC,0.0,0.0
HEXIM1,0.984,0.0274
HEXIM2,0.028,0.0104
HEY1,0.0502,0.0339
HEY2,0.8934,0.0235
HEYL,0.0,0.0117
HFE,0.0,0.0209
HFE2,0.0042,0.0
HFM1,0.0,0.0326
HGD,0.0,0.0196
HGF,0.9995,0.1253
HGFAC,0.0,0.0104
HGH1,0.0,0.0104
HGS,0.0064,0.0718
HGSNAT,0.0,0.0065
HHAT,0.0,0.0104
HHATL,0.0,0.0039
HHEX,0.5429,0.0209
HHIP,0.9544,0.0131
HHIPL1,0.0,0.0
HHIPL2,0.0,0.0
HHLA1,0.0,0.0013
HHLA2,0.0,0.0052
HHLA3,0.0073,0.0013
HIAT1,0.9717,0.0
HIATL1,0.0004,0.0
HIATL2,0.0962,0.0
HIBADH,0.0056,0.0287
HIBCH,0.0,0.1005
HIC1,0.13,0.0131
HIC2,0.9967,0.0026
HID1,0.0268,0.0
HIF1A,0.9777,0.2493
HIF1AN,0.0739,0.0287
HIF3A,0.0015,0.0209
HIGD1A,0.0327,0.0078
HIGD1B,0.0,0.0013
HIGD1C,0.0004,0.0013
HIGD2A,0.1909,0.0091
HIGD2B,0.0,0.0
HIKESHI,0.0,0.0039
HILPDA,0.3163,0.0013
HINFP,0.0369,0.0078
HINT1,0.0018,0.0183
HINT2,0.0,0.0013
HINT3,0.0,0.0026
HIP1,0.7617,0.0183
HIP1R,0.0,0.0339
HIPK1,1.0,0.0039
HIPK2,1.0,0.0287
HIPK3,0.2773,0.0091
HIPK4,0.0,0.0026
HIRA,1.0,0.0261
HIRIP3,0.0,0.0091
HIST1H1A,0.0,0.0
HIST1H1B,0.5747,0.0
HIST1H1C,0.0275,0.0
HIST1H1D,0.1561,0.0
HIST1H1E,0.1861,0.0
HIST1H1T,0.0,0.0
HIST1H2AA,0.0014,0.0
HIST1H2AB,0.0006,0.0
HIST1H2AC,0.5964,0.0
HIST1H2AD,0.0,0.0
HIST1H2AE,0.0323,0.0
HIST1H2AG,0.0006,0.0
HIST1H2AH,0.0005,0.0
HIST1H2AI,0.0295,0.0
HIST1H2AJ,0.0237,0.0
HIST1H2AK,0.0001,0.0
HIST1H2AL,0.0008,0.0
HIST1H2AM,0.0,0.0
HIST1H2BA,0.1031,0.0
HIST1H2BB,0.0038,0.0
HIST1H2BC,0.0038,0.0
HIST1H2BD,0.0,0.0
HIST1H2BE,0.0,0.0
HIST1H2BF,0.0,0.0
HIST1H2BG,0.0,0.0
HIST1H2BH,0.0,0.0
HIST1H2BI,0.004,0.0
HIST1H2BJ,0.0313,0.0
HIST1H2BK,0.0,0.0
HIST1H2BL,0.0,0.0
HIST1H2BM,0.0,0.0
HIST1H2BN,0.0005,0.0
HIST1H2BO,0.0005,0.0
HIST1H3A,0.0,0.0
HIST1H3B,0.0,0.0
HIST1H3C,0.2606,0.0
HIST1H3D,0.0011,0.0
HIST1H3E,0.0,0.0
HIST1H3F,0.0066,0.0
HIST1H3G,0.0,0.0
HIST1H3H,0.0057,0.0
HIST1H3I,0.0085,0.0
HIST1H3J,0.6056,0.0
HIST1H4A,0.0002,0.0
HIST1H4B,0.0029,0.0
HIST1H4C,0.0004,0.0
HIST1H4D,0.002,0.0
HIST1H4E,0.0135,0.0
HIST1H4F,0.1307,0.0
HIST1H4G,0.0132,0.0
HIST1H4H,0.0,0.0
HIST1H4I,0.0158,0.0
HIST1H4J,0.3868,0.0
HIST1H4K,0.0016,0.0
HIST1H4L,0.0003,0.0
HIST2H2AB,0.6147,0.0
HIST2H2AC,0.1873,0.0
HIST2H2BE,0.5452,0.0
HIST2H2BF,0.0046,0.0
HIST2H3D,0.0007,0.0
HIST2H3PS2,0.0037,0.0
HIST3H2A,0.5342,0.0
HIST3H2BB,0.0001,0.0
HIST3H3,0.0,0.0
HIST4H4,0.0223,0.0
HIVEP1,1.0,0.0026
HIVEP2,1.0,0.0065
HIVEP3,0.9058,0.0065
HJURP,0.0,0.141
HJV,0.0,0.0287
HK1,0.9146,0.0822
HK2,0.0046,0.0875
HK3,0.0,0.0757
HKDC1,0.0,0.0718
HKR1,0.0,0.0
HLA-A,0.0013,0.1162
HLA-B,0.0,0.0783
HLA-C,0.0,0.0836
HLA-DMA,0.0024,0.0379
HLA-DMB,0.0025,0.03
HLA-DOA,0.0,0.0339
HLA-DOB,0.0,0.0326
HLA-DPA1,0.0,0.0431
HLA-DPB1,0.0,0.0313
HLA-DQA1,0.0239,0.047
HLA-DQA2,0.0,0.03
HLA-DQB1,0.0089,0.047
HLA-DQB2,0.0427,0.0157
HLA-DRA,0.5195,0.0783
HLA-DRB1,0.0011,0.0718
HLA-DRB5,0.0,0.0366
HLA-E,0.0368,0.0796
HLA-F,0.0,0.0574
HLA-G,0.0,0.0522
HLCS,0.0,0.0104
HLF,0.9522,0.0078
HLTF,0.0,0.0339
HLX,0.8832,0.0039
HM13,0.6896,0.017
HMBOX1,0.998,0.0
HMBS,0.9488,0.0261
HMCES,0.0,0.0
HMCN1,0.0,0.0026
HMCN2,0.0,0.0
HMG20A,0.6777,0.0196
HMG20B,0.6911,0.0222
HMGA1,0.8321,0.0222
HMGA2,0.8701,0.0339
HMGB1,0.8204,0.0809
HMGB2,0.9509,0.0091
HMGB3,0.7976,0.0
HMGB4,0.0043,0.0
HMGCL,0.0,0.0561
HMGCLL1,0.0,0.0431
HMGCR,0.9986,0.0914
HMGCS1,0.9982,0.0692
HMGCS2,0.0,0.0574
HMGN1,0.2066,0.2141
HMGN2,0.8634,0.1958
HMGN3,0.0578,0.0039
HMGN4,0.3199,0.1932
HMGN5,0.3096,0.0039
HMGXB3,0.999,0.0
HMGXB4,0.4944,0.0144
HMHA1,0.223,0.0
HMHB1,0.0095,0.0
HMMR,0.0,0.1057
HMOX1,0.0097,0.0849
HMOX2,0.0003,0.017
HMSD,0.0129,0.0
HMX1,0.7262,0.0
HMX2,0.0,0.0
HMX3,0.9199,0.0039
HN1,0.0025,0.0
HN1L,0.2328,0.0
HNF1A,0.9611,0.0444
HNF1B,0.9998,0.0209
HNF4A,0.1529,0.0966
HNF4G,0.0707,0.0039
HNMT,0.0197,0.017
HNRNPA0,0.9162,0.0548
HNRNPA1,0.9991,0.1828
HNRNPA1L2,0.0188,0.0013
HNRNPA1P48,0.0,0.0013
HNRNPA2B1,0.9973,0.1567
HNRNPA3,0.9954,0.0692
HNRNPAB,0.7653,0.0431
HNRNPC,0.9777,0.2089
HNRNPCL1,0.3728,0.0026
HNRNPCL2,0.0,0.0013
HNRNPD,0.9962,0.0783
HNRNPDL,0.078,0.0705
HNRNPF,0.9641,0.0849
HNRNPH1,0.9999,0.1227
HNRNPH2,0.9545,0.0509
HNRNPH3,0.9922,0.0326
HNRNPK,1.0,0.1828
HNRNPL,0.9969,0.0966
HNRNPLL,0.9191,0.0065
HNRNPM,1.0,0.1227
HNRNPR,0.9993,0.0927
HNRNPU,1.0,0.1201
HNRNPUL1,1.0,0.0248
HNRNPUL2,0.9998,0.0039
HOGA1,0.0,0.0209
HOMER1,0.9992,0.0457
HOMER2,0.0094,0.0157
HOMER3,0.9536,0.0157
HOMEZ,0.0158,0.0013
HOOK1,0.0,0.017
HOOK2,0.0,0.0065
HOOK3,1.0,0.0222
HOPX,0.0,0.0052
HORMAD1,0.9488,0.0287
HORMAD2,0.0001,0.0157
HOXA1,0.2851,0.0091
HOXA10,0.8845,0.0117
HOXA11,0.9434,0.0065
HOXA13,0.9551,0.0026
HOXA2,0.1992,0.0078
HOXA3,0.9445,0.0104
HOXA4,0.0,0.0052
HOXA5,0.003,0.0261
HOXA6,0.0,0.0157
HOXA7,0.0014,0.0222
HOXA9,0.0,0.0287
HOXB1,0.0818,0.0183
HOXB13,0.0,0.0104
HOXB2,0.0001,0.0104
HOXB3,0.8917,0.0117
HOXB4,0.0598,0.0183
HOXB5,0.6959,0.0209
HOXB6,0.0007,0.0183
HOXB7,0.0003,0.0222
HOXB8,0.8475,0.0117
HOXB9,0.312,0.0065
HOXC10,0.1737,0.0078
HOXC11,0.0041,0.0039
HOXC12,0.0,0.0
HOXC13,0.4205,0.0026
HOXC4,0.1685,0.0183
HOXC5,0.0001,0.0144
HOXC6,0.5117,0.0196
HOXC8,0.1695,0.0078
HOXC9,0.013,0.0117
HOXD1,0.0032,0.0039
HOXD10,0.0629,0.0065
HOXD11,0.0011,0.0052
HOXD12,0.0003,0.0013
HOXD13,0.0086,0.0104
HOXD3,0.4405,0.0052
HOXD4,0.0054,0.017
HOXD8,0.1054,0.0013
HOXD9,0.017,0.0065
HP,0.0,0.0718
HP1BP3,0.9842,0.0013
HPCA,0.6783,0.0078
HPCAL1,0.891,0.0
HPCAL4,0.0,0.0013
HPD,0.0005,0.017
HPDL,0.0,0.0104
HPF1,0.0,0.0117
HPGD,0.0,0.0052
HPGDS,0.0,0.0953
HPN,0.9991,0.0065
HPR,0.0,0.0405
HPRT1,0.9373,0.0979
HPS1,0.0,0.017
HPS3,0.0,0.0209
HPS4,0.0001,0.0209
HPS5,0.0,0.0209
HPS6,0.0003,0.0183
HPSE,0.0,0.0052
HPSE2,0.0002,0.0052
HPX,0.0,0.0627
HR,0.0,0.0
HRAS,0.0798,0.2167
HRASLS,0.0003,0.0
HRASLS2,0.0001,0.0
HRASLS5,0.0,0.0
HRC,0.0,0.0065
HRCT1,0.0,0.0
HRG,0.0,0.0444
HRH1,0.0,0.0104
HRH2,0.1217,0.0078
HRH3,0.0408,0.0065
HRH4,0.0,0.0026
HRK,0.3603,0.0183
HRNR,0.0004,0.0078
HROB,0.0,0.0013
HRSP12,0.0679,0.0
HS1BP3,0.0,0.0026
HS2ST1,0.5447,0.0196
HS2ST1-2,0.0,0.0026
HS3ST1,0.0044,0.0091
HS3ST2,0.1003,0.0039
HS3ST3A1,0.0136,0.0052
HS3ST3B1,0.2935,0.0052
HS3ST4,0.7957,0.0026
HS3ST5,0.1662,0.0026
HS3ST6,0.436,0.0013
HS6ST1,0.9235,0.0104
HS6ST2,0.001,0.0026
HS6ST3,0.99,0.0
HSA-MIR-1199,0.0007,0.0
HSA-MIR-150,0.0553,0.0
HSBP1,0.2335,0.0039
HSBP1L1,0.0478,0.0
HSCB,0.0035,0.0379
HSD11B1,0.417,0.0326
HSD11B1L,0.0003,0.0196
HSD11B2,0.1178,0.03
HSD17B1,0.0001,0.0457
HSD17B10,0.936,0.0522
HSD17B11,0.0,0.0
HSD17B12,0.0004,0.0405
HSD17B13,0.0,0.0039
HSD17B14,0.0,0.0039
HSD17B2,0.0,0.0418
HSD17B3,0.0,0.0548
HSD17B4,0.0,0.0587
HSD17B6,0.3481,0.0535
HSD17B7,0.0,0.0548
HSD17B8,0.0,0.0483
HSD3B1,0.0,0.0862
HSD3B2,0.0,0.0744
HSD3B7,0.0,0.0248
HSDL1,0.0034,0.0013
HSDL2,0.0001,0.0927
HSF1,0.7476,0.0692
HSF2,0.9754,0.0039
HSF2BP,0.0,0.0039
HSF4,0.0,0.0157
HSF5,0.9825,0.0
HSFX4,0.0,0.0013
HSFY1,0.0,0.0157
HSH2D,0.0,0.0078
HSP90AA1,0.8602,0.47
HSP90AB1,0.9992,0.4008
HSP90B1,0.9972,0.1214
HSPA12A,0.9844,0.0196
HSPA12B,0.0005,0.0183
HSPA13,0.0169,0.0222
HSPA14,0.6736,0.0313
HSPA14-2,0.0,0.0052
HSPA1A,0.0302,0.0666
HSPA1B,0.0053,0.0979
HSPA1L,0.0,0.0627
HSPA2,0.0486,0.0966
HSPA4,0.9995,0.3185
HSPA4L,0.0,0.0431
HSPA5,0.7734,0.2128
HSPA6,0.0,0.0535
HSPA8,0.9986,0.265
HSPA9,0.9685,0.1997
HSPB1,0.0,0.0692
HSPB11,0.002,0.0352
HSPB2,0.0003,0.0522
HSPB3,0.0001,0.047
HSPB6,0.0887,0.017
HSPB7,0.0163,0.0078
HSPB8,0.0431,0.0548
HSPB9,0.0,0.0026
HSPBAP1,0.0,0.0065
HSPBP1,0.0572,0.1958
HSPD1,0.9926,0.1018
HSPE1,0.8038,0.064
HSPE1-MOB4,0.9709,0.0039
HSPG2,0.0,0.1018
HSPH1,0.9982,0.0522
HTATIP2,0.0,0.0405
HTATSF1,0.9974,0.0731
HTD2,0.0,0.0091
HTN1,0.0423,0.0078
HTN3,0.0,0.0091
HTR1A,0.1996,0.047
HTR1B,0.1895,0.0418
HTR1D,0.0006,0.0274
HTR1E,0.2934,0.0261
HTR1F,0.0047,0.0222
HTR2A,0.5112,0.0379
HTR2B,0.0,0.0248
HTR2C,0.037,0.0287
HTR3A,0.0,0.0496
HTR3B,0.0,0.0078
HTR3C,0.0,0.0052
HTR3D,0.0,0.0052
HTR3E,0.0,0.0065
HTR4,0.0247,0.0052
HTR5A,0.0063,0.0183
HTR5A-AS1,0.0001,0.0
HTR6,0.0002,0.0183
HTR7,0.0454,0.0326
HTRA1,0.0005,0.0091
HTRA2,0.0036,0.0431
HTRA3,0.0,0.0
HTRA4,0.0,0.0039
HTT,1.0,0.1815
HUNK,0.9959,0.0
HUS1,0.0,0.0601
HUS1B,0.0,0.0078
HUWE1,1.0,0.0431
HVCN1,0.6273,0.0
HYAL1,0.0002,0.0091
HYAL2,0.1868,0.0144
HYAL3,0.0,0.0052
HYAL4,0.0,0.0039
HYDIN,0.0,0.0274
HYI,0.0,0.0
HYKK,0.0,0.0104
HYLS1,0.0,0.0039
HYOU1,0.861,0.0522
HYPK,0.0366,0.0104
IAH1,0.0034,0.017
IAPP,0.0032,0.047
IARS,0.0,0.0
IARS1,0.0,0.0614
IARS2,0.0813,0.0535
IBA57,0.0084,0.0392
IBA57-AS1,0.0,0.0
IBSP,0.0,0.0379
IBTK,0.0022,0.0039
ICA1,0.001,0.0052
ICA1L,0.0008,0.0013
ICAM1,0.0353,0.1854
ICAM2,0.0008,0.0235
ICAM3,0.0,0.0144
ICAM4,0.0,0.0078
ICAM5,0.0021,0.0026
ICE1,0.0,0.047
ICE2,0.0,0.0509
ICK,0.0,0.0183
ICMT,0.7938,0.0065
ICOS,0.0313,0.1084
ICOSLG,0.0004,0.0326
ICT1,0.0,0.0
ID1,0.0003,0.0196
ID2,0.6694,0.0222
ID3,0.7218,0.0065
ID4,0.0312,0.0131
IDE,0.0066,0.0339
IDH1,0.0,0.1136
IDH2,0.8827,0.1018
IDH3A,0.157,0.0666
IDH3B,0.0,0.0744
IDH3G,0.0852,0.0601
IDI1,0.0,0.0405
IDI2,0.0,0.0366
IDNK,0.3932,0.0117
IDO1,0.0,0.0757
IDO2,0.0,0.0496
IDS,0.9964,0.0078
IDUA,0.0,0.0183
IER2,0.7677,0.0091
IER3,0.6312,0.0078
IER3IP1,0.0234,0.0026
IER5,0.8687,0.0026
IER5L,0.5538,0.0
IFFO1,0.0001,0.0026
IFFO2,0.7262,0.0
IFI16,0.0,0.0431
IFI27,0.0107,0.0379
IFI27L1,0.0662,0.0
IFI27L2,0.0001,0.0
IFI30,0.0,0.0039
IFI35,0.0,0.2572
IFI44,0.0,0.0627
IFI44L,0.0,0.0666
IFI6,0.0137,0.047
IFIH1,0.0,0.1423
IFIT1,0.0003,0.0809
IFIT1B,0.0,0.0091
IFIT2,0.251,0.0653
IFIT3,0.1173,0.0796
IFIT5,0.0001,0.0405
IFITM1,0.1357,0.0444
IFITM10,0.1571,0.0
IFITM2,0.0052,0.0091
IFITM3,0.0305,0.0418
IFITM5,0.0,0.0052
IFLTD1,0.0,0.0
IFNA1,0.0,0.1684
IFNA10,0.0,0.047
IFNA13,0.0,0.0379
IFNA14,0.0,0.0535
IFNA16,0.0,0.047
IFNA17,0.0,0.0731
IFNA2,0.0,0.1031
IFNA21,0.0,0.0483
IFNA4,0.0,0.0574
IFNA5,0.0,0.0522
IFNA6,0.0,0.0418
IFNA7,0.0,0.047
IFNA8,0.0,0.0431
IFNAR1,0.0,0.1044
IFNAR2,0.0,0.0731
IFNB1,0.0,0.1749
IFNE,0.0147,0.0144
IFNG,0.4716,0.3956
IFNGR1,0.0155,0.1018
IFNGR2,0.9528,0.0326
IFNK,0.0,0.0144
IFNL1,0.0003,0.0614
IFNL2,0.0,0.0379
IFNL3,0.0,0.0457
IFNLR1,0.0625,0.0535
IFNW1,0.0,0.0091
IFRD1,0.0012,0.0731
IFRD2,0.0,0.0705
IFRG15,0.439,0.0
IFT122,0.0,0.0522
IFT140,0.0,0.0418
IFT172,0.0,0.0444
IFT20,0.103,0.0457
IFT22,0.0,0.0313
IFT27,0.0,0.0366
IFT43,0.0,0.0326
IFT46,0.1682,0.0379
IFT52,0.0,0.0405
IFT57,0.0,0.0352
IFT74,0.0,0.0418
IFT80,0.0,0.0352
IFT81,0.0,0.0339
IFT88,0.0,0.0888
IGBP1,0.9827,0.03
IGDCC3,0.0,0.0013
IGDCC4,0.0,0.0
IGF1,0.2716,0.2063
IGF1R,0.968,0.1971
IGF2,0.0441,0.1057
IGF2BP1,0.9993,0.0627
IGF2BP2,0.2386,0.047
IGF2BP3,1.0,0.0379
IGF2R,1.0,0.0509
IGFALS,0.0,0.0078
IGFBP1,0.0009,0.0222
IGFBP2,0.119,0.0183
IGFBP3,0.9103,0.047
IGFBP4,0.0231,0.0104
IGFBP5,0.9628,0.0183
IGFBP6,0.0291,0.0131
IGFBP7,0.0013,0.0248
IGFBPL1,0.0,0.0
IGFL1,0.0,0.0013
IGFL2,0.0008,0.0
IGFL3,0.012,0.0013
IGFL4,0.0012,0.0
IGFLR1,0.0,0.0026
IGFN1,0.0,0.0
IGHD,0.0,0.0131
IGHMBP2,0.0,0.0091
IGHV1-3,0.0,0.017
IGHV3-11,0.0,0.0131
IGHV3-15,0.0,0.0117
IGHV3-16,0.0,0.1671
IGHV3-43D,0.0,0.111
IGHV3-72,0.0,0.0104
IGHV3OR16-9,0.0,0.0078
IGIP,0.3779,0.0
IGJ,0.0338,0.0
IGKV1-33,0.0,0.0392
IGKV1D-33,0.0,0.0366
IGKV2-40,0.0,0.0117
IGKV2D-28,0.0,0.0235
IGKV2D-29,0.0,0.0274
IGKV2D-40,0.0,0.0131
IGLL1,0.0139,0.0248
IGLL5,0.0,0.0966
IGLON5,0.4027,0.0131
IGLV10-54,0.0,0.0392
IGSF1,0.9999,0.0013
IGSF10,0.0,0.0
IGSF11,0.001,0.0013
IGSF21,0.2091,0.0
IGSF22,0.0,0.0
IGSF23,0.0097,0.0
IGSF3,0.2647,0.0013
IGSF5,0.0,0.0091
IGSF6,0.0015,0.0026
IGSF8,0.0,0.0052
IGSF9,0.0,0.0
IGSF9B,0.8655,0.0013
IHH,0.314,0.0522
IK,0.0,0.0979
IKBIP,0.0,0.0039
IKBKAP,0.0,0.0
IKBKB,0.9919,0.171
IKBKE,0.009,0.0757
IKBKG,0.0849,0.1697
IKZF1,0.9986,0.0535
IKZF2,0.9873,0.0013
IKZF3,0.9842,0.0222
IKZF4,0.8976,0.0052
IKZF5,0.7796,0.0039
IL10,0.0059,0.3303
IL10RA,0.0178,0.0822
IL10RB,0.0,0.0796
IL11,0.0003,0.0809
IL11RA,0.0,0.0405
IL12A,0.0475,0.0222
IL12B,0.0001,0.0287
IL12RB1,0.0,0.0783
IL12RB2,0.0,0.064
IL13,0.0144,0.1645
IL13RA1,0.9633,0.0574
IL13RA2,0.0,0.0496
IL15,0.7086,0.1384
IL15RA,0.0,0.0183
IL16,0.0,0.0183
IL17A,0.043,0.1606
IL17B,0.0336,0.0078
IL17C,0.0001,0.0104
IL17D,0.198,0.0274
IL17F,0.0392,0.047
IL17RA,0.0004,0.0366
IL17RB,0.0,0.0248
IL17RC,0.0,0.0196
IL17RD,0.0,0.0183
IL17RE,0.0,0.0131
IL17REL,0.0019,0.0
IL18,0.0307,0.1123
IL18BP,0.0,0.0065
IL18R1,0.0,0.0248
IL18RAP,0.0022,0.0131
IL19,0.0,0.0405
IL1A,0.0002,0.1802
IL1B,0.13,0.3903
IL1F10,0.0,0.0183
IL1R1,0.1513,0.0849
IL1R2,0.0,0.0131
IL1RAP,0.2585,0.03
IL1RAPL1,0.9989,0.0144
IL1RAPL2,0.9842,0.0013
IL1RL1,0.0,0.0235
IL1RL2,0.0,0.0157
IL1RN,0.0309,0.0313
IL2,0.4797,0.2689
IL20,0.0,0.0078
IL20RA,0.0271,0.0392
IL20RB,0.0,0.0366
IL21,0.6254,0.0352
IL21R,0.9983,0.064
IL22,0.0002,0.1097
IL22RA1,0.0057,0.0561
IL22RA2,0.0,0.0339
IL23A,0.3581,0.0457
IL23R,0.0006,0.0679
IL24,0.0,0.0457
IL25,0.0009,0.0209
IL26,0.0005,0.0261
IL27,0.7823,0.0157
IL27RA,0.0,0.0574
IL2RA,0.0547,0.1305
IL2RB,0.2909,0.0953
IL2RG,0.9915,0.094
IL3,0.0,0.1149
IL31,0.0114,0.0183
IL31RA,0.0,0.0065
IL32,0.0,0.0131
IL33,0.0,0.0601
IL34,0.5544,0.0091
IL36A,0.0298,0.0065
IL36B,0.0033,0.0091
IL36G,0.0001,0.0065
IL36RN,0.0,0.0144
IL37,0.0001,0.0144
IL3RA,0.0,0.0901
IL4,0.0047,0.2285
IL4I1,0.004,0.077
IL4R,0.0002,0.0875
IL5,0.0057,0.1292
IL5RA,0.0,0.0509
IL6,0.3154,0.4909
IL6R,0.0,0.1266
IL6ST,0.9998,0.0731
IL7,0.9257,0.1319
IL7R,0.0,0.1593
IL8,0.0003,0.0
IL9,0.0,0.1005
IL9R,0.0,0.0274
ILDR1,0.0,0.0013
ILDR2,0.9538,0.0013
ILF2,0.9965,0.0666
ILF3,1.0,0.0888
ILK,0.0,0.0692
ILKAP,0.9812,0.0039
ILVBL,0.0,0.0313
IMMP1L,0.0,0.0091
IMMP2L,0.0112,0.0078
IMMT,0.0133,0.0666
IMP3,0.0,0.4178
IMP4,0.0,0.2298
IMPA1,0.0005,0.017
IMPA2,0.0011,0.0196
IMPACT,0.0,0.0091
IMPAD1,0.0153,0.0144
IMPDH1,0.0,0.0836
IMPDH2,0.0,0.0574
IMPG1,0.0,0.0026
IMPG2,0.0,0.0339
INA,0.0,0.0117
INADL,0.0,0.0
INAVA,0.0,0.0039
INCA1,0.0,0.0013
INCENP,0.886,0.0836
INF2,0.9735,0.0222
ING1,0.0097,0.0561
ING2,0.7293,0.0705
ING3,0.9993,0.0875
ING4,0.029,0.047
ING5,0.6185,0.0209
INHA,0.0065,0.0117
INHBA,0.9798,0.0209
INHBB,0.9729,0.0196
INHBC,0.0001,0.0104
INHBE,0.0,0.0104
INIP,0.0327,0.0117
INKA1,0.0,0.0026
INMT,0.0033,0.0091
INO80,1.0,0.0666
INO80B,0.7586,0.0692
INO80C,0.0004,0.064
INO80C-2,0.0,0.0091
INO80D,0.9996,0.0287
INO80E,0.0087,0.03
INPP1,0.0,0.0287
INPP4A,0.9995,0.0457
INPP4B,0.5522,0.0444
INPP5A,0.9812,0.0339
INPP5B,0.0,0.0431
INPP5D,0.972,0.0561
INPP5E,0.0031,0.0366
INPP5F,0.0,0.0561
INPP5J,0.0,0.017
INPP5K,0.0,0.0157
INPPL1,0.0023,0.0522
INS,0.3009,0.3995
INS-IGF2,0.0558,0.0104
INSC,0.0,0.0039
INSIG1,0.0013,0.0352
INSIG2,0.06,0.0157
INSL3,0.0158,0.0248
INSL4,0.0001,0.0065
INSL5,0.136,0.0117
INSL6,0.0,0.0065
INSM1,0.2689,0.0117
INSM2,0.8818,0.0078
INSR,0.0,0.1031
INSRR,0.0,0.0196
INSYN1,0.0,0.0026
INSYN2A,0.0,0.0013
INTS1,0.0,0.0548
INTS10,1.0,0.0222
INTS11,0.0,0.0561
INTS12,0.7537,0.0248
INTS13,0.0,0.0209
INTS14,0.0,0.0196
INTS2,0.997,0.0483
INTS3,0.9997,0.0587
INTS4,0.0,0.047
INTS5,0.5135,0.0561
INTS6,1.0,0.0574
INTS6L,0.0,0.0144
INTS7,0.0,0.0431
INTS8,0.9439,0.0431
INTS9,0.0,0.0548
INTU,0.0,0.0091
INVS,0.0,0.03
IP6K1,0.9267,0.0131
IP6K2,0.973,0.0091
IP6K3,0.0,0.0091
IPCEF1,0.0016,0.0078
IPMK,0.9626,0.03
IPO11,0.0017,0.0183
IPO13,1.0,0.0274
IPO4,0.0,0.0809
IPO5,1.0,0.0379
IPO7,1.0,0.0235
IPO8,0.2344,0.0274
IPO9,0.9999,0.0379
IPP,0.0,0.0026
IPPK,0.8741,0.0091
IQCA1,0.0,0.0
IQCB1,0.0,0.0339
IQCC,0.0,0.0026
IQCD,0.0,0.0
IQCE,0.0,0.0091
IQCF1,0.0011,0.0
IQCF2,0.0012,0.0
IQCF3,0.0004,0.0
IQCF5,0.0116,0.0013
IQCF6,0.0077,0.0
IQCG,0.0,0.0065
IQCH,0.0,0.0013
IQCJ,0.0007,0.0026
IQCJ-SCHIP1,0.0273,0.0052
IQCK,0.0,0.0013
IQGAP1,0.9975,0.1031
IQGAP2,0.0,0.0209
IQGAP3,0.0,0.0209
IQSEC1,0.9997,0.0104
IQSEC2,1.0,0.0065
IQSEC3,0.0039,0.0039
IQUB,0.0,0.0
IRAK1,0.9877,0.0992
IRAK1BP1,0.0,0.0
IRAK2,0.0,0.0418
IRAK3,0.0,0.0209
IRAK4,0.0,0.0718
IREB2,0.9999,0.0457
IRF1,0.9909,0.1123
IRF2,0.7979,0.0326
IRF2BP1,0.9902,0.0065
IRF2BP2,0.8456,0.0065
IRF2BPL,0.8362,0.0065
IRF3,0.0001,0.1332
IRF4,0.8568,0.0574
IRF5,0.009,0.03
IRF6,0.9996,0.0104
IRF7,0.0,0.1384
IRF8,0.9481,0.047
IRF9,0.6077,0.0953
IRG1,0.0,0.0
IRGC,0.0473,0.0
IRGM,0.0,0.0157
IRGQ,0.0038,0.0
IRS1,0.0236,0.1645
IRS2,0.9903,0.0783
IRS4,0.578,0.0496
IRS4-2,0.0,0.0104
IRX1,0.0005,0.0039
IRX2,0.0218,0.0
IRX3,0.8917,0.0078
IRX4,0.0115,0.0039
IRX5,0.9747,0.0052
IRX6,0.0,0.0052
ISCA1,0.1709,0.0313
ISCA2,0.0,0.0235
ISCU,0.0415,0.0509
ISG15,0.4053,0.1697
ISG20,0.0029,0.0287
ISG20L2,0.0878,0.0
ISL1,0.8686,0.0561
ISL2,0.1115,0.0183
ISLR,0.0186,0.0
ISLR2,0.111,0.0
ISM1,0.0063,0.0013
ISM2,0.0,0.0039
ISOC1,0.0,0.0039
ISOC2,0.0,0.0052
ISPD,0.0003,0.0
IST1,0.0046,0.0352
ISX,0.0,0.0026
ISY1,0.9999,0.0757
ISY1-RAB43,0.9997,0.0849
ISYNA1,0.0,0.0131
ITCH,1.0,0.0757
ITFG1,0.0712,0.0013
ITFG2,0.0,0.0287
ITFG3,0.0,0.0
ITGA1,0.0,0.0992
ITGA10,0.0,0.0718
ITGA11,0.0,0.0901
ITGA2,0.0,0.1319
ITGA2B,0.0,0.1266
ITGA3,0.0,0.1018
ITGA4,0.0001,0.1201
ITGA5,0.4245,0.1305
ITGA6,0.0,0.1031
ITGA7,0.0,0.0849
ITGA8,0.0,0.094
ITGA9,0.0082,0.0718
ITGAD,0.0,0.0104
ITGAE,0.0,0.0548
ITGAL,0.0043,0.0927
ITGAM,0.0,0.218
ITGAV,0.0002,0.1305
ITGAX,0.0,0.158
ITGB1,0.9821,0.265
ITGB1BP1,0.0001,0.0117
ITGB1BP2,0.0,0.0078
ITGB2,0.0,0.1802
ITGB3,0.0017,0.1645
ITGB3BP,0.0,0.0548
ITGB4,0.0,0.1188
ITGB5,0.0,0.1123
ITGB6,0.0,0.1084
ITGB7,0.0,0.094
ITGB8,0.9977,0.0875
ITGBL1,0.0,0.0026
ITIH1,0.0,0.0052
ITIH2,0.0,0.0183
ITIH3,0.0,0.0091
ITIH4,0.0,0.0548
ITIH5,0.0,0.0013
ITIH6,0.0,0.0
ITK,0.0,0.0744
ITLN1,0.0,0.0117
ITLN2,0.0,0.0026
ITM2A,0.1966,0.0
ITM2B,0.6259,0.0026
ITM2C,0.7042,0.0026
ITPA,0.0,0.124
ITPK1,0.9939,0.0157
ITPKA,0.6493,0.0287
ITPKB,0.9999,0.0222
ITPKC,0.1524,0.0183
ITPR1,1.0,0.1279
ITPR2,0.0,0.064
ITPR3,0.0,0.1057
ITPRID2,0.0,0.0013
ITPRIP,0.0,0.0013
ITPRIPL1,0.0,0.0
ITPRIPL2,0.0002,0.0013
ITSN1,1.0,0.0862
ITSN2,0.0,0.0614
IVD,0.0,0.0261
IVL,0.0,0.0496
IVNS1ABP,0.9944,0.0078
IWS1,0.9973,0.0431
IYD,0.0041,0.0248
IZUMO1,0.0,0.0131
IZUMO1R,0.0,0.0026
IZUMO2,0.0,0.0039
IZUMO3,0.0,0.0052
IZUMO4,0.0,0.0039
J3KR12_HUMAN,0.0,0.0013
J3QRE1_HUMAN,0.0,0.0013
JADE1,0.9989,0.0091
JADE2,0.9999,0.0078
JADE3,0.9998,0.0052
JAG1,1.0,0.047
JAG2,1.0,0.0339
JAGN1,0.0074,0.0
JAK1,1.0,0.1945
JAK2,0.6537,0.2742
JAK3,0.0,0.158
JAKMIP1,0.9999,0.0026
JAKMIP2,1.0,0.0
JAKMIP3,0.067,0.0
JAM2,0.0062,0.0144
JAM3,0.0006,0.03
JAML,0.0,0.0052
JARID2,1.0,0.0666
JAZF1,0.8958,0.0235
JCAD,0.0,0.0013
JCHAIN,0.0,0.0274
JDP2,0.3592,0.0131
JKAMP,0.0765,0.0026
JMJD1C,1.0,0.0117
JMJD4,0.0,0.0131
JMJD6,0.9335,0.0144
JMJD7,0.0001,0.0
JMJD7-PLA2G4B,0.0,0.017
JMJD8,0.0,0.0013
JMY,0.9603,0.0065
JOSD1,0.0446,0.0117
JOSD2,0.0002,0.0131
JPH1,0.7673,0.0078
JPH2,0.0,0.0131
JPH3,0.9986,0.0117
JPH4,0.9995,0.0117
JPT1,0.0,0.0013
JPT2,0.0,0.0013
JRK,0.0,0.0013
JRKL,0.0002,0.0
JSRP1,0.0,0.0039
JTB,0.4243,0.0
JUN,0.0596,0.3329
JUNB,0.863,0.0483
JUND,0.7005,0.0483
JUP,0.0008,0.0601
K7EMT4_HUMAN,0.0,0.0313
K7ERJ3_HUMAN,0.0,0.0026
KAAG1,0.2872,0.0013
KAL1,0.9979,0.0
KALRN,1.0,0.0261
KANK1,0.0,0.0144
KANK2,0.045,0.0039
KANK3,0.0,0.0
KANK4,0.0,0.0052
KANSL1,0.9997,0.0796
KANSL1L,0.6568,0.0065
KANSL2,0.8797,0.0444
KANSL3,1.0,0.0444
KARS,0.0,0.0
KARS1,0.0,0.1031
KAT14,0.0,0.0444
KAT2A,0.5733,0.1632
KAT2B,0.9898,0.2245
KAT5,0.0882,0.188
KAT6A,1.0,0.0601
KAT6B,1.0,0.0457
KAT7,1.0,0.0379
KAT8,0.2249,0.0849
KATNA1,0.0,0.0078
KATNAL1,0.5317,0.0039
KATNAL2,0.0,0.0196
KATNB1,0.0,0.0144
KATNBL1,0.7255,0.0039
KAZALD1,0.0,0.0
KAZN,0.5967,0.0026
KB-1507C5.2,0.3643,0.0
KB-1980E6.3,0.0814,0.0
KBTBD11,0.0624,0.0
KBTBD12,0.0,0.0
KBTBD13,0.0,0.0117
KBTBD2,0.998,0.0013
KBTBD3,0.0,0.0
KBTBD4,0.2973,0.0013
KBTBD6,0.9728,0.0457
KBTBD7,0.0,0.0457
KBTBD8,0.0,0.047
KCMF1,0.9772,0.0026
KCNA1,0.076,0.0352
KCNA10,0.0008,0.0052
KCNA2,0.9107,0.0352
KCNA3,0.8939,0.0248
KCNA4,0.9833,0.0235
KCNA5,0.0011,0.03
KCNA6,0.4973,0.0117
KCNA7,0.1423,0.0104
KCNAB1,0.0423,0.0366
KCNAB2,0.7998,0.0418
KCNAB3,0.0,0.03
KCNB1,0.9998,0.0196
KCNB2,0.9961,0.0104
KCNC1,0.9896,0.0248
KCNC2,0.1891,0.0078
KCNC3,0.2057,0.0131
KCNC4,0.0045,0.0131
KCND1,0.2554,0.0117
KCND2,0.0125,0.0366
KCND3,0.9897,0.0405
KCNE1,0.0034,0.0313
KCNE1B,0.0,0.0065
KCNE1L,0.1185,0.0
KCNE2,0.0001,0.0287
KCNE3,0.4682,0.0431
KCNE4,0.2441,0.0183
KCNE5,0.0,0.0235
KCNF1,0.2459,0.0091
KCNG1,0.0262,0.0131
KCNG2,0.6018,0.0026
KCNG3,0.2717,0.0013
KCNG4,0.0,0.0078
KCNH1,0.5463,0.0131
KCNH1-2,0.0,0.0039
KCNH2,0.9959,0.0457
KCNH3,0.9992,0.0026
KCNH4,0.9998,0.0
KCNH5,0.0197,0.0
KCNH6,0.0,0.0065
KCNH7,0.2818,0.0026
KCNH8,0.0,0.0026
KCNIP1,0.0042,0.0144
KCNIP2,0.0154,0.0144
KCNIP3,0.0376,0.0117
KCNIP4,0.8206,0.0117
KCNJ1,0.0,0.0287
KCNJ10,0.1502,0.0131
KCNJ11,0.0109,0.0483
KCNJ12,0.0542,0.0196
KCNJ13,0.0137,0.0052
KCNJ14,0.0,0.0131
KCNJ15,0.1131,0.0026
KCNJ16,0.0,0.0065
KCNJ18,0.0,0.017
KCNJ2,0.3065,0.0392
KCNJ3,0.9911,0.0366
KCNJ4,0.9649,0.0196
KCNJ5,0.0003,0.0483
KCNJ6,0.5406,0.0379
KCNJ8,0.3796,0.0157
KCNJ9,0.3013,0.0352
KCNK1,0.0312,0.0078
KCNK10,0.0031,0.0065
KCNK12,0.9185,0.0052
KCNK13,0.0526,0.0078
KCNK15,0.0334,0.0026
KCNK16,0.0001,0.0026
KCNK17,0.0,0.0039
KCNK18,0.0014,0.0183
KCNK2,0.0191,0.0144
KCNK3,0.9002,0.017
KCNK4,0.0057,0.0091
KCNK5,0.3252,0.0104
KCNK6,0.0021,0.0026
KCNK7,0.0,0.0052
KCNK9,0.9552,0.0091
KCNMA1,0.9973,0.0352
KCNMB1,0.0,0.0274
KCNMB2,0.5544,0.0209
KCNMB3,0.0,0.0196
KCNMB4,0.9385,0.0222
KCNN1,0.8541,0.017
KCNN2,0.991,0.0287
KCNN3,0.9723,0.0287
KCNN4,0.0,0.0431
KCNQ1,0.0,0.0731
KCNQ2,1.0,0.0587
KCNQ3,0.8009,0.0392
KCNQ4,0.468,0.0248
KCNQ5,0.9801,0.0405
KCNRG,0.0,0.0026
KCNS1,0.1118,0.0065
KCNS2,0.059,0.0026
KCNS3,0.0012,0.0078
KCNT1,0.0,0.0078
KCNT2,0.0417,0.0
KCNU1,0.0,0.0274
KCNV1,0.978,0.0052
KCNV2,0.0,0.0052
KCP,0.0,0.0013
KCTD1,0.8554,0.0065
KCTD10,0.8625,0.0522
KCTD11,0.0055,0.0039
KCTD12,0.0617,0.0026
KCTD13,0.0009,0.0601
KCTD14,0.0022,0.0
KCTD15,0.0355,0.017
KCTD16,0.9933,0.0013
KCTD17,0.0177,0.0457
KCTD18,0.0,0.0
KCTD19,0.0,0.0809
KCTD2,0.2012,0.0261
KCTD20,0.0009,0.0013
KCTD21,0.0031,0.0013
KCTD3,0.1013,0.0078
KCTD4,0.0031,0.0
KCTD5,0.0543,0.0091
KCTD6,0.0169,0.0026
KCTD7,0.0006,0.0157
KCTD8,0.0004,0.0
KCTD9,0.0617,0.0039
KDELC1,0.0,0.0
KDELC2,0.0,0.0
KDELR1,0.8811,0.0287
KDELR2,0.167,0.0131
KDELR3,0.0,0.0052
KDF1,0.0,0.0013
KDM1A,0.9967,0.1971
KDM1B,0.0014,0.0287
KDM2A,1.0,0.0157
KDM2B,1.0,0.047
KDM3A,1.0,0.0457
KDM3B,1.0,0.0235
KDM4A,1.0,0.0757
KDM4B,1.0,0.0366
KDM4C,0.0,0.0183
KDM4D,0.432,0.0052
KDM4E,0.5131,0.0
KDM5A,1.0,0.0561
KDM5B,0.0,0.0379
KDM5C,1.0,0.0444
KDM5D,0.9279,0.0352
KDM6A,1.0,0.1201
KDM6B,1.0,0.0849
KDM7A,0.9999,0.0104
KDM8,0.0,0.0065
KDR,0.9998,0.2023
KDSR,0.1166,0.0274
KEAP1,0.0004,0.1305
KEL,0.0,0.017
KERA,0.0,0.0131
KHDC1,0.0,0.0039
KHDC1L,0.0863,0.0039
KHDC3L,0.1233,0.0104
KHDRBS1,0.9942,0.0966
KHDRBS2,0.0385,0.0091
KHDRBS3,0.4424,0.0104
KHK,0.0,0.0235
KHNYN,0.0,0.0039
KHSRP,1.0,0.0627
KIAA0020,0.0,0.0
KIAA0040,0.201,0.0
KIAA0087,0.0034,0.0
KIAA0100,0.0,0.0
KIAA0101,0.1628,0.0
KIAA0125,0.0009,0.0
KIAA0141,0.0,0.0
KIAA0195,0.0,0.0
KIAA0196,0.0,0.0
KIAA0226,0.0,0.0
KIAA0226L,0.0,0.0
KIAA0232,1.0,0.0
KIAA0247,0.6327,0.0
KIAA0319,0.0,0.0117
KIAA0319L,0.0012,0.0013
KIAA0355,0.9729,0.0013
KIAA0368,1.0,0.0
KIAA0391,0.0,0.0
KIAA0408,0.0,0.0026
KIAA0430,1.0,0.0
KIAA0513,0.2347,0.0052
KIAA0556,0.0,0.0013
KIAA0586,0.0,0.0065
KIAA0753,0.0,0.0078
KIAA0754,0.0855,0.0
KIAA0825,0.0,0.0
KIAA0895,0.0,0.0
KIAA0895L,0.0019,0.0026
KIAA0907,0.9692,0.0
KIAA0922,0.9597,0.0
KIAA0930,0.0001,0.0026
KIAA0947,1.0,0.0
KIAA1009,0.0,0.0
KIAA1024,0.0,0.0
KIAA1024L,0.0013,0.0
KIAA1033,0.0,0.0
KIAA1045,0.07,0.0
KIAA1107,0.1656,0.0
KIAA1109,0.0,0.0026
KIAA1143,0.008,0.0013
KIAA1147,0.0003,0.0
KIAA1161,0.0,0.0
KIAA1191,0.0,0.0
KIAA1199,0.0,0.0
KIAA1210,0.0091,0.0
KIAA1211,0.0001,0.0
KIAA1211L,0.9969,0.0
KIAA1217,0.0002,0.0026
KIAA1239,0.9839,0.0
KIAA1244,1.0,0.0
KIAA1257,0.0,0.0013
KIAA1279,0.0757,0.0
KIAA1324,0.0,0.0013
KIAA1324L,0.0,0.0
KIAA1328,0.0,0.0131
KIAA1377,0.0,0.0
KIAA1407,0.0,0.0
KIAA1429,0.9944,0.0
KIAA1430,0.0001,0.0
KIAA1432,0.0012,0.0
KIAA1456,0.0,0.0
KIAA1462,0.003,0.0
KIAA1467,0.0253,0.0
KIAA1468,0.9999,0.0
KIAA1522,0.0269,0.0039
KIAA1524,0.0,0.0
KIAA1549,0.9861,0.0078
KIAA1549L,0.0,0.0039
KIAA1551,0.0093,0.0
KIAA1586,0.0,0.0
KIAA1598,0.0386,0.0
KIAA1614,0.0,0.0078
KIAA1644,0.0398,0.0
KIAA1671,0.8238,0.0013
KIAA1683,0.0,0.0
KIAA1715,0.0006,0.0
KIAA1731,0.0,0.0
KIAA1755,0.0,0.0
KIAA1841,0.0,0.0039
KIAA1875,0.0,0.0
KIAA1919,0.0,0.0
KIAA1958,0.0112,0.0
KIAA2012,0.0,0.0339
KIAA2013,0.0098,0.0
KIAA2018,1.0,0.0
KIAA2022,0.9997,0.0
KIAA2026,0.6592,0.0013
KIDINS220,0.0736,0.0091
KIF11,1.0,0.1854
KIF12,0.0,0.0013
KIF13A,1.0,0.0039
KIF13B,0.0,0.0117
KIF14,0.0,0.0914
KIF15,0.0,0.1097
KIF16B,0.0,0.0013
KIF17,0.0,0.0352
KIF18A,0.0015,0.0979
KIF18B,0.0023,0.0496
KIF19,0.0,0.0091
KIF1A,1.0,0.0326
KIF1B,1.0,0.0131
KIF1C,0.7177,0.0131
KIF20A,0.0,0.1345
KIF20B,0.0,0.0366
KIF21A,0.0,0.0131
KIF21B,0.0,0.0026
KIF22,0.0,0.0496
KIF23,1.0,0.1292
KIF24,0.0,0.0039
KIF25,0.0,0.0065
KIF26A,0.0005,0.0026
KIF26B,1.0,0.0026
KIF27,0.0,0.0104
KIF2A,1.0,0.0444
KIF2B,0.0,0.0183
KIF2C,0.0,0.1423
KIF3A,0.8978,0.0522
KIF3B,0.0842,0.0248
KIF3C,0.9915,0.0091
KIF4A,1.0,0.1136
KIF4B,0.0,0.0078
KIF5A,1.0,0.0457
KIF5B,0.9943,0.0757
KIF5C,1.0,0.0392
KIF6,0.0,0.0013
KIF7,0.0,0.0222
KIF9,0.0,0.0026
KIFAP3,0.0,0.0379
KIFBP,0.0,0.0052
KIFC1,0.0007,0.0914
KIFC2,0.0,0.0091
KIFC3,0.0056,0.0235
KIN,0.0,0.0614
KIR2DL1,0.0,0.0444
KIR2DL3,0.0,0.0366
KIR2DL4,0.0423,0.0287
KIR3DL1,0.0,0.0496
KIR3DL2,0.0,0.03
KIR3DL3,0.0001,0.0339
KIRREL,0.9986,0.0
KIRREL1,0.0,0.0183
KIRREL2,0.0,0.0052
KIRREL3,0.9699,0.0078
KISS1,0.4904,0.0366
KISS1R,0.4365,0.03
KIT,0.9809,0.2258
KITLG,0.8502,0.0822
KIZ,0.0,0.0013
KL,0.0002,0.0561
KLB,0.0364,0.0379
KLC1,0.371,0.0614
KLC2,0.9751,0.0496
KLC3,0.0,0.03
KLC4,0.0012,0.0326
KLF1,0.0004,0.047
KLF10,0.0046,0.0026
KLF11,0.0,0.0065
KLF12,0.9807,0.0013
KLF13,0.4043,0.0026
KLF14,0.016,0.0
KLF15,0.4884,0.0117
KLF16,0.1952,0.0013
KLF17,0.0,0.0026
KLF2,0.5604,0.0222
KLF3,0.8296,0.0039
KLF4,0.9971,0.0627
KLF5,0.8181,0.0287
KLF6,0.9795,0.0078
KLF7,0.9818,0.0013
KLF8,0.0022,0.0026
KLF9,0.8878,0.0026
KLHDC1,0.0,0.0104
KLHDC10,0.9256,0.0248
KLHDC2,0.0265,0.0287
KLHDC3,0.9991,0.0287
KLHDC4,0.0,0.0
KLHDC7A,0.0,0.0
KLHDC7B,0.0,0.0
KLHDC8A,0.0,0.0013
KLHDC8B,0.0018,0.0
KLHDC9,0.0,0.0
KLHL1,0.0,0.0026
KLHL10,0.9785,0.0039
KLHL11,0.2013,0.0013
KLHL12,0.0303,0.0653
KLHL13,0.035,0.047
KLHL14,0.0535,0.0013
KLHL15,0.9942,0.0026
KLHL17,0.0,0.0013
KLHL18,0.0782,0.0013
KLHL2,0.9999,0.0496
KLHL20,0.0094,0.0496
KLHL21,0.0,0.0431
KLHL22,0.4242,0.0444
KLHL23,0.0042,0.0013
KLHL24,0.0017,0.0457
KLHL25,0.0,0.0444
KLHL26,0.0,0.0
KLHL28,0.0237,0.0026
KLHL29,0.9853,0.0013
KLHL3,0.9448,0.0496
KLHL30,0.0,0.0
KLHL31,0.0,0.0039
KLHL32,0.0093,0.0
KLHL33,0.0,0.0
KLHL34,0.0,0.0
KLHL35,0.0,0.0
KLHL36,0.807,0.0013
KLHL38,0.0,0.0
KLHL4,0.6628,0.0013
KLHL40,0.0,0.0535
KLHL41,0.0001,0.0653
KLHL42,0.0125,0.0444
KLHL5,0.0,0.0013
KLHL6,0.0,0.0026
KLHL7,0.0,0.0561
KLHL8,0.0,0.0431
KLHL9,0.8202,0.047
KLK1,0.0002,0.0052
KLK10,0.0,0.0052
KLK11,0.0008,0.0052
KLK12,0.0,0.0013
KLK13,0.0045,0.0026
KLK14,0.0,0.0052
KLK15,0.0152,0.0026
KLK2,0.0001,0.0196
KLK3,0.0,0.0352
KLK4,0.0,0.03
KLK5,0.007,0.0183
KLK6,0.006,0.0078
KLK7,0.0006,0.0157
KLK8,0.0001,0.0091
KLK9,0.0,0.0
KLKB1,0.0,0.0326
KLLN,0.0051,0.0
KLRB1,0.0,0.0574
KLRC1,0.0,0.0679
KLRC2,0.0,0.0522
KLRC3,0.0,0.0104
KLRC3-2,0.0,0.0209
KLRC4,0.0057,0.0248
KLRD1,0.0009,0.094
KLRF1,0.0,0.0222
KLRF2,0.0,0.0026
KLRG1,0.0034,0.0457
KLRG2,0.0,0.0
KLRK1,0.0,0.1031
KM-PA-2,0.51,0.0
KMO,0.0,0.0222
KMT2A,1.0,0.1632
KMT2B,1.0,0.0352
KMT2C,1.0,0.0966
KMT2D,1.0,0.0548
KMT2E,1.0,0.0509
KMT5A,0.0,0.0692
KMT5B,0.0,0.0183
KMT5C,0.0,0.017
KNCN,0.0,0.0013
KNDC1,0.002,0.017
KNG1,0.0,0.1214
KNL1,0.0,0.0849
KNOP1,0.0,0.0026
KNSTRN,0.0,0.017
KNTC1,0.0,0.047
KPNA1,0.9982,0.0392
KPNA2,0.5413,0.0809
KPNA3,0.9536,0.0248
KPNA4,0.9999,0.0379
KPNA5,0.0001,0.0196
KPNA6,0.9994,0.0209
KPNA7,0.0,0.0091
KPNB1,1.0,0.111
KPRP,0.0,0.0026
KPTN,0.0,0.0235
KRAS,0.0008,0.2742
KRBA1,0.0,0.0
KRBA2,0.0,0.0
KRBOX1,0.0184,0.0
KRBOX4,0.648,0.0026
KRCC1,0.0007,0.0
KREMEN1,0.0114,0.0131
KREMEN2,0.0,0.0144
KRI1,0.0,0.0705
KRIT1,0.0007,0.0235
KRR1,0.0007,0.2559
KRT1,0.7363,0.0222
KRT10,0.0025,0.0157
KRT12,0.0,0.0013
KRT13,0.0006,0.0039
KRT14,0.0002,0.0248
KRT15,0.0,0.0039
KRT16,0.0,0.0104
KRT17,0.0,0.0104
KRT18,0.7348,0.0235
KRT19,0.0043,0.0222
KRT2,0.0013,0.0104
KRT20,0.0,0.0274
KRT222,0.0,0.0013
KRT23,0.0,0.0
KRT24,0.0,0.0013
KRT25,0.0,0.0052
KRT26,0.0,0.0
KRT27,0.0,0.0144
KRT28,0.0,0.0
KRT3,0.0,0.0026
KRT31,0.0076,0.0026
KRT32,0.0,0.0013
KRT33A,0.0,0.0039
KRT33B,0.0,0.0157
KRT34,0.0,0.0065
KRT35,0.0,0.0117
KRT36,0.0,0.0
KRT37,0.0,0.0
KRT38,0.0,0.0039
KRT39,0.0,0.0
KRT4,0.0,0.0026
KRT40,0.0,0.0
KRT5,0.6417,0.0444
KRT6A,0.0001,0.0157
KRT6B,0.0,0.0117
KRT6C,0.0,0.0039
KRT7,0.0,0.0379
KRT71,0.0,0.0157
KRT72,0.0,0.0013
KRT73,0.0,0.0013
KRT74,0.0,0.0052
KRT75,0.0,0.0013
KRT76,0.0,0.0222
KRT77,0.0,0.0039
KRT78,0.0,0.0026
KRT79,0.0,0.0
KRT8,0.0,0.0209
KRT80,0.0,0.0
KRT81,0.0,0.0026
KRT82,0.0,0.0026
KRT83,0.0,0.0026
KRT84,0.0,0.0
KRT85,0.0,0.0039
KRT86,0.0,0.0026
KRT9,0.0,0.0026
KRTAP1-1,0.0,0.0183
KRTAP1-3,0.118,0.017
KRTAP1-4,0.231,0.0013
KRTAP1-5,0.0039,0.0131
KRTAP10-1,0.0002,0.0078
KRTAP10-10,0.0047,0.0065
KRTAP10-11,0.0004,0.0091
KRTAP10-12,0.0098,0.0039
KRTAP10-2,0.351,0.0
KRTAP10-3,0.0235,0.0052
KRTAP10-4,0.0,0.0065
KRTAP10-5,0.0004,0.0091
KRTAP10-6,0.0,0.0
KRTAP10-7,0.0,0.0104
KRTAP10-8,0.0,0.0078
KRTAP10-9,0.0,0.0117
KRTAP11-1,0.0038,0.0379
KRTAP12-1,0.0,0.0039
KRTAP12-2,0.0,0.0013
KRTAP12-3,0.0,0.0013
KRTAP12-4,0.0,0.0
KRTAP13-1,0.0,0.0091
KRTAP13-2,0.0,0.0013
KRTAP13-3,0.0854,0.0183
KRTAP13-4,0.3088,0.0
KRTAP15-1,0.0,0.0183
KRTAP16-1,0.0,0.0
KRTAP17-1,0.5911,0.0222
KRTAP19-1,0.0,0.0039
KRTAP19-2,0.0,0.0013
KRTAP19-3,0.0,0.0091
KRTAP19-4,0.0,0.0
KRTAP19-5,0.0,0.0
KRTAP19-6,0.0,0.0
KRTAP19-7,0.0,0.0
KRTAP19-8,0.0,0.0
KRTAP2-1,0.004,0.0222
KRTAP2-2,0.4546,0.0
KRTAP2-3,0.0069,0.0
KRTAP2-4,0.0008,0.0
KRTAP20-1,0.0,0.0183
KRTAP20-2,0.0,0.017
KRTAP20-3,0.0,0.0
KRTAP20-4,0.0,0.0026
KRTAP21-1,0.3532,0.0039
KRTAP21-2,0.0,0.0026
KRTAP21-3,0.0,0.0026
KRTAP22-1,0.0,0.017
KRTAP22-2,0.0,0.0
KRTAP23-1,0.0,0.0
KRTAP24-1,0.0,0.0196
KRTAP25-1,0.0,0.0052
KRTAP26-1,0.1358,0.017
KRTAP27-1,0.066,0.0131
KRTAP29-1,0.0,0.0
KRTAP3-1,0.0233,0.0339
KRTAP3-2,0.4941,0.0248
KRTAP3-3,0.0005,0.0013
KRTAP4-1,0.0056,0.0183
KRTAP4-11,0.0,0.0039
KRTAP4-12,0.1929,0.0131
KRTAP4-16P,0.0,0.0
KRTAP4-2,0.0121,0.0248
KRTAP4-3,0.0,0.0287
KRTAP4-4,0.3221,0.0157
KRTAP4-5,0.1617,0.0222
KRTAP4-6,0.0004,0.0013
KRTAP4-7,0.0002,0.0274
KRTAP4-8,0.0241,0.0196
KRTAP4-9,0.0001,0.0
KRTAP5-1,0.0894,0.0026
KRTAP5-10,0.0,0.0013
KRTAP5-11,0.3818,0.0013
KRTAP5-2,0.008,0.0013
KRTAP5-3,0.1644,0.0
KRTAP5-4,0.019,0.0039
KRTAP5-5,0.0845,0.0026
KRTAP5-6,0.104,0.0013
KRTAP5-7,0.091,0.0052
KRTAP5-8,0.0951,0.0
KRTAP5-9,0.015,0.0026
KRTAP6-1,0.0023,0.017
KRTAP6-2,0.0215,0.0183
KRTAP6-3,0.5116,0.017
KRTAP7-1,0.0,0.0248
KRTAP8-1,0.1027,0.0287
KRTAP9-1,0.0,0.0
KRTAP9-2,0.3151,0.0
KRTAP9-3,0.0,0.0261
KRTAP9-4,0.0,0.0222
KRTAP9-6,0.2841,0.0
KRTAP9-7,0.3016,0.0
KRTAP9-8,0.0,0.0248
KRTAP9-9,0.2896,0.0117
KRTCAP2,0.0004,0.0196
KRTCAP3,0.0,0.0
KRTDAP,0.0835,0.0065
KSR1,0.0698,0.0418
KSR2,1.0,0.0078
KTI12,0.0004,0.0091
KTN1,0.0065,0.0091
KXD1,0.0349,0.0209
KY,0.0,0.0026
KYAT1,0.0,0.0483
KYAT1-2,0.0,0.0052
KYAT3,0.0,0.0418
KYNU,0.0,0.0196
L1CAM,1.0,0.047
L1TD1,0.0,0.0065
L2HGDH,0.0,0.017
L34079.2,0.0029,0.0
L3HYPDH,0.0,0.0052
L3MBTL1,0.0,0.0339
L3MBTL2,0.0,0.0248
L3MBTL3,0.9974,0.0052
L3MBTL4,0.0,0.0
L7N2F9_HUMAN,0.0,0.0366
LACC1,0.0,0.0052
LACE1,0.0,0.0
LACRT,0.0001,0.0091
LACTB,0.0,0.0052
LACTB2,0.0,0.0
LACTBL1,0.0015,0.0
LAD1,0.0,0.0013
LAG3,0.2762,0.0822
LAGE3,0.1272,0.0104
LAIR1,0.0,0.0131
LAIR2,0.0,0.0013
LALBA,0.4603,0.0248
LAMA1,0.0,0.0444
LAMA2,0.0,0.0666
LAMA3,0.0,0.0483
LAMA4,0.0,0.0548
LAMA5,0.0065,0.0535
LAMB1,0.0,0.0587
LAMB2,0.0,0.0339
LAMB3,0.0,0.0483
LAMB4,0.0,0.017
LAMC1,1.0,0.0679
LAMC2,0.0,0.0496
LAMC3,0.0,0.047
LAMP1,0.8747,0.0992
LAMP2,0.267,0.0405
LAMP3,0.0003,0.0052
LAMP5,0.0,0.0
LAMTOR1,0.7208,0.0587
LAMTOR2,0.1982,0.0548
LAMTOR3,0.7313,0.0627
LAMTOR4,0.0036,0.0548
LAMTOR5,0.0,0.0496
LANCL1,0.0,0.0039
LANCL2,0.3128,0.0013
LANCL3,0.0427,0.0
LAP3,0.0,0.0457
LAPTM4A,0.0042,0.0039
LAPTM4B,0.0,0.0039
LAPTM5,0.9004,0.0287
LARGE,0.9893,0.0
LARGE1,0.0,0.0157
LARGE2,0.0,0.0104
LARP1,1.0,0.0131
LARP1B,0.0,0.0013
LARP4,0.8688,0.0039
LARP4B,1.0,0.0392
LARP6,0.6687,0.0039
LARP7,0.0,0.0548
LARS,0.0,0.0
LARS1,0.0,0.064
LARS2,0.0,0.0666
LAS1L,0.9996,0.0535
LASP1,0.9827,0.0104
LAT,0.0092,0.0548
LAT2,0.0002,0.0144
LATS1,0.9999,0.0418
LATS2,0.9881,0.0379
LAX1,0.0003,0.0052
LAYN,0.0,0.0052
LBH,0.0144,0.0
LBP,0.0,0.0131
LBR,0.1814,0.0418
LBX1,0.6789,0.0078
LBX2,0.0059,0.0
LCA10,0.0002,0.0
LCA5,0.0,0.0313
LCA5L,0.0,0.0
LCAT,0.081,0.0705
LCE1A,0.0044,0.03
LCE1B,0.03,0.0313
LCE1C,0.028,0.0326
LCE1D,0.0041,0.0261
LCE1E,0.1697,0.0274
LCE1F,0.005,0.0235
LCE2A,0.0072,0.0313
LCE2B,0.0979,0.0352
LCE2C,0.072,0.03
LCE2D,0.0852,0.03
LCE3A,0.0,0.0287
LCE3B,0.0034,0.0196
LCE3C,0.4752,0.0287
LCE3D,0.0206,0.0392
LCE3E,0.4657,0.03
LCE4A,0.0,0.0196
LCE5A,0.0297,0.0235
LCE6A,0.0,0.0261
LCK,0.9993,0.158
LCLAT1,0.0003,0.047
LCMT1,0.0,0.0144
LCMT2,0.0,0.0078
LCN1,0.0,0.0222
LCN10,0.0,0.0039
LCN12,0.0001,0.0013
LCN15,0.0042,0.0
LCN2,0.0,0.0587
LCN6,0.0,0.0039
LCN8,0.0009,0.0052
LCN9,0.0017,0.0078
LCNL1,0.0011,0.0
LCOR,0.9502,0.0209
LCORL,0.9237,0.0065
LCP1,0.5526,0.0131
LCP2,0.9247,0.0966
LCT,0.0598,0.0287
LCTL,0.0,0.0026
LDB1,0.9853,0.0653
LDB2,0.9546,0.0366
LDB3,0.0,0.0352
LDHA,0.0692,0.0953
LDHAL6A,0.0,0.0627
LDHAL6B,0.0734,0.0561
LDHB,0.0,0.0
LDHC,0.0,0.0614
LDHD,0.0,0.017
LDLR,0.0,0.0104
LDLRAD1,0.0,0.0013
LDLRAD2,0.0002,0.0
LDLRAD3,0.0162,0.0
LDLRAD4,0.6201,0.0026
LDLRAP1,0.0,0.0144
LDOC1,0.5243,0.0013
LDOC1L,0.0182,0.0
LEAP2,0.0013,0.0026
LECT1,0.0,0.0
LECT2,0.0015,0.0052
LEF1,0.9979,0.107
LEFTY1,0.0,0.0183
LEFTY2,0.0003,0.0261
LEKR1,0.1318,0.0
LELP1,0.4279,0.0026
LEMD1,0.0,0.0013
LEMD2,0.7529,0.0117
LEMD3,0.9988,0.0235
LENEP,0.0034,0.0
LENG1,0.0,0.0065
LENG8,0.9994,0.0013
LENG9,0.0,0.0
LEO1,0.8709,0.1449
LEP,0.4649,0.1606
LEPR,0.9948,0.0731
LEPRE1,0.0,0.0
LEPREL1,0.0,0.0
LEPREL2,0.0,0.0
LEPREL4,0.0,0.0
LEPROT,0.4375,0.0039
LEPROTL1,0.7207,0.0052
LETM1,0.0,0.0104
LETM2,0.0,0.0
LETMD1,0.0485,0.0013
LEUTX,0.0016,0.0131
LFNG,0.0976,0.017
LGALS1,0.0045,0.0196
LGALS12,0.0,0.0
LGALS13,0.0011,0.0039
LGALS14,0.0003,0.0
LGALS16,0.0001,0.0
LGALS2,0.0202,0.0078
LGALS3,0.0,0.094
LGALS3BP,0.0,0.0144
LGALS4,0.0,0.0157
LGALS7,0.1457,0.0065
LGALS7B,0.2183,0.0052
LGALS8,0.0,0.0117
LGALS9,0.0,0.0392
LGALS9B,0.0001,0.0222
LGALS9C,0.0,0.0274
LGALSL,0.0184,0.0
LGI1,0.9991,0.0339
LGI2,0.0,0.0026
LGI3,0.0,0.0026
LGI4,0.0072,0.0039
LGMN,0.0004,0.017
LGR4,0.487,0.0144
LGR5,0.0,0.0313
LGR6,0.0,0.0131
LGSN,0.0,0.0209
LHB,0.0022,0.0039
LHCGR,0.0,0.0548
LHFP,0.6706,0.0
LHFPL1,0.1355,0.0
LHFPL2,0.0562,0.0
LHFPL3,0.9315,0.0013
LHFPL4,0.6525,0.0026
LHFPL5,0.0004,0.0131
LHFPL6,0.0,0.0013
LHPP,0.0,0.0352
LHX1,0.0292,0.0144
LHX2,0.9881,0.0196
LHX3,0.0109,0.0248
LHX4,0.0175,0.0196
LHX5,0.9459,0.0013
LHX6,0.9657,0.0222
LHX8,0.5157,0.0117
LHX9,0.9806,0.0157
LIAS,0.0,0.0222
LIF,0.5242,0.0653
LIFR,0.0,0.0535
LIG1,0.0042,0.0836
LIG3,0.0,0.0561
LIG4,0.0,0.0796
LILRA1,0.0,0.0117
LILRA2,0.0,0.0078
LILRA3,0.0,0.0
LILRA4,0.0,0.0131
LILRA5,0.0,0.0026
LILRA6,0.0,0.0131
LILRB1,0.0,0.0418
LILRB2,0.0,0.0431
LILRB3,0.0,0.0104
LILRB4,0.0,0.017
LILRB5,0.0,0.0039
LIM2,0.0007,0.0614
LIMA1,0.0,0.0078
LIMCH1,0.9473,0.0
LIMD1,0.4167,0.03
LIMD2,0.164,0.0
LIME1,0.0002,0.0091
LIMK1,0.9994,0.0392
LIMK2,0.0156,0.0196
LIMS1,0.0032,0.0196
LIMS2,0.0001,0.0065
LIMS3,0.0,0.0065
LIN28A,0.0194,0.0431
LIN28B,0.5551,0.017
LIN37,0.0065,0.0196
LIN52,0.9184,0.0235
LIN54,0.9999,0.0209
LIN7A,0.0,0.0274
LIN7B,0.8535,0.0157
LIN7C,0.0513,0.0261
LIN9,0.9977,0.0287
LINC00346,0.0,0.0
LINC00632,0.0893,0.0
LINC00692,0.3255,0.0
LINC00696,0.0,0.0
LINC00923,0.2079,0.0
LINC00935,0.0052,0.0
LINC00955,0.4577,0.0
LINC00998,0.3825,0.0
LINC01098,0.0004,0.0
LINC01100,0.0728,0.0
LINC01101,0.0,0.0
LINC01118,0.0,0.0
LINC01119,0.0044,0.0
LINC01124,0.0,0.0
LINC02218,0.0,0.0117
LINGO1,0.9941,0.0117
LINGO2,0.8567,0.0026
LINGO3,0.0121,0.0
LINGO4,0.0001,0.0
LINS,0.0,0.0
LIPA,0.0,0.0209
LIPC,0.0,0.0653
LIPE,0.0,0.0731
LIPF,0.0007,0.0261
LIPG,0.0,0.0366
LIPH,0.0,0.0039
LIPI,0.0,0.0065
LIPJ,0.0,0.0
LIPK,0.0,0.0
LIPM,0.0,0.0
LIPN,0.0,0.0144
LIPT1,0.0,0.0274
LIPT2,0.6258,0.0157
LITAF,0.0308,0.0091
LIX1,0.002,0.0065
LIX1L,0.0003,0.0
LKAAEAR1,0.0,0.0013
LL22NC03-63E9.3,0.1673,0.0
LL22NC03-75H12.2,0.0358,0.0
LLGL1,0.0,0.0196
LLGL2,0.0,0.0235
LLPH,0.3493,0.0627
LMAN1,0.0043,0.0614
LMAN1L,0.0,0.0013
LMAN2,0.0001,0.0052
LMAN2L,0.0,0.0039
LMBR1,0.0,0.0065
LMBR1L,0.0,0.0026
LMBRD1,0.0,0.0131
LMBRD2,0.0002,0.0
LMCD1,0.0012,0.0013
LMF1,0.0,0.0065
LMF2,0.0,0.0013
LMLN,0.0,0.0026
LMNA,0.9994,0.064
LMNB1,0.5548,0.0627
LMNB2,1.0,0.0222
LMO1,0.6355,0.0183
LMO2,0.1588,0.0418
LMO3,0.7069,0.0039
LMO4,0.6767,0.0117
LMO7,0.0002,0.0078
LMOD1,0.8706,0.0183
LMOD2,0.0006,0.0144
LMOD3,0.0,0.0052
LMTK2,0.9998,0.0052
LMTK3,1.0,0.0
LMX1A,0.9911,0.0117
LMX1B,0.7464,0.0313
LNP1,0.0,0.0026
LNPEP,0.9996,0.017
LNPK,0.0,0.0039
LNX1,0.0,0.017
LNX2,0.0,0.0052
LOC102723407,0.0,0.1371
LOC102723996,0.0,0.0352
LOC102724159,0.0,0.1567
LOC102724334,0.0,0.0078
LOC102724770,0.0,0.0065
LOC102724788,0.0,0.03
LOC107987373,0.0,0.0783
LOC112694756,0.0,0.0326
LOC114841035,0.0,0.0183
LOH12CR1,0.0012,0.0
LOH12CR2,0.5167,0.0
LONP1,0.9993,0.0261
LONP2,0.0,0.0261
LONRF1,0.6116,0.0
LONRF2,0.0012,0.0
LONRF3,0.4178,0.0
LOR,0.3345,0.0561
LOX,0.9877,0.047
LOXHD1,0.0,0.0131
LOXL1,0.8868,0.0157
LOXL2,0.0,0.0091
LOXL3,0.0,0.0039
LOXL4,0.0,0.0026
LPA,0.0,0.0601
LPAR1,0.186,0.0379
LPAR2,0.0367,0.0339
LPAR3,0.6794,0.0326
LPAR4,0.0022,0.0209
LPAR5,0.0514,0.0196
LPAR6,0.0007,0.0261
LPCAT1,0.1371,0.0496
LPCAT2,0.0,0.0457
LPCAT3,0.9951,0.0352
LPCAT4,0.4821,0.0548
LPGAT1,0.9804,0.0117
LPHN1,1.0,0.0
LPHN2,1.0,0.0
LPHN3,1.0,0.0
LPIN1,0.0,0.0574
LPIN2,0.0001,0.0496
LPIN3,0.0,0.0444
LPL,0.0,0.1097
LPO,0.0,0.0039
LPP,0.0072,0.0052
LPPR1,0.5661,0.0
LPPR3,0.0096,0.0
LPPR4,0.861,0.0
LPPR5,0.0593,0.0
LPXN,0.0,0.0091
LRAT,0.0284,0.0561
LRATD2,0.0,0.0026
LRBA,0.0,0.0052
LRCH1,0.9955,0.0078
LRCH2,0.9971,0.0013
LRCH3,0.0,0.0091
LRCH4,0.0,0.0039
LRCOL1,0.0,0.0026
LRFN1,0.9028,0.0052
LRFN2,0.0137,0.0065
LRFN3,0.9732,0.0065
LRFN4,0.913,0.0039
LRFN5,0.5586,0.0052
LRG1,0.0951,0.0039
LRGUK,0.0,0.0157
LRIF1,0.0004,0.0039
LRIG1,0.035,0.0144
LRIG2,0.0,0.0039
LRIG3,0.0,0.0078
LRIT1,0.0,0.0013
LRIT2,0.0,0.0013
LRIT3,0.0,0.0078
LRMDA,0.0,0.0392
LRMP,0.0,0.0013
LRP1,1.0,0.0601
LRP10,0.0,0.0013
LRP11,0.004,0.0
LRP12,0.998,0.0013
LRP1B,0.0,0.0052
LRP2,1.0,0.0692
LRP2BP,0.0,0.0013
LRP3,0.0,0.0013
LRP4,0.0,0.0091
LRP5,0.5099,0.1005
LRP5L,0.0,0.0
LRP6,0.6966,0.0953
LRP8,0.9998,0.0274
LRPAP1,0.0,0.0313
LRPPRC,0.0,0.0483
LRR1,0.0,0.0405
LRRC1,0.9318,0.0013
LRRC10,0.4347,0.0
LRRC10B,0.0449,0.0
LRRC14,0.0002,0.0052
LRRC14B,0.0,0.0
LRRC15,0.0,0.0
LRRC16A,0.0336,0.0
LRRC16B,0.0,0.0
LRRC17,0.0,0.0
LRRC18,0.0,0.0013
LRRC19,0.0,0.0
LRRC2,0.0,0.0
LRRC20,0.0439,0.0013
LRRC23,0.0,0.0
LRRC24,0.0009,0.0
LRRC25,0.945,0.0026
LRRC26,0.0127,0.0052
LRRC27,0.0,0.0026
LRRC28,0.0,0.0
LRRC29,0.0002,0.0
LRRC3,0.0027,0.0026
LRRC30,0.0,0.0013
LRRC31,0.0,0.0013
LRRC32,0.0011,0.0052
LRRC34,0.0,0.0039
LRRC36,0.0,0.0
LRRC37A,0.0005,0.0039
LRRC37A2,0.0,0.0026
LRRC37A3,0.0,0.0039
LRRC37B,0.0064,0.0026
LRRC38,0.1442,0.0013
LRRC39,0.0002,0.0013
LRRC3B,0.4441,0.0
LRRC3C,0.0292,0.0013
LRRC4,0.9979,0.0026
LRRC40,0.0,0.0026
LRRC41,0.9999,0.0039
LRRC42,0.0,0.0
LRRC43,0.0,0.0
LRRC45,0.0,0.0104
LRRC46,0.0011,0.0013
LRRC47,0.8706,0.0627
LRRC48,0.0,0.0
LRRC49,0.0,0.0104
LRRC4B,0.8842,0.0091
LRRC4C,0.9723,0.0065
LRRC52,0.0,0.0039
LRRC53,0.0,0.0
LRRC55,0.0378,0.0013
LRRC56,0.0,0.0
LRRC57,0.0013,0.0013
LRRC58,0.0037,0.0013
LRRC59,0.4343,0.0
LRRC6,0.0,0.0313
LRRC61,0.0018,0.0013
LRRC63,0.0,0.0
LRRC66,0.0,0.0
LRRC69,0.0,0.0
LRRC7,1.0,0.0131
LRRC70,0.0,0.0052
LRRC71,0.0,0.0
LRRC72,0.0,0.0
LRRC73,0.0487,0.0
LRRC74B,0.0,0.0026
LRRC75B,0.0,0.0013
LRRC8A,0.944,0.0091
LRRC8B,0.9962,0.0039
LRRC8C,0.0008,0.0026
LRRC8D,0.9775,0.0026
LRRC8E,0.0,0.0013
LRRC9,0.0,0.0
LRRCC1,0.0,0.0
LRRD1,0.0,0.0039
LRRFIP1,0.0195,0.0104
LRRFIP2,0.0,0.0039
LRRIQ1,0.0,0.0
LRRIQ3,0.0,0.0039
LRRIQ4,0.0,0.0052
LRRK1,0.0,0.0078
LRRK2,0.0,0.1031
LRRN1,0.97,0.0
LRRN2,0.7805,0.0
LRRN3,0.0324,0.0
LRRN4,0.0,0.0013
LRRN4CL,0.0,0.0
LRRTM1,0.5945,0.0091
LRRTM2,0.809,0.0144
LRRTM3,0.9752,0.0078
LRRTM4,0.0858,0.0104
LRSAM1,0.0,0.0104
LRTM1,0.0,0.0
LRTM2,0.8715,0.0
LRTOMT,0.0001,0.0535
LRTOMT-2,0.0,0.0352
LRWD1,0.0,0.0104
LSAMP,0.9874,0.0
LSG1,0.0,0.1762
LSM1,0.011,0.0444
LSM10,0.0041,0.0718
LSM11,0.6044,0.047
LSM12,0.9721,0.017
LSM14A,0.0399,0.03
LSM14B,0.9953,0.0117
LSM2,0.0,0.1214
LSM3,0.0,0.1162
LSM4,0.0221,0.1292
LSM5,0.0263,0.1162
LSM6,0.8727,0.1201
LSM7,0.4616,0.1253
LSM8,0.0,0.1097
LSMD1,0.0,0.0
LSMEM1,0.0004,0.0
LSMEM2,0.0,0.0
LSP1,0.0,0.0261
LSR,0.0,0.0039
LSS,0.0,0.0535
LST1,0.0011,0.0104
LST3,0.0,0.0
LTA,0.1968,0.0574
LTA4H,0.0,0.0117
LTB,0.0,0.0261
LTB4R,0.1199,0.0131
LTB4R2,0.0004,0.0117
LTBP1,0.0,0.017
LTBP2,0.0007,0.0183
LTBP3,0.6865,0.0183
LTBP4,0.4991,0.0052
LTBR,0.3058,0.0366
LTC4S,0.0008,0.0157
LTF,0.0,0.0914
LTK,0.0,0.0039
LTN1,0.0084,0.0731
LTO1,0.0,0.0104
LTV1,0.0,0.1971
LUC7L,0.4695,0.0535
LUC7L2,0.0003,0.0561
LUC7L3,1.0,0.0783
LUM,0.077,0.0627
LURAP1,0.0118,0.0026
LURAP1L,0.025,0.0
LUZP1,0.5295,0.0013
LUZP2,0.0,0.0013
LUZP4,0.0014,0.0117
LUZP6,0.0,0.0013
LVRN,0.0,0.0013
LXN,0.0,0.0026
LY6D,0.026,0.0
LY6E,0.3211,0.0157
LY6G5B,0.0,0.0026
LY6G5C,0.4055,0.0026
LY6G6C,0.0005,0.0039
LY6G6D,0.0326,0.0026
LY6G6E,0.0044,0.0026
LY6G6F,0.0,0.0039
LY6H,0.1683,0.0065
LY6K,0.0142,0.0091
LY6L,0.0,0.0026
LY75,0.0,0.0157
LY75-CD302,0.0,0.017
LY86,0.0,0.0104
LY9,0.0,0.0078
LY96,0.0001,0.0522
LYAR,0.0,0.1684
LYG1,0.0,0.0
LYG2,0.0,0.0
LYL1,0.7726,0.0209
LYN,0.9989,0.1775
LYNX1,0.0263,0.0091
LYNX1-SLURP2,0.0,0.0013
LYPD1,0.0006,0.0026
LYPD2,0.2527,0.0039
LYPD3,0.0,0.0052
LYPD4,0.0,0.0
LYPD5,0.0005,0.0013
LYPD6,0.0,0.0065
LYPD6B,0.0004,0.0
LYPD8,0.0,0.0
LYPLA1,0.0,0.0287
LYPLA2,0.9496,0.0078
LYPLAL1,0.0,0.0039
LYRM1,0.0,0.0052
LYRM2,0.0003,0.0078
LYRM4,0.1995,0.0522
LYRM5,0.0,0.0
LYRM7,0.0221,0.0248
LYRM9,0.0147,0.0039
LYSMD1,0.0178,0.0
LYSMD2,0.4155,0.0
LYSMD3,0.3038,0.0
LYSMD4,0.0006,0.0
LYST,0.015,0.0117
LYVE1,0.0,0.0261
LYZ,0.0,0.0157
LYZL1,0.0,0.0091
LYZL2,0.0,0.0
LYZL4,0.5319,0.0
LYZL6,0.001,0.0
LZIC,0.0012,0.0
LZTFL1,0.0591,0.017
LZTR1,0.0,0.0561
LZTS1,0.9549,0.0065
LZTS2,0.0461,0.0078
LZTS3,0.9962,0.0039
M0QX08_HUMAN,0.0,0.0013
M0QYT0_HUMAN,0.0,0.0013
M0QYU9_HUMAN,0.0,0.0013
M0R036_HUMAN,0.0,0.0013
M0R3G1_HUMAN,0.0,0.0209
M1AP,0.0,0.0026
M6PR,0.0092,0.0091
MAATS1,0.0,0.0091
MAB21L1,0.2863,0.0117
MAB21L2,0.4377,0.0052
MAB21L3,0.0,0.0
MACC1,0.0,0.0026
MACF1,1.0,0.0131
MACO1,0.0,0.0013
MACROD1,0.5691,0.0091
MACROD2,0.4347,0.0065
MACROH2A1,0.0,0.0653
MACROH2A2,0.0,0.0131
MAD1L1,0.0,0.0444
MAD2L1,0.0093,0.1867
MAD2L1BP,0.0,0.0078
MAD2L2,0.0821,0.0757
MADCAM1,0.5346,0.0313
MADD,0.0,0.0183
MAEA,0.2274,0.0157
MAEL,0.0014,0.0157
MAF,0.7438,0.0339
MAF1,0.9481,0.017
MAFA,0.0034,0.0065
MAFB,0.903,0.0222
MAFF,0.0155,0.0157
MAFG,0.7318,0.0196
MAFIP,0.0,0.0013
MAFIP-2,0.0,0.0013
MAFK,0.7113,0.0196
MAG,0.4923,0.0352
MAGEA1,0.0,0.0274
MAGEA10,0.0,0.0052
MAGEA11,0.6845,0.0078
MAGEA12,0.0,0.0078
MAGEA2,0.0,0.0078
MAGEA2B,0.0,0.0091
MAGEA3,0.0,0.0261
MAGEA4,0.0,0.0117
MAGEA6,0.0,0.0091
MAGEA8,0.0,0.0
MAGEA9B,0.0,0.0
MAGEB1,0.0,0.0013
MAGEB10,0.0,0.0
MAGEB16,0.3702,0.0
MAGEB17,0.0,0.0
MAGEB18,0.0001,0.0013
MAGEB2,0.0,0.0
MAGEB3,0.4318,0.0
MAGEB4,0.0,0.0
MAGEB5,0.0,0.0
MAGEB6,0.0,0.0
MAGEC1,0.0799,0.0091
MAGEC2,0.0,0.0104
MAGEC3,0.0,0.0
MAGED1,0.9983,0.0183
MAGED2,0.9954,0.0091
MAGED4,0.3237,0.0026
MAGED4B,0.0,0.0039
MAGEE1,0.9705,0.0039
MAGEE2,0.0,0.0
MAGEF1,0.003,0.0052
MAGEH1,0.2292,0.0039
MAGEL2,0.9751,0.0117
MAGI1,0.5597,0.03
MAGI2,0.9994,0.0261
MAGI3,0.0298,0.0144
MAGIX,0.0001,0.0026
MAGOH,0.7974,0.1567
MAGOHB,0.3271,0.158
MAGT1,0.9614,0.03
MAIP1,0.0,0.0065
MAJIN,0.0,0.0065
MAK,0.0,0.017
MAK16,0.9645,0.1906
MAL,0.832,0.0026
MAL2,0.1369,0.0039
MALL,0.2324,0.0039
MALRD1,0.0,0.0
MALSU1,0.0,0.1279
MALT1,0.9865,0.0548
MAMDC2,0.0,0.0
MAMDC4,0.0,0.0
MAML1,1.0,0.0522
MAML2,0.9999,0.0366
MAML3,0.9998,0.0352
MAMLD1,0.6265,0.0091
MAMSTR,0.0055,0.0
MAN1A1,0.1112,0.0091
MAN1A2,0.9989,0.0078
MAN1B1,0.0,0.0222
MAN1C1,0.2093,0.0078
MAN2A1,0.0,0.0235
MAN2A2,0.0,0.0157
MAN2B1,0.0,0.0065
MAN2B2,0.0,0.0026
MAN2C1,0.0,0.0144
MANBA,0.0,0.0065
MANBAL,0.0335,0.0
MANEA,0.0005,0.0013
MANEAL,0.0049,0.0
MANF,0.0014,0.0144
MANSC1,0.0078,0.0
MANSC4,0.0,0.0
MAOA,0.9993,0.0757
MAOB,0.999,0.0731
MAP10,0.0,0.0
MAP11,0.0,0.0196
MAP1A,1.0,0.0339
MAP1B,1.0,0.0405
MAP1LC3A,0.0279,0.0666
MAP1LC3B,0.0019,0.0979
MAP1LC3B2,0.0127,0.0091
MAP1LC3C,0.0,0.0444
MAP1S,0.4197,0.0326
MAP2,1.0,0.0222
MAP2K1,0.8967,0.107
MAP2K2,0.9667,0.0535
MAP2K3,0.022,0.0587
MAP2K4,0.9971,0.0483
MAP2K5,0.0048,0.0091
MAP2K6,0.9133,0.0483
MAP2K7,0.9955,0.0509
MAP3K1,1.0,0.0705
MAP3K10,0.5876,0.0091
MAP3K11,0.0109,0.0352
MAP3K12,1.0,0.0078
MAP3K13,0.8005,0.0039
MAP3K14,0.0,0.0352
MAP3K15,0.0,0.0
MAP3K19,0.0,0.0
MAP3K2,1.0,0.0209
MAP3K20,0.0,0.0104
MAP3K21,0.0,0.0013
MAP3K3,0.9853,0.0287
MAP3K4,1.0,0.0157
MAP3K5,0.5196,0.0796
MAP3K6,0.0,0.0039
MAP3K7,0.9997,0.158
MAP3K7CL,0.0,0.0
MAP3K8,0.9683,0.0209
MAP3K9,0.1176,0.0
MAP4,0.8478,0.0039
MAP4K1,0.9892,0.0157
MAP4K2,0.0,0.0104
MAP4K3,0.1099,0.0065
MAP4K4,1.0,0.0078
MAP4K5,0.9947,0.0039
MAP6,0.3951,0.0078
MAP6D1,0.1103,0.0
MAP7,0.4244,0.0052
MAP7D1,0.992,0.0
MAP7D2,0.0414,0.0
MAP7D3,0.0,0.0
MAP9,0.0,0.0013
MAPK1,0.997,0.3003
MAPK10,0.2755,0.0
MAPK11,0.0003,0.1305
MAPK12,0.0,0.1358
MAPK13,0.0,0.124
MAPK14,0.3747,0.188
MAPK15,0.0,0.0065
MAPK1IP1L,0.6499,0.0
MAPK3,0.0369,0.3446
MAPK4,0.219,0.0052
MAPK6,0.6965,0.0183
MAPK7,0.0031,0.0261
MAPK8,0.9982,0.2559
MAPK8IP1,0.9998,0.0392
MAPK8IP2,1.0,0.03
MAPK8IP3,1.0,0.0235
MAPK9,0.0697,0.1932
MAPKAP1,0.9999,0.0339
MAPKAPK2,0.9996,0.0352
MAPKAPK3,0.0,0.0157
MAPKAPK5,0.3543,0.0209
MAPKBP1,0.0002,0.0
MAPRE1,0.9913,0.0601
MAPRE2,0.8341,0.0183
MAPRE3,0.7156,0.0313
MAPT,0.006,0.1514
MARC1,0.0,0.0026
MARC2,0.0002,0.0065
MARCH1,0.0087,0.0
MARCH10,0.0,0.0
MARCH11,0.0031,0.0
MARCH2,0.033,0.0
MARCH3,0.1732,0.0
MARCH4,0.1328,0.0
MARCH5,0.8934,0.0
MARCH6,1.0,0.0
MARCH7,0.6616,0.0
MARCH8,0.0,0.0
MARCH9,0.7309,0.0
MARCHF1,0.0,0.0091
MARCHF10,0.0,0.0013
MARCHF11,0.0,0.0039
MARCHF2,0.0,0.0052
MARCHF3,0.0,0.0026
MARCHF4,0.0,0.0013
MARCHF5,0.0,0.0235
MARCHF6,0.0,0.03
MARCHF7,0.0,0.0013
MARCHF8,0.0,0.0078
MARCHF9,0.0,0.0013
MARCKS,0.3265,0.0287
MARCKSL1,0.0143,0.0117
MARCO,0.0,0.0026
MARF1,0.0,0.0065
MARK1,0.6005,0.0039
MARK2,1.0,0.0405
MARK3,0.0,0.0209
MARK4,0.9978,0.0157
MARS,0.0,0.0
MARS1,0.0,0.0744
MARS2,0.0001,0.0561
MARVELD1,0.3596,0.0026
MARVELD2,0.0,0.0366
MARVELD3,0.0,0.0065
MAS1,0.0001,0.0026
MAS1L,0.0,0.0078
MASP1,0.0,0.0248
MASP2,0.0,0.0261
MAST1,1.0,0.0026
MAST2,0.0,0.0052
MAST3,0.9999,0.0013
MAST4,0.0001,0.0
MASTL,0.0,0.017
MAT1A,0.0008,0.03
MAT2A,0.9985,0.0326
MAT2B,0.0462,0.0248
MATK,0.0,0.017
MATN1,0.0026,0.0065
MATN2,0.0,0.0
MATN3,0.0,0.0144
MATN4,0.0,0.0013
MATR3,1.0,0.0601
MATR3-2,0.0,0.0888
MAU2,1.0,0.0235
MAVS,0.0,0.1201
MAX,0.8335,0.0679
MAZ,0.9436,0.0091
MB,0.0306,0.0392
MB21D1,0.0,0.0
MB21D2,0.0427,0.0
MBD1,0.9972,0.0104
MBD2,0.3496,0.0352
MBD3,0.9765,0.03
MBD3L1,0.0,0.0222
MBD3L2,0.0,0.0117
MBD3L3,0.291,0.0039
MBD3L4,0.295,0.0
MBD3L5,0.0655,0.0013
MBD4,0.0,0.0157
MBD5,1.0,0.0065
MBD6,0.9994,0.0039
MBIP,0.0,0.0444
MBL2,0.0027,0.0509
MBLAC1,0.2127,0.0
MBLAC2,0.0,0.0
MBNL1,0.7058,0.0496
MBNL2,0.256,0.0078
MBNL3,0.686,0.0078
MBOAT1,0.0,0.0561
MBOAT2,0.5163,0.0718
MBOAT4,0.0,0.0065
MBOAT7,0.113,0.0091
MBP,0.2845,0.0601
MBTD1,1.0,0.0522
MBTPS1,0.0,0.0235
MBTPS2,0.9975,0.0261
MC1R,0.0,0.0379
MC2R,0.0003,0.0313
MC3R,0.0,0.0183
MC4R,0.0009,0.0444
MC5R,0.0001,0.0026
MCAM,0.0002,0.0222
MCAT,0.0003,0.0705
MCC,0.0,0.0627
MCCC1,0.0,0.0326
MCCC2,0.0,0.0418
MCCD1,0.0019,0.0
MCEE,0.0269,0.0222
MCF2,0.9718,0.0339
MCF2L,0.0,0.0039
MCF2L2,0.0,0.0
MCFD2,0.1001,0.0091
MCHR1,0.0,0.0313
MCHR2,0.0,0.0039
MCIDAS,0.0133,0.0078
MCL1,0.9635,0.1031
MCM10,0.0,0.1423
MCM2,0.0,0.1619
MCM3,0.0,0.1554
MCM3AP,0.0,0.0261
MCM4,0.0001,0.1606
MCM5,0.0006,0.1423
MCM6,0.9783,0.1319
MCM7,0.0,0.1475
MCM8,0.0,0.0561
MCM8-2,0.0,0.0326
MCM9,0.0,0.0614
MCMBP,0.9957,0.0287
MCMDC2,0.0,0.0222
MCOLN1,0.0006,0.0196
MCOLN2,0.0,0.0026
MCOLN3,0.0,0.0039
MCPH1,0.0,0.0248
MCRIP1,0.0,0.0013
MCRIP2,0.0,0.0026
MCRS1,0.1656,0.0875
MCTP1,0.0001,0.0
MCTP2,0.0,0.0
MCTS1,0.8747,0.0496
MCTS2P,0.0,0.0039
MCU,0.8326,0.0248
MCUB,0.0,0.0104
MCUR1,0.0,0.0117
MDC1,0.0,0.1057
MDFI,0.334,0.0013
MDFIC,0.0376,0.0026
MDGA1,0.9757,0.0026
MDGA2,0.9992,0.0026
MDH1,0.9276,0.0
MDH1B,0.0,0.0104
MDH2,0.0067,0.1084
MDK,0.2301,0.0157
MDM1,0.0,0.0
MDM2,0.9998,0.2507
MDM4,0.9999,0.0431
MDN1,0.0,0.0379
MDP1,0.0,0.0
MDS2,0.3774,0.0
ME1,0.0,0.0339
ME2,0.0,0.0248
ME3,0.0,0.0274
MEA1,0.0,0.0104
MEAF6,0.1278,0.0757
MEAK7,0.0,0.0222
MECOM,1.0,0.0222
MECP2,0.8938,0.1149
MECR,0.0,0.0261
MED1,1.0,0.5157
MED10,0.0488,0.1279
MED11,0.0,0.1266
MED12,1.0,0.0705
MED12L,1.0,0.0392
MED13,1.0,0.0587
MED13L,1.0,0.0483
MED14,1.0,0.154
MED15,0.9997,0.1397
MED16,0.0,0.1371
MED17,0.0,0.1475
MED18,0.0002,0.1266
MED19,0.7819,0.124
MED20,0.3039,0.1266
MED21,0.0143,0.1305
MED22,0.0001,0.1345
MED23,0.0,0.1397
MED24,0.0,0.1358
MED25,0.0,0.1279
MED26,0.8824,0.1384
MED27,0.0,0.1279
MED28,0.0001,0.1292
MED29,0.001,0.1305
MED30,0.4026,0.1305
MED31,0.0007,0.1319
MED4,0.0076,0.1345
MED6,0.0001,0.1371
MED7,0.0169,0.1319
MED8,0.0,0.1358
MED9,0.4077,0.124
MEDAG,0.0,0.0
MEF2A,0.9871,0.0418
MEF2B,0.0009,0.0235
MEF2BNB,0.0003,0.0
MEF2BNB-MEF2B,0.004,0.0
MEF2C,0.0173,0.047
MEF2D,0.997,0.0418
MEFV,0.0,0.064
MEGF10,0.3904,0.0078
MEGF11,0.0,0.0013
MEGF6,0.0,0.0039
MEGF8,0.0,0.0065
MEGF9,0.9881,0.0
MEGT1,0.0,0.0
MEI1,0.0,0.0117
MEI4,0.0,0.0091
MEIG1,0.0003,0.0052
MEIOB,0.0,0.0157
MEIOC,0.0,0.0013
MEIS1,0.9995,0.0366
MEIS2,0.9994,0.0183
MEIS3,0.0,0.0026
MELK,0.0,0.1188
MELTF,0.0,0.0026
MEMO1,0.9939,0.0026
MEN1,0.9997,0.0718
MEOX1,0.0002,0.0091
MEOX2,0.915,0.0026
MEP1A,0.0,0.0117
MEP1B,0.0,0.0091
MEPCE,0.998,0.0326
MEPE,0.0086,0.0117
MERTK,0.0,0.0235
MESD,0.0,0.0052
MESDC1,0.9137,0.0
MESDC2,0.6277,0.0
MESP1,0.0001,0.0065
MESP2,0.0,0.0104
MEST,0.3991,0.017
MET,0.97,0.1645
METAP1,0.1052,0.0614
METAP1D,0.0,0.0078
METAP2,0.004,0.064
METRN,0.0947,0.0013
METRNL,0.7454,0.0
METTL1,0.002,0.0587
METTL10,0.0,0.0
METTL11B,0.0044,0.0
METTL12,0.002,0.0
METTL13,0.0,0.0
METTL14,0.0013,0.0444
METTL15,0.0,0.0457
METTL16,0.6118,0.0326
METTL17,0.0,0.0509
METTL18,0.0,0.0052
METTL20,0.0,0.0
METTL21A,0.0005,0.0104
METTL21B,0.0003,0.0
METTL21C,0.0,0.0026
METTL22,0.0,0.0078
METTL23,0.0,0.0026
METTL24,0.0,0.0
METTL25,0.0,0.0065
METTL27,0.0,0.0013
METTL2A,0.0,0.0
METTL2B,0.0,0.0039
METTL3,0.0,0.0496
METTL4,0.0,0.0117
METTL5,0.0001,0.0131
METTL6,0.0,0.0039
METTL7A,0.0005,0.0
METTL7B,0.0662,0.0013
METTL8,0.0,0.0026
METTL9,0.8035,0.0026
MEX3A,0.9798,0.0052
MEX3B,0.5551,0.0065
MEX3C,0.8619,0.0065
MEX3D,0.923,0.0039
MFAP1,0.796,0.1384
MFAP2,0.0,0.0209
MFAP3,0.0011,0.0039
MFAP3L,0.8803,0.0
MFAP4,0.1142,0.0144
MFAP5,0.0051,0.0183
MFF,0.0654,0.0157
MFGE8,0.0,0.0313
MFHAS1,0.0,0.0039
MFI2,0.0,0.0
MFN1,0.0,0.0731
MFN2,0.9941,0.0862
MFNG,0.0,0.0078
MFRP,0.0,0.0065
MFSD1,0.0,0.0
MFSD10,0.0,0.0039
MFSD11,0.0,0.0013
MFSD12,0.0,0.0
MFSD14C,0.0,0.0013
MFSD2A,0.011,0.0026
MFSD2B,0.0,0.0039
MFSD3,0.0,0.0013
MFSD4,0.0024,0.0
MFSD4B,0.0,0.0013
MFSD5,0.0023,0.0039
MFSD6,0.0,0.0013
MFSD6L,0.0,0.0
MFSD7,0.0,0.0
MFSD8,0.0,0.0117
MFSD9,0.0,0.0026
MGA,1.0,0.0457
MGAM,0.0,0.0431
MGAM2,0.0,0.0261
MGARP,0.0,0.0
MGAT1,0.9888,0.0144
MGAT2,0.0342,0.0117
MGAT3,0.1472,0.0104
MGAT4A,0.0,0.0117
MGAT4B,0.6915,0.0104
MGAT4C,0.0007,0.0026
MGAT4D,0.0,0.0091
MGAT5,1.0,0.0157
MGAT5B,0.0146,0.0131
MGC10955,0.0,0.0
MGEA5,0.9657,0.0
MGLL,0.02,0.0979
MGME1,0.0018,0.0091
MGMT,0.0,0.0287
MGP,0.0,0.017
MGRN1,0.1039,0.0104
MGST1,0.0027,0.0653
MGST2,0.0783,0.0574
MGST3,0.0002,0.0601
MIA,0.0,0.0026
MIA2,0.0014,0.0117
MIA3,0.0367,0.0183
MIB1,0.0,0.0078
MIB2,0.0,0.0144
MICA,0.005,0.0078
MICAL1,0.0,0.0117
MICAL2,0.0,0.0039
MICAL3,0.995,0.0065
MICALCL,0.0,0.0
MICALL1,0.0,0.0287
MICALL2,0.0,0.0078
MICB,0.0,0.0274
MICOS10,0.0,0.0287
MICOS13,0.0,0.0313
MICU1,0.0,0.0261
MICU2,0.0,0.0196
MICU3,0.0,0.0117
MID1,0.9797,0.0117
MID1IP1,0.5773,0.0026
MID2,0.1755,0.0091
MIDN,0.1786,0.0
MIEF1,0.0117,0.0091
MIEF1-2,0.0,0.0849
MIEF2,0.016,0.0131
MIEN1,0.5526,0.0091
MIER1,0.2888,0.0091
MIER2,0.8959,0.0065
MIER3,0.9986,0.0052
MIF,0.0123,0.0287
MIF4GD,0.0,0.0065
MIGA1,0.0,0.0026
MIGA2,0.0,0.0039
MIIP,0.0,0.0013
MILR1,0.0245,0.0
MINA,0.0,0.0
MINDY1,0.0,0.0065
MINDY2,0.0,0.0052
MINDY3,0.0,0.0104
MINK1,1.0,0.0196
MINOS1,0.7873,0.0
MINOS1-NBL1,0.0287,0.0
MINPP1,0.0005,0.0561
MIOS,0.0,0.0339
MIOX,0.0,0.0405
MIP,0.031,0.0261
MIPEP,0.0,0.0078
MIPOL1,0.0,0.0144
MIS12,0.1467,0.0339
MIS18A,0.0071,0.0287
MIS18BP1,0.0,0.0405
MISP,0.0,0.0026
MITD1,0.0,0.0078
MITF,0.9812,0.0392
MIXL1,0.0171,0.0091
MKI67,0.0,0.0914
MKKS,0.0,0.0235
MKKS-2,0.0,0.0013
MKL1,0.9977,0.0
MKL2,1.0,0.0
MKLN1,1.0,0.0222
MKNK1,0.0,0.0209
MKNK2,0.0,0.0144
MKRN1,0.9942,0.0039
MKRN2,0.0088,0.0026
MKRN3,0.2776,0.0131
MKS1,0.0,0.0418
MKX,0.8843,0.0039
MLANA,0.0,0.0157
MLC1,0.0,0.0039
MLEC,0.6072,0.0196
MLF1,0.0,0.0065
MLF2,0.8604,0.0052
MLH1,0.0,0.1005
MLH3,0.0,0.0405
MLIP,0.0,0.0
MLK4,0.0,0.0
MLKL,0.0,0.0483
MLLT1,0.9867,0.111
MLLT10,1.0,0.0209
MLLT11,0.5292,0.0013
MLLT3,0.9996,0.1358
MLLT4,1.0,0.0
MLLT6,1.0,0.017
MLN,0.0041,0.0248
MLNR,0.0127,0.0039
MLPH,0.0,0.0104
MLST8,0.0082,0.0601
MLTK,0.0,0.0
MLX,0.1103,0.0144
MLXIP,0.9893,0.0104
MLXIPL,0.0478,0.0339
MLYCD,0.0006,0.0274
MMAA,0.0,0.0131
MMAB,0.0041,0.017
MMACHC,0.0,0.0117
MMADHC,0.0,0.0183
MMD,0.0001,0.0013
MMD2,0.0,0.0026
MME,0.0,0.0783
MMEL1,0.0,0.0183
MMGT1,0.7983,0.0131
MMP1,0.0,0.0587
MMP10,0.0,0.0157
MMP11,0.0,0.0117
MMP12,0.0,0.0209
MMP13,0.0,0.0405
MMP14,0.9952,0.0457
MMP15,0.0734,0.0117
MMP16,0.918,0.0157
MMP17,0.0,0.0104
MMP19,0.0,0.0013
MMP2,0.8388,0.1188
MMP20,0.0,0.0144
MMP21,0.0,0.0052
MMP23B,0.1173,0.0052
MMP24,0.6775,0.0078
MMP25,0.0,0.0131
MMP26,0.0,0.0026
MMP27,0.0,0.0
MMP28,0.0001,0.0026
MMP3,0.0,0.0692
MMP7,0.0,0.0587
MMP8,0.0,0.0248
MMP9,0.0,0.2128
MMRN1,0.0,0.0039
MMRN2,0.0,0.0039
MMS19,0.0083,0.047
MMS22L,0.0001,0.0117
MMUT,0.0,0.0444
MN1,1.0,0.0026
MNAT1,0.0,0.1501
MND1,0.0,0.0574
MNDA,0.0,0.0222
MNS1,0.0,0.0509
MNT,0.9974,0.0117
MNX1,0.7882,0.0131
MOAP1,0.0,0.0078
MOB1A,0.9509,0.0222
MOB1B,0.035,0.0157
MOB2,0.0513,0.0039
MOB3A,0.0,0.0
MOB3B,0.0164,0.0
MOB3C,0.0,0.0
MOB4,0.931,0.0418
MOBP,0.5462,0.0104
MOCOS,0.0,0.0196
MOCS1,0.0,0.0574
MOCS2,0.0005,0.0274
MOCS3,0.0,0.0209
MOG,0.1375,0.0222
MOGAT1,0.0,0.0287
MOGAT2,0.0105,0.0274
MOGAT3,0.0,0.0196
MOGS,0.0,0.0339
MOK,0.0,0.017
MON1A,0.0,0.0157
MON1B,0.0187,0.0117
MON2,0.5939,0.0104
MORC1,0.0,0.0039
MORC2,1.0,0.0052
MORC3,0.9999,0.0326
MORC4,0.9978,0.0026
MORF4L1,0.9934,0.1057
MORF4L2,0.8108,0.0574
MORN1,0.0,0.0013
MORN2,0.1534,0.0
MORN3,0.0,0.0026
MORN4,0.55,0.0039
MORN5,0.0001,0.0039
MOS,0.5893,0.0078
MOSMO,0.0,0.0013
MOSPD1,0.9249,0.0013
MOSPD2,0.991,0.0091
MOSPD3,0.0002,0.0
MOV10,0.8091,0.0313
MOV10L1,0.0,0.0183
MOXD1,0.0,0.0039
MPC1,0.0385,0.0013
MPC1L,0.0,0.0013
MPC2,0.6351,0.0026
MPDU1,0.0,0.0065
MPDZ,0.0,0.0274
MPEG1,0.0,0.0013
MPG,0.0,0.0131
MPHOSPH10,0.8485,0.2206
MPHOSPH6,0.0004,0.0274
MPHOSPH8,0.0015,0.0379
MPHOSPH9,0.0,0.0026
MPI,0.0,0.047
MPIG6B,0.0,0.0052
MPL,0.0,0.0522
MPLKIP,0.0002,0.0078
MPND,0.0001,0.0222
MPO,0.0,0.0992
MPP1,0.9877,0.0261
MPP2,0.0,0.0131
MPP3,0.0,0.0117
MPP4,0.0,0.0065
MPP5,0.2351,0.0392
MPP6,0.8162,0.0157
MPP7,0.0,0.0039
MPPE1,0.0,0.0157
MPPED1,0.002,0.0026
MPPED2,0.9935,0.0078
MPRIP,0.9808,0.0065
MPST,0.0,0.0352
MPV17,0.0,0.0183
MPV17L,0.0,0.0026
MPV17L2,0.0,0.0026
MPZ,0.2716,0.0
MPZL1,0.159,0.0131
MPZL2,0.0,0.0
MPZL3,0.0,0.0013
MR1,0.0,0.0078
MRAP,0.0021,0.0078
MRAP2,0.0,0.0078
MRAS,0.9211,0.0705
MRC1,0.9434,0.0614
MRC1L1,0.9977,0.0
MRC2,0.6747,0.0052
MRE11,0.0,0.1201
MRE11A,0.0,0.0
MREG,0.0,0.0052
MRFAP1,0.314,0.0052
MRFAP1L1,0.0025,0.0039
MRGBP,0.9314,0.0561
MRGPRD,0.0,0.0078
MRGPRE,0.0,0.0013
MRGPRF,0.0241,0.0013
MRGPRG,0.0,0.0013
MRGPRX1,0.0,0.0078
MRGPRX2,0.0,0.0131
MRGPRX3,0.0,0.0013
MRGPRX4,0.0,0.0052
MRI1,0.0004,0.0144
MRLN,0.0,0.0052
MRM1,0.0,0.0196
MRM2,0.0,0.1123
MRM3,0.0,0.0914
MRNIP,0.0,0.3016
MRO,0.0,0.0
MROH1,0.2026,0.0039
MROH2A,0.0,0.0
MROH2B,0.0,0.0
MROH5,0.0104,0.0
MROH6,0.0,0.0039
MROH7,0.0,0.0
MROH8,0.0,0.0
MROH9,0.0,0.0
MRP63,0.1389,0.0
MRPL1,0.0,0.295
MRPL10,0.1008,0.141
MRPL11,0.0,0.2977
MRPL12,0.0032,0.2807
MRPL13,0.0,0.3708
MRPL14,0.0001,0.1358
MRPL15,0.0,0.1619
MRPL16,0.0,0.2937
MRPL17,0.0282,0.3433
MRPL18,0.0002,0.1345
MRPL19,0.0292,0.2963
MRPL2,0.0,0.3342
MRPL20,0.0,0.2702
MRPL21,0.0,0.2872
MRPL22,0.0,0.3616
MRPL23,0.0,0.1775
MRPL24,0.0,0.3446
MRPL27,0.5021,0.2885
MRPL28,0.0,0.1358
MRPL3,0.0,0.3877
MRPL30,0.0528,0.1488
MRPL32,0.0001,0.2742
MRPL33,0.3655,0.2702
MRPL34,0.0001,0.1945
MRPL35,0.0024,0.1319
MRPL36,0.0,0.3094
MRPL37,0.0,0.1358
MRPL38,0.0,0.1345
MRPL39,0.0,0.1358
MRPL4,0.0,0.3695
MRPL40,0.0529,0.1906
MRPL41,0.5553,0.1958
MRPL42,0.0396,0.1345
MRPL43,0.0,0.2219
MRPL44,0.0,0.158
MRPL45,0.0,0.1358
MRPL46,0.0,0.2089
MRPL47,0.0004,0.218
MRPL48,0.0043,0.1292
MRPL49,0.0003,0.1932
MRPL50,0.0,0.1358
MRPL51,0.0328,0.1345
MRPL52,0.0,0.1332
MRPL53,0.2848,0.1332
MRPL54,0.0221,0.1345
MRPL55,0.0143,0.1292
MRPL57,0.0,0.1332
MRPL58,0.0,0.2023
MRPL9,0.0002,0.282
MRPS10,0.0,0.376
MRPS11,0.0,0.3564
MRPS12,0.0002,0.4204
MRPS14,0.0002,0.3329
MRPS15,0.0,0.3512
MRPS16,0.0583,0.3198
MRPS17,0.0121,0.1253
MRPS18A,0.0,0.154
MRPS18B,0.0001,0.1253
MRPS18C,0.0001,0.141
MRPS2,0.0,0.2794
MRPS21,0.0613,0.1345
MRPS22,0.0,0.1332
MRPS23,0.1277,0.1266
MRPS24,0.0039,0.1253
MRPS25,0.0005,0.1436
MRPS26,0.0,0.1266
MRPS27,0.0,0.1266
MRPS28,0.0,0.1266
MRPS30,0.0,0.1371
MRPS31,0.0001,0.1305
MRPS33,0.0037,0.1319
MRPS34,0.0026,0.1305
MRPS35,0.0,0.188
MRPS36,0.1081,0.0483
MRPS5,0.0004,0.3799
MRPS6,0.0007,0.3107
MRPS7,0.0013,0.376
MRPS9,0.0,0.3029
MRRF,0.0,0.2193
MRS2,0.0,0.0026
MRTFA,0.0,0.0222
MRTFB,0.0,0.0065
MRTO4,0.9863,0.4426
MRVI1,0.0,0.0065
MS4A1,0.0001,0.0405
MS4A10,0.0,0.0052
MS4A12,0.0,0.0078
MS4A13,0.0,0.0
MS4A14,0.0,0.0
MS4A15,0.0004,0.0
MS4A18,0.0,0.0
MS4A2,0.0,0.0209
MS4A3,0.0,0.0144
MS4A4A,0.0,0.0104
MS4A4E,0.0011,0.0144
MS4A5,0.0004,0.0013
MS4A6A,0.0,0.0235
MS4A6E,0.0292,0.0091
MS4A7,0.0,0.0052
MS4A8,0.0,0.0026
MSANTD1,0.8046,0.0
MSANTD2,0.9028,0.0
MSANTD3,0.0161,0.0
MSANTD3-TMEFF1,0.237,0.0
MSANTD4,0.014,0.0
MSC,0.0247,0.0065
MSGN1,0.072,0.0013
MSH2,0.8954,0.1279
MSH3,0.0,0.077
MSH4,0.0,0.0431
MSH5,0.0,0.0379
MSH6,0.0,0.1305
MSI1,0.9936,0.0131
MSI2,0.9948,0.0117
MSL1,0.9989,0.0418
MSL2,0.6241,0.0444
MSL3,0.9967,0.0614
MSLN,0.0,0.0091
MSLNL,0.0,0.0
MSMB,0.0162,0.0248
MSMO1,0.09,0.0431
MSMP,0.0484,0.0026
MSN,0.9997,0.0809
MSR1,0.0,0.0144
MSRA,0.0,0.0131
MSRB1,0.1304,0.0313
MSRB2,0.0001,0.0052
MSRB3,0.0038,0.0013
MSS51,0.0,0.0052
MST1,0.0,0.0091
MST1R,0.0,0.017
MST4,0.308,0.0
MSTN,0.5052,0.047
MSTO1,0.0,0.0
MSX1,0.1652,0.0313
MSX2,0.2617,0.0183
MT-ATP6,0.0,0.1488
MT-ATP8,0.0,0.0535
MT-CO1,0.0,0.1606
MT-CO2,0.0,0.1514
MT-CO3,0.0,0.1475
MT-CYB,0.0,0.1358
MT-ND1,0.0,0.1423
MT-ND2,0.0,0.1397
MT-ND3,0.0,0.141
MT-ND4,0.0,0.1436
MT-ND4L,0.0,0.1149
MT-ND5,0.0,0.1332
MT-ND6,0.0,0.1136
MT1A,0.0045,0.0
MT1B,0.0054,0.0
MT1E,0.0313,0.0261
MT1F,0.0469,0.0091
MT1G,0.0322,0.0078
MT1H,0.0063,0.0091
MT1HL1,0.0,0.0065
MT1M,0.0043,0.0065
MT1X,0.0009,0.0091
MT2A,0.0,0.0144
MT3,0.0645,0.0026
MT4,0.0001,0.0013
MTA1,1.0,0.064
MTA2,0.7448,0.047
MTA3,0.0343,0.0326
MTAP,0.0,0.0326
MTBP,0.0,0.0052
MTCH1,0.6511,0.0209
MTCH2,0.0319,0.0235
MTCL1,0.0,0.0013
MTCP1,0.4521,0.0078
MTDH,0.3292,0.0131
MTERF,0.0,0.0
MTERF1,0.0,0.0104
MTERF2,0.0,0.0026
MTERF3,0.0,0.0261
MTERF4,0.0,0.0822
MTERFD1,0.0,0.0
MTERFD2,0.0,0.0
MTERFD3,0.0,0.0
MTF1,0.969,0.0065
MTF2,0.9999,0.0222
MTFMT,0.0,0.0418
MTFP1,0.0079,0.0013
MTFR1,0.0,0.0039
MTFR1L,0.3128,0.0013
MTFR2,0.0,0.0013
MTG1,0.0133,0.107
MTG2,0.0003,0.0901
MTHFD1,0.0045,0.0496
MTHFD1L,0.0,0.0326
MTHFD2,0.0024,0.0444
MTHFD2L,0.0,0.0326
MTHFR,0.0,0.064
MTHFS,0.0003,0.0117
MTHFSD,0.0,0.0091
MTIF2,0.0,0.2598
MTIF3,0.0,0.0496
MTL5,0.0,0.0
MTM1,0.9996,0.0522
MTMR1,0.9976,0.0313
MTMR10,0.0,0.0078
MTMR11,0.0,0.0
MTMR12,0.9964,0.0026
MTMR14,0.0,0.0209
MTMR2,0.0,0.0431
MTMR3,0.9994,0.0222
MTMR4,0.9996,0.0287
MTMR6,0.0,0.0196
MTMR7,0.0,0.0183
MTMR8,0.0,0.0183
MTMR9,0.0013,0.0078
MTNR1A,0.0,0.0183
MTNR1B,0.0006,0.047
MTO1,0.0,0.0131
MTOR,1.0,0.2298
MTPAP,0.999,0.0131
MTPN,0.8178,0.0117
MTR,0.0,0.0731
MTRES1,0.0,0.0705
MTREX,0.0,0.2376
MTRF1,0.0,0.0287
MTRF1L,0.0,0.0339
MTRNR2L1,0.0,0.0065
MTRNR2L10,0.0,0.0052
MTRNR2L11,0.0,0.0026
MTRNR2L12,0.0,0.0078
MTRNR2L13,0.0,0.0026
MTRNR2L2,0.0,0.0
MTRNR2L3,0.0,0.0
MTRNR2L4,0.0,0.0065
MTRNR2L5,0.0,0.0065
MTRNR2L6,0.0,0.0091
MTRNR2L7,0.0,0.0052
MTRNR2L8,0.0,0.0131
MTRNR2L9,0.0,0.0
MTRR,0.0,0.0326
MTSS1,0.9997,0.0091
MTSS1L,0.98,0.0
MTSS2,0.0,0.0013
MTTP,0.0,0.0222
MTURN,0.4388,0.0
MTUS1,0.0,0.0196
MTUS2,0.7955,0.017
MTX1,0.0133,0.0326
MTX2,0.0192,0.0339
MTX3,0.0002,0.0261
MUC1,0.0188,0.094
MUC12,0.0,0.0209
MUC13,0.0024,0.0209
MUC15,0.0001,0.0196
MUC16,0.0,0.0313
MUC17,0.0,0.0196
MUC19,0.0,0.0209
MUC2,0.0,0.0352
MUC20,0.0047,0.0209
MUC21,0.0802,0.0196
MUC22,0.014,0.0026
MUC3A,0.4035,0.0235
MUC4,0.0,0.0261
MUC5AC,0.0,0.0431
MUC5B,1.0,0.0313
MUC6,0.0,0.0313
MUC7,0.0146,0.0326
MUCL1,0.0,0.0013
MUL1,0.0,0.0222
MUM1,0.0022,0.0
MUM1L1,0.4829,0.0
MURC,0.0001,0.0
MUS81,0.0,0.1214
MUSK,0.0,0.0222
MUSTN1,0.0001,0.0013
MUT,0.0,0.0
MUTYH,0.0,0.0548
MVB12A,0.0,0.0418
MVB12B,0.5587,0.0339
MVD,0.0,0.0405
MVK,0.1668,0.0444
MVP,0.0,0.0091
MX1,0.0,0.0914
MX2,0.0,0.0522
MXD1,0.2316,0.0091
MXD3,0.0031,0.0039
MXD4,0.7763,0.0104
MXI1,0.0011,0.0157
MXRA5,0.043,0.0
MXRA7,0.0008,0.0
MXRA8,0.0,0.0013
MYADM,0.0063,0.0013
MYADML2,0.0001,0.0
MYB,0.8192,0.0418
MYBBP1A,0.0,0.0836
MYBL1,1.0,0.0065
MYBL2,0.1223,0.0561
MYBPC1,0.0,0.0183
MYBPC2,0.0,0.0274
MYBPC3,0.0,0.0444
MYBPH,0.0,0.0196
MYBPHL,0.0037,0.0039
MYC,0.998,0.4543
MYCBP,0.8445,0.0078
MYCBP2,1.0,0.017
MYCBPAP,0.0,0.017
MYCL,0.1155,0.0157
MYCN,0.889,0.0509
MYCT1,0.0004,0.0
MYD88,0.1244,0.1723
MYDGF,0.0,0.0026
MYEF2,0.6345,0.0026
MYEOV,0.0034,0.0026
MYEOV2,0.0013,0.0
MYF5,0.0002,0.0248
MYF6,0.0041,0.0274
MYH1,0.0,0.0587
MYH10,1.0,0.0496
MYH11,0.773,0.0601
MYH13,0.0,0.0274
MYH14,0.0422,0.0366
MYH15,0.0,0.0104
MYH2,0.0,0.0653
MYH3,0.0,0.064
MYH4,0.0,0.0392
MYH6,0.0,0.0914
MYH7,0.0,0.0849
MYH7B,0.0,0.0287
MYH8,0.0,0.0522
MYH9,1.0,0.0966
MYL1,0.0001,0.0862
MYL10,0.0063,0.0222
MYL12A,0.0005,0.0522
MYL12B,0.1133,0.0679
MYL2,0.0,0.1005
MYL3,0.0879,0.0705
MYL4,0.0001,0.0522
MYL5,0.0,0.0352
MYL6,0.0007,0.0731
MYL6B,0.0,0.0666
MYL7,0.0,0.0405
MYL9,0.0198,0.0783
MYLIP,0.1843,0.0183
MYLK,0.0,0.0548
MYLK2,0.2334,0.0339
MYLK3,0.0,0.03
MYLK4,0.0,0.0274
MYLPF,0.7603,0.077
MYMK,0.0,0.0039
MYMX,0.0,0.0013
MYNN,0.5713,0.0052
MYO10,0.0,0.0144
MYO15A,0.0,0.0483
MYO15B,0.0005,0.0
MYO16,0.9985,0.0
MYO18A,0.9872,0.0287
MYO18B,0.0,0.0261
MYO19,0.0,0.0052
MYO1A,0.0,0.0261
MYO1B,0.0001,0.0052
MYO1C,0.0,0.0627
MYO1D,0.0,0.0052
MYO1E,0.0001,0.0117
MYO1F,0.0,0.017
MYO1G,0.0,0.0065
MYO1H,0.0,0.0
MYO3A,0.0,0.0352
MYO3B,0.0,0.0157
MYO5A,0.944,0.0496
MYO5B,0.0,0.0222
MYO5C,0.0,0.0065
MYO6,0.0,0.064
MYO7A,0.0,0.0653
MYO7B,0.0,0.0065
MYO9A,0.4892,0.0104
MYO9B,1.0,0.0078
MYOC,0.0,0.017
MYOCD,0.3336,0.0248
MYOD1,0.1524,0.0809
MYOF,0.0,0.0052
MYOG,0.896,0.0457
MYOM1,0.0,0.0039
MYOM2,0.0,0.0287
MYOM3,0.0,0.0
MYORG,0.0,0.0013
MYOT,0.0,0.0222
MYOZ1,0.0,0.0405
MYOZ2,0.0016,0.0352
MYOZ3,0.0,0.0065
MYPN,0.0,0.0235
MYPOP,0.6689,0.0
MYRF,1.0,0.0091
MYRFL,0.0,0.0
MYRIP,0.0,0.0091
MYSM1,0.0434,0.0313
MYT1,0.9779,0.0039
MYT1L,1.0,0.0117
MYZAP,0.0,0.0013
MZB1,0.0003,0.0131
MZF1,0.0,0.0065
MZT1,0.046,0.0248
MZT2A,0.0,0.0248
MZT2B,0.0613,0.0222
N4BP1,0.6206,0.0052
N4BP2,0.0,0.0013
N4BP2L1,0.8446,0.0013
N4BP2L2,0.0,0.0013
N4BP3,0.0001,0.0013
N6AMT1,0.0,0.0379
N6AMT2,0.0,0.0
NAA10,0.7618,0.03
NAA11,0.0104,0.0144
NAA15,0.9958,0.0222
NAA16,0.0,0.0157
NAA20,0.0062,0.0131
NAA25,1.0,0.0157
NAA30,0.9868,0.0144
NAA35,1.0,0.0183
NAA38,0.0051,0.03
NAA40,0.0,0.017
NAA50,0.7349,0.0157
NAA60,0.5169,0.0144
NAA80,0.0,0.0131
NAAA,0.0,0.0104
NAALAD2,0.0,0.0026
NAALADL1,0.0,0.0117
NAALADL2,0.0,0.0013
NAB1,0.0219,0.0052
NAB2,0.5673,0.0131
NABP1,0.0,0.0078
NABP2,0.9726,0.0131
NACA,0.0,0.1097
NACA-2,0.0,0.0183
NACA2,0.0324,0.0849
NACAD,0.1635,0.03
NACC1,0.9976,0.0091
NACC2,0.3148,0.0
NADK,0.0,0.0131
NADK2,0.0652,0.0222
NADSYN1,0.0,0.0366
NAE1,0.0,0.0352
NAF1,0.9779,0.03
NAGA,0.0,0.0078
NAGK,0.0,0.0157
NAGLU,0.0,0.0144
NAGPA,0.0,0.0026
NAGS,0.0,0.0274
NAIF1,0.2856,0.0065
NAIP,0.0002,0.0339
NALCN,0.0,0.0117
NAMPT,0.9791,0.0718
NAMPTL,0.0,0.0
NANOG,0.7202,0.1462
NANOGNB,0.0042,0.0013
NANOGP8,0.0,0.0065
NANOS1,0.5411,0.0131
NANOS2,0.0517,0.0261
NANOS3,0.0392,0.0065
NANP,0.0001,0.0091
NANS,0.0,0.0078
NAP1L1,0.9994,0.0183
NAP1L2,0.7811,0.0026
NAP1L3,0.0879,0.0013
NAP1L4,0.7715,0.0144
NAP1L5,0.6928,0.0065
NAP1L6,0.0,0.0
NAPA,0.2399,0.0849
NAPB,0.1122,0.0522
NAPEPLD,0.0,0.0183
NAPG,0.0812,0.0444
NAPRT,0.0,0.0274
NAPRT1,0.0,0.0
NAPSA,0.0,0.0144
NARF,0.0,0.0013
NARFL,0.0,0.0
NARG2,0.0,0.0
NARS,0.0,0.0
NARS1,0.0,0.0561
NARS2,0.0,0.0548
NASP,0.9955,0.0705
NAT1,0.0,0.0183
NAT10,0.0,0.2389
NAT14,0.0087,0.0026
NAT16,0.0,0.0
NAT2,0.0,0.0183
NAT6,0.1686,0.0
NAT8,0.0,0.0065
NAT8L,0.8646,0.0261
NAT9,0.0002,0.0104
NAV1,1.0,0.0144
NAV2,1.0,0.0013
NAV3,1.0,0.0013
NAXD,0.0,0.0052
NAXE,0.0,0.0091
NBAS,0.0,0.017
NBEA,1.0,0.0117
NBEAL1,0.0,0.0
NBEAL2,0.0598,0.0013
NBL1,0.059,0.0183
NBN,0.0,0.0914
NBPF1,0.0,0.0117
NBPF10,0.0,0.0
NBPF11,0.0011,0.0039
NBPF12,0.0,0.0065
NBPF14,0.0,0.0
NBPF15,0.0,0.0
NBPF16,0.0,0.0
NBPF19,0.0,0.0013
NBPF19-2,0.0,0.0013
NBPF20,0.0,0.0
NBPF24,0.0055,0.0
NBPF3,0.0,0.0026
NBPF4,0.0055,0.0013
NBPF6,0.0149,0.0013
NBPF8,0.0,0.0
NBPF9,0.0,0.0
NBR1,0.0,0.0731
NCALD,0.8931,0.0287
NCAM1,1.0,0.1345
NCAM2,0.2306,0.0039
NCAN,0.068,0.0196
NCAPD2,0.0,0.0405
NCAPD3,0.0,0.0196
NCAPG,0.0,0.1292
NCAPG2,0.9776,0.0561
NCAPH,0.0001,0.0875
NCAPH2,0.0003,0.0117
NCBP1,1.0,0.2493
NCBP2,0.3999,0.2258
NCBP2L,0.0,0.0379
NCBP3,0.0,0.0431
NCCRP1,0.0,0.0
NCDN,0.9996,0.0104
NCEH1,0.013,0.0026
NCF1,0.0,0.0705
NCF2,0.0,0.0548
NCF4,0.0,0.047
NCK1,0.0021,0.1332
NCK2,0.4579,0.0731
NCKAP1,1.0,0.0431
NCKAP1L,0.8549,0.0366
NCKAP5,0.0,0.0013
NCKAP5L,0.632,0.0013
NCKIPSD,0.0002,0.0326
NCL,0.9999,0.124
NCLN,0.7551,0.0679
NCMAP,0.0405,0.0
NCOA1,0.9998,0.077
NCOA2,1.0,0.064
NCOA3,0.5406,0.1031
NCOA4,0.0,0.017
NCOA5,0.9993,0.0131
NCOA6,0.9991,0.1214
NCOA7,0.0,0.0039
NCOR1,1.0,0.2102
NCOR2,1.0,0.1554
NCR1,0.0,0.0992
NCR2,0.0,0.0418
NCR3,0.0004,0.0574
NCR3LG1,0.0001,0.0196
NCS1,0.6643,0.017
NCSTN,0.9994,0.0274
NDC1,0.9993,0.0418
NDC80,0.0,0.1332
NDE1,0.0067,0.0326
NDEL1,0.9835,0.0352
NDFIP1,0.9775,0.0131
NDFIP2,0.5274,0.0065
NDN,0.675,0.0183
NDNF,0.3803,0.0
NDNL2,0.0562,0.0
NDOR1,0.0,0.0326
NDP,0.6504,0.0131
NDRG1,0.0113,0.0144
NDRG2,0.0,0.0039
NDRG3,0.3656,0.0026
NDRG4,0.0116,0.0013
NDST1,1.0,0.017
NDST2,0.128,0.0131
NDST3,0.0,0.0052
NDST4,0.0,0.0
NDUFA1,0.5532,0.1188
NDUFA10,0.0,0.1214
NDUFA11,0.0178,0.1097
NDUFA12,0.0001,0.1619
NDUFA13,0.0,0.1645
NDUFA2,0.7735,0.1449
NDUFA3,0.0719,0.1136
NDUFA4,0.0239,0.1279
NDUFA4L2,0.0864,0.0431
NDUFA5,0.0019,0.1684
NDUFA6,0.0001,0.1514
NDUFA7,0.0001,0.1136
NDUFA8,0.3441,0.158
NDUFA9,0.0048,0.1488
NDUFAB1,0.5266,0.2585
NDUFAF1,0.0036,0.0822
NDUFAF2,0.0,0.0783
NDUFAF3,0.0053,0.0809
NDUFAF4,0.5534,0.0744
NDUFAF5,0.0,0.0535
NDUFAF6,0.0,0.0483
NDUFAF7,0.0,0.0287
NDUFAF8,0.0,0.0013
NDUFB1,0.0,0.0992
NDUFB10,0.0048,0.1436
NDUFB11,0.8038,0.1201
NDUFB2,0.0,0.0979
NDUFB3,0.0,0.1305
NDUFB4,0.0061,0.124
NDUFB5,0.0007,0.1423
NDUFB6,0.0002,0.1292
NDUFB7,0.0032,0.154
NDUFB8,0.0075,0.1723
NDUFB9,0.0002,0.158
NDUFC1,0.1011,0.1018
NDUFC2,0.6807,0.1136
NDUFC2-KCTD14,0.6567,0.0692
NDUFS1,0.0,0.1723
NDUFS2,0.0014,0.1893
NDUFS3,0.0006,0.2063
NDUFS4,0.0003,0.1645
NDUFS5,0.0264,0.1266
NDUFS6,0.0964,0.1514
NDUFS7,0.9142,0.1488
NDUFS8,0.1659,0.2076
NDUFV1,0.0,0.1841
NDUFV2,0.0056,0.1749
NDUFV3,0.0,0.1084
NEB,0.0,0.0574
NEBL,0.0,0.0078
NECAB1,0.025,0.0026
NECAB2,0.0,0.0039
NECAB3,0.0,0.0065
NECAP1,0.1256,0.03
NECAP2,0.0,0.0366
NECTIN1,0.0,0.0287
NECTIN2,0.0,0.0379
NECTIN3,0.0,0.0144
NECTIN4,0.0,0.0104
NEDD1,0.4216,0.03
NEDD4,0.0,0.0914
NEDD4L,1.0,0.0679
NEDD8,0.8494,0.1854
NEDD8-MDP1,0.0025,0.0
NEDD9,0.1263,0.0261
NEFH,0.0,0.0313
NEFL,0.0,0.0535
NEFM,0.018,0.0287
NEGR1,0.9917,0.0117
NEIL1,0.0,0.0274
NEIL2,0.0,0.0196
NEIL3,0.0,0.0222
NEK1,0.0,0.0078
NEK10,0.0,0.0052
NEK11,0.0,0.0
NEK2,0.0,0.1214
NEK3,0.0,0.0013
NEK4,0.0,0.0013
NEK5,0.0,0.0
NEK6,0.0389,0.0091
NEK7,0.8802,0.0144
NEK8,0.0,0.0131
NEK9,0.0,0.0196
NELFA,0.1347,0.0822
NELFB,0.0034,0.0862
NELFCD,0.1761,0.0888
NELFE,0.0069,0.077
NELL1,0.0,0.0065
NELL2,0.9995,0.0039
NEMF,0.0004,0.0692
NEMP1,0.0,0.0065
NENF,0.0216,0.0039
NEO1,0.244,0.03
NEPRO,0.0,0.0065
NES,0.0,0.0548
NET1,0.0,0.0026
NETO1,0.0526,0.0065
NETO2,0.0627,0.0052
NEU1,0.0001,0.0157
NEU2,0.0,0.0065
NEU3,0.0,0.0078
NEU4,0.0,0.0131
NEURL1,0.0111,0.0026
NEURL1B,0.7089,0.0026
NEURL2,0.0001,0.0013
NEURL4,1.0,0.0078
NEUROD1,0.7711,0.0418
NEUROD2,0.942,0.0091
NEUROD4,0.097,0.0052
NEUROD6,0.8845,0.0065
NEUROG1,0.0002,0.0131
NEUROG2,0.8109,0.0274
NEUROG3,0.0,0.0339
NEXMIF,0.0,0.0026
NEXN,0.0,0.0157
NF1,0.9018,0.0718
NF2,1.0,0.0522
NFAM1,0.0001,0.0013
NFASC,1.0,0.03
NFAT5,1.0,0.0078
NFATC1,0.1565,0.0666
NFATC2,1.0,0.0483
NFATC2IP,0.0,0.0078
NFATC3,0.9981,0.0326
NFATC4,0.8679,0.0248
NFE2,0.6669,0.0235
NFE2L1,0.9976,0.0091
NFE2L2,0.0036,0.1057
NFE2L3,0.0,0.0091
NFE4,0.0,0.0013
NFIA,0.9996,0.0052
NFIB,0.9986,0.0091
NFIC,0.0905,0.0026
NFIL3,0.8198,0.0287
NFIX,0.999,0.0013
NFKB1,1.0,0.3133
NFKB2,1.0,0.0574
NFKBIA,0.9945,0.1749
NFKBIB,0.4224,0.0366
NFKBID,0.3191,0.0078
NFKBIE,0.771,0.0248
NFKBIL1,0.0255,0.0052
NFKBIZ,0.9998,0.0183
NFRKB,0.1343,0.0313
NFS1,0.0554,0.0535
NFU1,0.0,0.0418
NFX1,0.0001,0.0117
NFXL1,0.0,0.0
NFYA,0.1462,0.0287
NFYB,0.0002,0.0248
NFYC,0.1085,0.0261
NGB,0.0045,0.0065
NGDN,0.0,0.1906
NGEF,0.6604,0.03
NGF,0.8203,0.1201
NGFR,0.0979,0.1214
NGFRAP1,0.6214,0.0
NGLY1,0.0,0.0157
NGRN,0.0008,0.0104
NHEJ1,0.0042,0.0535
NHLH1,0.2568,0.0013
NHLH2,0.5796,0.0065
NHLRC1,0.0943,0.0131
NHLRC2,0.0,0.0
NHLRC3,0.0,0.0
NHLRC4,0.0,0.0013
NHP2,0.0501,0.265
NHP2L1,0.7485,0.0
NHS,1.0,0.0052
NHSL1,0.4605,0.0013
NHSL2,0.1166,0.0039
NIBAN2,0.0,0.0013
NIBAN3,0.0,0.0052
NICN1,0.0388,0.0104
NID1,0.0,0.047
NID2,0.0,0.0209
NIF3L1,0.0,0.0117
NIFK,0.0003,0.2467
NIM1K,0.0,0.0
NIN,0.0,0.047
NINJ1,0.1174,0.0026
NINJ2,0.0011,0.0
NINL,0.0,0.0131
NIP7,0.3642,0.2298
NIPA1,0.0059,0.017
NIPA2,0.9209,0.0078
NIPAL1,0.0,0.0026
NIPAL2,0.0,0.0013
NIPAL3,0.0001,0.0013
NIPAL4,0.0014,0.0144
NIPBL,1.0,0.077
NIPSNAP1,0.1001,0.0157
NIPSNAP2,0.0,0.0078
NIPSNAP3A,0.0,0.0026
NIPSNAP3B,0.0,0.0026
NISCH,0.9944,0.0065
NIT1,0.0,0.0013
NIT2,0.0,0.0274
NKAIN1,0.2468,0.0026
NKAIN2,0.0237,0.0039
NKAIN3,0.0539,0.0
NKAIN4,0.0073,0.0013
NKAP,0.9973,0.0614
NKAPL,0.0001,0.0013
NKD1,0.9934,0.0287
NKD2,0.0,0.0078
NKG2-E,0.0,0.0
NKG7,0.0001,0.0261
NKIRAS1,0.0005,0.0026
NKIRAS2,0.0067,0.0078
NKPD1,0.0,0.0
NKRF,0.9966,0.0104
NKTR,0.9403,0.0091
NKX1-1,0.7147,0.0
NKX1-2,0.0028,0.0
NKX2-1,0.3587,0.0366
NKX2-2,0.4139,0.0339
NKX2-3,0.9505,0.0026
NKX2-4,0.0045,0.0013
NKX2-5,0.9453,0.0522
NKX2-6,0.0189,0.0013
NKX2-8,0.0049,0.0039
NKX3-1,0.0005,0.0131
NKX3-2,0.6382,0.0052
NKX6-1,0.0627,0.0209
NKX6-2,0.0289,0.0183
NKX6-3,0.0165,0.0
NLE1,0.0003,0.0731
NLGN1,0.8528,0.0444
NLGN2,0.9997,0.0366
NLGN3,0.9764,0.0379
NLGN4X,0.9927,0.0379
NLGN4Y,0.0994,0.0339
NLK,0.9999,0.0131
NLN,0.0,0.0039
NLRC3,0.0,0.0026
NLRC4,0.0,0.0561
NLRC5,0.0,0.0235
NLRP1,0.0,0.0509
NLRP10,0.0,0.0052
NLRP11,0.0,0.0026
NLRP12,0.0,0.0261
NLRP13,0.0,0.0013
NLRP14,0.0,0.0026
NLRP2,0.0,0.0261
NLRP3,0.0008,0.0901
NLRP4,0.0,0.0183
NLRP5,0.0,0.0104
NLRP6,0.0003,0.0326
NLRP7,0.0,0.0222
NLRP8,0.0,0.0013
NLRP9,0.0,0.017
NLRX1,0.0,0.0248
NMB,0.0195,0.0117
NMBR,0.0,0.0078
NMD3,0.0,0.1671
NME1,0.0032,0.0705
NME1-NME2,0.0,0.0522
NME2,0.0,0.0757
NME3,0.0,0.0601
NME4,0.001,0.0574
NME5,0.0007,0.0052
NME6,0.0,0.0574
NME7,0.0,0.1162
NME8,0.0,0.0574
NME9,0.0,0.0
NMI,0.0,0.0144
NMNAT1,0.0354,0.0405
NMNAT2,0.9885,0.0457
NMNAT3,0.0,0.0104
NMRAL1,0.0,0.0366
NMRK1,0.0,0.0157
NMRK2,0.0,0.0144
NMS,0.0,0.0117
NMT1,0.9955,0.0039
NMT2,0.2363,0.0052
NMU,0.0004,0.0274
NMUR1,0.0001,0.0078
NMUR2,0.0005,0.0104
NNAT,0.4014,0.0078
NNMT,0.0,0.0222
NNT,0.9727,0.0248
NOA1,0.0,0.064
NOB1,0.0,0.2089
NOBOX,0.0,0.017
NOC2L,0.0,0.2546
NOC3L,0.0,0.188
NOC4L,0.0011,0.2089
NOCT,0.0,0.0144
NOD1,0.0,0.0548
NOD2,0.0,0.0809
NODAL,0.9703,0.0313
NOG,0.8903,0.0483
NOL10,0.0507,0.1789
NOL11,0.0,0.1005
NOL12,0.0012,0.0574
NOL3,0.0002,0.0013
NOL4,0.9995,0.0
NOL4L,0.0,0.0026
NOL6,1.0,0.2245
NOL7,0.0,0.0888
NOL8,0.0,0.0144
NOL9,0.0089,0.0287
NOLC1,0.0001,0.0614
NOM1,0.0,0.0561
NOMO1,0.0,0.0039
NOMO2,0.0,0.0078
NOMO3,0.0001,0.0078
NONO,0.9935,0.0587
NOP10,0.7694,0.0809
NOP14,0.0,0.2311
NOP16,0.012,0.0091
NOP2,1.0,0.1945
NOP53,0.0,0.1815
NOP56,0.621,0.2755
NOP58,0.0037,0.2768
NOP9,0.0,0.0809
NOS1,1.0,0.0862
NOS1AP,0.6142,0.0157
NOS2,0.0,0.0444
NOS3,0.0,0.0979
NOSIP,0.0,0.0026
NOSTRIN,0.0,0.0052
NOTCH1,1.0,0.1397
NOTCH2,1.0,0.064
NOTCH2NL,0.6097,0.0
NOTCH2NLA,0.0,0.0013
NOTCH2NLB,0.0,0.0013
NOTCH2NLC,0.0,0.0039
NOTCH3,0.4076,0.0705
NOTCH4,0.0,0.0614
NOTO,0.0021,0.0078
NOTUM,0.0022,0.0287
NOV,0.0066,0.0
NOVA1,0.9962,0.0144
NOVA2,0.9826,0.0078
NOX1,0.0,0.0379
NOX3,0.0,0.0222
NOX4,0.0,0.0366
NOX5,0.0,0.0248
NOXA1,0.0,0.0248
NOXO1,0.0,0.0209
NOXRED1,0.0248,0.0013
NPAP1,0.0,0.0052
NPAS1,0.9707,0.0026
NPAS2,1.0,0.0392
NPAS3,0.9997,0.0039
NPAS4,0.9734,0.0235
NPAT,0.2823,0.0183
NPB,0.0989,0.0091
NPBWR1,0.0,0.0065
NPBWR2,0.0001,0.0039
NPC1,0.0,0.0235
NPC1L1,0.0,0.0196
NPC2,0.0018,0.0117
NPDC1,0.0296,0.0026
NPEPL1,0.0,0.0013
NPEPPS,1.0,0.0104
NPFF,0.0,0.0261
NPFFR1,0.0,0.0091
NPFFR2,0.0,0.0078
NPHP1,0.0,0.0601
NPHP3,0.0,0.03
NPHP4,0.0,0.0431
NPHS1,0.0,0.0431
NPHS2,0.0,0.0248
NPIPA1,0.3225,0.0013
NPIPA2,0.0,0.0
NPIPA5,0.108,0.0
NPIPA7,0.0607,0.0
NPIPA8,0.0609,0.0
NPIPB11,0.0139,0.0
NPIPB15,0.0,0.0
NPIPB3,0.0023,0.0
NPIPB4,0.1831,0.0
NPIPB5,0.0,0.0
NPIPB6,0.0006,0.0
NPIPB7,0.0164,0.0
NPIPB8,0.0038,0.0
NPIPB9,0.1051,0.0
NPL,0.0,0.0039
NPLOC4,1.0,0.0614
NPM1,0.9982,0.2089
NPM2,0.0009,0.0039
NPM3,0.0695,0.0065
NPNT,0.0,0.0065
NPPA,0.0005,0.0627
NPPB,0.0,0.0196
NPPC,0.0606,0.0091
NPR1,0.0003,0.0509
NPR2,0.0,0.0379
NPR3,0.0,0.0144
NPRL2,0.3881,0.0431
NPRL3,0.1902,0.0392
NPS,0.0001,0.0131
NPSR1,0.0,0.2559
NPTN,0.993,0.0052
NPTX1,0.625,0.0026
NPTX2,0.0305,0.0065
NPTXR,0.716,0.0091
NPVF,0.0001,0.0405
NPW,0.0009,0.0065
NPY,0.1429,0.1149
NPY1R,0.0426,0.0196
NPY2R,0.0355,0.0157
NPY4R,0.0,0.0052
NPY4R2,0.0,0.0078
NPY5R,0.0064,0.0117
NQO1,0.0,0.0444
NQO2,0.0,0.0
NR0B1,0.9702,0.0731
NR0B2,0.0,0.0574
NR1D1,0.818,0.0313
NR1D2,0.0062,0.0209
NR1H2,0.3751,0.0287
NR1H3,0.9037,0.0431
NR1H4,0.0009,0.0601
NR1I2,0.0,0.0561
NR1I3,0.0,0.0274
NR2C1,0.6828,0.0065
NR2C2,0.9989,0.0131
NR2C2AP,0.2442,0.0013
NR2E1,0.9986,0.0131
NR2E3,0.0,0.0366
NR2F1,0.9948,0.0078
NR2F2,0.9897,0.017
NR2F6,0.4511,0.0026
NR3C1,0.9696,0.1162
NR3C2,0.8374,0.0313
NR4A1,0.3707,0.0457
NR4A2,0.9996,0.0222
NR4A3,0.9126,0.017
NR5A1,0.9896,0.0522
NR5A2,0.2381,0.0339
NR6A1,0.9817,0.0091
NRAP,0.0,0.0117
NRARP,0.2086,0.0117
NRAS,0.4901,0.1958
NRBF2,0.0005,0.0144
NRBP1,1.0,0.0104
NRBP2,0.0156,0.0039
NRCAM,0.0153,0.0313
NRD1,0.0441,0.0
NRDC,0.0,0.0039
NRDE2,0.0,0.0065
NREP,0.0056,0.0
NRF1,0.9992,0.0248
NRG1,0.9967,0.0326
NRG2,0.9992,0.0183
NRG3,0.1095,0.017
NRG4,0.028,0.0157
NRGN,0.4819,0.0183
NRIP1,0.9939,0.0509
NRIP2,0.0,0.0
NRIP3,0.0,0.0013
NRK,0.9927,0.0
NRL,0.0476,0.0274
NRM,0.0218,0.0
NRN1,0.8602,0.0026
NRN1L,0.0001,0.0
NRP1,0.9858,0.094
NRP2,0.0008,0.0352
NRROS,0.3256,0.0013
NRSN1,0.0003,0.0039
NRSN2,0.0042,0.0
NRTN,0.0302,0.0196
NRXN1,0.9996,0.0783
NRXN2,0.9993,0.0548
NRXN3,1.0,0.0235
NSA2,0.0103,0.2493
NSD1,1.0,0.0157
NSD2,0.0,0.0718
NSD3,0.0,0.0757
NSDHL,0.9639,0.0352
NSF,0.0183,0.0849
NSFL1C,0.0495,0.0339
NSG1,0.0088,0.0052
NSG2,0.8836,0.0
NSL1,0.0039,0.0248
NSMAF,0.0,0.0052
NSMCE1,0.0,0.0183
NSMCE2,0.0379,0.0366
NSMCE3,0.0,0.0196
NSMCE4A,0.0145,0.0209
NSMF,0.2648,0.0144
NSRP1,0.0121,0.0039
NSUN2,0.0003,0.0653
NSUN3,0.0,0.0131
NSUN4,0.0,0.1018
NSUN5,0.0,0.0261
NSUN6,0.0,0.1475
NSUN7,0.0,0.0104
NT5C,0.0027,0.0796
NT5C1A,0.0001,0.0822
NT5C1B,0.0,0.0757
NT5C1B-RDH14,0.0,0.0757
NT5C2,0.0,0.0718
NT5C3A,0.0151,0.0705
NT5C3B,0.0,0.0601
NT5DC1,0.0,0.0
NT5DC2,0.0,0.0
NT5DC3,0.0,0.0
NT5DC4,0.0,0.0
NT5E,0.0,0.1593
NT5M,0.0,0.0796
NTAN1,0.0,0.017
NTF3,0.932,0.0313
NTF4,0.012,0.0235
NTHL1,0.0,0.0379
NTM,0.0578,0.0039
NTMT1,0.0508,0.0039
NTN1,0.9969,0.0313
NTN3,0.0,0.0052
NTN4,0.9159,0.0078
NTN5,0.0,0.0013
NTNG1,0.9167,0.0052
NTNG2,0.9987,0.0052
NTPCR,0.0025,0.0535
NTRK1,0.0,0.1462
NTRK2,1.0,0.1084
NTRK3,0.9983,0.047
NTS,0.0,0.0587
NTSR1,0.0,0.0352
NTSR2,0.0049,0.0078
NUAK1,0.0987,0.0039
NUAK2,0.0,0.0
NUB1,0.0004,0.0065
NUBP1,0.0,0.0183
NUBP2,0.0009,0.0157
NUBPL,0.0,0.0366
NUCB1,0.0,0.0013
NUCB2,0.0,0.0052
NUCKS1,0.9694,0.0065
NUDC,0.8868,0.0705
NUDCD1,0.0,0.0104
NUDCD2,0.0032,0.0039
NUDCD3,0.4479,0.0235
NUDT1,0.0,0.0091
NUDT10,0.1065,0.0052
NUDT11,0.1032,0.0026
NUDT12,0.0,0.0601
NUDT13,0.0,0.0078
NUDT14,0.0,0.0104
NUDT15,0.0017,0.0326
NUDT16,0.0046,0.0444
NUDT16L1,0.0001,0.0026
NUDT17,0.0,0.0091
NUDT18,0.0,0.0091
NUDT19,0.0,0.0078
NUDT2,0.0057,0.0587
NUDT21,0.9858,0.0731
NUDT22,0.0,0.0078
NUDT3,0.4253,0.0013
NUDT4,0.7972,0.0
NUDT5,0.0014,0.0235
NUDT6,0.0,0.0013
NUDT7,0.0,0.0026
NUDT8,0.0001,0.0013
NUDT9,0.0,0.017
NUF2,0.0,0.1514
NUFIP1,0.0,0.0692
NUFIP2,0.9989,0.0561
NUGGC,0.0,0.0
NUMA1,1.0,0.0339
NUMB,0.004,0.0431
NUMBL,0.999,0.0313
NUP107,0.0,0.0666
NUP133,0.0001,0.0561
NUP153,1.0,0.1044
NUP155,0.6535,0.0601
NUP160,0.0,0.0509
NUP188,0.9543,0.0444
NUP205,1.0,0.0561
NUP210,0.0,0.0483
NUP210L,0.0003,0.0013
NUP214,0.0547,0.0953
NUP35,0.0222,0.047
NUP37,0.0,0.0444
NUP42,0.0,0.0496
NUP43,0.0,0.0509
NUP50,0.2834,0.0679
NUP54,0.2156,0.0561
NUP58,0.0,0.0496
NUP62,0.9501,0.0744
NUP62CL,0.0013,0.017
NUP85,1.0,0.064
NUP88,0.0,0.0509
NUP93,0.0,0.0601
NUP98,1.0,0.1084
NUPL1,0.927,0.0
NUPL2,0.0,0.0
NUPR1,0.0042,0.0117
NUPR1L,0.0005,0.0
NUPR2,0.0,0.0065
NUS1,0.9812,0.0209
NUSAP1,0.0457,0.111
NUTF2,0.9386,0.0366
NUTM1,0.0024,0.0078
NUTM2A,0.0,0.0039
NUTM2B,0.0205,0.0026
NUTM2D,0.3731,0.0
NUTM2E,0.0,0.0
NUTM2F,0.0,0.0
NUTM2G,0.0,0.0
NVL,0.0,0.0574
NWD1,0.0,0.0
NXF1,0.9763,0.1175
NXF2,0.4457,0.0131
NXF2B,0.7133,0.0352
NXF3,0.0085,0.0287
NXF5,0.0,0.0235
NXN,0.9972,0.0144
NXNL1,0.0119,0.0065
NXNL2,0.6772,0.0013
NXPE1,0.0,0.0013
NXPE2,0.0,0.0
NXPE3,0.0134,0.0
NXPE4,0.0,0.0013
NXPH1,0.4837,0.0026
NXPH2,0.9265,0.0013
NXPH3,0.2844,0.0013
NXPH4,0.23,0.0013
NXT1,0.6457,0.0339
NXT2,0.8344,0.0196
NYAP1,0.9992,0.0
NYAP2,0.0003,0.0
NYNRIN,0.0,0.0
NYX,0.1296,0.0131
OAF,0.0035,0.0
OARD1,0.0006,0.0065
OAS1,0.0,0.0692
OAS2,0.0,0.0653
OAS3,0.0,0.0535
OASL,0.0,0.0574
OAT,0.0,0.047
OAZ1,0.1785,0.0091
OAZ2,0.3132,0.0039
OAZ3,0.0,0.0065
OBFC1,0.0,0.0
OBI1,0.0,0.0026
OBP2A,0.0,0.0039
OBP2B,0.0,0.0039
OBSCN,0.0,0.0144
OBSL1,0.0,0.0104
OC90,0.0,0.0065
OCA2,0.0,0.03
OCEL1,0.0003,0.0
OCIAD1,0.0,0.0013
OCIAD2,0.0,0.0
OCLM,0.0,0.0
OCLN,0.0,0.1084
OCM,0.0,0.0039
OCM2,0.0246,0.0039
OCRL,1.0,0.0627
OCSTAMP,0.0013,0.0065
ODAM,0.0,0.0065
ODAPH,0.0,0.0091
ODC1,0.1697,0.0313
ODF1,0.9721,0.017
ODF2,0.0012,0.03
ODF2L,0.0,0.0
ODF3,0.1466,0.0013
ODF3B,0.0046,0.0
ODF3L1,0.0,0.0
ODF3L2,0.0256,0.0
ODF4,0.0108,0.0026
ODR4,0.0,0.0013
OFCC1,0.0,0.0
OFD1,0.9597,0.0522
OGA,0.0,0.0222
OGDH,0.9973,0.0692
OGDHL,0.0,0.0509
OGFOD1,0.0,0.0052
OGFOD2,0.0,0.0013
OGFOD3,0.0,0.0
OGFR,0.0339,0.0013
OGFRL1,0.0036,0.0
OGG1,0.0,0.0548
OGN,0.0007,0.0131
OGT,1.0,0.1097
OIP5,0.0,0.0757
OIT3,0.0,0.0
OLA1,0.0581,0.0157
OLAH,0.0,0.0039
OLFM1,0.9968,0.0065
OLFM2,0.0802,0.0274
OLFM3,0.001,0.0039
OLFM4,0.0,0.0131
OLFML1,0.0,0.0
OLFML2A,0.0,0.0
OLFML2B,0.0,0.0
OLFML3,0.0,0.0026
OLIG1,0.6607,0.0196
OLIG2,0.0946,0.0431
OLIG3,0.8339,0.0013
OLR1,0.0072,0.0131
OMA1,0.0,0.0131
OMD,0.0,0.0091
OMG,0.9711,0.017
OMP,0.0004,0.0078
ONECUT1,0.5233,0.0235
ONECUT2,0.907,0.0026
ONECUT3,0.0029,0.0013
OOEP,0.0001,0.0091
OOSP1,0.3846,0.0013
OOSP2,0.0279,0.0026
OOSP3,0.0,0.0013
OPA1,0.9864,0.0235
OPA3,0.5657,0.0078
OPALIN,0.0015,0.0091
OPCML,0.228,0.0026
OPHN1,0.9999,0.0104
OPLAH,0.0,0.0274
OPN1LW,0.9754,0.0091
OPN1MW,0.0378,0.0131
OPN1MW2,0.2446,0.0
OPN1SW,0.0211,0.0117
OPN3,0.0013,0.0091
OPN4,0.0,0.017
OPN5,0.8602,0.0026
OPRD1,0.0033,0.0196
OPRK1,0.0,0.0
OPRL1,0.4817,0.0
OPRM1,0.0,0.0601
OPRPN,0.0,0.0026
OPTC,0.0,0.0052
OPTN,0.0,0.0809
OR10A2,0.0031,0.0052
OR10A3,0.0,0.0
OR10A4,0.0,0.0052
OR10A5,0.0217,0.0078
OR10A6,0.0,0.0026
OR10A7,0.4375,0.0013
OR10AD1,0.0085,0.0013
OR10AG1,0.0,0.0
OR10C1,0.7396,0.0
OR10D3,0.0203,0.0
OR10G2,0.0033,0.0013
OR10G3,0.0035,0.0026
OR10G4,0.0,0.0026
OR10G6,0.0,0.0013
OR10G7,0.0003,0.0039
OR10G8,0.0169,0.0013
OR10G9,0.0,0.0026
OR10H1,0.0001,0.0013
OR10H2,0.0025,0.0
OR10H3,0.0022,0.0
OR10H4,0.0049,0.0026
OR10H5,0.0718,0.0
OR10J1,0.0,0.0013
OR10J3,0.0003,0.0
OR10J5,0.0272,0.0039
OR10K1,0.3136,0.0
OR10K2,0.0,0.0013
OR10P1,0.114,0.0065
OR10Q1,0.0001,0.0
OR10R2,0.0003,0.0
OR10S1,0.0,0.0
OR10T2,0.1201,0.0
OR10V1,0.0008,0.0013
OR10W1,0.0157,0.0483
OR10X1,0.0003,0.0
OR10Z1,0.1109,0.0
OR11A1,0.0025,0.0026
OR11G2,0.0,0.0
OR11H1,0.0,0.0013
OR11H12,0.0,0.0013
OR11H2,0.0,0.0013
OR11H4,0.0,0.0013
OR11H6,0.001,0.0
OR11L1,0.0501,0.0013
OR12D2,0.6753,0.0
OR12D3,0.0079,0.0
OR13A1,0.0016,0.0013
OR13C2,0.0141,0.0
OR13C3,0.0,0.0
OR13C4,0.0,0.0
OR13C5,0.0,0.0
OR13C8,0.0001,0.0
OR13C9,0.0206,0.0
OR13D1,0.0059,0.0
OR13F1,0.0,0.0
OR13G1,0.1503,0.0052
OR13H1,0.0,0.0013
OR13J1,0.0,0.0013
OR14A16,0.0,0.0
OR14A2,0.0,0.0
OR14C36,0.0,0.0
OR14I1,0.0,0.0013
OR14J1,0.0017,0.0
OR14K1,0.0,0.0
OR1A1,0.0001,0.0013
OR1A2,0.0272,0.0
OR1B1,0.0,0.0
OR1C1,0.0574,0.0
OR1D2,0.0009,0.0026
OR1D5,0.0248,0.0013
OR1E1,0.0013,0.0
OR1E2,0.0016,0.0
OR1F1,0.0,0.0052
OR1G1,0.0004,0.0026
OR1I1,0.0,0.0
OR1J1,0.0001,0.0
OR1J2,0.0933,0.0013
OR1J4,0.0798,0.0013
OR1K1,0.0011,0.0
OR1L1,0.3326,0.0
OR1L3,0.0002,0.0
OR1L4,0.0,0.0013
OR1L6,0.0,0.0013
OR1L8,0.0867,0.0
OR1M1,0.0,0.0
OR1N1,0.0,0.0
OR1N2,0.0,0.0
OR1Q1,0.0005,0.0
OR1S1,0.0,0.0013
OR1S2,0.0,0.0013
OR2A1,0.0003,0.0
OR2A12,0.0245,0.0013
OR2A14,0.0001,0.0013
OR2A2,0.2055,0.0026
OR2A25,0.001,0.0013
OR2A4,0.1187,0.0039
OR2A42,0.0574,0.0013
OR2A5,0.0,0.0026
OR2A7,0.3696,0.0013
OR2AE1,0.0112,0.0013
OR2AG1,0.0,0.0052
OR2AG2,0.0163,0.0013
OR2AJ1,0.0062,0.0
OR2AK2,0.0,0.0013
OR2AP1,0.0,0.0026
OR2AT4,0.0037,0.0013
OR2B11,0.0002,0.0
OR2B2,0.01,0.0013
OR2B3,0.0069,0.0013
OR2B6,0.0034,0.0013
OR2C1,0.0,0.0026
OR2C3,0.0059,0.0
OR2D2,0.0,0.0052
OR2D3,0.0084,0.0078
OR2F1,0.0,0.0
OR2F2,0.0,0.0
OR2G2,0.023,0.0
OR2G3,0.0786,0.0
OR2G6,0.0005,0.0
OR2H1,0.5345,0.0013
OR2H2,0.0,0.0
OR2J1,0.0232,0.0
OR2J2,0.0195,0.0
OR2J3,0.0099,0.0
OR2K2,0.0011,0.0026
OR2L13,0.001,0.0013
OR2L2,0.0,0.0
OR2L3,0.0,0.0026
OR2L5,0.0,0.0026
OR2L8,0.3178,0.0039
OR2M2,0.0,0.0013
OR2M3,0.0,0.0
OR2M4,0.0031,0.0
OR2M5,0.0,0.0013
OR2M7,0.0,0.0026
OR2S2,0.0002,0.0
OR2T1,0.0,0.0
OR2T10,0.0007,0.0
OR2T11,0.0,0.0013
OR2T12,0.0,0.0
OR2T2,0.2048,0.0
OR2T27,0.0,0.0
OR2T29,0.0998,0.0
OR2T3,0.0,0.0
OR2T33,0.1161,0.0
OR2T34,0.0,0.0013
OR2T35,0.1868,0.0
OR2T4,0.1949,0.0
OR2T5,0.4728,0.0
OR2T6,0.0,0.0
OR2T7,0.0,0.0
OR2T8,0.0,0.0
OR2V1,0.0,0.0026
OR2V2,0.0819,0.0
OR2W1,0.0441,0.0
OR2W3,0.0001,0.0013
OR2Y1,0.0,0.0026
OR2Z1,0.0,0.0
OR3A1,0.0231,0.0
OR3A2,0.0002,0.0
OR3A3,0.0002,0.0
OR4A15,0.0,0.0
OR4A16,0.0002,0.0013
OR4A47,0.0,0.0013
OR4A5,0.0,0.0013
OR4B1,0.0029,0.0013
OR4C11,0.0,0.0
OR4C12,0.0,0.0
OR4C13,0.0,0.0
OR4C15,0.0,0.0
OR4C16,0.0,0.0
OR4C3,0.0,0.0
OR4C46,0.0,0.0013
OR4C5,0.0032,0.0
OR4C6,0.0051,0.0
OR4D1,0.0002,0.0
OR4D10,0.0039,0.0
OR4D11,0.0,0.0
OR4D2,0.0009,0.0013
OR4D5,0.0,0.0
OR4D6,0.0051,0.0
OR4D9,0.001,0.0
OR4E1,0.0,0.0013
OR4E2,0.0053,0.0
OR4F15,0.0852,0.0
OR4F16,0.0,0.0026
OR4F17,0.3761,0.0
OR4F29,0.0,0.0013
OR4F4,0.3074,0.0
OR4F5,0.0304,0.0
OR4F6,0.0,0.0
OR4K1,0.0,0.0
OR4K13,0.0,0.0
OR4K14,0.0009,0.0
OR4K15,0.0189,0.0013
OR4K17,0.0018,0.0013
OR4K2,0.0,0.0
OR4K5,0.0001,0.0
OR4L1,0.0052,0.0
OR4M1,0.0015,0.0026
OR4M2,0.0,0.0
OR4N2,0.0004,0.0
OR4N4,0.0001,0.0
OR4N5,0.0205,0.0
OR4P4,0.0176,0.0
OR4Q3,0.0,0.0013
OR4S1,0.0016,0.0013
OR4S2,0.0,0.0
OR4X1,0.0,0.0013
OR4X2,0.0,0.0013
OR51A2,0.0,0.0013
OR51A4,0.0039,0.0026
OR51A7,0.0,0.0039
OR51B2,0.0127,0.0039
OR51B4,0.0007,0.0039
OR51B5,0.0,0.0013
OR51B6,0.0001,0.0078
OR51D1,0.0046,0.0
OR51E1,0.003,0.0065
OR51E2,0.0002,0.0052
OR51F1,0.0303,0.0
OR51F2,0.0,0.0013
OR51G1,0.0012,0.0026
OR51G2,0.0037,0.0052
OR51H1P,0.1117,0.0
OR51I1,0.0009,0.0078
OR51I2,0.0367,0.0078
OR51J1,0.434,0.0
OR51L1,0.0009,0.0039
OR51M1,0.0045,0.0078
OR51Q1,0.0001,0.0052
OR51S1,0.0003,0.0026
OR51T1,0.0,0.0013
OR51V1,0.0016,0.0
OR52A1,0.0041,0.0
OR52A5,0.0,0.0026
OR52B1P,0.4168,0.0
OR52B2,0.0,0.0013
OR52B4,0.0,0.0
OR52B6,0.004,0.0
OR52D1,0.0006,0.0065
OR52E2,0.0962,0.0
OR52E4,0.0,0.0039
OR52E6,0.1968,0.0013
OR52E8,0.3808,0.0026
OR52H1,0.0047,0.0
OR52I1,0.1186,0.0013
OR52I2,0.4427,0.0013
OR52J3,0.0,0.0
OR52K1,0.0,0.0039
OR52K2,0.0,0.0013
OR52L1,0.0,0.0013
OR52M1,0.0,0.0
OR52N1,0.1118,0.0013
OR52N2,0.0002,0.0
OR52N4,0.0,0.0
OR52N5,0.0001,0.0026
OR52R1,0.0,0.0026
OR52W1,0.0007,0.0013
OR56A1,0.0006,0.0
OR56A3,0.0,0.0
OR56A4,0.0084,0.0026
OR56B1,0.0,0.0
OR56B3P,0.0,0.0
OR56B4,0.0,0.0
OR5A1,0.0,0.0026
OR5A2,0.0,0.0026
OR5AC2,0.0133,0.0
OR5AK2,0.0006,0.0013
OR5AN1,0.0001,0.0026
OR5AP2,0.0042,0.0
OR5AR1,0.0,0.0
OR5AS1,0.0017,0.0
OR5AU1,0.0,0.0026
OR5B12,0.0203,0.0026
OR5B17,0.4407,0.0013
OR5B2,0.0721,0.0026
OR5B21,0.0,0.0013
OR5B3,0.0,0.0013
OR5C1,0.0001,0.0013
OR5D13,0.0,0.0
OR5D14,0.0,0.0
OR5D16,0.0,0.0013
OR5D18,0.0005,0.0013
OR5F1,0.0001,0.0
OR5H1,0.0,0.0
OR5H14,0.0,0.0
OR5H15,0.0,0.0
OR5H2,0.0002,0.0
OR5H6,0.0003,0.0
OR5I1,0.0,0.0
OR5J2,0.0024,0.0
OR5K1,0.0,0.0
OR5K2,0.0003,0.0013
OR5K3,0.0001,0.0013
OR5K4,0.0,0.0013
OR5L1,0.0,0.0026
OR5L2,0.0,0.0039
OR5M1,0.0019,0.0026
OR5M10,0.0108,0.0026
OR5M11,0.0003,0.0
OR5M3,0.0,0.0
OR5M8,0.0254,0.0
OR5M9,0.0036,0.0
OR5P2,0.0037,0.0026
OR5P3,0.0982,0.0026
OR5R1,0.0005,0.0
OR5T1,0.0,0.0
OR5T2,0.0004,0.0
OR5T3,0.0004,0.0
OR5V1,0.0132,0.0
OR5W2,0.0006,0.0
OR6A2,0.1177,0.0091
OR6B1,0.0,0.0
OR6B2,0.022,0.0013
OR6B3,0.0002,0.0
OR6C1,0.5047,0.0026
OR6C2,0.0923,0.0026
OR6C3,0.0031,0.0
OR6C4,0.0,0.0026
OR6C6,0.0222,0.0
OR6C65,0.0,0.0
OR6C68,0.0134,0.0
OR6C70,0.0,0.0
OR6C74,0.0034,0.0013
OR6C75,0.0188,0.0026
OR6C76,0.0024,0.0
OR6F1,0.0007,0.0013
OR6J1,0.0524,0.0
OR6K2,0.0,0.0039
OR6K3,0.0929,0.0
OR6K6,0.0009,0.0
OR6M1,0.0001,0.0
OR6N1,0.0001,0.0
OR6N2,0.0018,0.0
OR6P1,0.0001,0.0
OR6Q1,0.0015,0.0
OR6S1,0.0288,0.0
OR6T1,0.0015,0.0
OR6V1,0.0002,0.0
OR6X1,0.0011,0.0013
OR6Y1,0.001,0.0013
OR7A10,0.0182,0.0
OR7A17,0.3157,0.0
OR7A5,0.0,0.0026
OR7C1,0.0,0.0026
OR7C2,0.0562,0.0
OR7D2,0.0,0.0
OR7D4,0.0155,0.0026
OR7E24,0.0,0.0026
OR7G1,0.0,0.0
OR7G2,0.0,0.0
OR7G3,0.0,0.0013
OR8A1,0.005,0.0
OR8B12,0.26,0.0026
OR8B2,0.0165,0.0013
OR8B3,0.0138,0.0039
OR8B4,0.0282,0.0091
OR8B8,0.0143,0.0039
OR8D1,0.0,0.0013
OR8D2,0.2106,0.0052
OR8D4,0.1234,0.0
OR8G1,0.0036,0.0026
OR8G5,0.017,0.0
OR8H1,0.0001,0.0
OR8H2,0.0012,0.0
OR8H3,0.0114,0.0
OR8I2,0.0,0.0
OR8J1,0.0,0.0
OR8J3,0.0725,0.0
OR8K1,0.0,0.0
OR8K3,0.0,0.0013
OR8K5,0.0,0.0013
OR8S1,0.0,0.0039
OR8U1,0.0,0.0
OR9A2,0.0003,0.0
OR9A4,0.0,0.0039
OR9G1,0.0004,0.0013
OR9G4,0.0,0.0026
OR9I1,0.3777,0.0
OR9K2,0.0,0.0
OR9Q1,0.0008,0.0
OR9Q2,0.0,0.0
ORAI1,0.0,0.0392
ORAI2,0.2046,0.0157
ORAI3,0.0345,0.0117
ORAOV1,0.0018,0.0
ORC1,0.0,0.0836
ORC2,0.8444,0.0561
ORC3,0.0,0.0522
ORC4,0.0,0.0496
ORC5,0.0,0.0587
ORC6,0.0,0.0418
ORM1,0.0,0.0483
ORM2,0.0,0.0313
ORMDL1,0.1232,0.0091
ORMDL2,0.1942,0.0091
ORMDL3,0.7833,0.0196
OS9,0.0,0.0614
OSBP,0.9986,0.0157
OSBP2,0.0004,0.0104
OSBPL10,0.0,0.0039
OSBPL11,0.8343,0.0052
OSBPL1A,0.0,0.0065
OSBPL2,0.131,0.0039
OSBPL3,0.0,0.0065
OSBPL5,0.0,0.0131
OSBPL6,1.0,0.0026
OSBPL7,0.0029,0.0013
OSBPL8,0.0105,0.0039
OSBPL9,0.9756,0.0039
OSCAR,0.0003,0.0104
OSCP1,0.0,0.0013
OSER1,0.0029,0.0
OSGEP,0.0,0.0144
OSGEPL1,0.0001,0.0091
OSGIN1,0.0,0.0
OSGIN2,0.5935,0.0039
OSM,0.5892,0.0666
OSMR,0.0,0.0379
OSR1,0.863,0.0
OSR2,0.1305,0.0052
OST4,0.3866,0.0248
OSTC,0.0184,0.03
OSTF1,0.0017,0.0013
OSTM1,0.0113,0.0117
OSTN,0.0005,0.0026
OTC,0.873,0.0379
OTOA,0.0,0.0039
OTOF,0.0,0.0326
OTOG,0.0,0.0104
OTOGL,0.0,0.0065
OTOL1,0.0,0.0026
OTOP1,0.0,0.0052
OTOP2,0.0,0.0013
OTOP3,0.0,0.0
OTOR,0.0049,0.0
OTOS,0.0,0.0
OTP,0.7404,0.0039
OTUB1,0.9711,0.0509
OTUB2,0.0,0.0144
OTUD1,0.6509,0.0039
OTUD3,0.0,0.0601
OTUD4,1.0,0.0052
OTUD5,0.9972,0.0157
OTUD6A,0.2847,0.0026
OTUD6B,0.0,0.0026
OTUD7A,0.9525,0.0144
OTUD7B,0.0113,0.0196
OTULIN,0.0,0.0196
OTX1,0.8551,0.0013
OTX2,0.9234,0.0261
OVCA2,0.0,0.0026
OVCH1,0.0,0.0
OVCH1-AS1,0.4649,0.0
OVCH2,0.0,0.0
OVGP1,0.0007,0.0065
OVOL1,0.8781,0.0
OVOL2,0.7089,0.0013
OVOL3,0.0012,0.0
OXA1L,0.0,0.1371
OXCT1,0.0047,0.0248
OXCT2,0.0,0.0248
OXER1,0.0,0.0
OXGR1,0.0,0.0013
OXLD1,0.2663,0.0013
OXNAD1,0.0,0.0078
OXR1,0.8415,0.0026
OXSM,0.0,0.0209
OXSR1,0.7744,0.0287
OXT,0.712,0.064
OXTR,0.0007,0.0339
P2RX1,0.0,0.0261
P2RX2,0.0,0.0209
P2RX3,0.0,0.0248
P2RX4,0.0,0.0261
P2RX5,0.0,0.0235
P2RX6,0.0,0.0248
P2RX7,0.0,0.0274
P2RY1,0.5152,0.0483
P2RY10,0.1554,0.0
P2RY11,0.0077,0.0444
P2RY12,0.0017,0.0392
P2RY13,0.0003,0.0131
P2RY14,0.0005,0.0078
P2RY2,0.0842,0.0248
P2RY4,0.1687,0.0117
P2RY6,0.0,0.0117
P2RY8,0.0034,0.0065
P3H1,0.0,0.03
P3H2,0.0,0.0052
P3H3,0.0,0.0078
P3H4,0.0,0.0039
P3R3URF,0.0,0.0052
P4HA1,0.9317,0.0248
P4HA2,0.0,0.0248
P4HA3,0.0,0.0052
P4HB,0.9966,0.0692
P4HTM,0.0,0.0026
PA2G4,0.9988,0.2585
PAAF1,0.0,0.0339
PABPC1,0.996,0.2076
PABPC1L,0.0004,0.017
PABPC1L2A,0.35,0.0078
PABPC1L2B,0.3214,0.0
PABPC3,0.0,0.0091
PABPC4,0.999,0.0261
PABPC4L,0.0005,0.0091
PABPC5,0.893,0.0144
PABPN1,0.3922,0.0901
PABPN1L,0.0,0.0026
PACC1,0.0,0.0026
PACRG,0.0,0.0483
PACRGL,0.0,0.0026
PACS1,1.0,0.0104
PACS2,0.9958,0.0157
PACSIN1,0.9989,0.0157
PACSIN2,0.2135,0.0235
PACSIN3,0.0019,0.0104
PADI1,0.0,0.0
PADI2,0.0,0.0039
PADI3,0.0,0.0052
PADI4,0.0,0.0196
PADI6,0.0,0.0091
PAEP,0.0,0.0157
PAF1,0.0002,0.1292
PAFAH1B1,1.0,0.0548
PAFAH1B2,0.934,0.0261
PAFAH1B3,0.0025,0.0144
PAFAH2,0.0,0.0366
PAG1,0.0178,0.0117
PAGE1,0.8205,0.0013
PAGE2,0.0572,0.0013
PAGE2B,0.0012,0.0
PAGE3,0.0086,0.0
PAGE4,0.6939,0.0013
PAGE5,0.0207,0.0052
PAGR1,0.7427,0.0144
PAH,0.0,0.0287
PAICS,0.0,0.0274
PAIP1,0.9988,0.0313
PAIP2,0.5541,0.0104
PAIP2B,0.0015,0.0065
PAK1,0.0013,0.0601
PAK1IP1,0.3626,0.0653
PAK2,0.9717,0.047
PAK3,0.9872,0.0287
PAK4,0.0,0.0431
PAK5,0.0,0.0248
PAK6,0.0,0.03
PAK7,0.9998,0.0
PALB2,0.0,0.2167
PALD1,0.0,0.0
PALLD,0.0,0.0131
PALM,0.519,0.0052
PALM2,0.0015,0.0
PALM2-AKAP2,0.0001,0.0
PALM2AKAP2,0.0,0.0052
PALM3,0.4845,0.0
PALMD,0.0003,0.0
PAM,0.0,0.0065
PAM16,0.2351,0.0261
PAMR1,0.0,0.0013
PAN2,0.936,0.0104
PAN3,1.0,0.0052
PANK1,0.0027,0.0144
PANK2,0.0,0.0196
PANK3,0.0,0.0131
PANK4,0.9832,0.0039
PANX1,0.0,0.0209
PANX2,0.0,0.0013
PANX3,0.0,0.0
PAOX,0.0,0.0104
PAPD4,0.0,0.0
PAPD5,0.9994,0.0
PAPD7,0.9993,0.0
PAPL,0.0,0.0
PAPLN,0.0,0.0
PAPOLA,1.0,0.0731
PAPOLB,0.0023,0.047
PAPOLG,0.9979,0.0457
PAPPA,0.1613,0.0183
PAPPA-AS1,0.3035,0.0
PAPPA2,0.0,0.0052
PAPSS1,0.0,0.0287
PAPSS2,0.0,0.0287
PAQR3,0.0,0.0039
PAQR4,0.0,0.0
PAQR5,0.0372,0.0039
PAQR6,0.0001,0.0039
PAQR7,0.0003,0.0052
PAQR8,0.1515,0.0039
PAQR9,0.1367,0.0013
PARD3,0.9558,0.0574
PARD3B,0.0,0.0104
PARD6A,0.0065,0.0313
PARD6B,0.9258,0.0287
PARD6G,0.095,0.0235
PARG,0.3921,0.0261
PARK2,0.0,0.0
PARK7,0.7533,0.0862
PARL,0.0002,0.017
PARL-2,0.0,0.0144
PARM1,0.0009,0.0
PARN,0.0004,0.0418
PARP1,0.0003,0.2063
PARP10,0.0,0.017
PARP11,0.0,0.0065
PARP12,0.0,0.0222
PARP14,0.0067,0.0339
PARP15,0.0,0.0117
PARP16,0.0,0.0117
PARP2,0.0,0.0587
PARP3,0.0,0.0183
PARP4,0.0,0.0157
PARP6,1.0,0.0444
PARP8,0.0596,0.0418
PARP9,0.0,0.0522
PARPBP,0.0,0.0117
PARS2,0.0041,0.0522
PARVA,0.4085,0.0418
PARVB,0.0,0.0418
PARVG,0.0,0.03
PASD1,0.8231,0.0039
PASK,0.0,0.0052
PATE1,0.0,0.0026
PATE2,0.0006,0.0039
PATE3,0.0473,0.0052
PATE4,0.0014,0.0026
PATJ,0.0,0.0418
PATL1,0.964,0.0366
PATL2,0.0,0.0261
PATZ1,0.996,0.0065
PAWR,0.0895,0.0144
PAX1,0.7002,0.0052
PAX2,0.67,0.0248
PAX3,0.2406,0.0366
PAX4,0.0004,0.0235
PAX5,0.998,0.0574
PAX6,0.9998,0.0822
PAX7,0.1447,0.0183
PAX8,0.9987,0.0431
PAX9,0.3087,0.0196
PAXBP1,1.0,0.0052
PAXIP1,1.0,0.0692
PAXIP1-AS2,0.2795,0.0
PAXX,0.0,0.0366
PBDC1,0.5716,0.0026
PBK,0.0,0.1188
PBLD,0.0,0.0052
PBOV1,0.0,0.0
PBRM1,1.0,0.1149
PBX1,0.9953,0.0705
PBX2,0.9953,0.0209
PBX3,0.363,0.0183
PBX4,0.0001,0.0091
PBXIP1,0.0,0.0
PC,0.0138,0.0849
PCARE,0.0,0.0392
PCBD1,0.0003,0.0196
PCBD2,0.026,0.0131
PCBP1,0.9094,0.0718
PCBP2,0.9962,0.0561
PCBP3,0.8433,0.0
PCBP4,0.0024,0.0026
PCCA,0.0,0.0522
PCCB,0.0,0.0666
PCDH1,0.9984,0.0
PCDH10,0.8907,0.0209
PCDH11X,0.0158,0.0104
PCDH11Y,0.0002,0.0104
PCDH12,0.0,0.0026
PCDH15,0.0,0.0287
PCDH17,0.6406,0.0026
PCDH18,0.1268,0.0013
PCDH19,0.9998,0.0157
PCDH20,0.8622,0.0
PCDH7,0.3951,0.0078
PCDH8,0.0,0.0013
PCDH9,0.8086,0.0
PCDHA1,0.0,0.0026
PCDHA10,0.0,0.0052
PCDHA11,0.0,0.0065
PCDHA12,0.0,0.0013
PCDHA13,0.0,0.0
PCDHA2,0.0,0.0039
PCDHA3,0.0,0.0052
PCDHA4,0.0,0.0039
PCDHA5,0.0,0.0
PCDHA6,0.0,0.0039
PCDHA7,0.0,0.0065
PCDHA8,0.0,0.0013
PCDHA9,0.0,0.0039
PCDHAC1,0.0,0.0
PCDHAC2,0.9311,0.0
PCDHB1,0.0,0.0
PCDHB10,0.0,0.0
PCDHB11,0.0,0.0
PCDHB12,0.0,0.0013
PCDHB13,0.0,0.0
PCDHB14,0.0,0.0013
PCDHB15,0.0,0.0
PCDHB16,0.0,0.0039
PCDHB17,0.0,0.0
PCDHB2,0.0,0.0013
PCDHB3,0.0,0.0
PCDHB4,0.0,0.0
PCDHB5,0.0,0.0013
PCDHB6,0.0,0.0013
PCDHB7,0.0,0.0026
PCDHB8,0.0,0.0
PCDHGA1,0.0,0.0013
PCDHGA10,0.0,0.0
PCDHGA11,0.0,0.0
PCDHGA12,0.0,0.0
PCDHGA2,0.0,0.0026
PCDHGA3,0.0,0.0026
PCDHGA4,0.0,0.0104
PCDHGA5,0.0,0.0039
PCDHGA6,0.0,0.0013
PCDHGA7,0.0,0.0013
PCDHGA8,0.0,0.0039
PCDHGA9,0.0,0.0026
PCDHGB1,0.0001,0.0039
PCDHGB2,0.0,0.0039
PCDHGB3,0.0,0.0052
PCDHGB4,0.0,0.0
PCDHGB5,0.0,0.0013
PCDHGB6,0.0,0.0
PCDHGB7,0.0,0.0
PCDHGC3,0.1254,0.0
PCDHGC4,0.9802,0.0013
PCDHGC5,0.0,0.0013
PCDP1,0.0,0.0
PCED1A,0.0924,0.0
PCED1B,0.0,0.0
PCF11,1.0,0.0966
PCGF1,0.9971,0.0509
PCGF2,0.864,0.094
PCGF3,0.9533,0.0535
PCGF5,0.9801,0.0509
PCGF6,0.0001,0.0914
PCID2,0.0,0.0209
PCIF1,1.0,0.0
PCK1,0.0,0.0601
PCK2,0.0,0.047
PCLAF,0.0,0.0783
PCLO,1.0,0.0078
PCM1,0.0,0.0366
PCMT1,0.7845,0.0013
PCMTD1,0.2673,0.0013
PCMTD2,0.008,0.0013
PCNA,0.9761,0.1984
PCNP,0.7855,0.0013
PCNT,0.0,0.0783
PCNX,1.0,0.0
PCNX3,0.0,0.0026
PCNXL2,0.0,0.0
PCNXL3,1.0,0.0
PCNXL4,0.0,0.0
PCOLCE,0.0001,0.0183
PCOLCE2,0.0,0.0039
PCP2,0.0,0.0026
PCP4,0.0022,0.0065
PCP4L1,0.0527,0.0
PCSK1,0.0,0.0209
PCSK1N,0.5324,0.0078
PCSK2,0.9985,0.0091
PCSK4,0.0,0.0
PCSK5,0.0,0.0117
PCSK6,0.0,0.0039
PCSK7,0.0042,0.0013
PCSK9,0.0,0.0457
PCTP,0.0,0.0117
PCYOX1,0.0,0.0352
PCYOX1L,0.0,0.0
PCYT1A,0.0,0.017
PCYT1B,0.8972,0.0144
PCYT2,0.0009,0.017
PDAP1,0.0496,0.0026
PDC,0.0001,0.0078
PDCD1,0.4171,0.1005
PDCD10,0.962,0.0431
PDCD11,0.0,0.359
PDCD1LG2,0.0,0.0444
PDCD2,0.0,0.0026
PDCD2L,0.0,0.0026
PDCD4,0.0,0.0274
PDCD5,0.0036,0.0379
PDCD6,0.0089,0.0718
PDCD6IP,0.7055,0.0509
PDCD7,0.0,0.03
PDCL,0.3049,0.0261
PDCL2,0.0015,0.0013
PDCL3,0.0,0.0183
PDDC1,0.4605,0.0
PDE10A,0.9999,0.0601
PDE11A,0.0,0.0483
PDE11A-2,0.0,0.0039
PDE12,0.0444,0.0078
PDE1A,0.0135,0.0574
PDE1B,0.3365,0.0627
PDE1C,0.0,0.0548
PDE2A,0.631,0.0535
PDE3A,0.0002,0.047
PDE3B,0.0001,0.0744
PDE4A,0.9817,0.0522
PDE4B,0.4746,0.0457
PDE4C,0.0,0.0052
PDE4C-2,0.0,0.03
PDE4D,0.9998,0.047
PDE4DIP,0.0,0.0117
PDE5A,0.0001,0.0444
PDE6A,0.0,0.0875
PDE6B,0.0,0.0757
PDE6C,0.0,0.0444
PDE6D,0.0064,0.0326
PDE6G,0.0134,0.0666
PDE6H,0.0083,0.0209
PDE7A,0.0046,0.0287
PDE7B,0.5458,0.0274
PDE8A,0.0001,0.0222
PDE8B,0.999,0.0222
PDE8B-2,0.0,0.0065
PDE9A,0.0046,0.0352
PDF,0.0,0.0862
PDGFA,0.8084,0.0483
PDGFB,0.7701,0.0679
PDGFC,0.9937,0.0431
PDGFD,0.0017,0.0366
PDGFRA,1.0,0.188
PDGFRB,0.9041,0.1971
PDGFRL,0.0,0.0013
PDHA1,0.9884,0.0522
PDHA2,0.0,0.0509
PDHB,0.152,0.1175
PDHX,0.0001,0.0496
PDIA2,0.0,0.0078
PDIA3,0.9961,0.0653
PDIA4,0.078,0.0392
PDIA5,0.0,0.0026
PDIA6,0.2491,0.0366
PDIK1L,0.2644,0.0117
PDILT,0.0,0.0013
PDK1,0.0,0.0196
PDK2,0.0,0.0144
PDK3,0.4455,0.017
PDK4,0.0,0.0248
PDLIM1,0.0015,0.0091
PDLIM2,0.0002,0.0065
PDLIM3,0.0,0.0078
PDLIM4,0.9828,0.0131
PDLIM5,0.0017,0.0104
PDLIM7,0.7084,0.0131
PDP1,0.4511,0.0144
PDP2,0.0001,0.0117
PDPK1,0.9801,0.0614
PDPN,0.0003,0.0196
PDPR,0.0,0.017
PDRG1,0.0003,0.0235
PDS5A,1.0,0.047
PDS5B,1.0,0.0313
PDSS1,0.0,0.0287
PDSS2,0.0,0.0248
PDX1,0.0178,0.0379
PDXDC1,0.0,0.0052
PDXK,0.7491,0.0157
PDXP,0.2556,0.0091
PDYN,0.0002,0.0522
PDZD11,0.1986,0.0326
PDZD2,0.9969,0.0026
PDZD3,0.0,0.0052
PDZD4,0.8485,0.0013
PDZD7,0.0,0.017
PDZD8,0.9998,0.0026
PDZD9,0.0028,0.0013
PDZK1,0.0,0.0326
PDZK1IP1,0.0009,0.0052
PDZRN3,0.9847,0.0013
PDZRN4,0.0,0.0
PEA15,0.7921,0.0078
PEAK1,0.0009,0.0039
PEAR1,0.0,0.0013
PEBP1,0.0917,0.0535
PEBP4,0.0,0.0379
PECAM1,0.0,0.1449
PECR,0.0,0.0065
PEF1,0.0002,0.0548
PEG10,0.8727,0.0183
PEG3,0.0,0.0091
PELI1,0.3904,0.0183
PELI2,0.8296,0.0052
PELI3,0.0095,0.0104
PELO,0.0105,0.111
PELP1,1.0,0.0548
PEMT,0.2346,0.0326
PENK,0.0002,0.0209
PEPD,0.0,0.0039
PER1,0.0003,0.03
PER2,0.7148,0.0548
PER3,0.0,0.0366
PERM1,0.0,0.0013
PERP,0.0795,0.0117
PES1,0.719,0.2742
PET100,0.0004,0.0091
PET112,0.0,0.0
PET117,0.0321,0.0091
PEX1,0.0,0.0209
PEX10,0.0005,0.0431
PEX11A,0.0,0.0261
PEX11B,0.0001,0.0326
PEX11G,0.0,0.0144
PEX12,0.0,0.0366
PEX13,0.0001,0.0496
PEX14,0.2257,0.0392
PEX16,0.0001,0.0313
PEX19,0.0003,0.0444
PEX2,0.0003,0.0809
PEX26,0.9319,0.0248
PEX3,0.0163,0.0627
PEX5,0.0001,0.0692
PEX5L,0.008,0.0287
PEX6,0.0,0.0352
PEX7,0.0,0.0366
PF4,0.0431,0.0888
PF4V1,0.0008,0.047
PFAS,0.0,0.0091
PFDN1,0.8473,0.0235
PFDN2,0.3497,0.0457
PFDN4,0.4759,0.0274
PFDN5,0.0006,0.0313
PFDN6,0.9359,0.0561
PFKFB1,0.0,0.0366
PFKFB2,0.0,0.0339
PFKFB3,0.2458,0.0392
PFKFB4,0.0,0.0313
PFKL,0.0,0.0601
PFKM,0.0,0.0627
PFKP,0.0,0.0535
PFN1,0.7326,0.0875
PFN2,0.4212,0.0131
PFN3,0.501,0.0496
PFN4,0.0017,0.064
PGA3,0.105,0.0052
PGA4,0.3055,0.0039
PGA5,0.0,0.0052
PGAM1,0.0,0.0457
PGAM2,0.0,0.0431
PGAM4,0.0,0.0431
PGAM5,0.0001,0.0183
PGAP1,0.0,0.0144
PGAP2,0.9345,0.0144
PGAP3,0.0019,0.0222
PGBD1,0.0,0.0183
PGBD2,0.0,0.0
PGBD3,0.0412,0.0
PGBD4,0.3371,0.0026
PGBD5,0.0021,0.0013
PGC,0.0,0.0052
PGD,0.9879,0.0431
PGF,0.1288,0.0522
PGGHG,0.0,0.0052
PGGT1B,0.0408,0.0052
PGK1,0.7654,0.0757
PGK2,0.0,0.047
PGLS,0.0008,0.0183
PGLYRP1,0.0,0.0131
PGLYRP2,0.0,0.0
PGLYRP3,0.0,0.0052
PGLYRP4,0.0,0.0052
PGM1,0.0,0.0431
PGM2,0.0,0.0822
PGM2L1,0.0259,0.0261
PGM3,0.0,0.0339
PGM5,0.0006,0.0339
PGP,0.1626,0.0052
PGPEP1,0.0085,0.0052
PGPEP1L,0.0,0.0
PGR,0.051,0.0953
PGRMC1,0.6711,0.0183
PGRMC2,0.6801,0.0078
PGS1,0.0,0.0078
PHACTR1,0.6354,0.0078
PHACTR2,0.0,0.0013
PHACTR3,0.9969,0.0026
PHACTR4,0.0,0.0013
PHAX,0.0,0.03
PHB,0.7588,0.0561
PHB2,0.0039,0.0587
PHC1,0.9994,0.0849
PHC2,0.5464,0.077
PHC3,1.0,0.0901
PHETA1,0.0,0.0065
PHETA2,0.0,0.0052
PHEX,1.0,0.0183
PHF1,0.9996,0.0444
PHF10,0.0003,0.0836
PHF11,0.0,0.0065
PHF12,1.0,0.0313
PHF13,0.9804,0.0026
PHF14,0.2653,0.0013
PHF19,0.9995,0.0274
PHF2,1.0,0.0026
PHF20,0.9988,0.0783
PHF20L1,1.0,0.0196
PHF21A,1.0,0.0522
PHF21B,0.9869,0.0026
PHF23,0.9977,0.0078
PHF3,0.9926,0.0104
PHF5A,0.866,0.1514
PHF6,0.9978,0.03
PHF7,0.0011,0.0013
PHF8,0.9979,0.0535
PHGDH,0.0001,0.0418
PHGR1,0.1424,0.0
PHIP,1.0,0.0052
PHKA1,0.0,0.0248
PHKA2,0.3839,0.0222
PHKB,0.0,0.0248
PHKG1,0.0,0.0091
PHKG2,0.0039,0.0248
PHLDA1,0.7983,0.0026
PHLDA2,0.1505,0.0144
PHLDA3,0.2504,0.0
PHLDB1,0.1067,0.0013
PHLDB2,0.0,0.0117
PHLDB3,0.0,0.0
PHLPP1,0.9993,0.03
PHLPP2,0.0,0.017
PHOSPHO1,0.5142,0.0144
PHOSPHO2,0.0002,0.0052
PHOX2A,0.4902,0.0078
PHOX2B,0.9375,0.0144
PHPT1,0.0001,0.0065
PHRF1,0.0565,0.0039
PHTF1,0.0,0.0039
PHTF2,0.0002,0.0
PHYH,0.0,0.0222
PHYHD1,0.0,0.0
PHYHIP,0.8598,0.0013
PHYHIPL,0.821,0.0013
PHYKPL,0.0,0.0052
PI15,0.0206,0.0013
PI16,0.0,0.0026
PI3,0.1696,0.0235
PI4K2A,0.8041,0.0379
PI4K2B,0.0,0.0366
PI4KA,0.0,0.0483
PI4KB,0.8661,0.0679
PIANP,0.3779,0.0026
PIAS1,1.0,0.047
PIAS2,0.9972,0.0366
PIAS3,0.985,0.0287
PIAS4,0.9999,0.0522
PIBF1,0.0,0.0091
PICALM,0.999,0.0836
PICK1,0.0082,0.0379
PID1,0.0031,0.0
PIDD,0.0,0.0
PIDD1,0.0,0.0131
PIEZO1,0.0,0.0131
PIEZO2,0.0,0.0091
PIF1,0.0,0.0418
PIFO,0.0,0.0013
PIGA,0.9607,0.0339
PIGB,0.0,0.0261
PIGC,0.0055,0.0261
PIGF,0.0007,0.0117
PIGG,0.0,0.0196
PIGH,0.2307,0.0248
PIGK,0.0001,0.0287
PIGL,0.0,0.0366
PIGM,0.0001,0.0326
PIGN,0.0,0.017
PIGO,0.0,0.0261
PIGP,0.0019,0.0235
PIGQ,0.0,0.03
PIGR,0.8133,0.0222
PIGS,0.0,0.0091
PIGT,0.0,0.0287
PIGU,0.0,0.0104
PIGV,0.0,0.03
PIGW,0.0,0.03
PIGX,0.0,0.0013
PIGY,0.0972,0.0235
PIGZ,0.0,0.0104
PIH1D1,0.0001,0.0705
PIH1D2,0.0,0.0117
PIH1D3,0.8553,0.0287
PIK3AP1,1.0,0.0157
PIK3C2A,0.0101,0.0627
PIK3C2B,0.9965,0.0614
PIK3C2G,0.0,0.0574
PIK3C3,0.0,0.1358
PIK3CA,1.0,0.2559
PIK3CB,0.9996,0.201
PIK3CD,1.0,0.1762
PIK3CG,0.0,0.111
PIK3IP1,0.0151,0.0
PIK3R1,0.9998,0.2663
PIK3R2,0.0163,0.1919
PIK3R3,0.0,0.1841
PIK3R4,0.0245,0.0731
PIK3R5,0.3001,0.0535
PIK3R6,0.0,0.0444
PIKFYVE,0.0,0.0731
PILRA,0.0,0.017
PILRB,0.0001,0.0065
PIM1,0.8485,0.0144
PIM2,0.948,0.0013
PIM3,0.9819,0.0013
PIMREG,0.0,0.0144
PIN1,0.7403,0.0209
PIN4,0.7129,0.0039
PINK1,0.0,0.1305
PINLYP,0.6554,0.0026
PINX1,0.0,0.0313
PIP,0.0007,0.0157
PIP4K2A,0.1416,0.0718
PIP4K2B,0.9984,0.0614
PIP4K2C,0.0018,0.0653
PIP4P1,0.0,0.0392
PIP4P2,0.0,0.0379
PIP5K1A,0.0021,0.0744
PIP5K1B,0.0,0.0731
PIP5K1C,0.977,0.0809
PIP5KL1,0.0,0.0431
PIPOX,0.0,0.0209
PIR,0.0,0.0065
PIRT,0.5802,0.0013
PISD,0.2217,0.0313
PITHD1,0.0081,0.0
PITPNA,0.9651,0.0131
PITPNB,0.981,0.0013
PITPNC1,0.9925,0.0039
PITPNM1,0.0014,0.0104
PITPNM2,1.0,0.0039
PITPNM3,0.9999,0.017
PITRM1,0.0,0.0065
PITX1,0.8824,0.0091
PITX2,0.9762,0.0222
PITX3,0.8128,0.0157
PIWIL1,0.0,0.0326
PIWIL2,0.0,0.0313
PIWIL3,0.0,0.0039
PIWIL4,0.0,0.0352
PJA1,0.9275,0.0131
PJA2,0.0237,0.0039
PJVK,0.0,0.0222
PKD1,1.0,0.0274
PKD1L1,0.0,0.0026
PKD1L2,0.0,0.0
PKD1L3,0.0,0.0065
PKD2,0.0002,0.0366
PKD2L1,0.0,0.0117
PKD2L2,0.0,0.0013
PKDCC,0.0,0.0026
PKDREJ,0.0,0.0013
PKHD1,0.0,0.0144
PKHD1L1,0.0,0.0
PKIA,0.1418,0.0078
PKIB,0.0461,0.0
PKIG,0.5141,0.0039
PKLR,0.0,0.1632
PKM,0.8549,0.2076
PKMYT1,0.2186,0.0326
PKN1,0.2044,0.0287
PKN2,1.0,0.017
PKN3,0.0,0.0117
PKNOX1,0.994,0.0131
PKNOX2,0.9917,0.0117
PKP1,0.0006,0.0352
PKP2,0.0,0.03
PKP3,0.0001,0.0287
PKP4,0.0,0.0235
PLA1A,0.0,0.0117
PLA2G10,0.0695,0.0379
PLA2G12A,0.0004,0.0313
PLA2G12B,0.001,0.0248
PLA2G15,0.3784,0.0405
PLA2G16,0.0,0.0
PLA2G1B,0.0,0.0405
PLA2G2A,0.0973,0.0444
PLA2G2C,0.0357,0.0104
PLA2G2D,0.0,0.0274
PLA2G2E,0.0,0.0222
PLA2G2F,0.0,0.0274
PLA2G3,0.0,0.0379
PLA2G4A,0.0001,0.0627
PLA2G4B,0.0,0.03
PLA2G4C,0.0,0.0339
PLA2G4D,0.0,0.0261
PLA2G4E,0.0,0.0235
PLA2G4F,0.0,0.0248
PLA2G5,0.0001,0.0209
PLA2G6,0.0,0.0796
PLA2G7,0.0,0.0718
PLA2R1,0.0,0.0117
PLAA,0.4687,0.0352
PLAAT1,0.0,0.0026
PLAAT3,0.0,0.0679
PLAAT4,0.0,0.0039
PLAAT5,0.0,0.0013
PLAC1,0.0,0.0183
PLAC8,0.1195,0.0026
PLAC8L1,0.0083,0.0013
PLAC9,0.0029,0.0013
PLAG1,0.9953,0.0117
PLAGL1,0.9764,0.0131
PLAGL2,0.9825,0.0039
PLAT,0.0001,0.0574
PLAU,0.0,0.0535
PLAUR,0.0053,0.0418
PLB1,0.0,0.0509
PLBD1,0.0,0.0
PLBD2,0.0,0.0
PLCB1,0.9834,0.1292
PLCB2,0.0,0.1201
PLCB3,0.94,0.1266
PLCB4,0.0,0.0849
PLCD1,0.0,0.0783
PLCD3,0.0,0.0483
PLCD4,0.0,0.0496
PLCE1,0.0,0.0783
PLCG1,0.0001,0.2258
PLCG2,0.9956,0.1854
PLCH1,0.3965,0.0131
PLCH2,0.0,0.0183
PLCL1,0.0121,0.0183
PLCL2,1.0,0.0
PLCXD1,0.0,0.0052
PLCXD2,0.0,0.0
PLCXD3,0.0089,0.0
PLCZ1,0.0,0.0496
PLD1,0.0,0.0731
PLD2,0.0,0.0953
PLD3,0.0,0.0496
PLD4,0.0,0.0379
PLD5,0.0307,0.0013
PLD6,0.0023,0.0196
PLEC,0.0,0.0509
PLEK,0.0011,0.0809
PLEK2,0.0,0.0692
PLEKHA1,0.0002,0.0065
PLEKHA2,0.838,0.0052
PLEKHA3,0.016,0.0078
PLEKHA4,0.0,0.0039
PLEKHA5,1.0,0.0013
PLEKHA6,0.0137,0.0013
PLEKHA7,0.0,0.0392
PLEKHA8,0.0,0.0052
PLEKHB1,0.0002,0.0
PLEKHB2,0.0,0.0
PLEKHD1,0.0,0.0013
PLEKHF1,0.0125,0.0026
PLEKHF2,0.8673,0.0
PLEKHG1,0.0127,0.0013
PLEKHG2,0.0,0.0039
PLEKHG3,0.0,0.0013
PLEKHG4,0.0,0.0078
PLEKHG4B,0.0,0.0
PLEKHG5,0.0,0.0039
PLEKHG6,0.0,0.0026
PLEKHG7,0.0,0.0
PLEKHH1,0.0,0.0
PLEKHH2,0.0,0.0
PLEKHH3,0.0,0.0
PLEKHJ1,0.0653,0.0039
PLEKHM1,0.0081,0.0287
PLEKHM2,0.0,0.0131
PLEKHM3,0.0001,0.0
PLEKHN1,0.0,0.0
PLEKHO1,0.4834,0.0052
PLEKHO2,0.0336,0.0026
PLEKHS1,0.0,0.0013
PLET1,0.0,0.0
PLG,0.0103,0.1397
PLGLB1,0.0732,0.0026
PLGLB2,0.3042,0.0
PLGRKT,0.0,0.0026
PLIN1,0.0,0.0392
PLIN2,0.0,0.0313
PLIN3,0.0,0.0183
PLIN4,0.0,0.0039
PLIN5,0.0,0.0052
PLK1,0.9785,0.3486
PLK2,0.9999,0.0091
PLK3,0.0,0.0157
PLK4,0.0,0.094
PLK5,0.0001,0.0039
PLLP,0.0092,0.0039
PLN,0.4495,0.0496
PLOD1,0.0,0.0418
PLOD2,0.0,0.03
PLOD3,0.0,0.0261
PLP1,0.9284,0.0209
PLP2,0.0044,0.0065
PLPBP,0.0,0.0052
PLPP1,0.0,0.0039
PLPP2,0.0,0.0875
PLPP3,0.0,0.0875
PLPP4,0.0,0.0548
PLPP5,0.0,0.0548
PLPP6,0.0,0.0026
PLPP7,0.0,0.0013
PLPPR4,0.0,0.0013
PLRG1,0.9991,0.1606
PLS1,0.0,0.0274
PLS3,0.9884,0.0078
PLSCR1,0.0119,0.0117
PLSCR2,0.0,0.0
PLSCR4,0.0,0.0
PLSCR5,0.0,0.0
PLTP,0.0,0.0509
PLVAP,0.0,0.0039
PLXDC1,0.0,0.0026
PLXDC2,0.1342,0.0026
PLXNA1,0.9995,0.0522
PLXNA2,0.0,0.0326
PLXNA3,0.0549,0.0366
PLXNA4,1.0,0.0405
PLXNB1,0.0004,0.0444
PLXNB2,0.9923,0.03
PLXNB3,0.2316,0.0274
PLXNC1,0.9981,0.0091
PLXND1,1.0,0.0339
PM20D1,0.0,0.0065
PM20D2,0.0001,0.0
PMAIP1,0.1118,0.0313
PMCH,0.1149,0.0352
PMEL,0.0,0.0209
PMEPA1,0.9358,0.0052
PMF1,0.0,0.0222
PMF1-BGLAP,0.0,0.0091
PMFBP1,0.0,0.0026
PML,0.2129,0.064
PMM1,0.0,0.0183
PMM2,0.0,0.0352
PMP2,0.0085,0.0078
PMP22,0.9096,0.0117
PMPCA,0.0,0.0718
PMPCB,0.0,0.1123
PMS1,0.0,0.0431
PMS2,0.0,0.0692
PMVK,0.0,0.0235
PNCK,0.0,0.0013
PNISR,1.0,0.0222
PNKD,0.0,0.0052
PNKP,0.0,0.0392
PNLDC1,0.0,0.0078
PNLIP,0.0,0.0457
PNLIPRP1,0.0,0.0274
PNLIPRP2,0.0,0.0
PNLIPRP3,0.0,0.0183
PNMA1,0.0429,0.0052
PNMA2,0.0016,0.017
PNMA3,0.0,0.0
PNMA5,0.0,0.0
PNMA6A,0.0,0.0013
PNMA8A,0.0,0.0013
PNMA8B,0.0,0.0117
PNMAL1,0.0033,0.0
PNMAL2,0.0,0.0
PNMT,0.005,0.0104
PNN,0.1126,0.0496
PNO1,0.2265,0.1488
PNOC,0.015,0.0222
PNP,0.0,0.077
PNPLA1,0.0002,0.0131
PNPLA2,0.0041,0.064
PNPLA3,0.0,0.0522
PNPLA4,0.0026,0.0339
PNPLA5,0.0,0.0013
PNPLA6,0.0,0.0431
PNPLA7,0.0,0.0339
PNPLA8,0.011,0.0052
PNPO,0.0,0.0104
PNPT1,0.0004,0.0809
PNRC1,0.9083,0.0026
PNRC2,0.3376,0.0235
POC1A,0.0,0.0039
POC1B,0.0,0.0091
POC1B-GALNT4,0.1071,0.0
POC5,0.0,0.017
PODN,0.0,0.0
PODNL1,0.0,0.0
PODXL,0.001,0.0209
PODXL2,0.9994,0.0104
POF1B,0.0,0.0078
POFUT1,0.963,0.017
POFUT2,0.0002,0.0131
POGK,0.8919,0.0
POGLUT1,0.0,0.0091
POGLUT2,0.0,0.0013
POGZ,1.0,0.0117
POLA1,1.0,0.1057
POLA2,0.0,0.0731
POLB,0.0,0.0405
POLD1,0.0,0.1658
POLD2,0.001,0.0614
POLD3,0.9978,0.0522
POLD4,0.1451,0.0144
POLDIP2,0.4141,0.0131
POLDIP3,0.1178,0.0483
POLE,0.0,0.1279
POLE2,0.0,0.0979
POLE3,0.0307,0.0953
POLE4,0.0007,0.0692
POLG,0.0,0.047
POLG2,0.0,0.0392
POLH,0.0,0.03
POLI,0.0,0.0457
POLK,0.0,0.017
POLL,0.0,0.0405
POLM,0.0,0.0274
POLN,0.0,0.017
POLQ,0.0,0.0248
POLR1A,0.9998,0.248
POLR1B,0.9995,0.2924
POLR1C,0.0,0.2898
POLR1D,0.3636,0.0927
POLR1E,0.0,0.1084
POLR2A,1.0,0.3264
POLR2B,0.5237,0.3825
POLR2C,0.0015,0.4021
POLR2D,0.2139,0.2154
POLR2E,0.0,0.2742
POLR2F,0.0125,0.3225
POLR2G,0.0,0.2167
POLR2H,0.6526,0.2311
POLR2I,0.3602,0.2167
POLR2J,0.0072,0.2023
POLR2J2,0.0166,0.0261
POLR2J3,0.0,0.03
POLR2K,0.0012,0.2298
POLR2L,0.0005,0.2585
POLR2M,0.0311,0.0313
POLR3A,0.0,0.1815
POLR3B,0.0,0.205
POLR3C,0.0,0.0444
POLR3D,0.0,0.0522
POLR3E,0.0132,0.047
POLR3F,0.0,0.047
POLR3G,0.0,0.0352
POLR3GL,0.0,0.0274
POLR3H,0.006,0.0379
POLR3K,0.1085,0.0561
POLRMT,0.0,0.0313
POM121,0.058,0.0366
POM121C,0.0,0.0339
POM121L12,0.0,0.0
POM121L2,0.3275,0.0026
POMC,0.0001,0.1997
POMGNT1,0.0,0.0405
POMGNT2,0.0,0.0222
POMK,0.0,0.0235
POMP,0.9094,0.0418
POMT1,0.0,0.0366
POMT2,0.0,0.0339
POMZP3,0.0005,0.0
PON1,0.0,0.0574
PON2,0.0001,0.0013
PON3,0.0,0.0039
POP1,0.0,0.047
POP4,0.0,0.0366
POP5,0.0,0.0483
POP7,0.0375,0.0457
POPDC2,0.0,0.0013
POPDC3,0.0109,0.0
POR,0.0,0.0483
PORCN,0.9995,0.0261
POSTN,0.0,0.0483
POT1,0.8534,0.0418
POTEB,0.3528,0.0
POTEB2,0.0425,0.0013
POTEC,0.0,0.0026
POTED,0.0004,0.0013
POTEE,0.0012,0.0
POTEF,0.0,0.0287
POTEG,0.0,0.0
POTEH,0.0,0.0
POTEI,0.0,0.0
POTEJ,0.0,0.0
POTEM,0.0003,0.0
POU1F1,0.045,0.0235
POU2AF1,0.5655,0.0222
POU2F1,0.9023,0.03
POU2F2,0.9988,0.0065
POU2F3,0.0,0.0157
POU3F1,0.5647,0.0065
POU3F2,0.9201,0.0196
POU3F3,0.8828,0.0091
POU3F4,0.5746,0.0026
POU4F1,0.8876,0.0131
POU4F2,0.0748,0.0078
POU4F3,0.9196,0.0039
POU5F1,0.9537,0.1802
POU5F1B,0.0003,0.0026
POU5F2,0.0004,0.0
POU6F1,0.8803,0.0
POU6F2,0.0015,0.0039
PP13004,0.0966,0.0
PP13439,0.0,0.0
PP2D1,0.0,0.0
PPA1,0.0,0.0535
PPA2,0.0,0.0535
PPAN,0.0,0.0783
PPAN-P2RY11,0.0,0.0561
PPAP2A,0.0964,0.0
PPAP2B,0.917,0.0
PPAP2C,0.0008,0.0
PPAPDC1A,0.0002,0.0
PPAPDC1B,0.0,0.0
PPAPDC2,0.0006,0.0
PPAPDC3,0.008,0.0
PPARA,0.0302,0.1593
PPARD,0.995,0.0444
PPARG,0.0292,0.2206
PPARGC1A,0.9973,0.2089
PPARGC1B,0.5032,0.0522
PPAT,0.9861,0.0561
PPBP,0.0577,0.0627
PPCDC,0.0005,0.0117
PPCS,0.008,0.0183
PPDPF,0.0001,0.0
PPEF1,0.9873,0.0052
PPEF2,0.0,0.0026
PPFIA1,1.0,0.0313
PPFIA2,1.0,0.0222
PPFIA3,1.0,0.0313
PPFIA4,0.0,0.0039
PPFIBP1,0.0,0.0157
PPFIBP2,0.0,0.0091
PPHLN1,0.0,0.0078
PPIA,0.5573,0.0483
PPIAL4A,0.0,0.0026
PPIAL4C,0.0,0.0026
PPIAL4D,0.0,0.0026
PPIAL4E,0.0,0.0026
PPIAL4F,0.0,0.0026
PPIAL4G,0.0,0.0026
PPIAL4H,0.0,0.0013
PPIB,0.0,0.0326
PPIC,0.0003,0.0
PPID,0.0,0.0392
PPIE,0.7283,0.1358
PPIF,0.002,0.064
PPIG,0.9629,0.1527
PPIH,0.0001,0.0666
PPIL1,0.1211,0.1175
PPIL2,0.0008,0.0875
PPIL3,0.9024,0.0313
PPIL4,0.0,0.0052
PPIL6,0.0,0.0
PPIP5K1,0.0027,0.0144
PPIP5K2,0.0,0.0104
PPL,0.0,0.0392
PPM1A,0.9983,0.0144
PPM1B,0.0091,0.0144
PPM1D,0.0,0.0131
PPM1E,0.9876,0.0026
PPM1F,0.0039,0.0052
PPM1G,0.9604,0.0065
PPM1H,0.7922,0.0013
PPM1J,0.0,0.0
PPM1K,0.0001,0.0065
PPM1L,0.4729,0.0078
PPM1M,0.0009,0.0
PPM1N,0.0,0.0
PPME1,0.999,0.0144
PPOX,0.0283,0.0196
PPP1CA,0.9859,0.1697
PPP1CB,0.9991,0.1305
PPP1CC,0.9578,0.1723
PPP1R10,1.0,0.0131
PPP1R11,0.3578,0.0117
PPP1R12A,1.0,0.047
PPP1R12B,0.0001,0.0104
PPP1R12C,0.0867,0.03
PPP1R13B,0.9981,0.0117
PPP1R13L,0.0321,0.0144
PPP1R14A,0.1267,0.0144
PPP1R14B,0.0044,0.0013
PPP1R14C,0.002,0.0026
PPP1R14D,0.0,0.0039
PPP1R15A,0.0,0.0627
PPP1R15B,0.1505,0.017
PPP1R16A,0.0044,0.0078
PPP1R16B,0.9997,0.0052
PPP1R17,0.001,0.0078
PPP1R18,0.0005,0.0039
PPP1R1A,0.0219,0.0379
PPP1R1B,0.241,0.0235
PPP1R1C,0.0,0.0013
PPP1R2,0.0693,0.0117
PPP1R21,0.0,0.0091
PPP1R26,0.0,0.1958
PPP1R27,0.0001,0.0
PPP1R32,0.0,0.0013
PPP1R35,0.0072,0.0013
PPP1R36,0.0,0.0013
PPP1R37,0.9945,0.0013
PPP1R3A,0.0,0.0274
PPP1R3B,0.065,0.0261
PPP1R3C,0.0026,0.0287
PPP1R3D,0.0047,0.0209
PPP1R3E,0.2373,0.0144
PPP1R3F,0.0,0.0131
PPP1R3G,0.0,0.0013
PPP1R42,0.0,0.0091
PPP1R7,0.9946,0.017
PPP1R8,0.9879,0.0313
PPP1R9A,0.0,0.0052
PPP1R9B,0.9998,0.0261
PPP2CA,0.9893,0.2206
PPP2CB,0.3442,0.1371
PPP2R1A,0.9839,0.1775
PPP2R1B,0.0,0.0966
PPP2R2A,0.995,0.0914
PPP2R2B,0.9847,0.077
PPP2R2C,0.8995,0.0614
PPP2R2D,0.9171,0.0627
PPP2R3A,0.6235,0.047
PPP2R3B,0.0,0.0457
PPP2R3C,0.0,0.0222
PPP2R4,0.9906,0.0
PPP2R5A,0.8156,0.064
PPP2R5B,0.9842,0.0483
PPP2R5C,0.9707,0.0587
PPP2R5D,0.9999,0.0509
PPP2R5E,1.0,0.0431
PPP3CA,0.9999,0.0849
PPP3CB,1.0,0.0757
PPP3CC,0.2637,0.0627
PPP3R1,0.4148,0.0627
PPP3R2,0.0011,0.0326
PPP4C,0.4554,0.0601
PPP4R1,0.9996,0.0339
PPP4R2,0.9983,0.0392
PPP4R3A,0.0,0.0183
PPP4R3B,0.0,0.0157
PPP4R3C,0.0,0.0104
PPP4R4,0.0,0.0039
PPP5C,0.9994,0.0405
PPP5D1,0.0452,0.0
PPP6C,0.8554,0.0235
PPP6R1,0.9829,0.0144
PPP6R2,0.164,0.0117
PPP6R3,0.9949,0.0104
PPRC1,1.0,0.0235
PPT1,0.0,0.0261
PPT2,0.0045,0.017
PPTC7,0.9381,0.0026
PPWD1,0.0,0.0627
PPY,0.0118,0.0522
PQBP1,0.7893,0.0405
PQLC1,0.0103,0.0
PQLC2,0.0001,0.0
PQLC3,0.0,0.0
PRAC1,0.0159,0.0026
PRAC2,0.0,0.0026
PRADC1,0.0,0.0
PRAF2,0.7424,0.0013
PRAG1,0.0,0.0026
PRAM1,0.0003,0.0091
PRAME,0.0,0.0326
PRAMEF1,0.0,0.0261
PRAMEF10,0.0011,0.0026
PRAMEF11,0.0006,0.0248
PRAMEF12,0.0001,0.0248
PRAMEF13,0.2918,0.0248
PRAMEF14,0.2903,0.0248
PRAMEF15,0.3293,0.0496
PRAMEF16,0.2979,0.0
PRAMEF17,0.0,0.0013
PRAMEF18,0.3043,0.0
PRAMEF19,0.0597,0.0
PRAMEF2,0.0,0.03
PRAMEF20,0.003,0.0248
PRAMEF22,0.0042,0.0
PRAMEF25,0.0,0.0248
PRAMEF26,0.0,0.0248
PRAMEF27,0.0,0.0248
PRAMEF3,0.2862,0.0
PRAMEF4,0.0,0.0248
PRAMEF5,0.0,0.0248
PRAMEF6,0.0,0.0483
PRAMEF7,0.3307,0.0248
PRAMEF8,0.0,0.0248
PRAMEF9,0.0,0.0248
PRAP1,0.0325,0.0013
PRB1,0.0,0.0078
PRB2,0.0,0.0039
PRB3,0.0,0.0052
PRB4,0.0,0.0078
PRC1,0.0,0.0953
PRCC,0.9628,0.0274
PRCD,0.016,0.0339
PRCP,0.0,0.0131
PRDM1,0.9565,0.0326
PRDM10,0.153,0.0
PRDM11,0.9736,0.0
PRDM12,0.9302,0.0
PRDM13,0.5631,0.0
PRDM14,0.0194,0.03
PRDM15,0.0,0.0013
PRDM16,1.0,0.0326
PRDM2,1.0,0.0065
PRDM4,0.0013,0.0039
PRDM5,0.0,0.0
PRDM6,0.6083,0.0026
PRDM7,0.0,0.0
PRDM8,0.7763,0.0026
PRDM9,0.0,0.0183
PRDX1,0.0,0.0522
PRDX2,0.0865,0.0287
PRDX3,0.0042,0.0248
PRDX4,0.0268,0.0144
PRDX5,0.0002,0.0209
PRDX6,0.0,0.0601
PREB,0.0006,0.0287
PRED62,0.0843,0.0
PRELID1,0.1152,0.0039
PRELID2,0.0,0.0
PRELID3A,0.0,0.0026
PRELID3B,0.0,0.0013
PRELP,0.0,0.0144
PREP,0.0803,0.0144
PREPL,0.0,0.0039
PREX1,1.0,0.0418
PREX2,0.0,0.0052
PRF1,0.0,0.0979
PRG2,0.0002,0.0078
PRG3,0.0003,0.0013
PRG4,0.0,0.0078
PRH1,0.0072,0.0117
PRH2,0.0125,0.0144
PRICKLE1,1.0,0.0183
PRICKLE2,0.9954,0.0104
PRICKLE3,0.632,0.0104
PRICKLE4,0.0,0.0091
PRIM1,0.001,0.077
PRIM2,0.0,0.0875
PRIMA1,0.6289,0.0039
PRIMPOL,0.0,0.0196
PRKAA1,0.1373,0.0744
PRKAA2,0.0,0.0744
PRKAB1,0.0053,0.064
PRKAB2,0.7256,0.0666
PRKACA,0.9714,0.3303
PRKACB,0.3512,0.3238
PRKACG,0.0,0.3055
PRKAG1,0.0,0.0692
PRKAG2,0.9969,0.0888
PRKAG3,0.0,0.0666
PRKAR1A,0.9999,0.0457
PRKAR1B,0.1794,0.017
PRKAR2A,0.1187,0.0392
PRKAR2B,0.9971,0.0352
PRKCA,0.3677,0.1932
PRKCB,1.0,0.1488
PRKCD,1.0,0.0901
PRKCDBP,0.0001,0.0
PRKCE,0.9999,0.0783
PRKCG,0.9999,0.1279
PRKCH,0.4288,0.0026
PRKCI,0.068,0.0509
PRKCQ,0.2972,0.047
PRKCSH,0.0,0.0183
PRKCZ,0.541,0.0953
PRKD1,0.0,0.0405
PRKD2,1.0,0.0222
PRKD3,0.0053,0.0248
PRKDC,1.0,0.1527
PRKG1,0.9994,0.0953
PRKG2,0.6469,0.0849
PRKN,0.0,0.1984
PRKRA,0.4165,0.0405
PRKRIP1,0.0,0.0627
PRKRIR,0.9683,0.0
PRKX,0.0326,0.0131
PRKY,0.0,0.03
PRL,0.0,0.077
PRLH,0.1077,0.0078
PRLHR,0.0001,0.0065
PRLR,0.9873,0.0379
PRM1,0.0268,0.0091
PRM2,0.0246,0.0065
PRM3,0.3596,0.0039
PRMT1,0.9991,0.0979
PRMT10,0.0,0.0
PRMT2,0.0016,0.0026
PRMT3,0.0,0.0104
PRMT5,1.0,0.1162
PRMT6,0.0033,0.0248
PRMT7,0.0,0.0104
PRMT8,0.9802,0.0091
PRMT9,0.0,0.0052
PRND,0.0125,0.0039
PRNP,0.0006,0.0627
PRNT,0.0,0.0
PROB1,0.0055,0.0
PROC,0.0,0.047
PROCA1,0.0,0.0026
PROCR,0.0056,0.0274
PRODH,0.0,0.0287
PRODH2,0.0,0.0131
PROK1,0.0,0.0078
PROK2,0.0138,0.0209
PROKR1,0.0,0.0065
PROKR2,0.0,0.0157
PROL1,0.3885,0.0
PROM1,0.0,0.0509
PROM2,0.0,0.0
PROP1,0.0877,0.0104
PRORP,0.0,0.0379
PROS1,0.0005,0.0261
PROSC,0.0397,0.0
PROSER1,0.7114,0.0
PROSER2,0.0,0.0
PROSER3,0.0,0.0026
PROX1,0.9988,0.017
PROX2,0.0,0.0013
PROZ,0.0,0.0039
PRPF18,0.0003,0.0561
PRPF19,1.0,0.1919
PRPF3,1.0,0.1436
PRPF31,0.9831,0.1749
PRPF38A,0.7723,0.1253
PRPF38B,0.7019,0.0065
PRPF39,0.9988,0.0457
PRPF4,0.9993,0.094
PRPF40A,0.0391,0.0822
PRPF40B,0.9996,0.0483
PRPF4B,1.0,0.0888
PRPF6,0.0032,0.141
PRPF8,1.0,0.2324
PRPH,0.0,0.0039
PRPH2,0.1155,0.0509
PRPS1,0.9154,0.0326
PRPS1L1,0.2867,0.0274
PRPS2,0.9354,0.0274
PRPSAP1,0.0,0.0065
PRPSAP2,0.0031,0.0065
PRR11,0.0,0.0
PRR12,1.0,0.0039
PRR13,0.0136,0.0013
PRR14,0.1686,0.0065
PRR14L,0.997,0.0013
PRR15,0.5353,0.0
PRR15L,0.5101,0.0052
PRR16,0.0786,0.0
PRR18,0.4609,0.0
PRR19,0.8124,0.0026
PRR20A,0.0,0.0144
PRR20B,0.0,0.0052
PRR20C,0.0,0.0052
PRR20D,0.0,0.0052
PRR20E,0.0,0.0052
PRR21,0.0,0.0
PRR22,0.0142,0.0
PRR23A,0.0,0.0
PRR23B,0.0,0.0
PRR23C,0.0,0.0
PRR23D1,0.4218,0.0013
PRR23D2,0.0,0.0013
PRR24,0.309,0.0
PRR25,0.0,0.0
PRR26,0.2558,0.0
PRR3,0.0014,0.0117
PRR35,0.0,0.0039
PRR4,0.0442,0.0026
PRR5,0.0669,0.0183
PRR5-ARHGAP8,0.0,0.0013
PRR5L,0.0655,0.0117
PRR7,0.8689,0.0013
PRR9,0.0,0.0026
PRRC1,0.0,0.0026
PRRC2A,1.0,0.0131
PRRC2B,1.0,0.0078
PRRC2C,1.0,0.0091
PRRG1,0.1315,0.0013
PRRG2,0.0,0.0039
PRRG3,0.0,0.0
PRRG4,0.1128,0.0013
PRRT1,0.2984,0.0013
PRRT2,0.5792,0.0117
PRRT3,0.0001,0.0
PRRT4,0.0006,0.0
PRRX1,0.2429,0.0052
PRRX2,0.1396,0.0026
PRSS1,0.0,0.0287
PRSS12,0.0,0.0052
PRSS16,0.0,0.0026
PRSS2,0.0,0.0131
PRSS21,0.0,0.0
PRSS22,0.003,0.0
PRSS23,0.0,0.0013
PRSS27,0.0001,0.0
PRSS3,0.0,0.0144
PRSS33,0.0,0.0013
PRSS35,0.0,0.0
PRSS36,0.0,0.0
PRSS37,0.0,0.0
PRSS38,0.0001,0.0
PRSS42,0.0,0.0
PRSS45,0.0002,0.0
PRSS46,0.0,0.0
PRSS48,0.0,0.0
PRSS50,0.0002,0.0026
PRSS53,0.0,0.0
PRSS54,0.1006,0.0
PRSS55,0.0,0.0
PRSS56,0.0003,0.0026
PRSS57,0.0,0.0052
PRSS58,0.0,0.0052
PRSS8,0.1001,0.0052
PRTFDC1,0.0,0.0131
PRTG,0.0,0.0
PRTN3,0.0,0.0366
PRUNE,0.0091,0.0
PRUNE1,0.0,0.0065
PRUNE2,0.0,0.0026
PRX,0.0,0.0209
PRXL2A,0.0,0.0013
PRY,0.0,0.0287
PRY2,0.0,0.0274
PRYP3,0.0,0.0274
PSAP,0.9905,0.0313
PSAPL1,0.0,0.0065
PSAT1,0.0,0.0261
PSCA,0.1686,0.0091
PSD,0.9036,0.0013
PSD2,0.0002,0.0
PSD3,0.0095,0.0
PSD4,0.4227,0.0026
PSEN1,0.9732,0.0901
PSEN2,0.0005,0.0483
PSENEN,0.8761,0.0261
PSG1,0.0,0.0157
PSG11,0.0,0.0039
PSG2,0.0,0.0131
PSG3,0.0,0.0144
PSG4,0.0,0.0117
PSG5,0.0,0.0065
PSG6,0.0,0.0117
PSG7,0.0,0.0117
PSG8,0.0,0.0065
PSG9,0.0,0.0117
PSIP1,0.9967,0.0587
PSKH1,0.2602,0.0078
PSKH2,0.0,0.0026
PSMA1,0.9825,0.1031
PSMA2,0.9823,0.107
PSMA3,0.9846,0.111
PSMA4,0.5996,0.1031
PSMA5,0.9938,0.1097
PSMA6,0.9862,0.0979
PSMA7,0.9877,0.1057
PSMA8,0.0001,0.0601
PSMB1,0.97,0.0836
PSMB10,0.0,0.0731
PSMB11,0.0,0.0418
PSMB2,0.914,0.0966
PSMB3,0.9566,0.0836
PSMB4,0.0026,0.0849
PSMB5,0.9589,0.0783
PSMB6,0.0158,0.077
PSMB7,0.8942,0.077
PSMB8,0.0218,0.0836
PSMB9,0.0027,0.0992
PSMC1,0.9994,0.1149
PSMC2,0.9999,0.1175
PSMC3,0.9547,0.1097
PSMC3IP,0.0,0.0065
PSMC4,0.301,0.107
PSMC5,0.9331,0.1188
PSMC6,0.9966,0.0875
PSMD1,1.0,0.107
PSMD10,0.5014,0.0431
PSMD11,0.9999,0.111
PSMD12,0.9998,0.111
PSMD13,0.999,0.0927
PSMD14,0.9766,0.1501
PSMD2,1.0,0.124
PSMD3,1.0,0.0862
PSMD4,0.9973,0.1462
PSMD5,0.0,0.0444
PSMD6,0.9952,0.0992
PSMD7,0.2637,0.0979
PSMD8,0.0688,0.0927
PSMD9,0.0,0.0339
PSME1,0.132,0.0587
PSME2,0.0158,0.0574
PSME3,0.9971,0.0705
PSME3IP1,0.0,0.0574
PSME4,1.0,0.0614
PSMF1,0.0,0.0366
PSMG1,0.0003,0.1227
PSMG2,0.0,0.064
PSMG3,0.2003,0.0157
PSMG4,0.0019,0.0078
PSORS1C1,0.0003,0.0026
PSORS1C2,0.0025,0.0026
PSPC1,0.9901,0.0117
PSPH,0.001,0.0392
PSPN,0.0001,0.0131
PSRC1,0.0,0.0052
PSTK,0.0,0.0131
PSTPIP1,0.0,0.017
PSTPIP2,0.0028,0.0039
PTAFR,0.2423,0.0157
PTAR1,0.8645,0.0052
PTBP1,0.9996,0.1084
PTBP2,0.9988,0.0287
PTBP3,0.8629,0.0039
PTCD1,0.0,0.017
PTCD2,0.0,0.0026
PTCD3,0.0,0.1358
PTCH1,1.0,0.0379
PTCH2,0.0,0.0235
PTCHD1,0.9822,0.0117
PTCHD2,0.0,0.0
PTCHD3,0.0,0.0
PTCHD4,0.0002,0.0
PTCRA,0.1445,0.0039
PTDSS1,0.1509,0.0261
PTDSS2,0.0,0.0209
PTEN,0.2565,0.3055
PTER,0.0,0.0
PTF1A,0.1656,0.0287
PTGDR,0.0,0.0078
PTGDR2,0.0027,0.0131
PTGDS,0.0051,0.0209
PTGER1,0.001,0.017
PTGER2,0.0075,0.0274
PTGER3,0.3722,0.0326
PTGER4,0.9755,0.03
PTGES,0.7132,0.0274
PTGES2,0.0,0.0183
PTGES3,0.9854,0.1136
PTGES3L,0.0052,0.0013
PTGES3L-AARSD1,0.0,0.0026
PTGFR,0.0661,0.0131
PTGFRN,0.0005,0.0104
PTGIR,0.0009,0.0052
PTGIS,0.0,0.017
PTGR1,0.0,0.0
PTGR2,0.0,0.0013
PTGS1,0.0,0.0744
PTGS2,0.996,0.1384
PTH,0.0121,0.0757
PTH1R,0.5725,0.0326
PTH2,0.0026,0.0104
PTH2R,0.0,0.0117
PTHLH,0.8115,0.0235
PTK2,0.9999,0.2063
PTK2B,0.9354,0.0744
PTK6,0.0,0.0339
PTK7,0.9972,0.0274
PTMA,0.0345,0.0274
PTMS,0.1975,0.0013
PTN,0.0075,0.017
PTOV1,0.7574,0.0052
PTP4A1,0.2824,0.0144
PTP4A2,0.9663,0.0104
PTP4A3,0.0455,0.0026
PTPA,0.0,0.0418
PTPDC1,0.0,0.0013
PTPLA,0.0,0.0
PTPLAD1,0.0093,0.0
PTPLAD2,0.0,0.0
PTPLB,0.0703,0.0
PTPMT1,0.0127,0.0039
PTPN1,0.8129,0.0457
PTPN11,1.0,0.2258
PTPN12,1.0,0.0261
PTPN13,0.0,0.0222
PTPN14,0.2205,0.0104
PTPN18,0.0,0.0039
PTPN2,0.9995,0.0248
PTPN20,0.0,0.0013
PTPN20A,0.0159,0.0
PTPN20B,0.0511,0.0
PTPN21,0.0,0.0091
PTPN22,0.0,0.0366
PTPN23,0.0313,0.0183
PTPN3,0.0,0.0052
PTPN4,0.9966,0.0091
PTPN5,0.0014,0.0183
PTPN6,1.0,0.107
PTPN7,0.0,0.017
PTPN9,0.1096,0.0026
PTPRA,1.0,0.0104
PTPRB,0.5021,0.0183
PTPRC,1.0,0.2415
PTPRCAP,0.54,0.0026
PTPRD,1.0,0.0235
PTPRE,0.0008,0.0039
PTPRF,1.0,0.0222
PTPRG,0.0,0.0078
PTPRH,0.0,0.0013
PTPRJ,0.0,0.0196
PTPRK,0.9029,0.0091
PTPRM,1.0,0.0039
PTPRN,0.0,0.0117
PTPRN2,0.0,0.0026
PTPRO,0.0,0.0
PTPRQ,0.0,0.0
PTPRR,0.0,0.0157
PTPRS,0.9998,0.0326
PTPRT,1.0,0.0013
PTPRU,0.3925,0.0078
PTPRZ1,0.99,0.0248
PTRF,0.005,0.0
PTRH1,0.0002,0.0052
PTRH2,0.0006,0.0039
PTRHD1,0.0,0.0
PTS,0.0,0.0587
PTTG1,0.0004,0.1084
PTTG1IP,0.005,0.0013
PTTG2,0.0,0.0392
PTX3,0.0001,0.0235
PTX4,0.0,0.0
PUDP,0.0,0.0222
PUF60,0.9968,0.0535
PUM1,1.0,0.0157
PUM2,0.9949,0.0261
PUM3,0.0,0.1449
PURA,0.9403,0.0287
PURB,0.6254,0.0078
PURG,0.961,0.0
PUS1,0.0017,0.0444
PUS10,0.0,0.0157
PUS3,0.0,0.0222
PUS7,0.0,0.0574
PUS7L,0.0,0.0326
PUSL1,0.0,0.0131
PVALB,0.0866,0.0509
PVR,0.0,0.0392
PVRIG,0.0041,0.0078
PVRL1,0.0612,0.0
PVRL2,0.9693,0.0
PVRL3,0.9157,0.0
PVRL4,0.8353,0.0
PWP1,0.0,0.1149
PWP2,0.0007,0.2023
PWWP2A,0.9829,0.0039
PWWP2B,0.8409,0.0013
PWWP3A,0.0,0.0601
PWWP3B,0.0,0.0587
PXDC1,0.0043,0.0013
PXDN,0.0,0.0953
PXDNL,0.0,0.0888
PXK,0.0108,0.0052
PXMP2,0.0092,0.0144
PXMP4,0.0008,0.0117
PXN,0.0823,0.1227
PXT1,0.0,0.0
PXYLP1,0.0,0.0039
PYCARD,0.0002,0.0627
PYCR1,0.0002,0.0248
PYCR2,0.0,0.0157
PYCR3,0.0,0.0157
PYCRL,0.0,0.0
PYDC1,0.0,0.0196
PYDC2,0.0,0.0013
PYGB,0.0,0.0614
PYGL,0.0,0.0601
PYGM,0.0,0.0822
PYGO1,0.9868,0.03
PYGO2,0.9668,0.0405
PYHIN1,0.0,0.0013
PYM1,0.0,0.0131
PYROXD1,0.0,0.0013
PYROXD2,0.0,0.0065
PYURF,0.1615,0.0091
PYY,0.0118,0.0457
PZP,0.0,0.0026
QARS,0.0,0.0
QARS1,0.0,0.1723
QDPR,0.0002,0.0222
QKI,0.7512,0.0496
QPCT,0.0,0.0
QPCTL,0.0,0.0013
QPRT,0.0047,0.0392
QRFP,0.0,0.017
QRFPR,0.0,0.0039
QRICH1,0.9958,0.0052
QRICH2,0.0,0.0065
QRSL1,0.0,0.0287
QSER1,1.0,0.0013
QSOX1,0.0,0.0026
QSOX2,0.0,0.0026
QTRT1,0.0,0.0078
QTRT2,0.0,0.0013
QTRTD1,0.0,0.0
R3HCC1,0.0001,0.0
R3HCC1L,0.0,0.0026
R3HDM1,0.8607,0.0
R3HDM2,1.0,0.0
R3HDM4,0.0005,0.0352
R3HDML,0.0,0.0026
RAB10,0.9721,0.0483
RAB11A,0.9915,0.1136
RAB11B,0.4442,0.0261
RAB11FIP1,0.0,0.0157
RAB11FIP2,0.9445,0.017
RAB11FIP3,0.9982,0.0287
RAB11FIP4,0.992,0.0144
RAB11FIP5,0.0015,0.0144
RAB12,0.0428,0.0078
RAB13,0.0247,0.0326
RAB14,0.9905,0.0196
RAB15,0.006,0.0026
RAB17,0.0746,0.0026
RAB18,0.9101,0.0144
RAB19,0.0,0.0
RAB1A,0.823,0.094
RAB1B,0.8844,0.0587
RAB20,0.0039,0.0013
RAB21,0.1111,0.0091
RAB22A,0.1027,0.0144
RAB23,0.0056,0.0131
RAB24,0.1496,0.0052
RAB25,0.0,0.0131
RAB26,0.0,0.0052
RAB27A,0.0,0.0444
RAB27B,0.0387,0.0222
RAB28,0.0249,0.0013
RAB29,0.0,0.0209
RAB2A,0.9891,0.03
RAB2B,0.0028,0.0026
RAB30,0.9213,0.0026
RAB31,0.0013,0.0157
RAB32,0.0007,0.0131
RAB33A,0.8215,0.0039
RAB33B,0.6752,0.0157
RAB34,0.0,0.0026
RAB35,0.9785,0.03
RAB36,0.0,0.0052
RAB37,0.0,0.0
RAB38,0.002,0.0117
RAB39A,0.0009,0.0013
RAB39B,0.8253,0.0078
RAB3A,0.9463,0.0744
RAB3B,0.3147,0.0052
RAB3C,0.0003,0.0078
RAB3D,0.0,0.0026
RAB3GAP1,0.0,0.0131
RAB3GAP2,0.9867,0.0131
RAB3IL1,0.0004,0.0104
RAB3IP,0.0,0.0574
RAB40A,0.0,0.0052
RAB40AL,0.3134,0.0117
RAB40B,0.0,0.0104
RAB40C,0.0154,0.0052
RAB41,0.0006,0.0013
RAB42,0.003,0.0
RAB43,0.5622,0.0065
RAB44,0.0019,0.0
RAB4A,0.2026,0.0379
RAB4B,0.6709,0.0013
RAB5A,0.6245,0.1005
RAB5B,0.0264,0.0222
RAB5C,0.9372,0.0222
RAB5IF,0.0,0.0013
RAB6A,0.9524,0.0679
RAB6B,0.9588,0.0196
RAB6C,0.0,0.0026
RAB6D,0.0,0.0013
RAB7A,0.9693,0.0614
RAB7B,0.0,0.0326
RAB7L1,0.1815,0.0
RAB8A,0.9754,0.1358
RAB8B,0.0007,0.0209
RAB9A,0.8317,0.0379
RAB9B,0.7343,0.0209
RABAC1,0.0053,0.0157
RABEP1,0.9985,0.0274
RABEP2,0.0011,0.0039
RABEPK,0.0,0.0052
RABGAP1,1.0,0.0039
RABGAP1L,0.0001,0.0
RABGEF1,0.0006,0.0326
RABGGTA,0.0,0.0326
RABGGTB,0.0079,0.0261
RABIF,0.0144,0.107
RABL2A,0.0,0.0065
RABL2B,0.0,0.0078
RABL3,0.0008,0.0
RABL5,0.3362,0.0
RABL6,0.9982,0.0026
RAC1,0.7623,0.1423
RAC2,0.9663,0.1736
RAC3,0.0026,0.141
RACGAP1,0.0017,0.1031
RACK1,0.0,0.3825
RAD1,0.0001,0.0418
RAD17,0.0569,0.077
RAD18,0.0,0.1018
RAD21,0.997,0.094
RAD21L1,0.0,0.0261
RAD23A,0.1835,0.0757
RAD23B,0.9963,0.1397
RAD50,0.0,0.0614
RAD51,0.0266,0.3211
RAD51AP1,0.0111,0.0836
RAD51AP2,0.0,0.0
RAD51B,0.0,0.0653
RAD51C,0.0,0.1005
RAD51D,0.0,0.0783
RAD51D-2,0.0,0.0431
RAD51L3-RFFL,0.0,0.0
RAD52,0.0,0.1397
RAD54B,0.0,0.0313
RAD54L,0.0,0.0431
RAD54L2,1.0,0.0065
RAD9A,0.0,0.0862
RAD9B,0.0,0.0209
RADIL,0.0,0.0
RADX,0.0,0.0026
RAE1,0.999,0.0927
RAET1E,0.0,0.0065
RAET1G,0.0,0.0052
RAET1L,0.0,0.0052
RAF1,0.8529,0.1319
RAG1,0.0,0.0339
RAG2,0.0203,0.0366
RAI1,1.0,0.0026
RAI14,0.9912,0.0
RAI2,0.6116,0.0039
RALA,0.9729,0.0718
RALB,0.0201,0.0261
RALBP1,0.1467,0.0339
RALGAPA1,1.0,0.0039
RALGAPA2,0.0,0.0065
RALGAPB,1.0,0.0091
RALGDS,0.8881,0.0418
RALGPS1,1.0,0.0013
RALGPS2,0.2622,0.0078
RALY,0.138,0.0287
RALYL,0.4587,0.0104
RAMAC,0.0,0.0144
RAMACL,0.0,0.0065
RAMP1,0.1318,0.0287
RAMP2,0.0511,0.0248
RAMP3,0.0164,0.0222
RAN,0.9758,0.1084
RANBP1,0.8224,0.0444
RANBP10,0.9686,0.0131
RANBP17,0.0,0.0039
RANBP2,1.0,0.1527
RANBP3,1.0,0.0117
RANBP3L,0.0,0.0
RANBP6,0.0001,0.0091
RANBP9,1.0,0.0235
RANGAP1,0.0255,0.1005
RANGRF,0.0,0.0157
RAP1A,0.6223,0.1149
RAP1B,0.91,0.0992
RAP1GAP,0.8438,0.0052
RAP1GAP2,0.9693,0.0052
RAP1GDS1,0.9329,0.0157
RAP2A,0.8507,0.0287
RAP2B,0.4866,0.017
RAP2C,0.2963,0.0026
RAPGEF1,1.0,0.0405
RAPGEF2,1.0,0.0261
RAPGEF3,0.0,0.0574
RAPGEF4,0.9922,0.0601
RAPGEF5,0.981,0.0117
RAPGEF6,0.9964,0.0157
RAPGEFL1,0.2966,0.0
RAPH1,0.9999,0.0157
RAPSN,0.0015,0.0235
RARA,0.963,0.0888
RARB,0.9998,0.0248
RARG,0.9948,0.017
RARRES1,0.0,0.0
RARRES2,0.0,0.0157
RARRES3,0.0,0.0
RARS,0.0,0.0
RARS1,0.0,0.0836
RARS2,0.0,0.0601
RASA1,1.0,0.124
RASA2,0.0,0.0117
RASA3,0.0,0.0091
RASA4,0.115,0.0078
RASA4B,0.0214,0.0
RASAL1,0.0,0.0078
RASAL2,0.7964,0.0091
RASAL3,0.0,0.0078
RASD1,0.0387,0.0183
RASD2,0.5373,0.0052
RASEF,0.0,0.0
RASGEF1A,0.9744,0.0052
RASGEF1B,0.9207,0.0013
RASGEF1C,0.0,0.0
RASGRF1,1.0,0.0313
RASGRF2,0.1524,0.0274
RASGRP1,0.9655,0.0287
RASGRP2,0.2436,0.017
RASGRP3,0.0091,0.0183
RASGRP4,0.0376,0.0078
RASIP1,0.998,0.0065
RASL10A,0.1842,0.0104
RASL10B,0.0042,0.0013
RASL11A,0.0,0.0026
RASL11B,0.0075,0.0013
RASL12,0.0009,0.0
RASSF1,0.0,0.047
RASSF10,0.0,0.0026
RASSF2,0.0,0.0091
RASSF3,0.0,0.0039
RASSF4,0.0,0.0039
RASSF5,0.0433,0.0483
RASSF6,0.0,0.0065
RASSF7,0.0,0.0131
RASSF8,0.9416,0.0065
RASSF9,0.0,0.0039
RAVER1,0.911,0.0144
RAVER2,0.0,0.0026
RAX,0.1009,0.0
RAX2,0.0083,0.0091
RB1,1.0,0.1606
RB1CC1,1.0,0.0796
RBAK,0.0,0.0039
RBAK-RBAKDN,0.4894,0.0
RBBP4,0.9957,0.2141
RBBP5,0.9998,0.1475
RBBP6,1.0,0.0392
RBBP7,0.9839,0.1775
RBBP8,0.0,0.1201
RBBP8NL,0.0098,0.0
RBBP9,0.0486,0.0026
RBCK1,0.135,0.0496
RBFA,0.0001,0.0457
RBFOX1,0.9526,0.0091
RBFOX2,0.999,0.0339
RBFOX3,0.9979,0.0431
RBKS,0.0,0.017
RBL1,0.0796,0.0483
RBL2,0.9983,0.0692
RBM10,1.0,0.0352
RBM11,0.0,0.0013
RBM12,0.0021,0.0
RBM12B,0.005,0.0
RBM12B-AS1,0.0183,0.0
RBM14,0.9984,0.0587
RBM14-RBM4,0.9844,0.0091
RBM15,0.9947,0.0483
RBM15B,0.9956,0.0326
RBM17,0.9998,0.0431
RBM18,0.0004,0.0013
RBM19,0.0,0.1031
RBM20,0.9895,0.0248
RBM22,0.9995,0.1358
RBM23,0.0,0.0052
RBM24,0.0864,0.0013
RBM25,1.0,0.1084
RBM26,1.0,0.0013
RBM27,1.0,0.0013
RBM28,0.0,0.1514
RBM3,0.8262,0.0104
RBM33,1.0,0.0
RBM34,0.0,0.0888
RBM38,0.7158,0.0052
RBM39,0.9998,0.094
RBM4,0.99,0.0209
RBM41,0.9655,0.0326
RBM42,0.7479,0.0574
RBM43,0.1325,0.0013
RBM44,0.0011,0.0013
RBM45,0.0,0.0196
RBM46,0.473,0.0
RBM47,0.9849,0.0
RBM48,0.0,0.0483
RBM4B,0.0236,0.0
RBM5,1.0,0.0405
RBM6,1.0,0.0
RBM7,0.6475,0.0431
RBM8A,0.5727,0.1462
RBMS1,0.1193,0.0026
RBMS2,0.0,0.0026
RBMS3,0.2128,0.0013
RBMX,0.8288,0.1162
RBMX2,0.9389,0.1136
RBMXL1,0.0293,0.0
RBMXL2,0.0748,0.0026
RBMXL3,0.0,0.0013
RBMY1A1,0.2903,0.0287
RBMY1B,0.0,0.0078
RBMY1D,0.0,0.017
RBMY1E,0.2905,0.0052
RBMY1F,0.2964,0.0131
RBMY1J,0.2868,0.0013
RBP1,0.0,0.0157
RBP2,0.2209,0.0104
RBP3,0.0001,0.0144
RBP4,0.5195,0.0248
RBP5,0.0,0.0
RBP7,0.5413,0.0013
RBPJ,0.9985,0.0914
RBPJL,0.0,0.0379
RBPMS,0.9717,0.0117
RBPMS2,0.8768,0.0039
RBSN,0.0,0.0274
RBX1,0.9469,0.3277
RC3H1,0.9931,0.0196
RC3H2,1.0,0.0117
RCAN1,0.0167,0.0183
RCAN2,0.8347,0.0052
RCAN3,0.0002,0.0065
RCBTB1,0.0,0.0013
RCBTB2,0.0,0.0013
RCC1,0.9311,0.0457
RCC1L,0.0,0.017
RCC2,0.9557,0.0104
RCCD1,0.0,0.0013
RCE1,0.1595,0.0117
RCHY1,0.0662,0.0117
RCL1,0.0594,0.1684
RCN1,0.0,0.0026
RCN2,0.0294,0.0052
RCN3,0.0,0.0
RCOR1,0.9999,0.1266
RCOR2,0.2071,0.0065
RCOR3,0.988,0.0131
RCSD1,0.0362,0.0078
RCVRN,0.0,0.0287
RD3,0.0,0.0235
RD3L,0.0486,0.0
RDH10,0.9859,0.0274
RDH11,0.0,0.0274
RDH12,0.0,0.0653
RDH13,0.0,0.0013
RDH14,0.0,0.0
RDH16,0.0,0.0157
RDH5,0.0,0.0209
RDH8,0.0012,0.0222
RDM1,0.0,0.0026
RDX,0.8525,0.0666
REC114,0.0,0.0131
REC8,0.0,0.0627
RECK,0.0,0.0091
RECQL,0.0,0.0196
RECQL4,0.0,0.0992
RECQL5,0.0,0.0496
REELD1,0.0,0.0326
REEP1,0.9863,0.0196
REEP2,0.4394,0.0052
REEP3,0.0151,0.0026
REEP4,0.0275,0.0039
REEP5,0.0007,0.0222
REEP6,0.0,0.0013
REG1A,0.0,0.0078
REG1B,0.0,0.0078
REG3A,0.0006,0.0065
REG3G,0.0,0.0039
REG4,0.0008,0.0013
REL,0.9984,0.0627
RELA,0.9995,0.2585
RELB,0.994,0.047
RELL1,0.9587,0.0013
RELL2,0.0841,0.0013
RELN,1.0,0.0261
RELT,0.0,0.0052
REM1,0.0,0.0
REM2,0.0,0.0
REN,0.0,0.0679
RENBP,0.4492,0.017
REP15,0.0,0.0039
REPIN1,0.0947,0.0131
REPS1,0.9851,0.0222
REPS2,0.2031,0.0157
RER1,0.3788,0.0065
RERE,1.0,0.0091
RERG,0.0,0.0
RERGL,0.0,0.0
RESP18,0.0,0.0
REST,0.9919,0.0418
RET,1.0,0.0849
RETN,0.0365,0.0392
RETNLB,0.0427,0.0339
RETREG1,0.0,0.0274
RETREG2,0.0,0.0026
RETREG3,0.0,0.0026
RETSAT,0.0,0.0379
REV1,0.9999,0.0444
REV3L,1.0,0.0718
REX1BD,0.0,0.0013
REXO1,0.9864,0.0078
REXO1L1P,0.0,0.0
REXO2,0.0232,0.0078
REXO4,0.0,0.0261
REXO5,0.0,0.0026
RFC1,0.973,0.0483
RFC2,0.0,0.0862
RFC3,0.0,0.1084
RFC4,0.0,0.1292
RFC5,0.0005,0.0718
RFESD,0.0,0.0013
RFFL,0.4072,0.0052
RFK,0.0639,0.0209
RFLNA,0.0,0.0013
RFLNB,0.0,0.0013
RFNG,0.0,0.0078
RFPL1,0.0124,0.0013
RFPL2,0.0,0.0013
RFPL3,0.0,0.0013
RFPL3S,0.0878,0.0
RFPL4A,0.0429,0.0052
RFPL4AL1,0.2173,0.0013
RFPL4B,0.0,0.0013
RFT1,0.0,0.0039
RFTN1,0.0,0.0
RFTN2,0.0,0.0
RFWD2,0.9999,0.0
RFWD3,0.0,0.0131
RFX1,0.9972,0.0144
RFX2,0.9997,0.0052
RFX3,1.0,0.0065
RFX4,1.0,0.0
RFX5,0.0,0.0144
RFX6,0.0004,0.0209
RFX7,1.0,0.0039
RFX8,0.0,0.0
RFXANK,0.0,0.0157
RFXAP,0.0233,0.0131
RGAG1,0.9973,0.0
RGAG4,0.0002,0.0
RGCC,0.0048,0.0026
RGL1,0.9561,0.0117
RGL2,0.027,0.0235
RGL3,0.0,0.0078
RGL4,0.0,0.0026
RGMA,0.1647,0.0104
RGMB,0.072,0.0144
RGN,0.0221,0.017
RGP1,0.0,0.017
RGPD1,0.007,0.0026
RGPD2,0.0014,0.0366
RGPD3,0.0,0.0065
RGPD4,0.0,0.0013
RGPD5,0.0,0.0078
RGPD6,0.3925,0.0065
RGPD8,0.0,0.0026
RGR,0.0,0.0052
RGS1,0.7818,0.0222
RGS10,0.7593,0.0183
RGS11,0.0,0.0287
RGS12,0.0,0.0209
RGS13,0.0004,0.0196
RGS14,0.0023,0.0183
RGS16,0.0,0.0222
RGS17,0.2668,0.017
RGS18,0.0015,0.0183
RGS19,0.9613,0.0248
RGS2,0.0,0.017
RGS20,0.0001,0.0209
RGS21,0.0,0.0209
RGS22,0.0,0.0013
RGS3,0.0,0.0131
RGS4,0.0,0.0313
RGS5,0.0005,0.0183
RGS6,0.4419,0.0326
RGS7,0.777,0.0352
RGS7BP,0.9578,0.0222
RGS8,0.3018,0.0157
RGS9,0.0,0.0196
RGS9BP,0.0023,0.0144
RGSL1,0.0,0.0209
RHAG,0.0104,0.0248
RHBDD1,0.0,0.0026
RHBDD2,0.6386,0.0
RHBDD3,0.0,0.0
RHBDF1,0.0,0.0026
RHBDF2,0.0012,0.0065
RHBDL1,0.3239,0.0013
RHBDL2,0.0,0.0078
RHBDL3,0.0,0.0
RHBG,0.0,0.0
RHCE,0.0012,0.0183
RHCG,0.0001,0.0026
RHD,0.0,0.0131
RHEB,0.9812,0.0718
RHEBL1,0.0,0.0039
RHNO1,0.0027,0.0104
RHO,0.0001,0.1057
RHOA,0.604,0.3642
RHOB,0.1225,0.0535
RHOBTB1,0.0002,0.017
RHOBTB2,0.0133,0.0091
RHOBTB3,0.0,0.0091
RHOC,0.7677,0.0705
RHOD,0.0159,0.0209
RHOF,0.0002,0.0039
RHOG,0.4295,0.0483
RHOH,0.1486,0.0183
RHOJ,0.0064,0.0183
RHOQ,0.857,0.0457
RHOT1,0.7985,0.0261
RHOT2,0.0,0.0131
RHOU,0.0778,0.0144
RHOV,0.7615,0.0117
RHOXF1,0.7749,0.0
RHOXF2,0.0002,0.0026
RHOXF2B,0.2515,0.0
RHPN1,0.0,0.0117
RHPN2,0.0,0.0026
RIBC1,0.983,0.0065
RIBC2,0.0,0.0509
RIC1,0.0,0.0326
RIC3,0.0,0.0065
RIC8A,0.0006,0.0144
RIC8B,0.9989,0.0131
RICTOR,1.0,0.077
RIDA,0.0,0.0144
RIF1,1.0,0.0157
RIIAD1,0.0,0.0
RILP,0.0,0.0157
RILPL1,0.3857,0.0052
RILPL2,0.0039,0.0091
RIMBP2,0.6781,0.0078
RIMBP3,0.0,0.0065
RIMBP3B,0.4125,0.0039
RIMBP3C,0.0,0.0039
RIMKLA,0.0006,0.0065
RIMKLB,0.5927,0.0235
RIMS1,0.9902,0.0379
RIMS2,1.0,0.0196
RIMS3,0.0001,0.0
RIMS4,0.2328,0.0
RIN1,0.0,0.0287
RIN2,0.0008,0.0039
RIN3,0.0,0.0144
RING1,0.6485,0.1423
RINL,0.0001,0.0026
RINT1,0.0,0.0287
RIOK1,0.0,0.0836
RIOK2,0.0001,0.1266
RIOK3,0.0,0.0144
RIOX1,0.0,0.0117
RIOX2,0.0,0.0065
RIPK1,0.0079,0.1305
RIPK2,0.3928,0.0666
RIPK3,0.0,0.0627
RIPK4,0.004,0.0039
RIPOR1,0.0,0.0091
RIPOR2,0.0,0.0222
RIPOR3,0.0,0.0013
RIPPLY1,0.0094,0.0065
RIPPLY2,0.0094,0.0091
RIPPLY3,0.0836,0.0
RIT1,0.1328,0.0052
RIT2,0.0006,0.0078
RITA1,0.0038,0.0013
RLBP1,0.0,0.0196
RLF,1.0,0.0013
RLIM,0.993,0.0222
RLN1,0.0065,0.0144
RLN2,0.0009,0.0144
RLN3,0.0134,0.0157
RLTPR,0.0,0.0
RMC1,0.0,0.0091
RMDN1,0.0,0.0
RMDN2,0.0,0.0026
RMDN3,0.0001,0.0261
RMI1,0.0,0.0718
RMI2,0.019,0.0431
RMND1,0.0,0.0052
RMND5A,0.8998,0.0209
RMND5B,0.0,0.0144
RNASE1,0.0256,0.0078
RNASE10,0.002,0.0
RNASE11,0.0222,0.0
RNASE12,0.0084,0.0
RNASE13,0.3163,0.0
RNASE2,0.0,0.0131
RNASE3,0.0,0.0183
RNASE4,0.0002,0.0013
RNASE6,0.0823,0.0026
RNASE7,0.1161,0.0052
RNASE8,0.0,0.0013
RNASE9,0.3366,0.0
RNASEH1,0.0112,0.0235
RNASEH2A,0.0042,0.0457
RNASEH2B,0.0,0.0091
RNASEH2C,0.0055,0.0065
RNASEK,0.5036,0.0444
RNASEK-C17ORF49,0.1906,0.0
RNASEL,0.0,0.0326
RNASET2,0.0003,0.0065
RND1,0.737,0.0366
RND2,0.0004,0.0144
RND3,0.9668,0.0196
RNF10,0.1641,0.0
RNF103,0.897,0.0039
RNF103-CHMP3,0.004,0.0366
RNF11,0.5787,0.0196
RNF111,0.9999,0.0287
RNF112,0.0218,0.0
RNF113A,0.8887,0.1149
RNF113B,0.7893,0.0
RNF114,0.0521,0.0104
RNF115,0.0024,0.0013
RNF121,0.319,0.0013
RNF122,0.1408,0.0
RNF123,0.0001,0.0052
RNF125,0.0,0.0235
RNF126,0.9538,0.0091
RNF128,0.2283,0.0065
RNF13,0.0004,0.0078
RNF130,0.0003,0.0013
RNF133,0.0372,0.0013
RNF135,0.0,0.0274
RNF138,0.6754,0.0052
RNF139,0.5381,0.0287
RNF14,0.0011,0.0052
RNF141,0.0001,0.0
RNF144A,0.9478,0.0026
RNF144B,0.0,0.0013
RNF145,0.9803,0.0039
RNF146,0.8199,0.017
RNF148,0.0,0.0013
RNF149,0.0006,0.0
RNF150,0.0007,0.0
RNF151,0.0002,0.0
RNF152,0.1289,0.0026
RNF157,0.0,0.0039
RNF165,0.9719,0.0039
RNF166,0.4867,0.0026
RNF167,0.0321,0.0052
RNF168,0.0,0.0679
RNF169,0.0395,0.0157
RNF17,1.0,0.0026
RNF170,0.5109,0.0052
RNF175,0.0,0.0
RNF180,0.0,0.0
RNF181,0.0,0.0144
RNF182,0.0047,0.0
RNF183,0.0015,0.0013
RNF185,0.1773,0.017
RNF186,0.0826,0.0
RNF187,0.0967,0.0013
RNF19A,0.0253,0.0065
RNF19B,0.9237,0.0039
RNF2,0.9974,0.1775
RNF20,0.0,0.0718
RNF207,0.0,0.0013
RNF208,0.8296,0.0
RNF212,0.0016,0.0131
RNF213,0.0,0.0065
RNF214,0.9096,0.0
RNF215,0.0,0.0
RNF216,0.0,0.0091
RNF217,0.0,0.0
RNF219,0.0,0.0
RNF220,0.9996,0.0013
RNF222,0.0003,0.0
RNF223,0.0266,0.0
RNF224,0.04,0.0
RNF24,0.0307,0.0013
RNF25,0.0176,0.0065
RNF26,0.6528,0.0065
RNF31,1.0,0.0601
RNF32,0.0,0.0026
RNF34,0.6106,0.0026
RNF38,1.0,0.0091
RNF39,0.0,0.0026
RNF4,0.7997,0.0574
RNF40,0.9999,0.0535
RNF41,0.9685,0.0274
RNF43,0.7345,0.0392
RNF44,0.2704,0.0
RNF5,0.0,0.0352
RNF6,0.0139,0.0039
RNF7,0.0329,0.0718
RNF8,0.9994,0.077
RNFT1,0.0,0.0
RNFT2,0.0,0.0
RNGTT,0.3738,0.0222
RNH1,0.0,0.0131
RNLS,0.0,0.0026
RNMT,0.0001,0.0405
RNMTL1,0.0,0.0
RNPC3,0.0002,0.0418
RNPEP,0.0,0.0039
RNPEPL1,0.0,0.0013
RNPS1,0.9798,0.0627
RO60,0.0,0.0078
ROBO1,0.0,0.0405
ROBO2,1.0,0.0287
ROBO3,0.0,0.0248
ROBO4,0.0,0.0131
ROCK1,1.0,0.0705
ROCK2,1.0,0.0614
ROGDI,0.0,0.0078
ROM1,0.0004,0.0483
ROMO1,0.234,0.03
ROPN1,0.0001,0.0065
ROPN1B,0.0,0.0013
ROPN1L,0.0,0.0065
ROR1,0.9964,0.017
ROR2,0.0001,0.0222
RORA,0.401,0.0522
RORB,0.9999,0.0209
RORC,0.9999,0.047
ROS1,0.0,0.0183
RP1,0.0,0.0
RP1-127H14.3,0.0015,0.0
RP1-130H16.18,0.0,0.0
RP1-139D8.6,0.06,0.0
RP1-170O19.20,0.0054,0.0
RP1-228P16.5,0.0395,0.0
RP1-241P17.4,0.0717,0.0
RP1-32I10.10,0.1285,0.0
RP1-66C13.4,0.0178,0.0
RP11-1012A1.4,0.2847,0.0
RP11-101E3.5,0.7072,0.0
RP11-1021N1.1,0.0102,0.0
RP11-1026M7.2,0.3162,0.0
RP11-1035H13.3,0.1639,0.0
RP11-1055B8.6,0.0,0.0
RP11-1055B8.7,1.0,0.0
RP11-105C20.2,0.5017,0.0
RP11-1070N10.3,0.0,0.0
RP11-1085N6.3,0.3703,0.0
RP11-108K14.8,0.001,0.0
RP11-10A14.4,0.0295,0.0
RP11-10J21.3,0.1354,0.0
RP11-1102P16.1,0.1039,0.0
RP11-1105G2.3,0.3132,0.0
RP11-111M22.2,0.005,0.0
RP11-113D6.10,0.0352,0.0
RP11-113D6.6,0.0004,0.0
RP11-1167A19.2,0.459,0.0
RP11-116D17.1,0.0783,0.0
RP11-1220K2.2,0.4104,0.0
RP11-126K1.2,0.1231,0.0
RP11-127H5.1,0.0009,0.0
RP11-131H24.4,0.0288,0.0
RP11-1396O13.13,0.0004,0.0
RP11-139J15.7,0.0001,0.0
RP11-1407O15.2,0.028,0.0
RP11-144F15.1,0.0,0.0
RP11-152F13.10,0.9961,0.0
RP11-155D18.14,0.1631,0.0
RP11-156E8.1,0.0,0.0
RP11-159G9.5,0.991,0.0
RP11-15E18.4,0.071,0.0
RP11-160N1.10,0.08,0.0
RP11-162P23.2,0.0,0.0
RP11-166B2.1,0.0,0.0
RP11-167N24.6,0.3475,0.0
RP11-171N4.2,0.147,0.0
RP11-176H8.1,0.1,0.0
RP11-178C3.1,0.3991,0.0
RP11-178L8.4,0.0,0.0
RP11-17M16.1,0.3457,0.0
RP11-180C1.1,0.15,0.0
RP11-181C3.1,0.0724,0.0
RP11-187E13.1,0.1372,0.0
RP11-187E13.2,0.0192,0.0
RP11-192H23.4,0.0001,0.0
RP11-195B21.3,0.0827,0.0
RP11-195F19.5,0.0153,0.0
RP11-196G11.1,0.0867,0.0
RP11-1C1.5,0.0126,0.0
RP11-201K10.3,0.0,0.0
RP11-204N11.1,0.0,0.0
RP11-20I23.1,0.0,0.0
RP11-210M15.2,0.0237,0.0
RP11-211G3.3,0.0008,0.0
RP11-215A19.2,0.1238,0.0
RP11-216L13.17,0.0062,0.0
RP11-219B4.5,0.0142,0.0
RP11-219B4.6,0.1187,0.0
RP11-247C2.2,0.0005,0.0
RP11-268J15.5,0.0,0.0
RP11-272B17.2,0.0001,0.0
RP11-276H1.3,0.0149,0.0
RP11-279O9.4,0.0187,0.0
RP11-286N22.8,0.0,0.0
RP11-293M10.1,0.1037,0.0
RP11-295D22.1,0.5846,0.0
RP11-295K3.1,0.0681,0.0
RP11-295P9.3,0.0101,0.0
RP11-297M9.1,0.0002,0.0
RP11-297N6.4,0.0134,0.0
RP11-298I3.5,0.1478,0.0
RP11-302B13.5,0.2566,0.0
RP11-315D16.2,0.0019,0.0
RP11-315O6.2,0.0,0.0
RP11-318A15.7,0.0,0.0
RP11-321F6.1,0.0094,0.0
RP11-321M21.3,0.07,0.0
RP11-322E11.6,0.0154,0.0
RP11-322L20.1,0.0512,0.0
RP11-324D17.1,0.0031,0.0
RP11-342M21.2,0.0,0.0
RP11-343C2.11,0.7603,0.0
RP11-343C2.12,0.0023,0.0
RP11-343C2.9,0.0,0.0
RP11-347C12.1,0.0,0.0
RP11-347C12.3,0.0555,0.0
RP11-351M8.1,0.0,0.0
RP11-352D3.2,0.0128,0.0
RP11-362K2.2,0.0416,0.0
RP11-366L20.2,0.0,0.0
RP11-368I7.4,0.0003,0.0
RP11-371E8.4,0.0168,0.0
RP11-379H8.1,0.0215,0.0
RP11-382J12.1,0.0,0.0
RP11-383H13.1,0.0007,0.0
RP11-385D13.1,0.0,0.0
RP11-386G21.1,0.0238,0.0
RP11-386G21.2,0.343,0.0
RP11-3B7.1,0.0,0.0
RP11-404L6.2,0.3158,0.0
RP11-404P21.8,0.0048,0.0
RP11-407N17.3,0.0,0.0
RP11-408E5.4,0.0853,0.0
RP11-410N8.4,0.0213,0.0
RP11-422N16.3,0.4194,0.0
RP11-426L16.10,0.0,0.0
RP11-429E11.3,0.0,0.0
RP11-433C9.2,0.0357,0.0
RP11-451M19.3,0.0104,0.0
RP11-455G16.1,0.0308,0.0
RP11-45H22.3,0.1116,0.0
RP11-463J10.2,0.0314,0.0
RP11-467N20.5,0.0,0.0
RP11-468E2.6,0.0001,0.0
RP11-477N12.3,0.0002,0.0
RP11-47I22.3,0.0441,0.0
RP11-47I22.4,0.0593,0.0
RP11-480I12.4,0.0,0.0
RP11-481A20.11,0.0005,0.0
RP11-484M3.5,0.1666,0.0
RP11-487E13.1,0.2255,0.0
RP11-497E19.2,0.1482,0.0
RP11-503N18.3,0.0,0.0
RP11-508N12.4,0.7317,0.0
RP11-514O12.4,0.0006,0.0
RP11-514P8.7,0.0111,0.0
RP11-520P18.5,0.0481,0.0
RP11-521M14.2,0.0736,0.0
RP11-527L4.2,0.0116,0.0
RP11-529K1.3,0.0,0.0
RP11-536G4.1,0.0848,0.0
RP11-542P2.1,0.0,0.0
RP11-552I14.1,0.0044,0.0
RP11-553A10.1,0.0041,0.0
RP11-565P22.6,0.8106,0.0
RP11-571M6.15,0.0,0.0
RP11-58C22.1,0.5792,0.0
RP11-597K23.2,0.0498,0.0
RP11-598P20.5,0.846,0.0
RP11-599B13.6,0.8714,0.0
RP11-603J24.9,0.9063,0.0
RP11-618P17.4,0.0143,0.0
RP11-625H11.1,0.0014,0.0
RP11-62N21.1,0.0504,0.0
RP11-644F5.10,0.0513,0.0
RP11-650K20.3,0.4821,0.0
RP11-65D24.2,0.2579,0.0
RP11-661C8.3,0.3884,0.0
RP11-664D7.4,0.0015,0.0
RP11-664I21.6,0.4039,0.0
RP11-67H2.1,0.0125,0.0
RP11-680G10.1,0.4306,0.0
RP11-683L23.1,0.0003,0.0
RP11-6L6.2,0.0002,0.0
RP11-701P16.2,0.2442,0.0
RP11-706O15.1,0.1464,0.0
RP11-712L6.5,0.3696,0.0
RP11-723O4.6,0.0,0.0
RP11-724O16.1,0.0,0.0
RP11-738G5.2,0.0292,0.0
RP11-73M18.2,0.0004,0.0
RP11-758M4.1,0.1634,0.0
RP11-762I7.5,1.0,0.0
RP11-763F8.1,0.001,0.0
RP11-766F14.2,0.0,0.0
RP11-770J1.4,0.0153,0.0
RP11-770J1.5,0.1193,0.0
RP11-77K12.1,0.0,0.0
RP11-793H13.10,0.884,0.0
RP11-794P6.2,0.1492,0.0
RP11-796G6.2,0.3612,0.0
RP11-80A15.1,0.1148,0.0
RP11-812E19.9,0.0,0.0
RP11-817J15.3,0.0743,0.0
RP11-826N14.2,0.3133,0.0
RP11-830F9.6,0.3344,0.0
RP11-831H9.11,0.0218,0.0
RP11-834C11.12,0.0003,0.0
RP11-849H4.2,0.0,0.0
RP11-863K10.7,0.0,0.0
RP11-867G23.8,0.0214,0.0
RP11-872D17.8,0.0,0.0
RP11-89K11.1,0.4883,0.0
RP11-89N17.1,0.0,0.0
RP11-934B9.3,0.0002,0.0
RP11-93B14.6,0.0785,0.0
RP11-944C7.1,0.152,0.0
RP11-944L7.5,0.0937,0.0
RP11-96O20.4,0.0,0.0
RP11-977G19.10,0.0024,0.0
RP11-998D10.1,0.0052,0.0
RP11-9B6.1,0.3314,0.0
RP13-512J5.1,0.1582,0.0
RP13-672B3.2,0.0004,0.0
RP1L1,0.0,0.0026
RP2,0.956,0.0026
RP4-539M6.19,0.0043,0.0
RP4-559A3.7,0.0,0.0
RP4-576H24.4,0.0018,0.0
RP4-583P15.14,0.1032,0.0
RP4-758J18.2,0.0118,0.0
RP5-1052I5.2,0.0667,0.0
RP5-850E9.3,0.438,0.0
RP6-24A23.6,0.3632,0.0
RP9,0.019,0.03
RPA1,0.0878,0.1815
RPA2,0.5046,0.1292
RPA3,0.0,0.0901
RPA3-AS1,0.225,0.0
RPA4,0.0,0.0274
RPAIN,0.0,0.0026
RPAP1,0.0,0.0183
RPAP2,0.0,0.0574
RPAP3,0.0001,0.0627
RPE,0.0003,0.0248
RPE65,0.0,0.0548
RPEL1,0.0113,0.0196
RPF1,0.0,0.1684
RPF2,0.0464,0.248
RPGR,0.998,0.0718
RPGRIP1,0.0,0.03
RPGRIP1L,0.0,0.0431
RPH3A,0.0017,0.0144
RPH3AL,0.0,0.0104
RPIA,0.0001,0.0287
RPL10,0.9092,0.3029
RPL10A,0.8536,0.3042
RPL10L,0.0052,0.2585
RPL11,0.9609,0.4843
RPL12,0.0531,0.2911
RPL13,0.9506,0.3512
RPL13A,0.8334,0.3943
RPL14,0.8951,0.3146
RPL15,0.9715,0.3603
RPL17,0.9241,0.3603
RPL17-C18ORF32,0.575,0.3107
RPL18,0.9664,0.3695
RPL18A,0.9823,0.3642
RPL19,0.982,0.3825
RPL21,0.8375,0.3551
RPL22,0.1562,0.2715
RPL22L1,0.001,0.2076
RPL23,0.3303,0.4843
RPL23A,0.9057,0.4752
RPL24,0.6414,0.3133
RPL26,0.9163,0.3655
RPL26L1,0.001,0.3081
RPL27,0.8503,0.312
RPL27A,0.9107,0.2977
RPL28,0.7685,0.2963
RPL29,0.1953,0.3029
RPL3,0.9944,0.4034
RPL30,0.8467,0.3668
RPL31,0.8496,0.3668
RPL32,0.7996,0.2598
RPL34,0.7088,0.3394
RPL35,0.5489,0.4321
RPL35A,0.8953,0.3433
RPL36,0.678,0.3407
RPL36A,0.4274,0.2507
RPL36A-HNRNPH2,0.3643,0.1775
RPL36AL,0.0484,0.2507
RPL37,0.1827,0.2611
RPL37A,0.0051,0.3185
RPL38,0.8255,0.3407
RPL39,0.5764,0.2585
RPL39L,0.0,0.188
RPL3L,0.0,0.312
RPL4,0.9998,0.4687
RPL41,0.1838,0.0901
RPL5,0.9978,0.4896
RPL6,0.9933,0.3642
RPL7,0.9963,0.3642
RPL7A,0.9949,0.3303
RPL7L1,0.0002,0.2794
RPL8,0.9553,0.4204
RPL9,0.962,0.4112
RPLP0,0.7676,0.4112
RPLP1,0.3704,0.2376
RPLP2,0.6674,0.2245
RPN1,0.239,0.0496
RPN2,0.1149,0.0379
RPP14,0.2212,0.0444
RPP21,0.0,0.0431
RPP25,0.2094,0.0587
RPP25L,0.6763,0.0144
RPP30,0.0,0.0614
RPP38,0.0002,0.201
RPP40,0.0001,0.0418
RPRD1A,0.2218,0.0235
RPRD1B,0.0418,0.0326
RPRD2,1.0,0.0157
RPRM,0.1492,0.0013
RPRML,0.4638,0.0
RPS10,0.9711,0.2898
RPS10-NUDT3,0.9519,0.2337
RPS11,0.944,0.5287
RPS12,0.8853,0.3394
RPS13,0.8765,0.4282
RPS14,0.9039,0.4452
RPS15,0.8328,0.4426
RPS15A,0.802,0.3355
RPS16,0.6871,0.4778
RPS17,0.3257,0.3916
RPS18,0.9759,0.5496
RPS19,0.9211,0.4295
RPS19BP1,0.0,0.0836
RPS2,0.8469,0.4765
RPS20,0.0207,0.4138
RPS21,0.1406,0.3407
RPS23,0.8594,0.4817
RPS24,0.6814,0.4138
RPS25,0.8635,0.3433
RPS26,0.8483,0.3368
RPS27,0.7566,0.3538
RPS27A,0.9194,0.7689
RPS27L,0.1001,0.2676
RPS28,0.6826,0.4204
RPS29,0.2905,0.3525
RPS3,0.92,0.5052
RPS3A,0.97,0.4321
RPS4X,0.9322,0.3577
RPS4Y1,0.6265,0.248
RPS4Y2,0.0007,0.235
RPS5,0.9476,0.4543
RPS6,0.9759,0.4896
RPS6KA1,0.0019,0.0418
RPS6KA2,0.0094,0.0261
RPS6KA3,1.0,0.03
RPS6KA4,0.9971,0.0117
RPS6KA5,0.9991,0.0366
RPS6KA6,0.9865,0.0196
RPS6KB1,0.9728,0.1044
RPS6KB2,0.0,0.0587
RPS6KC1,0.0013,0.0
RPS6KL1,0.0,0.0013
RPS7,0.9544,0.4217
RPS8,0.99,0.4204
RPS9,0.8796,0.5183
RPSA,0.9304,0.3564
RPSAP58,0.0034,0.0
RPTN,0.0,0.0261
RPTOR,1.0,0.1175
RPUSD1,0.0,0.0131
RPUSD2,0.0,0.017
RPUSD3,0.0,0.03
RPUSD4,0.0,0.0418
RQCD1,0.9857,0.0
RRAD,0.4388,0.0026
RRAGA,0.3557,0.0601
RRAGB,0.8363,0.0653
RRAGC,0.9754,0.0692
RRAGD,0.8199,0.0548
RRAS,0.0047,0.0966
RRAS2,0.9746,0.0731
RRBP1,0.0,0.0117
RREB1,1.0,0.0052
RRH,0.0,0.0013
RRM1,1.0,0.1175
RRM2,0.7451,0.1723
RRM2B,0.0024,0.0731
RRN3,0.0,0.0352
RRNAD1,0.0,0.0
RRP1,0.0001,0.1593
RRP12,0.0,0.1828
RRP15,0.0003,0.0927
RRP1B,0.0,0.1671
RRP36,0.0,0.0666
RRP7A,0.0002,0.1723
RRP8,0.0,0.1018
RRP9,0.2853,0.2063
RRS1,0.1771,0.1723
RS1,0.9574,0.0026
RSAD1,0.0,0.252
RSAD2,0.0,0.0731
RSBN1,0.0991,0.0013
RSBN1L,0.7955,0.0
RSC1A1,0.0,0.0117
RSF1,1.0,0.0209
RSG1,0.0,0.0
RSL1D1,0.0,0.2611
RSL24D1,0.8784,0.2781
RSPH1,0.0,0.03
RSPH10B,0.0,0.0026
RSPH10B2,0.0205,0.0013
RSPH14,0.0,0.0052
RSPH3,0.0,0.0235
RSPH4A,0.0,0.0444
RSPH6A,0.0,0.0104
RSPH9,0.0,0.0405
RSPO1,0.0,0.0248
RSPO2,0.0246,0.0104
RSPO3,0.0893,0.0144
RSPO4,0.0,0.0078
RSPRY1,0.9998,0.0
RSRC1,0.0001,0.1906
RSRC2,0.999,0.0026
RSRP1,0.0,0.0026
RSU1,0.0009,0.0117
RTBDN,0.0,0.0
RTCA,0.0,0.0666
RTCB,0.0052,0.0183
RTDR1,0.0004,0.0
RTEL1,0.0,0.0496
RTF1,1.0,0.141
RTF2,0.0,0.0026
RTFDC1,0.0006,0.0
RTKN,0.0,0.0131
RTKN2,0.0,0.0
RTL1,0.0056,0.0026
RTL10,0.0,0.0131
RTL3,0.0,0.0013
RTL4,0.0,0.0026
RTL6,0.0,0.0039
RTL8A,0.0,0.0026
RTL8B,0.0,0.0013
RTL8C,0.0,0.0026
RTL9,0.0,0.0026
RTN1,0.9859,0.0131
RTN2,0.4164,0.0117
RTN3,0.0001,0.017
RTN4,0.4532,0.0366
RTN4IP1,0.0,0.0039
RTN4R,0.9588,0.0209
RTN4RL1,0.9602,0.0052
RTN4RL2,0.8769,0.0039
RTP1,0.0,0.0013
RTP2,0.0,0.0026
RTP3,0.2009,0.0
RTP4,0.5962,0.0379
RTRAF,0.0,0.0144
RTTN,0.0,0.0039
RUBCN,0.0,0.0117
RUBCNL,0.0,0.0104
RUFY1,0.0,0.0091
RUFY2,0.0007,0.0026
RUFY3,0.0206,0.0013
RUFY4,0.0,0.0
RUNDC1,0.0024,0.0
RUNDC3A,0.6362,0.0117
RUNDC3B,0.0009,0.0013
RUNX1,0.6538,0.1802
RUNX1T1,0.9777,0.0222
RUNX2,0.9488,0.1593
RUNX3,0.8429,0.0561
RUSC1,0.9413,0.0052
RUSC2,0.9995,0.0078
RUVBL1,0.999,0.2624
RUVBL2,0.9999,0.2285
RWDD1,0.9103,0.0065
RWDD2A,0.0,0.0
RWDD2B,0.0,0.0013
RWDD3,0.0015,0.0026
RWDD4,0.0174,0.0026
RXFP1,0.0,0.0209
RXFP2,0.0,0.0144
RXFP3,0.0,0.0183
RXFP4,0.0,0.0157
RXRA,0.9985,0.0875
RXRB,0.9972,0.0379
RXRG,0.4242,0.0287
RXYLT1,0.0,0.0235
RYBP,0.1772,0.0601
RYK,0.9892,0.0366
RYR1,0.0,0.094
RYR2,1.0,0.1005
RYR3,0.7057,0.0261
S100A1,0.006,0.0313
S100A10,0.1684,0.0457
S100A11,0.0085,0.0091
S100A12,0.4823,0.017
S100A13,0.0497,0.0131
S100A14,0.0019,0.0026
S100A16,0.0011,0.0078
S100A2,0.0001,0.0078
S100A3,0.0079,0.0091
S100A4,0.0062,0.0274
S100A5,0.0001,0.0026
S100A6,0.1757,0.03
S100A7,0.4527,0.0248
S100A7A,0.0025,0.0013
S100A7L2,0.1895,0.0
S100A8,0.1376,0.0287
S100A9,0.4777,0.0157
S100B,0.0439,0.0444
S100G,0.1147,0.0183
S100P,0.0333,0.0039
S100PBP,0.9451,0.0013
S100Z,0.0132,0.0
S1PR1,0.7327,0.0261
S1PR2,0.0183,0.0209
S1PR3,0.0469,0.0183
S1PR4,0.0024,0.0131
S1PR5,0.1571,0.0131
SAA1,0.0149,0.0548
SAA2,0.0,0.0352
SAA2-SAA4,0.0,0.0117
SAA4,0.0123,0.0274
SAAL1,0.0,0.0
SAC3D1,0.0006,0.0026
SACM1L,0.6954,0.0
SACS,0.0,0.0013
SAE1,0.9876,0.0287
SAFB,1.0,0.0248
SAFB2,0.9998,0.0039
SAG,0.0,0.0444
SAGE1,0.0,0.0091
SALL1,0.9997,0.017
SALL2,0.0001,0.0026
SALL3,0.4033,0.0013
SALL4,1.0,0.0457
SAMD1,0.2361,0.0013
SAMD10,0.0007,0.0
SAMD11,0.0,0.0
SAMD12,0.0012,0.0026
SAMD13,0.0062,0.0
SAMD14,0.0007,0.0013
SAMD15,0.0,0.0
SAMD3,0.0,0.0
SAMD4A,0.9996,0.0052
SAMD4B,1.0,0.0039
SAMD5,0.0121,0.0013
SAMD7,0.0,0.0
SAMD8,0.0018,0.0
SAMD9,0.0,0.0261
SAMD9L,0.0,0.03
SAMHD1,0.0,0.0444
SAMM50,0.0,0.0535
SAMSN1,0.0,0.0
SAP130,1.0,0.0483
SAP18,0.083,0.0561
SAP25,0.085,0.0026
SAP30,0.3099,0.0574
SAP30BP,0.0001,0.0131
SAP30L,0.0014,0.0287
SAPCD1,0.0,0.0
SAPCD2,0.0039,0.0
SAR1A,0.3718,0.0274
SAR1B,0.0023,0.0339
SARAF,0.0,0.0091
SARDH,0.0,0.03
SARM1,0.0,0.0196
SARNP,0.9957,0.0339
SARS,0.9992,0.0
SARS1,0.0,0.0705
SARS2,0.0,0.047
SARS2-2,0.0,0.0483
SART1,0.8816,0.1371
SART3,0.9966,0.0366
SASH1,0.0018,0.0013
SASH3,0.385,0.0052
SASS6,0.0,0.0326
SAT1,0.8706,0.0235
SAT2,0.0,0.0157
SATB1,0.9905,0.0078
SATB2,1.0,0.0183
SATL1,0.0,0.0
SAV1,0.0009,0.0326
SAYSD1,0.0,0.0
SBDS,0.0001,0.0352
SBF1,0.9993,0.0065
SBF2,0.0,0.0117
SBK1,0.3681,0.0
SBK2,0.0,0.0
SBK3,0.0007,0.0
SBNO1,1.0,0.0052
SBNO2,0.0071,0.0
SBP1,0.0,0.0
SBSN,0.0,0.0039
SBSPON,0.0,0.0026
SC5D,0.0026,0.0392
SCAF1,0.9982,0.0065
SCAF11,1.0,0.0104
SCAF4,1.0,0.0065
SCAF8,1.0,0.0157
SCAI,0.9994,0.0013
SCAMP1,0.977,0.0026
SCAMP2,0.1601,0.0026
SCAMP3,0.0022,0.0013
SCAMP4,0.0046,0.0
SCAMP5,0.651,0.0
SCAND1,0.2222,0.0196
SCAND3,0.0,0.0
SCAP,0.0,0.0157
SCAPER,0.0088,0.0039
SCARA3,0.0,0.0026
SCARA5,0.0,0.0026
SCARB1,0.0662,0.1305
SCARB2,0.0001,0.1084
SCARF1,0.0,0.0222
SCARF2,0.9998,0.0
SCCPDH,0.0,0.0
SCD,0.9697,0.0548
SCD5,0.001,0.0209
SCEL,0.0,0.0052
SCFD1,0.9996,0.0587
SCFD2,0.0,0.0131
SCG2,0.0,0.0091
SCG3,0.0015,0.0104
SCG5,0.0001,0.0104
SCGB1A1,0.0008,0.0352
SCGB1C1,0.0,0.0
SCGB1D1,0.0,0.0039
SCGB1D2,0.2703,0.0065
SCGB1D4,0.0575,0.0
SCGB2A1,0.2324,0.0052
SCGB2A2,0.0002,0.0078
SCGB2B2,0.0011,0.0
SCGB3A1,0.0305,0.0026
SCGB3A2,0.0061,0.0091
SCGN,0.0,0.0091
SCHIP1,0.9871,0.0078
SCIMP,0.0004,0.0026
SCIN,0.0,0.0509
SCLT1,0.0,0.0196
SCLY,0.0,0.0235
SCMH1,0.0,0.0235
SCML1,0.9628,0.0
SCML2,0.9996,0.0601
SCML4,0.0,0.0
SCN10A,0.0,0.0326
SCN11A,0.0,0.0196
SCN1A,1.0,0.0561
SCN1B,0.1019,0.0614
SCN2A,1.0,0.0653
SCN2B,0.0017,0.0326
SCN3A,1.0,0.0196
SCN3B,0.051,0.0405
SCN4A,0.0129,0.0418
SCN4B,0.0,0.0444
SCN5A,0.9129,0.1031
SCN7A,0.0,0.0157
SCN8A,1.0,0.0444
SCN9A,0.0,0.0313
SCNM1,0.0,0.0535
SCNN1A,0.0,0.0313
SCNN1B,0.0,0.0287
SCNN1D,0.0,0.017
SCNN1G,0.482,0.03
SCO1,0.0002,0.0274
SCO2,0.0,0.0248
SCOC,0.0111,0.0052
SCP2,0.0,0.0718
SCP2D1,0.0072,0.0
SCPEP1,0.0,0.0
SCRG1,0.0445,0.0013
SCRIB,0.9293,0.0457
SCRN1,0.0025,0.0
SCRN2,0.0,0.0039
SCRN3,0.0,0.0
SCRT1,0.2222,0.0013
SCRT2,0.9101,0.0
SCT,0.0,0.0431
SCTR,0.0,0.0183
SCUBE1,0.9608,0.0013
SCUBE2,0.0,0.0039
SCUBE3,0.9994,0.0052
SCX,0.0,0.0039
SCYGR1,0.0,0.0209
SCYGR5,0.0,0.0078
SCYGR7,0.0,0.0078
SCYL1,0.0,0.0183
SCYL2,0.0771,0.0013
SCYL3,0.2815,0.0013
SDAD1,0.0,0.1488
SDC1,0.0084,0.1501
SDC2,0.4049,0.0326
SDC3,0.4145,0.03
SDC4,0.0041,0.0627
SDCBP,0.0006,0.0601
SDCBP2,0.0,0.0117
SDCCAG3,0.0,0.0
SDCCAG8,0.0,0.0157
SDE2,0.0,0.0587
SDF2,0.0264,0.0339
SDF2L1,0.1896,0.0444
SDF4,0.0091,0.017
SDHA,0.0,0.1906
SDHAF1,0.087,0.017
SDHAF2,0.0,0.0104
SDHAF3,0.0,0.0131
SDHAF4,0.0,0.0065
SDHB,0.0002,0.1749
SDHC,0.0002,0.124
SDHD,0.337,0.1044
SDIM1,0.0,0.0
SDK1,0.0,0.0
SDK2,0.0041,0.0
SDPR,0.0,0.0
SDR16C5,0.0122,0.0183
SDR39U1,0.0,0.0
SDR42E1,0.0,0.0117
SDR42E2,0.0,0.0
SDR9C7,0.0123,0.0065
SDS,0.0001,0.0418
SDSL,0.0,0.0431
SEBOX,0.0,0.0013
SEC11A,0.0023,0.0104
SEC11C,0.7241,0.0144
SEC13,0.0179,0.1345
SEC14L1,0.6326,0.0026
SEC14L2,0.0,0.0
SEC14L3,0.0,0.0
SEC14L4,0.0,0.0
SEC14L5,0.0,0.0013
SEC14L6,0.0,0.0
SEC16A,0.3605,0.0352
SEC16B,0.0,0.03
SEC22A,0.0,0.0261
SEC22B,0.0,0.0979
SEC22C,0.0,0.0196
SEC23A,0.0,0.0483
SEC23B,0.0,0.0274
SEC23IP,0.0,0.017
SEC24A,0.0,0.047
SEC24B,1.0,0.0601
SEC24C,1.0,0.0509
SEC24D,0.0,0.0418
SEC31A,0.0001,0.0548
SEC31B,0.0,0.0157
SEC61A1,0.9868,0.2833
SEC61A2,0.0074,0.1619
SEC61B,0.02,0.1906
SEC61G,0.631,0.1567
SEC62,0.9829,0.0248
SEC63,0.0,0.0326
SECISBP2,0.0,0.1253
SECISBP2L,0.285,0.0
SECTM1,0.0576,0.0013
SEH1L,0.1494,0.0836
SEL1L,0.9823,0.0574
SEL1L2,0.0,0.0078
SEL1L3,0.0036,0.0052
SELE,0.0,0.0587
SELENBP1,0.0,0.0209
SELENOF,0.0,0.0274
SELENOH,0.0,0.0209
SELENOI,0.0,0.0601
SELENOK,0.0,0.0274
SELENOM,0.0,0.0196
SELENON,0.0,0.0352
SELENOO,0.0,0.0235
SELENOP,0.0,0.094
SELENOS,0.0,0.0796
SELENOT,0.0,0.03
SELENOV,0.0,0.017
SELENOW,0.0,0.0261
SELK,0.0001,0.0
SELL,0.0,0.124
SELM,0.0,0.0
SELO,0.0,0.0
SELP,0.0,0.0822
SELPLG,0.1768,0.0418
SELT,0.1153,0.0
SELV,0.0,0.0
SEM1,0.0,0.0601
SEMA3A,0.9779,0.0248
SEMA3B,0.0,0.0157
SEMA3C,0.0009,0.0104
SEMA3D,0.0,0.0065
SEMA3E,0.0,0.0131
SEMA3F,0.9999,0.0091
SEMA3G,0.0,0.0039
SEMA4A,0.0,0.0183
SEMA4B,0.0005,0.0052
SEMA4C,1.0,0.0078
SEMA4D,0.9747,0.0209
SEMA4F,0.0,0.0039
SEMA4G,0.0,0.0039
SEMA5A,0.0,0.0104
SEMA5B,0.0,0.0052
SEMA6A,0.9998,0.0131
SEMA6B,0.0623,0.0052
SEMA6C,0.0,0.0065
SEMA6D,0.9395,0.0117
SEMA7A,0.1798,0.0104
SEMG1,0.357,0.0091
SEMG2,0.0582,0.0052
SENP1,0.9936,0.0261
SENP2,0.9826,0.0196
SENP3,0.8482,0.064
SENP5,0.9998,0.017
SENP6,1.0,0.0144
SENP7,0.0733,0.0091
SENP8,0.0005,0.0222
SEP15,0.0587,0.0
SEPHS1,0.9764,0.0131
SEPHS2,0.0022,0.0339
SEPN1,0.0,0.0
SEPP1,0.0,0.0
SEPSECS,0.0,0.0183
SEPT1,0.0,0.0
SEPT10,0.0,0.0
SEPT11,0.9592,0.0
SEPT12,0.0,0.0
SEPT14,0.0,0.0
SEPT2,0.2882,0.0
SEPT3,0.0894,0.0
SEPT4,0.0002,0.0
SEPT5,0.9267,0.0
SEPT6,0.9318,0.0
SEPT7,0.9992,0.0
SEPT8,0.0842,0.0
SEPT9,0.9958,0.0
SEPTIN1,0.0,0.0183
SEPTIN10,0.0,0.017
SEPTIN11,0.0,0.0183
SEPTIN12,0.0,0.0157
SEPTIN14,0.0,0.0157
SEPTIN2,0.0,0.0222
SEPTIN3,0.0,0.0209
SEPTIN4,0.0,0.0287
SEPTIN5,0.0,0.0287
SEPTIN6,0.0,0.0287
SEPTIN7,0.0,0.0379
SEPTIN8,0.0,0.0183
SEPTIN9,0.0,0.0261
SEPW1,0.0003,0.0
SERAC1,0.0,0.0
SERBP1,0.9995,0.1684
SERF1A,0.0,0.0078
SERF1B,0.3002,0.0
SERF2,0.0232,0.0039
SERGEF,0.0,0.0039
SERHL2,0.0,0.0
SERINC1,0.0075,0.0
SERINC2,0.0,0.0
SERINC3,0.7788,0.0026
SERINC4,0.0,0.0
SERINC5,0.0,0.0013
SERP1,0.2652,0.0065
SERP2,0.6681,0.0
SERPINA1,0.0,0.0849
SERPINA10,0.0,0.0052
SERPINA11,0.0,0.0013
SERPINA12,0.0,0.0131
SERPINA3,0.0,0.0235
SERPINA4,0.0,0.0078
SERPINA5,0.0,0.0248
SERPINA6,0.0,0.0078
SERPINA7,0.0026,0.017
SERPINA9,0.0,0.0013
SERPINB1,0.0,0.0052
SERPINB10,0.0,0.0013
SERPINB11,0.0,0.0
SERPINB12,0.0,0.0013
SERPINB13,0.0,0.0091
SERPINB2,0.0,0.0144
SERPINB3,0.0,0.0078
SERPINB4,0.0,0.0052
SERPINB5,0.0036,0.0039
SERPINB6,0.0001,0.0078
SERPINB7,0.0,0.0
SERPINB8,0.0,0.0
SERPINB9,0.0123,0.0039
SERPINC1,0.9989,0.0679
SERPIND1,0.0,0.0366
SERPINE1,0.0436,0.0914
SERPINE2,0.7299,0.0326
SERPINE3,0.0,0.0
SERPINF1,0.0,0.0209
SERPINF2,0.0136,0.0339
SERPING1,0.9635,0.0405
SERPINH1,0.0276,0.0405
SERPINI1,0.0266,0.0013
SERPINI2,0.0,0.0026
SERTAD1,0.3204,0.0078
SERTAD2,0.8808,0.0
SERTAD3,0.0181,0.0026
SERTAD4,0.0339,0.0091
SERTM1,0.4916,0.0
SESN1,0.0006,0.0339
SESN2,0.0,0.0522
SESN3,0.685,0.0131
SESTD1,0.998,0.0039
SET,0.996,0.03
SETBP1,1.0,0.017
SETD1A,1.0,0.0783
SETD1B,1.0,0.0483
SETD2,1.0,0.1175
SETD3,0.0208,0.0144
SETD4,0.0,0.0013
SETD5,1.0,0.0026
SETD6,0.0,0.0039
SETD7,0.0042,0.0483
SETD8,0.9853,0.0
SETD9,0.0001,0.0013
SETDB1,1.0,0.0822
SETDB2,0.0,0.0091
SETMAR,0.0001,0.0131
SETX,0.9548,0.0405
SEZ6,0.0,0.0
SEZ6L,0.5074,0.0026
SEZ6L2,0.1174,0.0039
SF1,0.9994,0.1097
SF3A1,0.9875,0.1619
SF3A2,0.8831,0.1893
SF3A3,1.0,0.1593
SF3B1,1.0,0.2128
SF3B14,0.589,0.0
SF3B2,0.9999,0.1841
SF3B3,1.0,0.2063
SF3B4,0.9918,0.1632
SF3B5,0.5835,0.1749
SF3B6,0.0,0.1384
SFI1,0.0,0.0052
SFMBT1,0.9359,0.0078
SFMBT2,0.9994,0.0013
SFN,0.3654,0.0731
SFPQ,0.9999,0.0822
SFR1,0.0,0.0091
SFRP1,0.9646,0.0561
SFRP2,0.0017,0.0496
SFRP4,0.0001,0.0379
SFRP5,0.0,0.0313
SFSWAP,1.0,0.0026
SFT2D1,0.0016,0.0
SFT2D2,0.0111,0.0013
SFT2D3,0.1013,0.0013
SFTA2,0.0364,0.0
SFTA3,0.3868,0.0052
SFTPA1,0.0004,0.0157
SFTPA2,0.0093,0.0078
SFTPB,0.0003,0.0261
SFTPC,0.0008,0.0261
SFTPD,0.0001,0.0196
SFXN1,0.001,0.0
SFXN2,0.0011,0.0
SFXN3,0.0,0.0
SFXN4,0.0,0.0
SFXN5,0.0001,0.0
SGCA,0.0027,0.0366
SGCB,0.0,0.0352
SGCD,0.0021,0.0405
SGCE,0.0238,0.0287
SGCG,0.0,0.0339
SGCZ,0.0,0.0104
SGF29,0.0,0.0862
SGIP1,1.0,0.0548
SGK1,0.0023,0.0392
SGK2,0.0,0.0078
SGK223,0.0,0.0
SGK3,0.0,0.0117
SGK494,0.0,0.0
SGMS1,0.9451,0.0366
SGMS2,0.0569,0.0352
SGO1,0.0,0.0979
SGO2,0.0,0.0405
SGOL1,0.0,0.0
SGOL2,0.0,0.0
SGPL1,0.0036,0.0131
SGPP1,0.0001,0.0431
SGPP2,0.0028,0.0405
SGSH,0.0001,0.0078
SGSM1,0.0,0.0078
SGSM2,0.0,0.0078
SGSM3,0.0,0.0117
SGTA,0.9463,0.0261
SGTB,0.0407,0.0039
SH2B1,0.9686,0.0274
SH2B2,0.0,0.0131
SH2B3,0.0001,0.0235
SH2D1A,0.3893,0.0379
SH2D1B,0.013,0.0117
SH2D2A,0.0,0.0117
SH2D3A,0.0,0.0222
SH2D3C,0.0004,0.0183
SH2D4A,0.0,0.0026
SH2D4B,0.0,0.0
SH2D5,0.0,0.0013
SH2D6,0.0,0.0
SH2D7,0.0,0.0
SH3BGR,0.0022,0.0026
SH3BGRL,0.3008,0.0039
SH3BGRL2,0.0,0.0
SH3BGRL3,0.149,0.0013
SH3BP1,0.0105,0.0039
SH3BP2,0.0,0.0209
SH3BP4,0.0025,0.0091
SH3BP5,0.0483,0.0078
SH3BP5L,0.0457,0.0026
SH3D19,0.0,0.0052
SH3D21,0.0,0.0
SH3GL1,0.0117,0.0235
SH3GL2,0.0001,0.0483
SH3GL3,0.0001,0.0287
SH3GLB1,0.9941,0.017
SH3GLB2,0.0015,0.0078
SH3KBP1,0.999,0.0679
SH3PXD2A,0.989,0.0248
SH3PXD2B,0.0042,0.0117
SH3RF1,0.0108,0.0052
SH3RF2,0.0,0.0
SH3RF3,0.0284,0.0
SH3TC1,0.0,0.0
SH3TC2,0.0,0.0131
SH3YL1,0.0,0.0052
SHANK1,1.0,0.0418
SHANK2,0.0,0.0418
SHANK3,1.0,0.064
SHARPIN,0.0,0.047
SHB,0.9687,0.0078
SHBG,0.0,0.0261
SHC1,0.0017,0.1815
SHC2,0.0,0.0522
SHC3,0.0465,0.0522
SHC4,0.0,0.0483
SHCBP1,0.0,0.0457
SHCBP1L,0.0,0.0
SHD,0.0,0.0013
SHE,0.9885,0.0
SHF,0.1604,0.0
SHFL,0.0,0.0013
SHFM1,0.7629,0.0
SHH,0.9826,0.1266
SHISA2,0.0731,0.0
SHISA3,0.0,0.0
SHISA4,0.0009,0.0
SHISA5,0.0,0.0
SHISA6,0.8532,0.0065
SHISA7,0.8539,0.0052
SHISA8,0.3778,0.0013
SHISA9,0.8731,0.0352
SHKBP1,0.0,0.0065
SHLD1,0.0,0.0065
SHLD2,0.0,0.0065
SHLD3,0.0,0.0065
SHMT1,0.0,0.0849
SHMT2,0.0,0.0966
SHOC1,0.0,0.0052
SHOC2,0.9995,0.0274
SHOX,0.6657,0.0078
SHOX2,0.0161,0.0039
SHPK,0.0,0.0091
SHPRH,0.0,0.0157
SHQ1,0.0,0.017
SHROOM1,0.0457,0.0013
SHROOM2,0.0029,0.0039
SHROOM3,0.3171,0.0039
SHROOM4,0.9997,0.0
SHTN1,0.0,0.0039
SI,0.0,0.0352
SIAE,0.0,0.0026
SIAH1,0.6987,0.0392
SIAH2,0.6867,0.0248
SIAH3,0.001,0.0
SIDT1,0.0,0.0026
SIDT2,0.0,0.0
SIGIRR,0.0,0.0157
SIGLEC1,0.0,0.0235
SIGLEC10,0.0,0.0065
SIGLEC11,0.0,0.0013
SIGLEC12,0.0,0.0
SIGLEC14,0.0013,0.0039
SIGLEC15,0.0,0.0052
SIGLEC5,0.0,0.0039
SIGLEC5-2,0.0,0.0052
SIGLEC6,0.0059,0.0013
SIGLEC7,0.0,0.0065
SIGLEC8,0.0,0.0013
SIGLEC9,0.0,0.0117
SIGLECL1,0.0,0.0
SIGMAR1,0.1678,0.0405
SIK1,0.9372,0.0065
SIK1B,0.0,0.0026
SIK2,0.9965,0.0091
SIK3,1.0,0.0013
SIKE1,0.1957,0.03
SIL1,0.0123,0.1736
SIM1,0.9983,0.0104
SIM2,0.1996,0.0026
SIMC1,0.0,0.0
SIN3A,1.0,0.1775
SIN3B,1.0,0.0496
SINHCAF,0.0,0.0287
SIPA1,0.0046,0.0078
SIPA1L1,1.0,0.0091
SIPA1L2,0.9921,0.0026
SIPA1L3,1.0,0.0013
SIRPA,0.672,0.0483
SIRPB1,0.0,0.0078
SIRPB2,0.0004,0.0
SIRPD,0.0,0.0
SIRPG,0.0,0.0065
SIRT1,0.0873,0.2298
SIRT2,0.0,0.0692
SIRT3,0.0002,0.0692
SIRT4,0.0,0.0287
SIRT5,0.0,0.0457
SIRT6,0.0391,0.0548
SIRT7,0.0006,0.0444
SIT1,0.001,0.0039
SIVA1,0.0257,0.0091
SIX1,0.653,0.0248
SIX2,0.9387,0.0144
SIX3,0.9471,0.0209
SIX4,0.6946,0.0091
SIX5,0.0069,0.0091
SIX6,0.5178,0.0104
SKA1,0.0,0.0692
SKA2,0.0,0.0157
SKA3,0.0,0.0548
SKAP1,0.0,0.0222
SKAP2,0.0013,0.0131
SKI,0.999,0.0196
SKIDA1,0.9919,0.0039
SKIL,0.9851,0.017
SKIV2L,0.0,0.0392
SKIV2L2,0.8611,0.0
SKOR1,0.0,0.0065
SKOR2,0.7536,0.0
SKP1,0.3729,0.2376
SKP2,0.9604,0.1057
SLA,0.3432,0.0065
SLA2,0.0763,0.0131
SLAIN1,0.9009,0.0026
SLAIN2,0.7931,0.0026
SLAMF1,0.007,0.0431
SLAMF6,0.0187,0.0235
SLAMF7,0.0364,0.0144
SLAMF8,0.0,0.0013
SLAMF9,0.0,0.0026
SLBP,0.0681,0.0392
SLC10A1,0.0,0.0379
SLC10A2,0.0,0.0183
SLC10A3,0.8071,0.0039
SLC10A4,0.0279,0.0
SLC10A5,0.0,0.0013
SLC10A6,0.0,0.0013
SLC10A7,0.0,0.0052
SLC11A1,0.0,0.0052
SLC11A2,0.0067,0.03
SLC12A1,0.0,0.0274
SLC12A2,0.9615,0.0196
SLC12A3,0.0,0.0248
SLC12A4,0.0,0.0052
SLC12A5,1.0,0.0144
SLC12A6,0.0114,0.0052
SLC12A7,0.0,0.0
SLC12A8,0.0,0.0013
SLC12A9,0.0,0.0
SLC13A1,0.0,0.0052
SLC13A2,0.0,0.0052
SLC13A3,0.0,0.0026
SLC13A4,0.8156,0.0065
SLC13A5,0.0005,0.0039
SLC14A1,0.0,0.0
SLC14A2,0.0,0.0
SLC15A1,0.0,0.0065
SLC15A2,0.0,0.0
SLC15A3,0.0,0.0013
SLC15A4,0.0,0.0013
SLC15A5,0.0,0.0039
SLC16A1,0.0007,0.0104
SLC16A10,0.3085,0.0026
SLC16A11,0.0,0.0
SLC16A12,0.4927,0.0
SLC16A13,0.0,0.0
SLC16A14,0.0131,0.0
SLC16A2,0.9883,0.0131
SLC16A3,0.0003,0.0157
SLC16A4,0.0,0.0078
SLC16A5,0.0,0.0
SLC16A6,0.0019,0.0
SLC16A7,0.0058,0.0065
SLC16A8,0.009,0.0052
SLC16A9,0.0071,0.0065
SLC17A1,0.0,0.0183
SLC17A2,0.0,0.0026
SLC17A3,0.0,0.0117
SLC17A4,0.0,0.0013
SLC17A5,0.0,0.0065
SLC17A6,0.162,0.0261
SLC17A7,0.9999,0.0496
SLC17A8,0.0013,0.0183
SLC17A9,0.0,0.0
SLC18A1,0.0,0.0117
SLC18A2,0.0755,0.0366
SLC18A3,0.4536,0.0222
SLC18B1,0.0,0.0026
SLC19A1,0.0,0.0131
SLC19A2,0.0004,0.0039
SLC19A3,0.1039,0.0052
SLC1A1,0.0,0.0131
SLC1A2,0.7104,0.0235
SLC1A3,0.9891,0.0157
SLC1A4,0.0656,0.0039
SLC1A5,0.1687,0.0209
SLC1A6,0.7624,0.0078
SLC1A7,0.0,0.0
SLC20A1,0.0672,0.0026
SLC20A2,0.9655,0.0091
SLC22A1,0.0,0.0196
SLC22A10,0.0,0.0
SLC22A11,0.0,0.0144
SLC22A12,0.0,0.0157
SLC22A13,0.0,0.0065
SLC22A14,0.0,0.0026
SLC22A15,0.0,0.0
SLC22A16,0.0,0.0013
SLC22A17,0.0106,0.0052
SLC22A18,0.0,0.0117
SLC22A18AS,0.0026,0.0065
SLC22A2,0.0,0.0065
SLC22A23,0.8273,0.0
SLC22A24,0.0,0.0
SLC22A25,0.0,0.0
SLC22A3,0.0,0.0078
SLC22A31,0.0,0.0
SLC22A4,0.0,0.0065
SLC22A5,0.0,0.0013
SLC22A6,0.0,0.017
SLC22A7,0.0,0.0117
SLC22A8,0.0,0.0196
SLC22A9,0.0,0.0078
SLC23A1,0.0235,0.0117
SLC23A2,0.0063,0.0117
SLC23A3,0.0,0.0013
SLC24A1,0.0001,0.0026
SLC24A2,0.0057,0.0
SLC24A3,0.8795,0.0
SLC24A4,0.0,0.0183
SLC24A5,0.0,0.0131
SLC25A1,0.0588,0.0183
SLC25A10,0.0,0.0026
SLC25A10-2,0.0,0.0026
SLC25A11,0.5349,0.0052
SLC25A12,0.216,0.0078
SLC25A13,0.0,0.0104
SLC25A14,0.9882,0.0013
SLC25A15,0.0,0.0039
SLC25A16,0.0,0.0078
SLC25A17,0.0,0.017
SLC25A18,0.0,0.0039
SLC25A19,0.6492,0.0117
SLC25A2,0.0022,0.0
SLC25A20,0.0,0.0222
SLC25A21,0.0,0.0039
SLC25A21-AS1,0.0,0.0
SLC25A22,0.0066,0.0157
SLC25A23,0.0021,0.0392
SLC25A24,0.0,0.0339
SLC25A25,0.024,0.0313
SLC25A26,0.0,0.0039
SLC25A27,0.0003,0.0
SLC25A28,0.9295,0.0091
SLC25A29,0.0011,0.0013
SLC25A3,0.0748,0.0366
SLC25A30,0.0,0.0013
SLC25A31,0.0,0.0366
SLC25A32,0.0,0.0026
SLC25A33,0.0059,0.0026
SLC25A34,0.0,0.0
SLC25A35,0.0,0.0
SLC25A36,0.0335,0.0
SLC25A37,0.2789,0.017
SLC25A38,0.0,0.0039
SLC25A39,0.0,0.0013
SLC25A4,0.4533,0.0587
SLC25A40,0.0,0.0
SLC25A41,0.0,0.03
SLC25A42,0.4895,0.0065
SLC25A43,0.0896,0.0013
SLC25A44,0.0009,0.0026
SLC25A45,0.0,0.0
SLC25A46,0.0,0.0039
SLC25A47,0.0,0.0013
SLC25A48,0.0002,0.0
SLC25A5,0.9319,0.0496
SLC25A51,0.0033,0.0
SLC25A52,0.0005,0.0
SLC25A53,0.0568,0.0
SLC25A6,0.1386,0.047
SLC26A1,0.0,0.0013
SLC26A10,0.0,0.0
SLC26A11,0.0,0.0013
SLC26A2,0.0,0.0157
SLC26A3,0.0,0.0196
SLC26A4,0.0,0.0339
SLC26A5,0.0,0.0091
SLC26A6,0.0,0.0104
SLC26A7,0.0,0.0013
SLC26A8,0.0,0.0039
SLC26A9,0.0127,0.0013
SLC27A1,0.0,0.0222
SLC27A2,0.0,0.017
SLC27A3,0.0,0.0026
SLC27A4,0.0,0.0117
SLC27A5,0.0,0.0104
SLC27A6,0.0,0.0013
SLC28A1,0.0,0.0078
SLC28A2,0.0,0.0117
SLC28A3,0.0,0.0065
SLC29A1,0.9007,0.0157
SLC29A2,0.0,0.0065
SLC29A3,0.0,0.0078
SLC29A4,0.0,0.0104
SLC2A1,0.9941,0.0457
SLC2A10,0.0,0.0
SLC2A11,0.0,0.0
SLC2A11-2,0.0,0.0052
SLC2A12,0.0001,0.0013
SLC2A13,0.8331,0.0026
SLC2A14,0.0412,0.0013
SLC2A2,0.0,0.0405
SLC2A3,0.0103,0.0117
SLC2A4,0.0,0.0666
SLC2A4RG,0.2186,0.0052
SLC2A5,0.0,0.0078
SLC2A6,0.0,0.0013
SLC2A7,0.0,0.0
SLC2A8,0.0,0.0026
SLC2A9,0.0,0.017
SLC30A1,0.9853,0.0222
SLC30A10,0.9795,0.0144
SLC30A2,0.0809,0.0131
SLC30A3,0.5421,0.0052
SLC30A4,0.1154,0.0261
SLC30A5,0.0681,0.0183
SLC30A6,0.0,0.0222
SLC30A7,0.0,0.0157
SLC30A8,0.0,0.0261
SLC30A9,0.0,0.0235
SLC31A1,0.0654,0.0078
SLC31A2,0.0001,0.0065
SLC32A1,0.9667,0.0418
SLC33A1,0.0001,0.0039
SLC34A1,0.0,0.0248
SLC34A2,0.0,0.0131
SLC34A3,0.0,0.0183
SLC35A1,0.6826,0.0117
SLC35A2,0.7179,0.0483
SLC35A3,0.0026,0.0052
SLC35A4,0.0001,0.0
SLC35A5,0.0,0.0
SLC35B1,0.0,0.0078
SLC35B2,0.0715,0.0131
SLC35B3,0.0,0.0052
SLC35B4,0.0,0.0104
SLC35C1,0.0235,0.0157
SLC35C2,0.0015,0.0039
SLC35D1,0.0004,0.0144
SLC35D2,0.0,0.0104
SLC35D3,0.0361,0.0104
SLC35E1,0.1273,0.0013
SLC35E2,0.0008,0.0
SLC35E2B,0.0026,0.0
SLC35E3,0.0,0.0039
SLC35E4,0.016,0.0
SLC35F1,0.9513,0.0
SLC35F2,0.0003,0.0
SLC35F3,0.0996,0.0
SLC35F4,0.0086,0.0
SLC35F5,0.0,0.0
SLC35F6,0.0001,0.0
SLC35G1,0.1617,0.0039
SLC35G2,0.0397,0.0
SLC35G3,0.0,0.0
SLC35G5,0.0,0.0
SLC35G6,0.0005,0.0
SLC36A1,0.0,0.0052
SLC36A2,0.0,0.0078
SLC36A3,0.002,0.0039
SLC36A4,0.0,0.0052
SLC37A1,0.0006,0.0
SLC37A2,0.0,0.0
SLC37A3,0.0,0.0013
SLC37A4,0.0,0.0065
SLC38A1,0.9307,0.0078
SLC38A10,0.0,0.0
SLC38A11,0.0,0.0
SLC38A2,0.9971,0.0091
SLC38A3,0.0,0.0052
SLC38A4,0.5603,0.0026
SLC38A5,0.9768,0.0065
SLC38A6,0.0,0.0
SLC38A7,0.0,0.0
SLC38A8,0.0,0.0
SLC38A9,0.2863,0.0339
SLC39A1,0.1259,0.0405
SLC39A10,0.9927,0.0144
SLC39A11,0.0,0.0248
SLC39A12,0.0,0.0065
SLC39A13,0.0025,0.0144
SLC39A14,0.15,0.0222
SLC39A2,0.0001,0.0065
SLC39A3,0.1197,0.0052
SLC39A4,0.0003,0.0104
SLC39A5,0.0,0.0131
SLC39A6,0.0,0.0144
SLC39A7,0.0821,0.0339
SLC39A8,0.6692,0.0144
SLC39A9,0.7295,0.0248
SLC3A1,0.0,0.0209
SLC3A2,0.0,0.03
SLC40A1,0.9883,0.0222
SLC41A1,0.6549,0.0131
SLC41A2,0.966,0.0026
SLC41A3,0.0,0.0013
SLC43A1,0.0,0.0039
SLC43A2,0.0055,0.0052
SLC43A3,0.0,0.0
SLC44A1,0.9968,0.0
SLC44A2,0.0001,0.0026
SLC44A3,0.0,0.0
SLC44A4,0.0,0.0026
SLC44A5,0.0001,0.0
SLC45A1,0.0,0.0
SLC45A2,0.0,0.0209
SLC45A3,0.0053,0.0209
SLC45A4,0.0001,0.0
SLC46A1,0.0219,0.0104
SLC46A2,0.0,0.0
SLC46A3,0.0,0.0
SLC47A1,0.0,0.0209
SLC47A2,0.0,0.017
SLC48A1,0.7342,0.0013
SLC49A4,0.0,0.0039
SLC4A1,0.846,0.0379
SLC4A10,0.134,0.0
SLC4A11,0.0,0.0065
SLC4A1AP,0.0,0.0039
SLC4A2,0.9852,0.0039
SLC4A3,0.0,0.0
SLC4A4,0.9972,0.0078
SLC4A5,0.0,0.0026
SLC4A7,0.7362,0.0131
SLC4A8,0.9985,0.0039
SLC4A9,0.0,0.0013
SLC50A1,0.0019,0.0
SLC51A,0.0696,0.0144
SLC51B,0.2447,0.0144
SLC52A1,0.0,0.0013
SLC52A2,0.0025,0.0013
SLC52A3,0.0193,0.0026
SLC5A1,0.0,0.0261
SLC5A10,0.0,0.0
SLC5A11,0.0,0.0
SLC5A12,0.0,0.0052
SLC5A2,0.0,0.0209
SLC5A3,0.9674,0.0052
SLC5A4,0.0,0.0013
SLC5A5,0.0029,0.0157
SLC5A6,0.0061,0.0013
SLC5A7,0.0153,0.0052
SLC5A8,0.0,0.0091
SLC5A9,0.0,0.0
SLC66A1,0.0,0.0013
SLC6A1,0.9999,0.0183
SLC6A11,0.0,0.0104
SLC6A12,0.0,0.0052
SLC6A13,0.0,0.0052
SLC6A14,0.5642,0.0013
SLC6A15,0.0006,0.0
SLC6A16,0.0,0.0013
SLC6A17,0.5035,0.0039
SLC6A18,0.0,0.0013
SLC6A19,0.0,0.0091
SLC6A2,0.0815,0.0209
SLC6A20,0.0,0.0065
SLC6A3,0.9976,0.0535
SLC6A4,0.246,0.0405
SLC6A5,0.0,0.0144
SLC6A6,0.9899,0.0
SLC6A7,0.0,0.0026
SLC6A8,0.9978,0.0065
SLC6A9,0.0,0.0013
SLC7A1,0.9929,0.0144
SLC7A10,0.0001,0.0026
SLC7A11,0.0001,0.017
SLC7A13,0.0,0.0026
SLC7A14,0.0221,0.0013
SLC7A2,0.0,0.0026
SLC7A3,0.9961,0.0013
SLC7A4,0.0,0.0013
SLC7A5,0.2351,0.0209
SLC7A6,0.0097,0.0052
SLC7A6OS,0.1676,0.0065
SLC7A7,0.0,0.0026
SLC7A8,0.0,0.0104
SLC7A9,0.0,0.0052
SLC8A1,0.9957,0.0183
SLC8A2,0.9963,0.0091
SLC8A3,0.0007,0.0104
SLC8B1,0.0,0.0065
SLC9A1,0.7905,0.0679
SLC9A2,0.0024,0.0026
SLC9A3,0.9785,0.0248
SLC9A3R1,0.0001,0.0561
SLC9A3R2,0.0384,0.03
SLC9A4,0.0,0.0013
SLC9A5,0.0,0.0013
SLC9A6,0.9983,0.0065
SLC9A7,0.9935,0.0078
SLC9A8,0.0,0.0026
SLC9A9,0.0,0.0065
SLC9B1,0.0,0.0013
SLC9B1P1,0.0041,0.0
SLC9B2,0.0,0.0091
SLC9C1,0.0,0.0065
SLC9C2,0.0002,0.0013
SLCO1A2,0.0,0.0287
SLCO1B1,0.0,0.0457
SLCO1B3,0.0,0.0222
SLCO1B7,0.0,0.0
SLCO1C1,0.0,0.0078
SLCO2A1,0.0,0.0026
SLCO2B1,0.0,0.0131
SLCO3A1,0.3896,0.0013
SLCO4A1,0.0,0.0026
SLCO4C1,0.0,0.0026
SLCO5A1,0.0,0.0013
SLCO6A1,0.0,0.0483
SLF1,0.0,0.0196
SLF2,0.0,0.0117
SLFN11,0.0,0.0
SLFN12,0.0,0.0013
SLFN12L,0.0,0.0
SLFN13,0.0,0.0013
SLFN14,0.0,0.0
SLFN5,0.0,0.0
SLFNL1,0.0,0.0
SLIRP,0.0,0.0131
SLIT1,1.0,0.0157
SLIT2,1.0,0.0196
SLIT3,0.7523,0.0157
SLITRK1,0.9574,0.0078
SLITRK2,0.0064,0.0052
SLITRK3,0.9391,0.0039
SLITRK4,0.7945,0.0
SLITRK5,0.8702,0.0013
SLITRK6,0.0,0.0
SLK,0.3744,0.0039
SLMAP,0.9998,0.0287
SLMO1,0.0,0.0
SLMO2,0.136,0.0
SLN,0.287,0.0235
SLPI,0.0009,0.0131
SLTM,0.9979,0.0026
SLU7,0.0,0.1149
SLURP1,0.2593,0.0131
SLURP2,0.0,0.0039
SLX1A,0.1227,0.0535
SLX1B,0.0442,0.0052
SLX4,0.0,0.0901
SLX4IP,0.0,0.0117
SMAD1,0.988,0.0392
SMAD2,0.9966,0.1815
SMAD3,0.798,0.2533
SMAD4,0.9988,0.1893
SMAD5,0.9984,0.0444
SMAD6,0.0,0.0431
SMAD7,0.5485,0.0836
SMAD9,0.0001,0.0379
SMAGP,0.2544,0.0
SMAP1,0.9936,0.0026
SMAP2,0.0178,0.0026
SMARCA1,1.0,0.0496
SMARCA2,1.0,0.1123
SMARCA4,1.0,0.2585
SMARCA5,1.0,0.1514
SMARCAD1,1.0,0.0104
SMARCAL1,0.0,0.0235
SMARCB1,0.9971,0.1279
SMARCC1,1.0,0.0914
SMARCC2,1.0,0.111
SMARCD1,0.9995,0.1044
SMARCD2,0.0001,0.0457
SMARCD3,0.4046,0.0574
SMARCE1,0.9991,0.107
SMC1A,1.0,0.0809
SMC1B,0.1041,0.0366
SMC2,0.9999,0.0666
SMC3,1.0,0.0979
SMC4,0.0,0.0875
SMC5,0.0,0.0666
SMC6,0.0,0.0561
SMCHD1,1.0,0.0039
SMCO1,0.0002,0.0026
SMCO2,0.0,0.0
SMCO3,0.0144,0.0
SMCO4,0.0002,0.0
SMCP,0.0,0.0013
SMCR8,0.0016,0.0366
SMDT1,0.1828,0.0117
SMEK1,0.9999,0.0
SMEK2,0.7064,0.0
SMG1,1.0,0.0444
SMG5,0.0128,0.0326
SMG6,0.9816,0.0352
SMG7,1.0,0.0287
SMG8,0.0073,0.0196
SMG9,0.0,0.0209
SMIM1,0.033,0.0
SMIM10,0.3164,0.0
SMIM11,0.6226,0.0
SMIM12,0.5668,0.0052
SMIM13,0.1918,0.0
SMIM14,0.7919,0.0
SMIM15,0.1552,0.0
SMIM17,0.0147,0.0
SMIM18,0.169,0.0
SMIM19,0.344,0.0
SMIM2,0.042,0.0
SMIM20,0.5753,0.0078
SMIM21,0.0,0.0
SMIM22,0.0001,0.0013
SMIM23,0.0068,0.0
SMIM24,0.0,0.0052
SMIM27,0.0,0.0013
SMIM28,0.0,0.0039
SMIM29,0.0,0.0013
SMIM3,0.0001,0.0013
SMIM31,0.0,0.0013
SMIM34A,0.0,0.0013
SMIM34B,0.0,0.0013
SMIM36,0.0,0.0013
SMIM38,0.0,0.0039
SMIM4,0.1994,0.0
SMIM41,0.0,0.0013
SMIM5,0.1326,0.0
SMIM6,0.0,0.0039
SMIM7,0.0048,0.0013
SMIM8,0.0056,0.0
SMIM9,0.0074,0.0013
SMKR1,0.4364,0.1658
SMLR1,0.199,0.0013
SMN1,0.0158,0.0653
SMN2,0.1034,0.0444
SMNDC1,0.6378,0.0287
SMO,0.0,0.0679
SMOC1,0.0095,0.0026
SMOC2,0.0025,0.0
SMOX,0.3996,0.0052
SMPD1,0.0,0.0509
SMPD2,0.0,0.047
SMPD3,0.5943,0.0379
SMPD4,0.0,0.0352
SMPDL3A,0.0,0.0026
SMPDL3B,0.0,0.0
SMPX,0.6232,0.0104
SMR3A,0.3915,0.0
SMR3B,0.3871,0.0026
SMS,0.973,0.0209
SMTN,0.0,0.0078
SMTNL1,0.0,0.0052
SMTNL2,0.0002,0.0013
SMU1,0.9999,0.1005
SMUG1,0.0005,0.0222
SMURF1,0.6118,0.064
SMURF2,0.8723,0.0535
SMYD1,0.0,0.0131
SMYD2,0.0,0.0131
SMYD3,0.0,0.0274
SMYD4,0.0,0.0013
SMYD5,0.0131,0.0026
SNAI1,0.2175,0.1149
SNAI2,0.7953,0.0561
SNAI3,0.0132,0.0
SNAP23,0.9241,0.0888
SNAP25,0.9865,0.141
SNAP29,0.0136,0.0809
SNAP47,0.0,0.0457
SNAP91,0.9999,0.0496
SNAPC1,0.0,0.0157
SNAPC2,0.1014,0.0078
SNAPC3,0.0,0.0235
SNAPC4,0.0,0.0157
SNAPC5,0.0002,0.0131
SNAPIN,0.0015,0.0352
SNCA,0.8829,0.158
SNCAIP,0.0003,0.017
SNCB,0.0681,0.0065
SNCG,0.0008,0.0026
SND1,0.9821,0.0183
SNED1,0.6625,0.0013
SNF8,0.0005,0.0392
SNIP1,0.4217,0.1332
SNN,0.144,0.0
SNPH,0.9708,0.0131
SNRK,0.9996,0.0065
SNRNP200,1.0,0.2167
SNRNP25,0.0013,0.0313
SNRNP27,0.0002,0.0574
SNRNP35,0.0,0.047
SNRNP40,0.8527,0.1841
SNRNP48,0.0,0.0457
SNRNP70,0.9993,0.1815
SNRPA,0.0,0.1423
SNRPA1,0.9898,0.1854
SNRPB,0.7086,0.2389
SNRPB2,0.0506,0.1697
SNRPC,0.723,0.1018
SNRPD1,0.799,0.2402
SNRPD2,0.8013,0.2859
SNRPD3,0.8584,0.265
SNRPE,0.9061,0.3042
SNRPF,0.795,0.2768
SNRPG,0.8044,0.2676
SNRPN,0.0432,0.141
SNTA1,0.0056,0.0418
SNTB1,0.001,0.0235
SNTB2,0.0004,0.0274
SNTG1,0.1634,0.0235
SNTG2,0.0,0.0235
SNTN,0.0001,0.0052
SNU13,0.0,0.342
SNUPN,0.0,0.03
SNURF,0.4619,0.0026
SNW1,0.9996,0.205
SNX1,0.9318,0.0366
SNX10,0.0,0.0052
SNX11,0.0,0.0013
SNX12,0.7841,0.0144
SNX13,0.4033,0.0026
SNX14,0.0,0.0013
SNX15,0.0,0.0065
SNX16,0.0,0.0013
SNX17,0.0022,0.0248
SNX18,0.9564,0.0065
SNX19,0.0,0.0
SNX2,0.9846,0.0352
SNX20,0.0,0.0026
SNX21,0.0,0.0
SNX22,0.0048,0.0013
SNX24,0.0,0.0065
SNX25,0.0001,0.0013
SNX27,0.9998,0.0444
SNX29,0.0,0.0
SNX3,0.2493,0.0248
SNX30,0.5884,0.0013
SNX31,0.0,0.0
SNX32,0.0,0.0091
SNX33,0.0841,0.0052
SNX4,0.0,0.0666
SNX5,0.0014,0.0287
SNX6,0.499,0.0261
SNX7,0.0,0.0078
SNX8,0.0624,0.0117
SNX9,0.7061,0.0418
SOAT1,0.0,0.017
SOAT2,0.0,0.0209
SOBP,0.9997,0.0013
SOCS1,0.5854,0.0979
SOCS2,0.63,0.0366
SOCS3,0.7461,0.094
SOCS4,0.0,0.0366
SOCS5,0.5416,0.0248
SOCS6,0.9887,0.0313
SOCS7,0.9981,0.0248
SOD1,0.1773,0.141
SOD2,0.155,0.1253
SOD2-2,0.0,0.111
SOD3,0.0007,0.0183
SOGA1,1.0,0.0
SOGA2,0.0001,0.0
SOGA3,0.679,0.0013
SOHLH1,0.0023,0.0104
SOHLH2,0.0012,0.0039
SON,1.0,0.0157
SORBS1,0.0,0.0418
SORBS2,0.0359,0.0104
SORBS3,0.0,0.0157
SORCS1,0.5594,0.0039
SORCS2,0.0032,0.0065
SORCS3,0.0,0.0052
SORD,0.0,0.0366
SORL1,0.0,0.0352
SORT1,0.9999,0.0548
SOS1,1.0,0.1149
SOS2,0.9996,0.0522
SOST,0.8673,0.0418
SOSTDC1,0.1633,0.0039
SOWAHA,0.6822,0.0
SOWAHB,0.0007,0.0
SOWAHC,0.1427,0.0
SOWAHD,0.5313,0.0
SOX1,0.6232,0.0196
SOX10,0.9917,0.0496
SOX11,0.8584,0.0274
SOX12,0.8559,0.0026
SOX13,0.9418,0.0039
SOX14,0.8556,0.0013
SOX15,0.2147,0.0013
SOX17,0.885,0.0287
SOX18,0.151,0.0117
SOX2,0.7066,0.2219
SOX21,0.7134,0.0013
SOX3,0.4495,0.0091
SOX30,0.9982,0.0
SOX4,0.9266,0.017
SOX5,1.0,0.0183
SOX6,0.9998,0.017
SOX7,0.4791,0.0078
SOX8,0.6717,0.0026
SOX9,0.9977,0.0705
SP1,1.0,0.1031
SP100,0.0,0.0561
SP110,0.0,0.0144
SP140,0.0,0.0039
SP140L,0.0,0.0039
SP2,0.9972,0.0013
SP3,1.0,0.0065
SP4,0.9929,0.0026
SP5,0.5185,0.0
SP6,0.1496,0.0039
SP7,0.5827,0.0261
SP8,0.9658,0.0039
SP9,0.94,0.0026
SPA17,0.0066,0.0209
SPACA1,0.0227,0.0065
SPACA3,0.0001,0.0013
SPACA4,0.283,0.0026
SPACA5,0.3972,0.0
SPACA5B,0.3121,0.0
SPACA6,0.0,0.0117
SPACA7,0.0,0.0
SPACA9,0.0,0.0444
SPAG1,0.0,0.0313
SPAG11A,0.0001,0.0
SPAG11B,0.0278,0.0104
SPAG16,0.0,0.0026
SPAG17,0.0,0.0065
SPAG4,0.0,0.0104
SPAG5,0.0,0.0836
SPAG6,0.0,0.0078
SPAG7,0.0007,0.0013
SPAG8,0.0,0.0444
SPAG9,1.0,0.0196
SPAM1,0.0,0.0157
SPANXA1,0.0,0.0078
SPANXA2,0.0,0.0052
SPANXB1,0.0,0.0026
SPANXC,0.0728,0.0026
SPANXD,0.0775,0.0
SPANXN1,0.3919,0.0
SPANXN2,0.0908,0.0
SPANXN3,0.3831,0.0013
SPANXN4,0.3524,0.0026
SPANXN5,0.0852,0.0
SPARC,0.8915,0.047
SPARCL1,0.0,0.0052
SPART,0.0,0.0352
SPAST,0.9994,0.0366
SPATA1,0.0,0.0013
SPATA12,0.0,0.0
SPATA13,0.0026,0.0117
SPATA16,0.0,0.0091
SPATA17,0.0,0.0013
SPATA18,0.0,0.0026
SPATA19,0.0,0.0
SPATA2,0.9789,0.0157
SPATA20,0.0,0.0026
SPATA21,0.0,0.0
SPATA22,0.0004,0.0026
SPATA24,0.0026,0.0
SPATA25,0.0015,0.0013
SPATA2L,0.0406,0.0078
SPATA3,0.0011,0.0013
SPATA31A1,0.3776,0.0
SPATA31A2,0.3842,0.0
SPATA31A3,0.2953,0.0
SPATA31A5,0.0,0.0013
SPATA31A6,0.0,0.0
SPATA31A7,0.0026,0.0026
SPATA31D1,0.0038,0.0
SPATA31E1,0.0268,0.0
SPATA32,0.0,0.0013
SPATA33,0.0001,0.0
SPATA4,0.0,0.0026
SPATA46,0.0,0.0039
SPATA5,0.0,0.0131
SPATA5L1,0.0,0.0104
SPATA6,0.0,0.0039
SPATA6L,0.0,0.0
SPATA7,0.0,0.0196
SPATA8,0.0702,0.0
SPATA9,0.0,0.0
SPATC1,0.0,0.0078
SPATC1L,0.0,0.0
SPATS1,0.0,0.0013
SPATS2,0.9724,0.0
SPATS2L,0.5583,0.0
SPC24,0.0001,0.0418
SPC25,0.0255,0.064
SPCS1,0.0139,0.0144
SPCS2,0.9288,0.0209
SPCS3,0.8199,0.0091
SPDEF,0.9718,0.0091
SPDL1,0.0,0.0235
SPDYA,0.551,0.0131
SPDYC,0.0,0.0078
SPDYE1,0.0,0.0078
SPDYE11,0.0,0.1175
SPDYE14,0.0,0.1123
SPDYE16,0.0,0.0039
SPDYE2,0.4715,0.0052
SPDYE2B,0.3765,0.0052
SPDYE3,0.0002,0.0039
SPDYE4,0.0016,0.0039
SPDYE5,0.0,0.0065
SPDYE6,0.0,0.0052
SPDYE8P,0.0,0.1123
SPDYE9P,0.0,0.1123
SPECC1,0.0009,0.0078
SPECC1L,0.8589,0.0013
SPEF1,0.0,0.0039
SPEF2,0.0,0.0091
SPEG,0.9232,0.0039
SPEM1,0.0,0.0013
SPEN,1.0,0.0091
SPERT,0.0,0.0
SPESP1,0.3947,0.0
SPG11,0.0,0.0261
SPG20,0.0,0.0
SPG20OS,0.0237,0.0
SPG21,0.0007,0.0131
SPG7,0.0,0.0783
SPHAR,0.0,0.0
SPHK1,0.0,0.0614
SPHK2,0.0,0.0627
SPHKAP,0.9359,0.0013
SPI1,0.9821,0.0914
SPIB,0.9123,0.0117
SPIC,0.3067,0.0026
SPICE1,0.0,0.0104
SPIDR,0.0,0.0039
SPIN1,0.9705,0.03
SPIN2A,0.0011,0.0
SPIN2B,0.0569,0.0052
SPIN3,0.7784,0.0013
SPIN4,0.7584,0.0
SPINDOC,0.0,0.0274
SPINK1,0.3148,0.017
SPINK13,0.0005,0.0
SPINK14,0.0242,0.0013
SPINK2,0.0698,0.0026
SPINK4,0.2963,0.0026
SPINK5,0.0,0.0144
SPINK6,0.0,0.0065
SPINK7,0.0784,0.0
SPINK8,0.0001,0.0
SPINK9,0.0156,0.0039
SPINT1,0.0,0.0078
SPINT2,0.0008,0.0131
SPINT3,0.0173,0.0
SPINT4,0.0844,0.0052
SPIRE1,0.0425,0.0026
SPIRE2,0.0,0.0039
SPN,0.0144,0.0561
SPNS1,0.0204,0.0039
SPNS2,0.0,0.0052
SPNS3,0.0,0.0013
SPO11,0.0,0.0718
SPOCD1,0.0,0.0013
SPOCK1,0.8259,0.0052
SPOCK2,0.2414,0.0039
SPOCK3,0.0136,0.0026
SPON1,0.0,0.0091
SPON2,0.0,0.0013
SPOP,0.9992,0.0862
SPOPL,0.0119,0.0522
SPOUT1,0.0,0.0091
SPP1,0.0,0.111
SPP2,0.0,0.0052
SPPL2A,0.029,0.0013
SPPL2B,0.0,0.0013
SPPL2C,0.0002,0.0
SPPL3,0.9966,0.0
SPR,0.0434,0.0248
SPRED1,0.9725,0.0144
SPRED2,0.0,0.0078
SPRED3,0.2115,0.0
SPRN,0.2938,0.0052
SPRR1A,0.006,0.0366
SPRR1B,0.0006,0.0379
SPRR2A,0.0,0.0235
SPRR2B,0.0,0.0392
SPRR2D,0.0159,0.0222
SPRR2E,0.0601,0.0248
SPRR2F,0.0852,0.0144
SPRR2G,0.0,0.03
SPRR3,0.0,0.0352
SPRR4,0.0389,0.0013
SPRTN,0.9735,0.0274
SPRY1,0.003,0.0104
SPRY2,0.9713,0.0183
SPRY3,0.0038,0.0026
SPRY4,0.0005,0.0078
SPRYD3,0.1496,0.0065
SPRYD4,0.0079,0.0013
SPRYD7,0.0002,0.0
SPSB1,0.5198,0.0078
SPSB2,0.0214,0.0091
SPSB3,0.0361,0.0052
SPSB4,0.0004,0.0078
SPTA1,0.0,0.0235
SPTAN1,1.0,0.0574
SPTB,1.0,0.0157
SPTBN1,1.0,0.03
SPTBN2,0.0001,0.03
SPTBN4,1.0,0.03
SPTBN5,0.0,0.0144
SPTLC1,0.0,0.0587
SPTLC2,0.7803,0.0496
SPTLC3,0.0,0.0483
SPTSSA,0.6458,0.0117
SPTSSB,0.0009,0.0117
SPTY2D1,0.9448,0.0222
SPX,0.0,0.0117
SPZ1,0.0,0.0
SQLE,0.9759,0.0614
SQOR,0.0,0.0091
SQRDL,0.0,0.0
SQSTM1,0.0009,0.1997
SRA1,0.0,0.0183
SRBD1,0.0,0.0026
SRC,0.9969,0.5313
SRCAP,1.0,0.0431
SRCIN1,0.9999,0.0091
SRCRB4D,0.0,0.0
SRD5A1,0.0,0.0561
SRD5A2,0.0,0.0366
SRD5A3,0.0002,0.0392
SREBF1,0.0147,0.1175
SREBF2,0.2073,0.0757
SREK1,0.9148,0.0235
SREK1IP1,0.3871,0.0013
SRF,0.9755,0.0483
SRFBP1,0.0,0.0418
SRGAP1,0.9984,0.0131
SRGAP2,0.9768,0.0248
SRGAP2C,0.0,0.0026
SRGAP3,0.9997,0.0248
SRGN,0.6966,0.0065
SRI,0.0,0.0131
SRL,0.0,0.0052
SRM,0.2348,0.0248
SRMS,0.0,0.0013
SRP14,0.875,0.1214
SRP19,0.0069,0.1305
SRP54,0.999,0.1854
SRP68,0.0457,0.124
SRP72,0.0017,0.0705
SRP9,0.4193,0.1214
SRPK1,0.0,0.0457
SRPK2,0.997,0.0392
SRPK3,0.2923,0.0052
SRPR,0.7784,0.0
SRPRA,0.0,0.0875
SRPRB,0.0058,0.0796
SRPX,0.0031,0.0013
SRPX2,0.0481,0.0078
SRR,0.0058,0.0183
SRRD,0.0,0.0013
SRRM1,1.0,0.1815
SRRM2,1.0,0.1723
SRRM3,0.2087,0.0235
SRRM4,0.4646,0.0039
SRRM5,0.0,0.0
SRRT,0.5936,0.111
SRSF1,0.9827,0.2441
SRSF10,0.4228,0.0535
SRSF11,0.9981,0.0744
SRSF12,0.0331,0.0091
SRSF2,0.479,0.1345
SRSF3,0.9632,0.1292
SRSF4,0.8672,0.064
SRSF5,0.6925,0.0757
SRSF6,0.911,0.0862
SRSF7,0.982,0.094
SRSF8,0.0,0.0248
SRSF9,0.6392,0.077
SRXN1,0.0697,0.0157
SRY,0.0,0.0392
SS18,0.7457,0.0522
SS18L1,0.9823,0.0339
SS18L2,0.0155,0.0065
SSB,0.0896,0.0405
SSBP1,0.0036,0.0561
SSBP2,0.9978,0.0235
SSBP3,0.9997,0.0222
SSBP3-AS1,0.0,0.0
SSBP4,0.3702,0.0157
SSC4D,0.0,0.0013
SSC5D,0.0,0.0
SSFA2,0.0,0.0
SSH1,0.0003,0.0183
SSH2,0.9968,0.0157
SSH3,0.0,0.0131
SSMEM1,0.0,0.0013
SSNA1,0.0003,0.0117
SSPN,0.0396,0.0235
SSR1,0.2706,0.0326
SSR2,0.2148,0.0274
SSR3,0.7474,0.0248
SSR4,0.875,0.0287
SSRP1,0.9959,0.1449
SSSCA1,0.0,0.0
SST,0.3413,0.1201
SSTR1,0.7473,0.0209
SSTR2,0.4442,0.0235
SSTR3,0.0001,0.0235
SSTR4,0.0,0.0091
SSTR5,0.001,0.0157
SSU72,0.7786,0.047
SSU72P2,0.0,0.0144
SSU72P3,0.0,0.0144
SSU72P4,0.0,0.0144
SSU72P5,0.0,0.0144
SSU72P7,0.0,0.0144
SSU72P8,0.0,0.0144
SSUH2,0.0,0.0
SSX1,0.0,0.0131
SSX2,0.0,0.0261
SSX2B,0.0,0.0091
SSX2IP,0.0,0.017
SSX3,0.009,0.0065
SSX4,0.5203,0.0078
SSX4B,0.1528,0.0065
SSX5,0.0,0.0013
SSX7,0.0,0.0013
ST13,0.6607,0.0131
ST14,0.5604,0.0131
ST18,0.9946,0.0
ST20,0.3749,0.0013
ST20-MTHFS,0.0076,0.0078
ST3GAL1,0.5827,0.0261
ST3GAL2,0.9417,0.0248
ST3GAL3,0.0026,0.0013
ST3GAL4,0.0398,0.0131
ST3GAL5,0.0013,0.0091
ST3GAL6,0.0,0.0222
ST5,1.0,0.0
ST6GAL1,0.2341,0.0078
ST6GAL2,0.0057,0.0052
ST6GALNAC1,0.0,0.0379
ST6GALNAC2,0.0,0.0065
ST6GALNAC3,0.0003,0.0039
ST6GALNAC4,0.0,0.0052
ST6GALNAC5,0.1697,0.0052
ST6GALNAC6,0.0022,0.0026
ST7,0.997,0.0
ST7-OT4,0.0208,0.0
ST7L,0.0,0.0
ST8SIA1,0.493,0.0183
ST8SIA2,0.0581,0.0065
ST8SIA3,0.8591,0.0013
ST8SIA4,0.0004,0.0013
ST8SIA5,0.0006,0.0013
ST8SIA6,0.0,0.0013
STAB1,0.0,0.0078
STAB2,0.0,0.0117
STAC,0.0,0.0144
STAC2,0.0,0.0013
STAC3,0.0002,0.0444
STAG1,1.0,0.0379
STAG2,1.0,0.0483
STAG3,0.0,0.03
STAM,0.8505,0.0561
STAM2,0.0,0.0561
STAMBP,0.0001,0.0366
STAMBPL1,0.0,0.0183
STAP1,0.0,0.0039
STAP2,0.0,0.0078
STAR,0.0,0.0509
STARD10,0.0001,0.0013
STARD13,0.0,0.0078
STARD3,0.0001,0.0235
STARD3NL,0.0048,0.0091
STARD4,0.0,0.0026
STARD5,0.0001,0.0013
STARD6,0.0003,0.0013
STARD7,0.4718,0.0026
STARD8,0.0245,0.0052
STARD9,0.0,0.0
STAT1,1.0,0.346
STAT2,0.9306,0.1136
STAT3,1.0,0.423
STAT4,0.7662,0.1057
STAT5A,0.9999,0.1697
STAT5B,0.9999,0.1475
STAT6,0.9885,0.1044
STATH,0.0001,0.0104
STAU1,0.9998,0.0405
STAU2,0.9727,0.0078
STBD1,0.0,0.0183
STC1,0.2036,0.0
STC2,0.2659,0.0052
STEAP1,0.0,0.0039
STEAP1B,0.0,0.0
STEAP2,0.0,0.0065
STEAP3,0.0,0.0091
STEAP4,0.0,0.0013
STH,0.0,0.0078
STIL,0.2011,0.0274
STIM1,0.7753,0.0405
STIM2,0.9906,0.0274
STIMATE,0.0,0.0052
STING1,0.0,0.0261
STIP1,0.9999,0.0927
STK10,0.0,0.0013
STK11,0.9934,0.077
STK11IP,0.0,0.0052
STK16,0.0001,0.0
STK17A,0.0404,0.0013
STK17B,0.0136,0.0013
STK19,0.0,0.0065
STK24,0.0113,0.047
STK25,0.0519,0.0392
STK26,0.0,0.0313
STK3,0.0,0.0326
STK31,0.0066,0.0026
STK32A,0.0,0.0
STK32B,0.0,0.0013
STK32C,0.2041,0.0
STK33,0.0,0.0013
STK35,0.4808,0.0078
STK36,0.0,0.0091
STK38,0.0008,0.0104
STK38L,0.9343,0.0104
STK39,0.9992,0.0222
STK4,0.0146,0.0261
STK40,0.9962,0.0144
STMN1,0.0752,0.0157
STMN2,0.9769,0.0065
STMN3,0.0839,0.0
STMN4,0.0908,0.0117
STMND1,0.0001,0.0
STN1,0.0,0.0679
STOM,0.0,0.0144
STOML1,0.0,0.0
STOML2,0.0024,0.0091
STOML3,0.0,0.0052
STON1,0.0,0.0039
STON1-GTF2A1L,0.0,0.0052
STON2,0.0002,0.0235
STOX1,0.0,0.0
STOX2,0.4841,0.0
STPG1,0.0,0.0
STPG2,0.0,0.0
STPG3,0.0,0.0013
STRA13,0.1107,0.0
STRA6,0.0,0.017
STRA8,0.0006,0.0183
STRADA,0.0,0.0222
STRADB,0.001,0.0222
STRAP,0.9014,0.0352
STRBP,0.9996,0.0078
STRC,0.0,0.017
STRIP1,0.0,0.0287
STRIP2,0.0,0.0235
STRIT1,0.0,0.0039
STRN,0.6606,0.0535
STRN3,0.8293,0.0392
STRN4,0.9938,0.0496
STS,0.8089,0.0496
STT3A,0.002,0.0796
STT3B,0.999,0.0705
STUB1,0.0187,0.1332
STX10,0.0,0.0561
STX11,0.0005,0.0535
STX12,0.9562,0.0731
STX16,0.4826,0.0888
STX17,0.0001,0.0914
STX18,0.0,0.064
STX19,0.0,0.0457
STX1A,0.9785,0.1136
STX1B,0.9877,0.0444
STX2,0.0,0.047
STX3,0.0413,0.0653
STX4,0.0,0.0836
STX5,0.843,0.1266
STX6,0.0103,0.1005
STX7,0.0,0.0718
STX8,0.0,0.0653
STXBP1,1.0,0.0574
STXBP2,0.0,0.0196
STXBP3,0.0001,0.0287
STXBP4,0.0,0.0052
STXBP5,0.9996,0.0444
STXBP5L,0.9993,0.0157
STXBP6,0.0001,0.0144
STYK1,0.0,0.0013
STYX,0.3775,0.0013
STYXL1,0.0,0.0
SUB1,0.8924,0.0091
SUCLA2,0.0023,0.077
SUCLG1,0.0005,0.1436
SUCLG2,0.0,0.111
SUCNR1,0.0008,0.0039
SUCO,0.9746,0.0039
SUDS3,0.0045,0.0405
SUFU,0.9999,0.0522
SUGCT,0.0,0.0131
SUGP1,0.9957,0.0313
SUGP2,1.0,0.0026
SUGT1,0.4527,0.0144
SULF1,0.0014,0.0039
SULF2,0.0106,0.0013
SULT1A1,0.0,0.0222
SULT1A2,0.0,0.0065
SULT1A3,0.3625,0.0091
SULT1A4,0.3848,0.0117
SULT1B1,0.0,0.0196
SULT1C2,0.0,0.0078
SULT1C3,0.0,0.0196
SULT1C4,0.0,0.0209
SULT1E1,0.0,0.0496
SULT2A1,0.0,0.0248
SULT2B1,0.4355,0.0352
SULT4A1,0.9656,0.0065
SULT6B1,0.0,0.0
SUMF1,0.0,0.0248
SUMF2,0.0,0.0026
SUMO1,0.8613,0.141
SUMO2,0.8694,0.1201
SUMO3,0.3284,0.0366
SUMO4,0.0,0.0431
SUN1,0.0,0.0339
SUN2,0.0,0.0222
SUN3,0.0,0.0078
SUN5,0.0,0.0144
SUOX,0.0,0.0248
SUPT16H,1.0,0.1436
SUPT20H,0.0,0.0548
SUPT3H,0.0,0.0718
SUPT4H1,0.0009,0.1319
SUPT5H,1.0,0.1762
SUPT6H,1.0,0.1253
SUPT7L,0.0485,0.0535
SUPV3L1,0.032,0.0352
SURF1,0.0,0.0457
SURF2,0.0,0.0065
SURF4,0.6056,0.0261
SURF6,0.0,0.1044
SUSD1,0.0,0.0
SUSD2,0.0,0.0013
SUSD3,0.0006,0.0
SUSD4,0.0001,0.0
SUSD5,0.0,0.0
SUV39H1,0.9896,0.0901
SUV39H2,0.9292,0.0209
SUV420H1,1.0,0.0
SUV420H2,0.5468,0.0
SUZ12,1.0,0.1658
SV2A,0.2278,0.017
SV2B,0.0001,0.0131
SV2C,0.0,0.0091
SVBP,0.0,0.0091
SVEP1,1.0,0.0013
SVIL,0.0009,0.0039
SVIP,0.0003,0.0131
SVOP,0.9994,0.0
SVOPL,0.0,0.0013
SWAP70,0.0496,0.0013
SWI5,0.0014,0.0157
SWSAP1,0.0042,0.0405
SWT1,0.9976,0.0
SYAP1,0.9431,0.0013
SYBU,0.0001,0.0078
SYCE1,0.0,0.0222
SYCE1L,0.0,0.0
SYCE2,0.2808,0.0196
SYCE3,0.5999,0.0157
SYCN,0.0,0.0052
SYCP1,1.0,0.0248
SYCP2,1.0,0.0196
SYCP2L,0.0,0.0
SYCP3,0.0001,0.0405
SYDE1,0.7662,0.0
SYDE2,0.0,0.0
SYF2,0.0056,0.124
SYK,0.9999,0.188
SYMPK,1.0,0.0953
SYN1,0.9922,0.0705
SYN2,0.0,0.0366
SYN3,0.0019,0.0326
SYNC,0.0,0.0078
SYNCRIP,0.9994,0.1057
SYNDIG1,0.3025,0.0052
SYNDIG1L,0.0088,0.0013
SYNE1,0.0,0.0222
SYNE2,0.0,0.0196
SYNE3,0.0,0.0157
SYNE4,0.0,0.0183
SYNGAP1,1.0,0.0352
SYNGR1,0.4512,0.0052
SYNGR2,0.0001,0.0052
SYNGR3,0.5295,0.0039
SYNGR4,0.0,0.0
SYNJ1,0.4271,0.0979
SYNJ2,0.0,0.0601
SYNJ2BP,0.5122,0.0091
SYNJ2BP-COX16,0.0,0.0013
SYNM,0.0,0.0157
SYNPO,0.9857,0.0183
SYNPO2,0.0,0.0065
SYNPO2L,0.0,0.0013
SYNPR,0.0042,0.0039
SYNRG,0.9308,0.0548
SYP,0.9155,0.0796
SYPL1,0.0467,0.0013
SYPL2,0.0,0.0052
SYS1,0.0709,0.0052
SYT1,0.6004,0.0757
SYT10,0.0001,0.0026
SYT11,0.9268,0.0078
SYT12,0.0,0.0013
SYT13,0.6881,0.0013
SYT14,0.9446,0.0
SYT15,0.0,0.0
SYT16,0.0,0.0
SYT17,0.0,0.0026
SYT2,0.9813,0.0248
SYT3,0.8077,0.0026
SYT4,0.4392,0.0039
SYT5,0.0019,0.0039
SYT6,0.0081,0.0026
SYT7,0.9634,0.0078
SYT8,0.0,0.0
SYT9,0.3091,0.0091
SYTL1,0.0,0.0078
SYTL2,0.0,0.0052
SYTL3,0.0,0.0026
SYTL4,0.0141,0.0131
SYTL5,0.0003,0.0039
SYVN1,0.9997,0.0614
SZRD1,0.5965,0.0052
SZT2,0.0,0.0235
T,0.0243,0.0
TAAR1,0.0004,0.0039
TAAR2,0.0,0.0
TAAR5,0.0,0.0026
TAAR6,0.0167,0.0013
TAAR8,0.0003,0.0
TAB1,0.0,0.077
TAB2,1.0,0.0849
TAB3,0.6171,0.0587
TAC1,0.7461,0.0731
TAC3,0.0117,0.0261
TAC4,0.0,0.0078
TACC1,0.0001,0.0131
TACC2,0.0,0.0052
TACC3,0.0,0.0653
TACO1,0.0015,0.0183
TACR1,0.0004,0.0235
TACR2,0.0001,0.0065
TACR3,0.0,0.0157
TACSTD2,0.0047,0.0078
TADA1,0.0907,0.0509
TADA2A,0.0,0.0614
TADA2B,0.7237,0.0601
TADA3,0.0001,0.0849
TAF1,1.0,0.1945
TAF10,0.8808,0.1997
TAF11,0.112,0.1227
TAF11L10,0.0,0.0131
TAF11L11,0.0,0.0117
TAF11L12,0.0,0.0117
TAF11L13,0.0,0.0117
TAF11L14,0.0,0.0117
TAF11L2,0.0,0.0117
TAF11L3,0.0,0.0131
TAF11L4,0.0,0.0131
TAF11L5,0.0,0.0131
TAF11L6,0.0,0.0131
TAF11L7,0.0,0.0131
TAF11L8,0.0,0.0131
TAF11L9,0.0,0.0117
TAF12,0.9501,0.1854
TAF13,0.0159,0.1292
TAF15,0.1652,0.0601
TAF1A,0.0,0.0196
TAF1B,0.0,0.0222
TAF1C,0.0,0.0196
TAF1D,0.0,0.0144
TAF1L,0.9618,0.0483
TAF2,0.0026,0.1593
TAF3,1.0,0.1345
TAF4,1.0,0.2141
TAF4B,0.2345,0.0757
TAF5,0.9997,0.1815
TAF5L,0.999,0.0653
TAF6,0.0,0.2167
TAF6L,0.0701,0.064
TAF7,0.8937,0.1893
TAF7L,0.9864,0.0287
TAF8,0.0,0.1358
TAF9,0.0,0.2285
TAF9B,0.0,0.1227
TAFA4,0.0,0.0013
TAGAP,0.8462,0.0052
TAGLN,0.0853,0.0261
TAGLN2,0.0094,0.0065
TAGLN3,0.1849,0.0026
TAL1,0.5659,0.0483
TAL2,0.4739,0.0052
TALDO1,0.0,0.1005
TAMM41,0.0,0.0091
TANC1,0.0,0.0065
TANC2,1.0,0.0
TANGO2,0.0001,0.0013
TANGO6,0.0,0.0013
TANK,0.8383,0.047
TAOK1,0.9979,0.017
TAOK2,0.9998,0.0104
TAOK3,0.9998,0.0052
TAP1,0.0,0.0222
TAP2,0.0,0.017
TAPBP,0.0,0.0326
TAPBPL,0.0,0.0052
TAPT1,0.0321,0.0026
TARBP1,0.0,0.0183
TARBP2,0.4664,0.0483
TARDBP,0.9854,0.1619
TARM1,0.0,0.0
TARS,0.0,0.0
TARS1,0.0,0.0548
TARS2,0.0,0.0483
TARS3,0.0,0.0509
TARSL2,0.0,0.0
TAS1R1,0.0,0.0339
TAS1R2,0.0,0.0418
TAS1R3,0.0,0.0379
TAS2R1,0.0,0.0144
TAS2R10,0.0,0.0013
TAS2R13,0.0,0.0026
TAS2R14,0.0,0.0039
TAS2R16,0.0,0.0117
TAS2R19,0.0,0.0039
TAS2R20,0.0,0.0013
TAS2R3,0.0005,0.0052
TAS2R30,0.0,0.0039
TAS2R31,0.0,0.0065
TAS2R38,0.1303,0.0091
TAS2R39,0.0,0.0065
TAS2R4,0.0,0.0078
TAS2R40,0.0289,0.0013
TAS2R41,0.0,0.0039
TAS2R42,0.0,0.0052
TAS2R43,0.0,0.0065
TAS2R46,0.0,0.0117
TAS2R5,0.0012,0.0052
TAS2R50,0.0,0.0091
TAS2R60,0.0,0.0052
TAS2R7,0.0321,0.0052
TAS2R8,0.0,0.0013
TAS2R9,0.0,0.0026
TASOR,0.0,0.0052
TASOR2,0.0,0.0013
TASP1,0.6078,0.0026
TAT,0.0069,0.0379
TATDN1,0.0,0.0
TATDN2,0.0,0.0013
TATDN3,0.0,0.0
TAX1BP1,0.0,0.0444
TAX1BP3,0.0052,0.0091
TAZ,0.7259,0.0183
TBATA,0.0,0.0013
TBC1D1,0.0,0.0248
TBC1D10A,0.0043,0.0117
TBC1D10B,0.9992,0.0052
TBC1D10C,0.1536,0.0052
TBC1D12,0.0,0.0
TBC1D13,0.0007,0.0065
TBC1D14,0.0393,0.0144
TBC1D15,0.0615,0.0183
TBC1D16,0.0,0.0013
TBC1D17,0.0,0.0144
TBC1D19,0.0006,0.0039
TBC1D2,0.0,0.0013
TBC1D20,0.9307,0.0104
TBC1D21,0.0,0.0
TBC1D22A,0.4194,0.0013
TBC1D22B,0.0255,0.0013
TBC1D23,0.0,0.0104
TBC1D24,0.0,0.0026
TBC1D25,0.5226,0.017
TBC1D26,0.0,0.0
TBC1D28,0.0,0.0
TBC1D29,0.0007,0.0
TBC1D2B,0.0,0.0013
TBC1D3,0.5306,0.0013
TBC1D30,0.8892,0.0
TBC1D31,0.0,0.0026
TBC1D32,0.0,0.0039
TBC1D3B,0.2195,0.0013
TBC1D3C,0.0002,0.0
TBC1D3F,0.0,0.0
TBC1D3G,0.0,0.0
TBC1D4,0.0,0.0248
TBC1D5,0.0,0.0222
TBC1D7,0.0,0.0326
TBC1D8,0.0,0.0
TBC1D8B,0.0,0.0039
TBC1D9,0.0,0.0
TBC1D9B,0.0,0.0
TBCA,0.16,0.0196
TBCB,0.011,0.0248
TBCC,0.0,0.0052
TBCCD1,0.002,0.0026
TBCD,0.0,0.0222
TBCE,0.0,0.0091
TBCE-2,0.0,0.0131
TBCEL,0.9747,0.0013
TBCK,0.0,0.0013
TBK1,0.0752,0.1371
TBKBP1,0.2703,0.0117
TBL1X,0.9795,0.0392
TBL1XR1,1.0,0.0326
TBL1Y,0.0,0.0313
TBL2,0.0002,0.017
TBL3,0.0,0.2272
TBP,0.015,0.3146
TBPL1,0.379,0.0444
TBPL2,0.0,0.0692
TBR1,0.999,0.0352
TBRG1,0.0002,0.0013
TBRG4,0.0,0.0013
TBX1,0.8366,0.0157
TBX10,0.0,0.0
TBX15,0.6577,0.0013
TBX18,0.999,0.0078
TBX19,0.0,0.0052
TBX2,0.9933,0.0065
TBX20,0.973,0.0222
TBX21,0.9964,0.1084
TBX22,0.977,0.0052
TBX3,0.9891,0.0235
TBX4,0.5048,0.0065
TBX5,0.9995,0.0405
TBX6,0.0068,0.0157
TBXA2R,0.0001,0.0196
TBXAS1,0.0,0.0039
TBXT,0.0,0.0157
TC2N,0.0,0.0
TCAF1,0.0,0.0013
TCAF2C,0.0,0.0013
TCAIM,0.0,0.0
TCAP,0.1894,0.0587
TCEA1,0.8954,0.1436
TCEA2,0.0006,0.0901
TCEA3,0.0045,0.0457
TCEAL1,0.5858,0.0131
TCEAL2,0.3508,0.0052
TCEAL3,0.7395,0.0039
TCEAL4,0.7483,0.0052
TCEAL5,0.7291,0.0
TCEAL6,0.0166,0.0052
TCEAL7,0.4847,0.0039
TCEAL8,0.5434,0.0
TCEAL9,0.0,0.0039
TCEANC,0.0519,0.0026
TCEANC2,0.0,0.0013
TCEB1,0.7442,0.0
TCEB2,0.0918,0.0
TCEB3,1.0,0.0
TCEB3B,0.0,0.0
TCEB3C,0.0,0.0
TCEB3CL,0.0,0.0
TCEB3CL2,0.0,0.0
TCERG1,1.0,0.1201
TCERG1L,0.0,0.0431
TCF12,0.676,0.0483
TCF15,0.5198,0.0052
TCF19,0.0009,0.0052
TCF20,1.0,0.0026
TCF21,0.8255,0.0078
TCF23,0.0,0.0
TCF24,0.0257,0.0
TCF25,0.4157,0.0078
TCF3,0.0258,0.0666
TCF4,0.9998,0.0574
TCF7,0.0054,0.0496
TCF7L1,0.3602,0.0431
TCF7L2,0.9954,0.0718
TCFL5,0.9913,0.0
TCHH,0.0,0.0157
TCHHL1,0.5837,0.0
TCHP,0.0,0.0352
TCIM,0.0,0.0026
TCIRG1,0.0,0.0627
TCL1A,0.0,0.0183
TCL1B,0.0101,0.0078
TCN1,0.0,0.0078
TCN2,0.0,0.0183
TCOF1,0.9541,0.0157
TCP1,0.9953,0.141
TCP10,0.0,0.0052
TCP10L,0.0033,0.0
TCP10L2,0.0,0.0013
TCP11,0.0,0.0026
TCP11L1,0.0044,0.0026
TCP11L2,0.0,0.0026
TCP11X2,0.0,0.0013
TCTA,0.0005,0.0
TCTE1,0.0,0.0104
TCTE3,0.0,0.0209
TCTEX1D1,0.0001,0.0196
TCTEX1D2,0.0003,0.0261
TCTEX1D4,0.0118,0.0209
TCTN1,0.0,0.0248
TCTN2,0.0,0.0209
TCTN3,0.0,0.0222
TDG,0.0006,0.0379
TDGF1,0.0,0.0287
TDO2,0.0,0.0235
TDP1,0.0,0.0326
TDP2,0.0,0.0235
TDRD1,1.0,0.0183
TDRD10,0.0,0.0
TDRD12,0.0,0.0157
TDRD15,0.0,0.0039
TDRD3,0.0,0.0144
TDRD5,0.9725,0.0091
TDRD6,0.0,0.0078
TDRD7,0.0006,0.0183
TDRD9,0.0,0.0235
TDRKH,0.0324,0.0222
TDRP,0.0,0.0013
TEAD1,0.9998,0.0287
TEAD2,0.0,0.017
TEAD3,0.9936,0.0144
TEAD4,0.0,0.0313
TEC,0.0,0.0144
TECPR1,0.0,0.0078
TECPR2,0.58,0.0104
TECR,0.1085,0.03
TECRL,0.0,0.0091
TECTA,0.0,0.0052
TECTB,0.0,0.0091
TEDC1,0.0,0.0026
TEDC2,0.0,0.0026
TEDDM1,0.0022,0.0
TEF,0.6329,0.0117
TEFM,0.5142,0.0091
TEK,1.0,0.0979
TEKT1,0.0,0.0548
TEKT2,0.0,0.047
TEKT3,0.0,0.0457
TEKT4,0.0,0.0444
TEKT5,0.0,0.0
TELO2,0.0,0.0366
TEN1,0.0151,0.0183
TENC1,0.0,0.0
TENM1,1.0,0.0052
TENM2,1.0,0.0052
TENM3,0.9996,0.0039
TENM4,1.0,0.0065
TENT2,0.0,0.0131
TENT4A,0.0,0.0248
TENT4B,0.0,0.0183
TENT5A,0.0,0.0026
TENT5C,0.0,0.0039
TEP1,0.0,0.0444
TEPP,0.0002,0.0013
TEPSIN,0.0,0.0052
TERB1,0.0,0.0144
TERB2,0.0,0.0091
TERF1,0.9065,0.0692
TERF2,0.9924,0.0509
TERF2IP,0.0,0.0366
TERT,0.9905,0.1136
TES,0.0,0.0065
TESC,0.1078,0.0013
TESK1,0.9926,0.0026
TESK2,0.0,0.0
TESMIN,0.0,0.0026
TESPA1,0.0,0.0222
TET1,1.0,0.0274
TET2,0.0,0.0614
TET3,1.0,0.0144
TEX10,1.0,0.1227
TEX101,0.0008,0.0052
TEX11,1.0,0.0131
TEX12,0.0005,0.0144
TEX13A,0.0198,0.0052
TEX13B,0.0111,0.0
TEX14,0.0,0.0026
TEX15,0.0,0.0039
TEX19,0.0,0.0
TEX2,0.0001,0.0
TEX22,0.0007,0.0
TEX26,0.0,0.0
TEX261,0.0012,0.0
TEX264,0.1641,0.0091
TEX28,0.0,0.0039
TEX29,0.0,0.0
TEX30,0.0006,0.0
TEX33,0.0,0.0
TEX35,0.0,0.0065
TEX36,0.0002,0.0013
TEX37,0.0,0.0
TEX38,0.0,0.0
TEX40,0.0201,0.0
TEX48,0.0,0.2128
TEX53,0.0,0.0013
TEX9,0.0,0.0026
TF,0.0,0.0287
TFAM,0.1726,0.0705
TFAP2A,0.9896,0.0444
TFAP2B,0.9902,0.0091
TFAP2C,0.922,0.0183
TFAP2D,0.992,0.0026
TFAP2E,0.0,0.0
TFAP4,0.9973,0.0078
TFB1M,0.0,0.0705
TFB2M,0.0,0.0614
TFCP2,0.0,0.0104
TFCP2L1,1.0,0.0026
TFDP1,0.9717,0.0653
TFDP2,0.9995,0.03
TFDP3,0.0,0.0183
TFE3,0.9798,0.0183
TFEB,0.8993,0.0366
TFEC,0.0,0.0026
TFF1,0.0009,0.0144
TFF2,0.0,0.0078
TFF3,0.0159,0.0131
TFG,0.1406,0.0235
TFIP11,0.0,0.0692
TFPI,0.2477,0.0326
TFPI2,0.0008,0.0013
TFPT,0.0001,0.0339
TFR2,0.0,0.0196
TFRC,0.0001,0.0888
TG,0.0,0.0379
TGDS,0.0,0.0157
TGFA,0.7198,0.0783
TGFB1,0.0369,0.248
TGFB1I1,0.027,0.0209
TGFB2,0.999,0.0587
TGFB3,0.9873,0.0587
TGFBI,0.0,0.0157
TGFBR1,0.8538,0.0888
TGFBR2,0.1253,0.0731
TGFBR3,0.0031,0.0196
TGFBR3L,0.0845,0.0
TGFBRAP1,0.1651,0.0287
TGIF1,0.0105,0.0104
TGIF2,0.1364,0.0078
TGIF2-C20ORF24,0.8468,0.0
TGIF2LX,0.0,0.0052
TGIF2LY,0.0,0.0065
TGM1,0.0,0.0352
TGM2,0.0,0.0065
TGM3,0.0,0.0131
TGM4,0.0,0.0078
TGM5,0.0,0.0026
TGM6,0.0,0.0013
TGM7,0.0,0.0
TGOLN2,0.0028,0.0627
TGS1,0.0,0.0222
TH,0.0,0.0849
THADA,0.0,0.0013
THAP1,0.8012,0.017
THAP10,0.0458,0.0013
THAP11,0.8262,0.0104
THAP12,0.0,0.0091
THAP2,0.0,0.0039
THAP3,0.0073,0.0026
THAP4,0.2764,0.0026
THAP5,0.0,0.0013
THAP6,0.0006,0.0
THAP7,0.0133,0.0104
THAP8,0.0,0.0013
THAP9,0.0,0.0013
THBD,0.0538,0.0627
THBS1,0.9999,0.1162
THBS2,0.5564,0.0653
THBS3,0.0,0.0352
THBS4,0.0,0.0392
THEG,0.0,0.0013
THEGL,0.0,0.0
THEM4,0.0,0.0144
THEM5,0.0,0.0078
THEM6,0.0461,0.0
THEMIS,0.0,0.0196
THEMIS2,0.002,0.0
THG1L,0.0001,0.0026
THNSL1,0.0,0.0039
THNSL2,0.0,0.0039
THOC1,0.9996,0.0405
THOC2,1.0,0.0509
THOC3,0.0287,0.0274
THOC5,0.0453,0.0522
THOC6,0.0005,0.0222
THOC7,0.0061,0.0274
THOP1,0.0001,0.0052
THPO,0.1971,0.0457
THRA,0.3275,0.0379
THRAP3,1.0,0.0392
THRB,0.9968,0.0379
THRSP,0.0029,0.0078
THSD1,0.0,0.0
THSD4,0.0,0.0013
THSD7A,1.0,0.0052
THSD7B,0.0,0.0
THTPA,0.0,0.0026
THUMPD1,0.0,0.0026
THUMPD2,0.0,0.0013
THUMPD3,0.0,0.0026
THY1,0.0499,0.064
THYN1,0.0,0.0209
TIA1,0.2749,0.0601
TIAF1,0.0,0.0013
TIAL1,0.9999,0.0509
TIAM1,0.9566,0.0679
TIAM2,0.0,0.0026
TICAM1,0.0,0.0431
TICAM2,0.0026,0.0313
TICRR,0.0,0.03
TIE1,0.0,0.0222
TIFA,0.125,0.0065
TIFAB,0.0,0.0
TIGAR,0.0,0.0274
TIGD1,0.0037,0.0
TIGD2,0.0001,0.0
TIGD3,0.0,0.0039
TIGD4,0.0,0.0
TIGD5,0.0012,0.0
TIGD6,0.0,0.0
TIGD7,0.0,0.0
TIGIT,0.0179,0.0705
TIMD4,0.0,0.0091
TIMELESS,0.0,0.1005
TIMM10,0.0015,0.0535
TIMM10B,0.0,0.0183
TIMM13,0.0625,0.03
TIMM17A,0.2172,0.0574
TIMM17B,0.0854,0.0392
TIMM21,0.0001,0.0366
TIMM22,0.0,0.0509
TIMM23,0.0049,0.047
TIMM23B,0.1267,0.0183
TIMM29,0.0,0.0065
TIMM44,0.0016,0.0418
TIMM50,0.0018,0.047
TIMM8A,0.652,0.0248
TIMM8B,0.0087,0.0235
TIMM9,0.0208,0.0405
TIMMDC1,0.0,0.0627
TIMP1,0.4993,0.0796
TIMP2,0.7889,0.0339
TIMP3,0.6304,0.0313
TIMP4,0.0004,0.0157
TINAG,0.0,0.0013
TINAGL1,0.0003,0.0013
TINCR,0.0,0.0013
TINF2,0.0013,0.0418
TIPARP,0.9999,0.0026
TIPIN,0.0002,0.0757
TIPRL,0.9537,0.0104
TIRAP,0.0008,0.0444
TJAP1,0.0,0.0104
TJP1,1.0,0.1554
TJP2,0.0,0.0574
TJP3,0.0,0.0444
TK1,0.1373,0.0927
TK2,0.0,0.0431
TKFC,0.0,0.0157
TKT,0.0067,0.0888
TKTL1,0.9993,0.0822
TKTL2,0.0,0.0809
TLCD1,0.0044,0.0
TLCD2,0.0,0.0
TLCD3A,0.0,0.0026
TLCD3B,0.0,0.0144
TLDC1,0.0,0.0
TLDC2,0.0165,0.0
TLE1,0.9992,0.047
TLE2,0.0,0.0183
TLE3,1.0,0.0431
TLE4,1.0,0.0274
TLE5,0.0,0.0196
TLE6,0.0,0.0091
TLE7,0.0,0.0039
TLK1,1.0,0.0157
TLK2,1.0,0.0065
TLL1,0.1731,0.0026
TLL2,0.0,0.0039
TLN1,1.0,0.1292
TLN2,0.9923,0.1018
TLNRD1,0.0,0.0026
TLR1,0.0,0.0561
TLR10,0.0,0.0104
TLR2,0.0,0.1854
TLR3,0.0,0.1123
TLR4,0.0,0.2937
TLR5,0.0,0.0431
TLR6,0.0,0.0287
TLR7,0.9791,0.0836
TLR8,0.324,0.0587
TLR9,0.0,0.1057
TLX1,0.7416,0.0144
TLX1NB,0.0,0.0
TLX2,0.2548,0.0052
TLX3,0.2599,0.0117
TM2D1,0.0001,0.0013
TM2D2,0.0064,0.0013
TM2D3,0.0,0.0013
TM4SF1,0.0016,0.0052
TM4SF18,0.0,0.0
TM4SF19,0.0,0.0183
TM4SF2,0.7899,0.0
TM4SF20,0.0002,0.0
TM4SF4,0.0,0.0
TM4SF5,0.0079,0.0052
TM6SF1,0.0,0.0013
TM6SF2,0.0,0.0104
TM7SF2,0.0,0.0248
TM7SF3,0.0,0.0
TM9SF1,0.0,0.0013
TM9SF2,1.0,0.0013
TM9SF3,1.0,0.0
TM9SF4,0.999,0.0026
TMA16,0.0001,0.0901
TMA7,0.0024,0.0078
TMBIM1,0.0,0.0
TMBIM4,0.0,0.0117
TMBIM6,0.015,0.0117
TMC1,0.0,0.03
TMC2,0.0,0.0157
TMC3,0.0,0.0
TMC4,0.0,0.0026
TMC5,0.0,0.0
TMC6,0.0,0.0104
TMC7,0.0,0.0013
TMC8,0.0,0.0078
TMCC1,0.8453,0.0052
TMCC2,0.2947,0.0013
TMCC3,0.0,0.0
TMCO1,0.0,0.0705
TMCO2,0.0001,0.0
TMCO3,0.0,0.0
TMCO4,0.0,0.0
TMCO5A,0.0,0.0013
TMCO6,0.0,0.0013
TMDD1,0.0,0.0039
TMED1,0.0,0.0052
TMED10,0.8601,0.0601
TMED2,0.8923,0.0352
TMED3,0.0226,0.0222
TMED4,0.2434,0.0078
TMED5,0.0,0.0052
TMED6,0.0001,0.0
TMED7,0.4797,0.0379
TMED7-TICAM2,0.0026,0.0104
TMED8,0.0853,0.0013
TMED9,0.006,0.0157
TMEFF1,0.538,0.0013
TMEFF2,0.0001,0.0013
TMEM100,0.5344,0.0
TMEM101,0.0017,0.0
TMEM102,0.0,0.0013
TMEM104,0.0,0.0
TMEM105,0.0142,0.0
TMEM106A,0.0,0.0
TMEM106B,0.3258,0.0078
TMEM106C,0.0,0.0
TMEM107,0.0,0.0209
TMEM108,0.9956,0.0013
TMEM109,0.0001,0.0339
TMEM11,0.8792,0.0144
TMEM110,0.1887,0.0
TMEM110-MUSTN1,0.0007,0.0
TMEM114,0.0332,0.0078
TMEM115,0.7945,0.0013
TMEM116,0.0,0.0117
TMEM117,0.0,0.0
TMEM119,0.625,0.0131
TMEM120B,0.0071,0.0013
TMEM121,0.5941,0.0
TMEM123,0.6464,0.0
TMEM125,0.0,0.0
TMEM126A,0.0022,0.0065
TMEM126B,0.0002,0.0483
TMEM127,0.0129,0.0131
TMEM128,0.0002,0.0
TMEM129,0.0,0.0091
TMEM130,0.0,0.0
TMEM131,1.0,0.0013
TMEM132A,0.0,0.0013
TMEM132B,0.9988,0.0
TMEM132C,0.6388,0.0
TMEM132D,0.9991,0.0
TMEM132E,0.0,0.0
TMEM133,0.0,0.0
TMEM134,0.0,0.0
TMEM135,0.7786,0.0
TMEM136,0.005,0.0
TMEM138,0.047,0.0091
TMEM139,0.0075,0.0
TMEM140,0.054,0.0
TMEM141,0.0011,0.0
TMEM143,0.0,0.0
TMEM144,0.0,0.0
TMEM145,0.0,0.0013
TMEM147,0.0001,0.0653
TMEM14A,0.0234,0.0
TMEM14B,0.0,0.0
TMEM14C,0.0061,0.0052
TMEM14E,0.0,0.0
TMEM150A,0.0236,0.0013
TMEM150B,0.0,0.0
TMEM150C,0.0131,0.0
TMEM151A,0.0029,0.0
TMEM151B,0.1358,0.0
TMEM154,0.0,0.0
TMEM155,0.0364,0.0
TMEM156,0.0,0.0
TMEM158,0.1486,0.0
TMEM159,0.0034,0.0013
TMEM160,0.0999,0.0
TMEM161A,0.0,0.0
TMEM161B,0.0,0.0
TMEM163,0.0397,0.0
TMEM164,0.9437,0.0
TMEM165,0.2834,0.0013
TMEM167A,0.0004,0.0
TMEM167B,0.6841,0.0
TMEM168,0.0043,0.0
TMEM169,0.0118,0.0
TMEM17,0.0094,0.0235
TMEM170A,0.0,0.0026
TMEM170B,0.7866,0.0
TMEM171,0.0,0.0
TMEM173,0.0012,0.0
TMEM174,0.1766,0.0
TMEM175,0.0,0.0052
TMEM176A,0.0094,0.0013
TMEM176B,0.0,0.0013
TMEM177,0.009,0.0013
TMEM178A,0.6695,0.0
TMEM178B,0.9546,0.0
TMEM179,0.6792,0.0
TMEM179B,0.001,0.0078
TMEM18,0.0022,0.0117
TMEM180,0.0495,0.0
TMEM181,0.0075,0.0
TMEM182,0.0556,0.0
TMEM183A,0.7002,0.0
TMEM184A,0.0,0.0
TMEM184B,0.373,0.0
TMEM184C,0.0686,0.0013
TMEM185A,0.0166,0.0026
TMEM185B,0.9681,0.0
TMEM186,0.0001,0.0157
TMEM187,0.0157,0.0026
TMEM189,0.0084,0.0157
TMEM189-UBE2V1,0.0084,0.0235
TMEM19,0.0052,0.0013
TMEM190,0.0013,0.0
TMEM191C,0.0,0.0026
TMEM192,0.0,0.0026
TMEM194A,0.9162,0.0
TMEM194B,0.0,0.0
TMEM196,0.0,0.0
TMEM198,0.4066,0.0013
TMEM199,0.0,0.0339
TMEM2,0.0,0.0
TMEM200A,0.8506,0.0
TMEM200B,0.0018,0.0
TMEM200C,0.1062,0.0
TMEM201,0.99,0.0052
TMEM202,0.0,0.0
TMEM203,0.6335,0.0
TMEM204,0.9127,0.0039
TMEM205,0.0303,0.0
TMEM206,0.0,0.0
TMEM207,0.0,0.0013
TMEM208,0.0015,0.0065
TMEM209,0.0,0.0013
TMEM210,0.6446,0.0013
TMEM211,0.0261,0.0
TMEM212,0.0,0.0052
TMEM213,0.0867,0.0026
TMEM214,0.0,0.0078
TMEM215,0.0041,0.0
TMEM216,0.0019,0.03
TMEM217,0.0001,0.0
TMEM218,0.0017,0.0026
TMEM219,0.0001,0.0039
TMEM220,0.0,0.0
TMEM221,0.0068,0.0
TMEM222,0.0,0.0013
TMEM223,0.0,0.0
TMEM225,0.0016,0.0
TMEM229A,0.5896,0.0
TMEM229B,0.13,0.0
TMEM230,0.0002,0.0026
TMEM231,0.0,0.0274
TMEM232,0.0,0.0026
TMEM233,0.0906,0.0
TMEM234,0.0,0.0
TMEM235,0.0005,0.0026
TMEM236,0.0172,0.0
TMEM237,0.0,0.0274
TMEM238,0.2939,0.0
TMEM239,0.001,0.0
TMEM240,0.229,0.0
TMEM241,0.0,0.0
TMEM242,0.0,0.0013
TMEM243,0.0,0.0
TMEM244,0.0106,0.0
TMEM245,0.0,0.0
TMEM246,0.0939,0.0
TMEM247,0.0,0.0013
TMEM248,0.7422,0.0
TMEM249,0.1046,0.0418
TMEM25,0.0,0.0
TMEM250,0.0,0.0065
TMEM251,0.0069,0.0
TMEM252,0.199,0.0
TMEM253,0.0,0.0
TMEM254,0.0013,0.0326
TMEM255A,0.0024,0.0
TMEM255B,0.0,0.0
TMEM256,0.0006,0.0
TMEM256-PLSCR3,0.0059,0.0
TMEM257,0.0996,0.0
TMEM258,0.0019,0.0274
TMEM259,0.9941,0.0052
TMEM26,0.0,0.0091
TMEM260,0.0,0.0
TMEM261,0.0054,0.0
TMEM262,0.0003,0.0418
TMEM265,0.0,0.0013
TMEM27,0.0001,0.0
TMEM30A,0.0032,0.0157
TMEM30B,0.0,0.0157
TMEM30C,0.5651,0.0
TMEM31,0.0013,0.0
TMEM33,0.0053,0.0039
TMEM35,0.6592,0.0
TMEM37,0.0024,0.0013
TMEM38A,0.0006,0.0013
TMEM38B,0.0195,0.0117
TMEM39A,0.9547,0.0
TMEM39B,0.0065,0.0
TMEM40,0.0,0.0
TMEM41A,0.0003,0.0
TMEM41B,0.2884,0.0026
TMEM42,0.0808,0.0013
TMEM43,0.0,0.0183
TMEM44,0.0,0.0
TMEM45A,0.0048,0.0052
TMEM45B,0.0,0.0
TMEM47,0.7968,0.0013
TMEM5,0.0,0.0
TMEM50A,0.1629,0.0039
TMEM50B,0.0294,0.0026
TMEM51,0.3049,0.0
TMEM52,0.0149,0.0
TMEM52B,0.0011,0.0
TMEM53,0.0214,0.0
TMEM54,0.0031,0.0
TMEM55A,0.0004,0.0
TMEM55B,0.8748,0.0
TMEM56,0.2613,0.0
TMEM56-RWDD3,0.0082,0.0
TMEM57,0.9976,0.0
TMEM59,0.0,0.0013
TMEM59L,0.0006,0.0
TMEM60,0.755,0.0
TMEM61,0.0001,0.0
TMEM62,0.0,0.0
TMEM63A,0.0,0.0
TMEM63B,1.0,0.0
TMEM63C,0.2434,0.0039
TMEM64,0.49,0.0
TMEM65,0.1108,0.0
TMEM66,0.002,0.0
TMEM67,0.0,0.0457
TMEM68,0.007,0.0026
TMEM69,0.0002,0.0013
TMEM70,0.0293,0.0131
TMEM71,0.0,0.0
TMEM72,0.7837,0.0
TMEM74,0.0003,0.0026
TMEM74B,0.0003,0.0
TMEM75,0.0,0.0
TMEM78,0.0,0.0
TMEM79,0.0,0.0013
TMEM80,0.0,0.0026
TMEM81,0.0031,0.0
TMEM82,0.0,0.0
TMEM86A,0.0192,0.0
TMEM86B,0.0,0.0065
TMEM87A,0.0815,0.0
TMEM87B,0.0,0.0013
TMEM88,0.2774,0.0013
TMEM88B,0.4349,0.0
TMEM89,0.7698,0.0013
TMEM8A,0.0,0.0
TMEM8B,0.0,0.0
TMEM8C,0.0002,0.0
TMEM9,0.0036,0.0039
TMEM91,0.0263,0.0
TMEM92,0.0063,0.0
TMEM94,0.0,0.0026
TMEM95,0.0,0.0052
TMEM97,0.0003,0.0065
TMEM98,0.0119,0.0052
TMEM99,0.0,0.0
TMEM9B,0.5308,0.0
TMF1,0.0,0.0104
TMIE,0.0001,0.0091
TMIGD1,0.0,0.0026
TMIGD2,0.0,0.0144
TMIGD3,0.0,0.0013
TMLHE,0.0001,0.0078
TMOD1,0.4784,0.0366
TMOD2,0.0196,0.0287
TMOD3,0.0664,0.0313
TMOD4,0.0,0.0405
TMPO,0.0,0.017
TMPPE,0.0009,0.0
TMPRSS11A,0.0,0.0
TMPRSS11B,0.0,0.0013
TMPRSS11BNL,0.0,0.0
TMPRSS11D,0.0,0.0013
TMPRSS11E,0.0,0.0013
TMPRSS11F,0.0,0.0
TMPRSS12,0.0,0.0
TMPRSS13,0.0,0.0
TMPRSS15,0.0,0.0052
TMPRSS2,0.0,0.0287
TMPRSS3,0.0,0.0131
TMPRSS4,0.0,0.0039
TMPRSS5,0.0,0.0
TMPRSS6,0.0,0.0157
TMPRSS7,0.0,0.0
TMPRSS9,0.0,0.0013
TMSB10,0.018,0.0052
TMSB15A,0.3905,0.0
TMSB15B,0.3888,0.0
TMSB4X,0.4121,0.0131
TMSB4Y,0.3192,0.017
TMTC1,0.0,0.0131
TMTC2,0.0225,0.0
TMTC3,0.0,0.0
TMTC4,0.0,0.0
TMUB1,0.0367,0.0091
TMUB2,0.0,0.0065
TMX1,0.0007,0.0039
TMX2,0.6474,0.0026
TMX3,0.0044,0.0
TMX4,0.0442,0.0013
TNC,0.0,0.0209
TNF,0.8033,0.5104
TNFAIP1,0.1351,0.0509
TNFAIP2,0.0001,0.0117
TNFAIP3,0.9997,0.0744
TNFAIP6,0.0,0.0209
TNFAIP8,0.3845,0.0
TNFAIP8L1,0.5379,0.0013
TNFAIP8L2,0.0384,0.0013
TNFAIP8L3,0.0,0.0
TNFRSF10A,0.0,0.0496
TNFRSF10B,0.0002,0.047
TNFRSF10C,0.0,0.0065
TNFRSF10D,0.0,0.0091
TNFRSF11A,0.0088,0.0183
TNFRSF11B,0.1617,0.0091
TNFRSF12A,0.018,0.03
TNFRSF13B,0.0,0.0222
TNFRSF13C,0.2699,0.0418
TNFRSF14,0.8075,0.0535
TNFRSF17,0.0,0.0222
TNFRSF18,0.0,0.0509
TNFRSF19,0.0329,0.0117
TNFRSF1A,0.9949,0.1606
TNFRSF1B,0.502,0.0535
TNFRSF21,0.0406,0.017
TNFRSF25,0.0086,0.0326
TNFRSF4,0.0002,0.0561
TNFRSF6B,0.0,0.0078
TNFRSF8,0.8641,0.0548
TNFRSF9,0.3215,0.0783
TNFSF10,0.1349,0.0352
TNFSF11,0.0049,0.0718
TNFSF12,0.77,0.0483
TNFSF12-TNFSF13,0.77,0.0
TNFSF13,0.8172,0.0131
TNFSF13B,0.9819,0.0561
TNFSF14,0.0517,0.0235
TNFSF15,0.0028,0.0131
TNFSF18,0.0002,0.0183
TNFSF4,0.0494,0.0405
TNFSF8,0.7581,0.0157
TNFSF9,0.3182,0.0352
TNIK,1.0,0.0104
TNIP1,0.4756,0.017
TNIP2,0.0016,0.0222
TNIP3,0.0154,0.0026
TNK1,0.0,0.0
TNK2,0.0,0.0248
TNKS,0.0114,0.0379
TNKS1BP1,0.0826,0.0535
TNKS2,0.0,0.0274
TNMD,0.0035,0.0091
TNN,0.0,0.0104
TNNC1,0.6783,0.0222
TNNC2,0.0162,0.0366
TNNI1,0.0001,0.0431
TNNI2,0.1435,0.0444
TNNI3,0.0963,0.0822
TNNI3K,0.0,0.0052
TNNT1,0.0,0.0431
TNNT2,0.002,0.064
TNNT3,0.0,0.0548
TNP1,0.0376,0.0131
TNP2,0.0091,0.0065
TNPO1,1.0,0.0744
TNPO2,1.0,0.017
TNPO3,0.0,0.0274
TNR,0.5244,0.0131
TNRC18,0.9909,0.0026
TNRC6A,1.0,0.0509
TNRC6B,1.0,0.0144
TNRC6C,1.0,0.0222
TNS1,0.0599,0.0078
TNS2,0.0,0.0052
TNS3,1.0,0.0078
TNS4,0.0,0.0052
TNXB,0.0185,0.0248
TOB1,0.9536,0.0209
TOB2,0.8866,0.0078
TOE1,0.0,0.0039
TOLLIP,0.0811,0.0248
TOM1,0.0,0.0183
TOM1L1,0.0,0.0078
TOM1L2,0.0016,0.0052
TOMM20,0.0267,0.0692
TOMM20L,0.0001,0.0078
TOMM22,0.6085,0.0601
TOMM34,0.0145,0.0052
TOMM40,0.9922,0.0875
TOMM40L,0.6671,0.0222
TOMM5,0.4998,0.0274
TOMM6,0.194,0.0144
TOMM7,0.0098,0.064
TOMM70,0.0,0.0692
TOMM70A,0.9984,0.0
TONSL,0.0,0.0339
TOP1,1.0,0.0718
TOP1MT,0.0,0.0131
TOP2A,0.9909,0.1789
TOP2B,0.9999,0.0196
TOP3A,0.0,0.0992
TOP3B,0.0002,0.017
TOPAZ1,0.9775,0.0
TOPBP1,1.0,0.1084
TOPORS,0.999,0.047
TOR1A,0.0005,0.0352
TOR1AIP1,0.0,0.0065
TOR1AIP2,0.0,0.0026
TOR1B,0.0642,0.0104
TOR2A,0.1362,0.0013
TOR3A,0.0,0.0013
TOR4A,0.5608,0.0
TOX,0.9987,0.0
TOX2,0.032,0.0013
TOX3,0.9995,0.0144
TOX4,0.9564,0.0078
TP53,0.5323,1.0
TP53AIP1,0.0,0.0026
TP53BP1,0.9999,0.2102
TP53BP2,0.0025,0.0274
TP53I11,0.3072,0.0013
TP53I13,0.0001,0.0366
TP53I3,0.0,0.0039
TP53INP1,0.0005,0.0065
TP53INP2,0.8117,0.0052
TP53RK,0.0008,0.0131
TP53TG3,0.0,0.0026
TP53TG3B,0.0,0.0013
TP53TG3D,0.0076,0.0
TP53TG3E,0.0,0.0013
TP53TG5,0.0,0.0
TP63,0.9973,0.0248
TP73,0.997,0.0261
TPBG,0.0126,0.0026
TPBGL,0.43,0.0
TPCN1,0.004,0.0065
TPCN2,0.0,0.0104
TPD52,0.0001,0.0065
TPD52L1,0.0,0.0039
TPD52L2,0.0002,0.0078
TPD52L3,0.198,0.0039
TPGS1,0.0616,0.0065
TPGS2,0.0001,0.0078
TPH1,0.0,0.0366
TPH2,0.0,0.03
TPI1,0.0302,0.1018
TPK1,0.0915,0.0235
TPM1,0.001,0.0757
TPM2,0.0002,0.0627
TPM3,0.0067,0.094
TPM4,0.3885,0.0522
TPMT,0.0,0.0313
TPO,0.0,0.0235
TPP1,0.0,0.0209
TPP2,0.9991,0.0039
TPPP,0.2033,0.0157
TPPP2,0.0236,0.0
TPPP3,0.3733,0.0
TPR,1.0,0.0914
TPRA1,0.0147,0.0013
TPRG1,0.0,0.0
TPRG1L,0.0,0.0
TPRKB,0.0082,0.0091
TPRN,0.0072,0.0339
TPRX1,0.3595,0.0078
TPRX2P,0.063,0.0
TPRXL,0.0,0.0
TPSAB1,0.0,0.0091
TPSB2,0.0,0.0039
TPSD1,0.0,0.0026
TPSG1,0.0,0.0
TPST1,0.2924,0.0052
TPST2,0.2711,0.0039
TPT1,0.8055,0.154
TPTE,0.0,0.0052
TPTE2,0.0,0.0026
TPTEP2-CSNK1E,0.0,0.0157
TPX2,0.9998,0.1175
TRA2A,0.0095,0.0457
TRA2B,0.9931,0.094
TRABD,0.0229,0.0
TRABD2A,0.0,0.0
TRABD2B,0.8427,0.0
TRADD,0.0995,0.0875
TRAF1,0.0036,0.0548
TRAF2,0.9998,0.1514
TRAF3,0.9987,0.1332
TRAF3IP1,0.0,0.0405
TRAF3IP2,0.0,0.0183
TRAF3IP3,0.0,0.03
TRAF4,0.936,0.0196
TRAF5,0.0,0.0587
TRAF6,0.9974,0.2559
TRAF7,0.0218,0.0065
TRAFD1,0.0,0.0026
TRAIP,0.0,0.0131
TRAK1,0.0004,0.0209
TRAK2,0.0,0.0392
TRAM1,0.9251,0.0091
TRAM1L1,0.0066,0.0013
TRAM2,0.9442,0.0065
TRANK1,0.0,0.0
TRAP1,0.0,0.03
TRAPPC1,0.0865,0.0366
TRAPPC10,1.0,0.03
TRAPPC11,0.0,0.0248
TRAPPC12,0.0,0.0235
TRAPPC13,0.0024,0.0222
TRAPPC2,0.0024,0.0313
TRAPPC2B,0.0,0.0209
TRAPPC2L,0.0,0.0287
TRAPPC2P1,0.0295,0.0
TRAPPC3,0.2508,0.047
TRAPPC3L,0.0,0.0235
TRAPPC4,0.0,0.0366
TRAPPC5,0.2284,0.0339
TRAPPC6A,0.0,0.0235
TRAPPC6B,0.0002,0.0274
TRAPPC8,1.0,0.0287
TRAPPC9,0.0,0.03
TRARG1,0.0,0.0091
TRAT1,0.0564,0.0666
TRDMT1,0.0,0.0157
TRDN,0.0,0.0352
TRDV1,0.0,0.0078
TREH,0.0,0.0091
TREM1,0.0063,0.017
TREM2,0.0,0.0548
TREML1,0.0,0.0157
TREML2,0.0,0.0065
TREML4,0.0,0.0039
TRERF1,1.0,0.0052
TREX1,0.5753,0.0104
TREX2,0.4543,0.0
TRH,0.0009,0.0431
TRHDE,0.0,0.0013
TRHR,0.2711,0.0131
TRIAP1,0.0565,0.0052
TRIB1,0.8334,0.0183
TRIB2,0.9835,0.0104
TRIB3,0.0,0.0287
TRIL,0.0,0.0065
TRIM10,0.0,0.0026
TRIM11,0.9173,0.0078
TRIM13,0.6366,0.0104
TRIM14,0.0045,0.0065
TRIM15,0.0,0.0
TRIM16,0.0,0.0091
TRIM16L,0.0,0.0013
TRIM17,0.0,0.0196
TRIM2,0.996,0.0026
TRIM21,0.0,0.0574
TRIM22,0.0,0.0209
TRIM23,0.0004,0.0196
TRIM24,1.0,0.0535
TRIM25,0.0041,0.0666
TRIM26,0.1784,0.0052
TRIM27,0.9969,0.0261
TRIM28,1.0,0.1567
TRIM29,0.0,0.0091
TRIM3,0.9893,0.0078
TRIM31,0.0,0.0104
TRIM32,0.0017,0.0431
TRIM33,1.0,0.0653
TRIM34,0.0,0.0026
TRIM35,0.0009,0.0
TRIM36,0.0,0.0052
TRIM37,0.0,0.0091
TRIM38,0.0,0.0026
TRIM39,0.9947,0.0091
TRIM39-RPP21,0.7442,0.0039
TRIM4,0.0,0.0039
TRIM40,0.0,0.0091
TRIM41,0.9738,0.0117
TRIM42,0.0,0.0
TRIM43,0.01,0.0091
TRIM44,0.0538,0.0065
TRIM45,0.0,0.0196
TRIM46,0.9992,0.0065
TRIM47,0.0003,0.0
TRIM48,0.0,0.0
TRIM49,0.0,0.0039
TRIM49B,0.0,0.0
TRIM49C,0.0001,0.0013
TRIM49D1,0.2909,0.0
TRIM5,0.0001,0.0352
TRIM50,0.0,0.0117
TRIM51,0.0,0.0
TRIM52,0.0,0.0
TRIM54,0.0,0.0078
TRIM55,0.0,0.0052
TRIM56,0.0001,0.0065
TRIM58,0.0,0.0039
TRIM59,0.0015,0.0026
TRIM6,0.0,0.0026
TRIM6-TRIM34,0.0,0.0052
TRIM60,0.0,0.0013
TRIM61,0.0001,0.0
TRIM62,0.0,0.0026
TRIM63,0.0,0.0326
TRIM64B,0.0,0.0
TRIM64C,0.0,0.0
TRIM65,0.0,0.0013
TRIM66,0.0,0.0274
TRIM67,0.9654,0.0026
TRIM68,0.0,0.0
TRIM69,0.0,0.0026
TRIM7,0.0268,0.0065
TRIM71,0.9997,0.0078
TRIM72,0.0,0.0131
TRIM73,0.0001,0.0013
TRIM74,0.0091,0.0013
TRIM77,0.0,0.0
TRIM8,0.9944,0.0052
TRIM9,0.9997,0.0104
TRIML1,0.0,0.0
TRIML2,0.0,0.0
TRIO,1.0,0.0065
TRIOBP,0.0,0.0157
TRIP10,0.0,0.0313
TRIP11,0.0,0.0196
TRIP12,1.0,0.0261
TRIP13,0.9961,0.0757
TRIP4,0.0,0.0274
TRIP6,0.0033,0.017
TRIQK,0.01,0.0
TRIR,0.0,0.0392
TRIT1,0.0,0.0209
TRMO,0.0,0.0026
TRMT1,0.0,0.0222
TRMT10A,0.0,0.0144
TRMT10B,0.0,0.0313
TRMT10C,0.0001,0.0183
TRMT11,0.0,0.0261
TRMT112,0.1392,0.0953
TRMT12,0.3261,0.0117
TRMT13,0.0,0.0
TRMT1L,0.7965,0.0
TRMT2A,0.0,0.0065
TRMT2B,0.0,0.0052
TRMT44,0.0,0.0013
TRMT5,0.0498,0.0222
TRMT6,0.0,0.0548
TRMT61A,0.0244,0.047
TRMT61B,0.0,0.0222
TRMT9B,0.0,0.0013
TRMU,0.0,0.0065
TRNAU1AP,0.0002,0.047
TRNP1,0.3788,0.0
TRNT1,0.0002,0.0131
TRO,0.0,0.0026
TROAP,0.0,0.0444
TROVE2,0.5828,0.0
TRPA1,0.0,0.0457
TRPC1,0.0129,0.0679
TRPC3,0.0,0.0431
TRPC4,0.482,0.0366
TRPC4AP,0.5521,0.0405
TRPC5,0.9997,0.0431
TRPC6,0.0,0.0509
TRPC7,0.0002,0.0065
TRPM1,0.0,0.0131
TRPM2,0.0,0.0065
TRPM3,0.0,0.0131
TRPM4,0.0,0.0366
TRPM5,0.0,0.0209
TRPM6,0.0,0.0183
TRPM7,0.0,0.0196
TRPM8,0.0,0.0235
TRPS1,1.0,0.0091
TRPT1,0.0022,0.0026
TRPV1,0.0,0.0692
TRPV2,0.0,0.0209
TRPV3,0.0,0.0183
TRPV4,0.0,0.0548
TRPV5,0.0,0.0352
TRPV6,0.0,0.0222
TRRAP,1.0,0.1945
TRUB1,0.0,0.0587
TRUB2,0.0,0.0522
TSACC,0.0179,0.0
TSC1,1.0,0.1031
TSC2,1.0,0.1136
TSC22D1,0.9599,0.0052
TSC22D2,0.9685,0.0039
TSC22D3,0.4339,0.0183
TSC22D4,0.9606,0.0091
TSEN15,0.2791,0.0091
TSEN2,0.0,0.0157
TSEN34,0.3613,0.0117
TSEN54,0.0,0.0131
TSFM,0.0,0.1606
TSG101,0.3441,0.1031
TSGA10,0.11,0.0013
TSGA10IP,0.0,0.0026
TSGA13,0.0,0.0052
TSHB,0.0084,0.0405
TSHR,0.0,0.0405
TSHZ1,0.9973,0.0026
TSHZ2,0.9814,0.0
TSHZ3,0.9905,0.0
TSKS,0.9965,0.0091
TSKU,0.8542,0.0026
TSLP,0.004,0.0718
TSN,0.7866,0.0183
TSNARE1,0.0,0.0235
TSNAX,0.4892,0.0144
TSNAXIP1,0.0,0.0013
TSPAN1,0.0,0.0039
TSPAN10,0.0,0.0013
TSPAN11,0.0,0.0
TSPAN12,0.6947,0.0065
TSPAN13,0.0001,0.0013
TSPAN14,0.9791,0.0039
TSPAN15,0.008,0.0065
TSPAN16,0.0,0.0039
TSPAN17,0.0,0.0013
TSPAN18,0.082,0.0013
TSPAN19,0.0,0.0
TSPAN2,0.0,0.0013
TSPAN3,0.0598,0.0013
TSPAN31,0.2193,0.0013
TSPAN32,0.0,0.0104
TSPAN33,0.0001,0.0261
TSPAN4,0.0,0.0013
TSPAN5,0.9095,0.0039
TSPAN6,0.0661,0.0013
TSPAN7,0.7458,0.0013
TSPAN8,0.0055,0.017
TSPAN9,0.6591,0.0026
TSPEAR,0.0,0.0
TSPO,0.0003,0.0248
TSPO2,0.0009,0.0013
TSPOAP1,0.0,0.0091
TSPY1,0.31,0.0222
TSPY10,0.2837,0.0
TSPY2,0.0953,0.0013
TSPY4,0.0,0.0013
TSPY8,0.2933,0.0013
TSPY9P,0.0,0.0013
TSPYL1,0.0,0.0013
TSPYL2,0.8739,0.0091
TSPYL4,0.0,0.0013
TSPYL5,0.8494,0.0013
TSPYL6,0.0,0.0
TSR1,0.0,0.2154
TSR2,0.8008,0.0483
TSR3,0.0011,0.0091
TSRM,0.0,0.0
TSSC1,0.0636,0.0
TSSC4,0.0445,0.0392
TSSK1B,0.0001,0.0039
TSSK2,0.0039,0.0013
TSSK3,0.057,0.0013
TSSK4,0.0,0.0026
TSSK6,0.741,0.0052
TST,0.0001,0.0352
TSTA3,0.0,0.0091
TSTD1,0.3811,0.0313
TSTD2,0.0,0.0
TSTD3,0.0,0.03
TTBK1,0.9997,0.0
TTBK2,0.9988,0.017
TTC1,0.0,0.0131
TTC12,0.0,0.0013
TTC13,0.0,0.0
TTC14,0.0,0.0026
TTC16,0.0,0.0
TTC17,1.0,0.0
TTC18,0.0,0.0
TTC19,0.0,0.0039
TTC21A,0.0,0.0144
TTC21B,0.0,0.0444
TTC22,0.0,0.0
TTC23,0.0,0.0013
TTC23L,0.0,0.0013
TTC24,0.0,0.0
TTC25,0.0,0.0131
TTC26,0.0,0.0366
TTC27,0.0,0.0222
TTC28,1.0,0.0
TTC29,0.0,0.0104
TTC3,0.0,0.0013
TTC30A,0.0,0.0274
TTC30B,0.0,0.03
TTC31,0.0,0.0
TTC32,0.0311,0.0013
TTC33,0.0006,0.0039
TTC34,0.0,0.0
TTC36,0.0002,0.0
TTC37,0.0,0.0274
TTC38,0.0,0.0
TTC39A,0.0006,0.0
TTC39B,0.0,0.0
TTC39C,0.0004,0.0
TTC4,0.0,0.0117
TTC40,0.0,0.0
TTC5,0.0,0.0836
TTC6,0.0,0.0
TTC7A,0.0,0.0065
TTC7B,1.0,0.0052
TTC8,0.0,0.0392
TTC9,0.0682,0.0
TTC9B,0.2164,0.0013
TTC9C,0.0002,0.0013
TTF1,0.0,0.0248
TTF2,0.0,0.0653
TTI1,0.0,0.0261
TTI2,0.0,0.0117
TTK,0.0013,0.1332
TTL,0.3569,0.0104
TTLL1,0.0,0.0104
TTLL10,0.0,0.0013
TTLL11,0.0,0.0
TTLL12,0.0,0.0078
TTLL13,0.0,0.0
TTLL2,0.0059,0.0
TTLL3,0.0,0.0
TTLL4,0.0,0.0039
TTLL5,0.0,0.0026
TTLL6,0.0,0.0039
TTLL7,0.0036,0.0
TTLL8,0.0,0.0
TTLL9,0.0,0.0
TTN,0.0,0.1162
TTPA,0.0014,0.0065
TTPAL,0.116,0.0
TTR,0.5157,0.0679
TTYH1,0.9954,0.0
TTYH2,0.0001,0.0
TTYH3,0.9992,0.0
TUB,0.0031,0.0
TUBA1A,0.9665,0.1332
TUBA1B,0.9677,0.077
TUBA1C,0.0074,0.047
TUBA3C,0.0046,0.0131
TUBA3D,0.0,0.0352
TUBA3E,0.0,0.0392
TUBA4A,0.1598,0.0574
TUBA4B,0.0,0.0117
TUBA8,0.0,0.0352
TUBAL3,0.0,0.0405
TUBB,0.9789,0.1279
TUBB1,0.0,0.0326
TUBB2A,0.9348,0.0692
TUBB2B,0.9884,0.0705
TUBB3,0.9676,0.0509
TUBB4A,0.1091,0.0392
TUBB4B,0.8088,0.0979
TUBB6,0.0002,0.0339
TUBB8,0.0179,0.0235
TUBB8B,0.0,0.0131
TUBD1,0.0,0.0052
TUBE1,0.0269,0.0104
TUBG1,0.1288,0.0548
TUBG2,0.0,0.0144
TUBGCP2,0.0,0.0248
TUBGCP3,0.4552,0.0261
TUBGCP4,0.0,0.0274
TUBGCP5,0.0,0.0326
TUBGCP6,0.0,0.0261
TUFM,0.0042,0.3264
TUFT1,0.0001,0.0091
TULP1,0.0006,0.0457
TULP2,0.0,0.0013
TULP3,0.0,0.017
TULP4,1.0,0.0026
TUSC1,0.0427,0.0
TUSC2,0.7671,0.0013
TUSC3,0.0,0.0261
TUSC5,0.0005,0.0
TUT1,0.0,0.0287
TUT4,0.0,0.0104
TUT7,0.0,0.0026
TVP23A,0.0,0.0
TVP23B,0.0005,0.0013
TVP23C,0.0,0.0013
TVP23C-CDRT4,0.0,0.0013
TWF1,0.0,0.0366
TWF2,0.9806,0.0366
TWIST1,0.3449,0.0548
TWIST2,0.56,0.0131
TWISTNB,0.6171,0.1149
TWNK,0.0,0.0313
TWSG1,0.0061,0.0078
TXK,0.0,0.0222
TXLNA,0.9973,0.0091
TXLNB,0.0,0.0078
TXLNG,0.9984,0.0078
TXN,0.2012,0.1084
TXN2,0.0,0.0261
TXNDC11,0.0,0.0013
TXNDC12,0.0,0.0561
TXNDC15,0.0096,0.0
TXNDC16,0.0,0.0013
TXNDC17,0.0389,0.0065
TXNDC2,0.6341,0.0
TXNDC5,0.0,0.0131
TXNDC8,0.008,0.0
TXNDC9,0.377,0.0326
TXNIP,0.1592,0.0261
TXNL1,0.889,0.0183
TXNL4A,0.0001,0.1005
TXNL4B,0.0044,0.0392
TXNRD1,0.0,0.0679
TXNRD2,0.0,0.0601
TXNRD3,0.0,0.0509
TXNRD3NB,0.0,0.0026
TYK2,0.0,0.1423
TYMP,0.0001,0.0627
TYMS,0.7225,0.1723
TYR,0.0,0.0483
TYRO3,0.0,0.0104
TYROBP,0.2024,0.1319
TYRP1,0.0,0.0313
TYSND1,0.0007,0.0196
TYW1,0.0,0.0104
TYW1B,0.0,0.0
TYW3,0.0017,0.0065
TYW5,0.0,0.0078
U2AF1,0.9899,0.1358
U2AF1L4,0.0,0.0052
U2AF1L5,0.0,0.0039
U2AF2,0.9996,0.1984
U2SURP,1.0,0.047
U3KQK5_HUMAN,0.0,0.0013
U3KQP1_HUMAN,0.0,0.0078
U82695.9,0.0165,0.0
UACA,0.0,0.0052
UAP1,0.0234,0.0144
UAP1L1,0.0,0.0078
UBA1,1.0,0.0875
UBA2,0.9985,0.0326
UBA3,0.5041,0.0731
UBA5,0.0003,0.03
UBA52,0.5985,0.6802
UBA6,0.0,0.0535
UBA7,0.0,0.0535
UBAC1,0.0015,0.0078
UBAC2,0.0063,0.017
UBALD1,0.8032,0.0
UBALD2,0.3682,0.0
UBAP1,0.9117,0.0339
UBAP1L,0.006,0.0
UBAP2,0.0,0.0013
UBAP2L,1.0,0.0535
UBASH3A,0.0,0.0078
UBASH3B,0.0,0.0157
UBB,0.0169,0.3956
UBBP4,0.0,0.0
UBC,0.1416,0.5196
UBD,0.007,0.0326
UBE2A,0.815,0.0614
UBE2B,0.1966,0.0418
UBE2C,0.1051,0.171
UBE2D1,0.1199,0.1619
UBE2D2,0.9655,0.1358
UBE2D3,0.4128,0.1097
UBE2D4,0.0,0.0261
UBE2E1,0.7054,0.0718
UBE2E2,0.9638,0.0274
UBE2E3,0.4265,0.0261
UBE2F,0.9227,0.0248
UBE2G1,0.8438,0.0222
UBE2G2,0.0995,0.0339
UBE2H,0.9406,0.0157
UBE2I,0.965,0.188
UBE2J1,0.4366,0.0379
UBE2J2,0.9097,0.0183
UBE2K,0.9862,0.0561
UBE2L3,0.8384,0.0679
UBE2L5,0.0,0.0261
UBE2L6,0.0077,0.0535
UBE2M,0.7977,0.0718
UBE2N,0.8816,0.1527
UBE2NL,0.0154,0.0
UBE2O,1.0,0.0131
UBE2Q1,0.9992,0.0052
UBE2Q2,0.0,0.0039
UBE2Q2L,0.3401,0.0
UBE2QL1,0.6783,0.0026
UBE2R2,0.9782,0.017
UBE2S,0.6317,0.1084
UBE2T,0.0,0.0757
UBE2U,0.0,0.0117
UBE2V1,0.0001,0.0653
UBE2V2,0.0335,0.0705
UBE2W,0.0924,0.0196
UBE2Z,0.9384,0.0117
UBE3A,0.9998,0.1084
UBE3B,0.0,0.0039
UBE3C,1.0,0.0131
UBE3D,0.0,0.0039
UBE4A,0.109,0.0261
UBE4B,1.0,0.0392
UBFD1,0.9424,0.0235
UBIAD1,0.0195,0.0196
UBL3,0.7354,0.0039
UBL4A,0.2985,0.077
UBL4B,0.03,0.0065
UBL5,0.0163,0.1044
UBL7,0.0012,0.0131
UBLCP1,0.0945,0.0313
UBN1,1.0,0.0117
UBN2,0.9999,0.0052
UBOX5,0.0007,0.0065
UBP1,1.0,0.0052
UBQLN1,0.9988,0.0574
UBQLN2,0.8497,0.0692
UBQLN3,0.0,0.0026
UBQLN4,0.9825,0.047
UBQLNL,0.0,0.0013
UBR1,0.0055,0.0274
UBR2,1.0,0.0131
UBR3,1.0,0.0039
UBR4,1.0,0.0183
UBR5,1.0,0.0418
UBR7,0.4945,0.0039
UBTD1,0.7456,0.0013
UBTD2,0.1869,0.0
UBTF,1.0,0.0392
UBTFL1,0.0,0.0013
UBXN1,0.7275,0.0405
UBXN10,0.0139,0.0144
UBXN11,0.0,0.0078
UBXN2A,0.0,0.0209
UBXN2B,0.1032,0.0183
UBXN4,0.1457,0.017
UBXN6,0.0,0.0261
UBXN7,0.9999,0.0757
UBXN8,0.0,0.0157
UCHL1,0.9909,0.0405
UCHL3,0.0,0.0392
UCHL5,0.0013,0.1136
UCK1,0.0,0.0261
UCK2,0.7213,0.03
UCKL1,0.0,0.0248
UCMA,0.0,0.0013
UCN,0.4496,0.0274
UCN2,0.0379,0.0104
UCN3,0.0439,0.0091
UCP1,0.0,0.0405
UCP2,0.0,0.0261
UCP3,0.0,0.0131
UEVLD,0.0,0.0235
UFC1,0.0036,0.0117
UFD1,0.0,0.0796
UFD1L,0.9964,0.0
UFL1,0.0,0.0091
UFM1,0.1565,0.017
UFSP1,0.0271,0.0065
UFSP2,0.0,0.0091
UGCG,0.9415,0.047
UGDH,0.0007,0.0418
UGGT1,0.0,0.0313
UGGT2,0.0,0.0104
UGP2,0.0,0.0339
UGT1A1,0.0,0.0927
UGT1A10,0.0,0.0875
UGT1A3,0.0,0.0718
UGT1A4,0.0,0.0901
UGT1A5,0.0,0.0574
UGT1A6,0.0,0.0901
UGT1A7,0.0,0.0849
UGT1A8,0.0,0.0901
UGT1A9,0.0,0.0692
UGT2A1,0.0,0.0013
UGT2A2,0.0,0.0535
UGT2A3,0.0,0.0614
UGT2B10,0.0,0.0574
UGT2B11,0.0,0.0561
UGT2B15,0.0,0.0757
UGT2B17,0.0,0.0809
UGT2B28,0.0,0.0601
UGT2B4,0.0,0.0666
UGT2B7,0.0,0.0757
UGT3A1,0.0,0.0026
UGT3A2,0.0,0.0013
UGT8,0.028,0.0496
UHMK1,0.834,0.0078
UHRF1,0.0,0.0809
UHRF1BP1,0.0,0.0
UHRF1BP1L,0.0043,0.0013
UHRF2,0.9993,0.0131
UIMC1,0.0,0.0509
ULBP1,0.0,0.0222
ULBP2,0.0,0.0196
ULBP3,0.0,0.0131
ULK1,0.9932,0.0914
ULK2,0.0,0.064
ULK3,0.002,0.0261
ULK4,0.0,0.0013
UMOD,0.0,0.0209
UMODL1,0.0,0.0
UMPS,0.0001,0.0888
UNC119,0.0001,0.0287
UNC119B,0.7835,0.0104
UNC13A,1.0,0.0313
UNC13B,0.0,0.0457
UNC13C,0.0,0.0039
UNC13D,0.0,0.0144
UNC45A,0.0,0.0039
UNC45B,0.0,0.0091
UNC50,0.0002,0.0013
UNC5A,0.9998,0.0183
UNC5B,0.0,0.0248
UNC5C,0.0009,0.017
UNC5CL,0.0,0.0039
UNC5D,0.9293,0.017
UNC79,1.0,0.0078
UNC80,0.0523,0.0104
UNC93A,0.0,0.0
UNC93B1,0.1428,0.0131
UNCX,0.634,0.0
UNG,0.0017,0.0444
UNK,0.9999,0.0013
UNKL,0.8173,0.0
UPB1,0.0,0.0261
UPF1,1.0,0.1018
UPF2,1.0,0.0548
UPF3A,0.0,0.0496
UPF3B,0.985,0.077
UPK1A,0.0,0.0078
UPK1B,0.0,0.0065
UPK2,0.0,0.0065
UPK3A,0.0,0.0052
UPK3B,0.0002,0.0052
UPK3BL,0.113,0.0
UPK3BL1,0.0,0.0065
UPK3BL2,0.0,0.0065
UPP1,0.0004,0.0379
UPP2,0.0013,0.0366
UPRT,0.5784,0.0574
UQCC1,0.0,0.0104
UQCC2,0.0187,0.0052
UQCC3,0.0,0.0039
UQCR10,0.1416,0.1736
UQCR11,0.0001,0.1292
UQCRB,0.0164,0.1658
UQCRC1,0.02,0.154
UQCRC2,0.0,0.1684
UQCRFS1,0.1892,0.201
UQCRH,0.002,0.1266
UQCRHL,0.0,0.094
UQCRQ,0.0483,0.1697
URAD,0.0051,0.0
URB1,0.0,0.0326
URB2,0.0,0.0039
URGCP,0.578,0.0
URGCP-MRPS24,0.0005,0.0
URI1,0.0,0.03
URM1,0.0313,0.0209
UROC1,0.0,0.0039
UROD,0.0,0.0144
UROS,0.0316,0.0157
USB1,0.0007,0.0196
USE1,0.0,0.0483
USF1,0.0235,0.0235
USF2,0.9925,0.0078
USH1C,0.0,0.0352
USH1G,0.0,0.017
USH2A,0.0,0.0287
USHBP1,0.0,0.0052
USMG5,0.048,0.0
USO1,0.3342,0.0457
USP1,0.9969,0.0483
USP10,0.9941,0.0313
USP11,1.0,0.0196
USP12,0.9705,0.017
USP13,0.0,0.0339
USP14,0.9055,0.1044
USP15,1.0,0.0444
USP16,0.0,0.0065
USP17L10,0.0,0.0
USP17L13,0.0,0.0
USP17L15,0.0,0.0
USP17L17,0.0,0.0
USP17L18,0.0,0.0
USP17L2,0.0,0.0078
USP17L24,0.0,0.0026
USP17L25,0.0,0.0065
USP17L26,0.0,0.0026
USP17L27,0.0,0.0039
USP17L28,0.0,0.0039
USP17L29,0.0,0.0039
USP17L30,0.0,0.0039
USP17L4,0.0,0.0013
USP17L5,0.0,0.0
USP17L7,0.0,0.0013
USP18,0.0015,0.064
USP19,1.0,0.0104
USP2,0.0007,0.0209
USP20,0.0001,0.0131
USP21,0.0026,0.0196
USP22,0.5521,0.0901
USP24,1.0,0.0078
USP25,0.7522,0.0222
USP26,0.0,0.0013
USP27X,0.9237,0.0274
USP28,0.0,0.0261
USP29,0.0,0.0013
USP3,0.9999,0.0131
USP30,0.0001,0.0235
USP31,0.0621,0.0
USP32,1.0,0.0026
USP33,0.8625,0.0196
USP34,1.0,0.0131
USP35,0.0,0.0039
USP36,0.0,0.0052
USP37,1.0,0.0104
USP38,0.0,0.0
USP39,0.0104,0.0653
USP4,0.0,0.0248
USP40,0.0,0.0013
USP41,0.0,0.0052
USP42,1.0,0.0013
USP43,0.1636,0.0
USP44,0.0,0.0157
USP45,0.0,0.0013
USP46,0.7913,0.017
USP47,1.0,0.0052
USP48,1.0,0.0078
USP49,0.9383,0.0078
USP5,0.964,0.0418
USP50,0.0,0.0065
USP51,0.1261,0.0248
USP53,0.0,0.0013
USP54,0.0,0.0
USP6,0.0,0.0104
USP6NL,0.121,0.0039
USP7,1.0,0.1175
USP8,1.0,0.0405
USP9X,1.0,0.0405
USP9Y,0.0001,0.0379
USPL1,0.0218,0.0065
UST,0.4393,0.0013
UTF1,0.5085,0.0065
UTP11,0.0,0.1802
UTP11L,0.0,0.0
UTP14A,0.9998,0.1958
UTP14C,0.0053,0.1527
UTP15,0.9999,0.1671
UTP18,0.0023,0.2063
UTP20,0.0,0.1841
UTP23,0.0864,0.0927
UTP25,0.0,0.0953
UTP3,0.0,0.2245
UTP4,0.0,0.2102
UTP6,0.0,0.2141
UTRN,0.0,0.0392
UTS2,0.0316,0.0091
UTS2B,0.0002,0.0026
UTS2R,0.0,0.0052
UTY,0.9668,0.0744
UVRAG,0.9894,0.0535
UVSSA,0.0,0.0392
UXS1,0.0029,0.0039
UXT,0.863,0.0431
V9GYH0_HUMAN,0.0,0.0144
VAC14,0.1855,0.0157
VAMP1,0.0039,0.0587
VAMP2,0.8874,0.1423
VAMP3,0.0026,0.0783
VAMP4,0.1441,0.077
VAMP5,0.0111,0.0196
VAMP7,0.0138,0.0914
VAMP8,0.1073,0.0836
VANGL1,0.0203,0.0274
VANGL2,0.8428,0.0444
VAPA,0.3533,0.0522
VAPB,0.5811,0.0744
VARS,0.0,0.0
VARS1,0.0,0.0809
VARS2,0.0,0.0522
VASH1,0.3257,0.0052
VASH2,0.2422,0.0052
VASN,0.6725,0.0039
VASP,0.9466,0.1044
VAT1,0.0055,0.0
VAT1L,0.0,0.0
VAV1,0.9999,0.1123
VAV2,0.0,0.064
VAV3,0.0,0.0627
VAX1,0.7705,0.0039
VAX2,0.1598,0.0
VBP1,0.8844,0.0287
VCAM1,0.7979,0.1201
VCAN,1.0,0.0379
VCL,0.0468,0.1462
VCP,1.0,0.2428
VCPIP1,1.0,0.0183
VCPKMT,0.0,0.0078
VCX,0.3444,0.0026
VCX2,0.0581,0.0013
VCX3A,0.3096,0.0091
VCX3B,0.3368,0.0026
VCY,0.0,0.0196
VCY1B,0.0,0.0196
VDAC1,0.9727,0.1671
VDAC2,0.6341,0.0535
VDAC3,0.9945,0.0392
VDR,0.0,0.0
VEGFA,0.0,0.0
VEGFB,0.0,0.0483
VEGFC,0.4956,0.0614
VEGFD,0.0,0.0418
VENTX,0.0,0.0117
VEPH1,0.0,0.0
VEZF1,0.9942,0.0
VEZT,0.1102,0.0561
VGF,0.5683,0.0065
VGLL1,0.8136,0.0091
VGLL2,0.7055,0.0052
VGLL3,0.0697,0.0039
VGLL4,0.0728,0.0131
VHL,0.0795,0.0757
VHLL,0.0,0.0
VIL1,0.0,0.0026
VILL,0.0,0.0
VIM,0.7126,0.0614
VIMP,0.0,0.0
VIP,0.0004,0.0653
VIPAS39,0.0,0.0131
VIPR1,0.0,0.0209
VIPR2,0.0,0.0287
VIRMA,0.0,0.0431
VIT,0.0,0.0013
VKORC1,0.1616,0.0248
VKORC1L1,0.8444,0.0039
VLDLR,0.0,0.0339
VMA21,0.5724,0.0131
VMAC,0.0414,0.0
VMO1,0.0,0.0
VMP1,0.9627,0.0144
VN1R1,0.0,0.0039
VN1R2,0.0,0.0
VN1R4,0.0,0.0
VNN1,0.0,0.0065
VNN2,0.0,0.0052
VNN3,0.0043,0.0
VOPP1,0.3252,0.0
VPRBP,1.0,0.0
VPREB1,0.0965,0.0104
VPREB3,0.0946,0.0131
VPS11,0.0,0.0326
VPS13A,0.0,0.0065
VPS13B,0.0,0.0013
VPS13C,0.0,0.0078
VPS13D,0.0,0.0013
VPS16,0.0,0.0431
VPS18,0.4761,0.0366
VPS25,0.0776,0.0431
VPS26A,0.6141,0.0457
VPS26B,0.9665,0.017
VPS26C,0.0,0.0274
VPS28,0.0693,0.0483
VPS29,0.747,0.064
VPS33A,0.1821,0.0392
VPS33B,0.0,0.0392
VPS35,0.9692,0.0888
VPS35L,0.0,0.0222
VPS36,0.0464,0.0509
VPS37A,0.0007,0.0379
VPS37B,0.0583,0.0379
VPS37C,0.0382,0.0366
VPS37D,0.9162,0.0313
VPS39,0.0,0.0496
VPS41,0.0,0.0366
VPS45,0.0,0.0457
VPS4A,0.9447,0.0418
VPS4B,0.2303,0.0339
VPS50,0.0,0.0065
VPS51,0.0,0.03
VPS52,0.0004,0.0379
VPS53,0.0,0.0352
VPS54,0.9993,0.0313
VPS72,0.0002,0.0627
VPS8,0.0,0.017
VPS9D1,0.0,0.0013
VRK1,0.0021,0.0496
VRK2,0.0,0.0078
VRK3,0.0,0.0013
VRTN,0.989,0.0039
VSIG1,0.0024,0.0
VSIG10,0.0,0.0
VSIG10L,0.0,0.0
VSIG2,0.0001,0.0052
VSIG4,0.0,0.0157
VSIG8,0.0002,0.0
VSIR,0.0,0.0091
VSNL1,0.4574,0.0052
VSTM1,0.0,0.0
VSTM2A,0.2728,0.0
VSTM2B,0.0032,0.0
VSTM2L,0.2466,0.0
VSTM4,0.0338,0.0
VSTM5,0.0,0.0
VSX1,0.0359,0.0052
VSX2,0.0002,0.0144
VTA1,0.0004,0.0431
VTCN1,0.0,0.0144
VTI1A,0.0005,0.094
VTI1B,0.1084,0.0796
VTN,0.0,0.1305
VWA1,0.0053,0.0013
VWA2,0.0,0.0
VWA3A,0.0,0.0013
VWA3B,0.0,0.0
VWA5A,0.0,0.0
VWA5B1,0.0,0.0
VWA5B2,0.0,0.0
VWA7,0.0,0.0013
VWA8,0.0,0.0
VWA9,0.0,0.0
VWC2,0.9709,0.0013
VWC2L,0.1298,0.0
VWCE,0.0,0.0026
VWDE,0.0,0.0
VWF,0.0,0.1319
WAC,1.0,0.0065
WAPAL,1.0,0.0
WAPL,0.0,0.0313
WARS,0.3029,0.0
WARS1,0.0,0.0496
WARS2,0.0509,0.0496
WAS,0.999,0.1371
WASF1,0.9976,0.0692
WASF2,0.9757,0.0653
WASF3,0.5402,0.0326
WASH4P,0.0023,0.0
WASHC1,0.0,0.0196
WASHC2A,0.0,0.0157
WASHC2C,0.0,0.0209
WASHC3,0.0,0.0183
WASHC4,0.0,0.0196
WASHC5,0.0,0.0326
WASL,0.8765,0.1332
WBP1,0.0,0.0065
WBP11,0.9999,0.0888
WBP1L,0.6401,0.0
WBP2,0.3492,0.0235
WBP2NL,0.0,0.0131
WBP4,0.0,0.0862
WBP5,0.1221,0.0
WBSCR16,0.0009,0.0
WBSCR17,0.1167,0.0
WBSCR22,0.0001,0.0
WBSCR27,0.0598,0.0
WBSCR28,0.0,0.0
WDCP,0.0,0.0065
WDFY1,0.0001,0.0
WDFY2,0.0,0.0
WDFY3,1.0,0.0157
WDFY4,0.3401,0.0013
WDHD1,0.0,0.1057
WDPCP,0.0,0.0326
WDR1,0.9989,0.0157
WDR11,0.0,0.0078
WDR12,0.0003,0.2415
WDR13,0.9351,0.0
WDR16,0.0,0.0
WDR17,0.0,0.0366
WDR18,0.9927,0.158
WDR19,0.0,0.0431
WDR20,0.9153,0.0091
WDR24,0.0,0.0418
WDR25,0.0,0.0522
WDR26,1.0,0.0222
WDR27,0.0,0.0013
WDR3,0.0,0.2232
WDR31,0.0,0.2063
WDR33,1.0,0.0444
WDR34,0.0,0.0339
WDR35,0.0,0.047
WDR36,0.0006,0.2428
WDR37,0.5664,0.0026
WDR38,0.0,0.0
WDR4,0.0,0.0418
WDR41,0.0,0.0261
WDR43,1.0,0.2258
WDR44,0.9997,0.0039
WDR45,0.9915,0.0144
WDR45B,0.1562,0.0039
WDR46,0.0,0.2311
WDR47,0.2921,0.0026
WDR48,0.9999,0.0313
WDR49,0.0,0.0026
WDR5,0.9998,0.2807
WDR52,0.0,0.0
WDR53,0.0025,0.0183
WDR54,0.0,0.0013
WDR55,0.0,0.0052
WDR59,0.0,0.0352
WDR5B,0.0,0.0157
WDR6,0.0,0.0104
WDR60,0.0,0.0326
WDR61,0.0048,0.1384
WDR62,0.0,0.0196
WDR63,0.0,0.0235
WDR64,0.0,0.0
WDR65,0.0,0.0
WDR66,0.0,0.0052
WDR7,1.0,0.017
WDR70,0.0,0.0574
WDR72,0.0,0.0117
WDR73,0.0,0.0065
WDR74,0.0,0.171
WDR75,0.0,0.1932
WDR76,0.0,0.0157
WDR77,0.0002,0.0614
WDR78,0.0,0.0248
WDR81,0.0,0.0039
WDR82,0.887,0.0705
WDR83,0.0,0.0274
WDR83OS,0.0033,0.0065
WDR86,0.0,0.0013
WDR87,0.0,0.0
WDR88,0.0,0.0
WDR89,0.0001,0.0013
WDR90,0.0,0.0457
WDR91,0.0,0.0026
WDR92,0.0085,0.0261
WDR93,0.0,0.0013
WDR96,0.0,0.0
WDR97,0.0,0.0052
WDSUB1,0.0,0.0013
WDTC1,0.9991,0.0078
WDYHV1,0.0,0.0052
WEE1,0.9997,0.0522
WEE2,0.0,0.0104
WFDC1,0.0,0.0
WFDC10A,0.0144,0.0
WFDC10B,0.0362,0.0013
WFDC11,0.0027,0.0013
WFDC12,0.0445,0.0052
WFDC13,0.0171,0.0039
WFDC2,0.7941,0.0
WFDC3,0.0,0.0013
WFDC5,0.0339,0.0052
WFDC6,0.0011,0.0026
WFDC8,0.0,0.0026
WFDC9,0.0098,0.0013
WFIKKN1,0.0,0.0065
WFIKKN2,0.0036,0.0052
WFS1,0.0,0.0157
WHAMM,0.0,0.0157
WHRN,0.0,0.0457
WHSC1,1.0,0.0
WHSC1L1,1.0,0.0
WI2-3308P17.2,0.0,0.0
WIBG,0.0219,0.0
WIF1,0.0,0.0457
WIPF1,0.903,0.047
WIPF2,0.1867,0.0209
WIPF3,0.0024,0.0104
WIPI1,0.0017,0.0522
WIPI2,0.0064,0.0483
WISP1,0.0,0.0
WISP2,0.0,0.0
WISP3,0.0006,0.0
WIZ,0.9987,0.0091
WLS,0.0205,0.0339
WNK1,1.0,0.0261
WNK2,1.0,0.0052
WNK3,1.0,0.017
WNK4,0.0,0.0196
WNT1,0.3263,0.0862
WNT10A,0.0,0.0431
WNT10B,0.0004,0.047
WNT11,0.0064,0.0522
WNT16,0.0,0.047
WNT2,0.0178,0.0483
WNT2B,0.0383,0.0405
WNT3,0.8751,0.0535
WNT3A,0.9649,0.0966
WNT4,0.1277,0.0574
WNT5A,0.9873,0.0809
WNT5B,0.5854,0.0444
WNT6,0.0164,0.0379
WNT7A,0.0358,0.0483
WNT7B,0.0007,0.0444
WNT8A,0.0102,0.0444
WNT8B,0.011,0.0444
WNT9A,0.9123,0.0418
WNT9B,0.5414,0.0379
WRAP53,0.0001,0.0548
WRAP73,0.0,0.0052
WRB,0.0009,0.0
WRN,0.0,0.1658
WRNIP1,0.0246,0.0039
WSB1,0.4229,0.0131
WSB2,0.9294,0.0026
WSCD1,0.0001,0.0013
WSCD2,0.7826,0.0013
WT1,0.9965,0.0666
WTAP,0.9997,0.0444
WTIP,0.0001,0.0091
WWC1,0.0004,0.0274
WWC2,0.0,0.0013
WWC3,1.0,0.0026
WWOX,0.0,0.0261
WWP1,0.9997,0.0483
WWP2,0.1648,0.0431
WWTR1,0.9391,0.0783
XAB2,0.9728,0.1593
XAF1,0.0,0.0574
XAGE1A,0.0,0.0052
XAGE1B,0.0,0.0039
XAGE2,0.0,0.0039
XAGE3,0.0949,0.0026
XAGE5,0.0,0.0
XBP1,0.032,0.2337
XCL1,0.0013,0.0535
XCL2,0.0091,0.0431
XCR1,0.016,0.0679
XDH,0.0,0.0561
XG,0.0,0.0052
XIAP,0.9184,0.1136
XIRP1,0.0,0.0065
XIRP2,0.0,0.0457
XK,0.9537,0.0039
XKR3,0.0787,0.0013
XKR4,0.9991,0.0013
XKR6,0.9993,0.0013
XKR7,0.9083,0.0
XKR8,0.0,0.0039
XKR9,0.0,0.0
XKRX,0.0003,0.0013
XPA,0.0001,0.1097
XPC,0.0,0.0796
XPNPEP1,0.333,0.0039
XPNPEP2,0.0,0.0144
XPNPEP3,0.0,0.0091
XPO1,1.0,0.1253
XPO4,1.0,0.0183
XPO5,0.9997,0.047
XPO6,1.0,0.0131
XPO7,1.0,0.0078
XPOT,0.9971,0.0326
XPR1,1.0,0.0339
XRCC1,0.0,0.0901
XRCC2,0.0,0.0418
XRCC3,0.0,0.0914
XRCC4,0.0,0.077
XRCC5,1.0,0.1697
XRCC6,0.999,0.1971
XRCC6BP1,0.0,0.0
XRN1,1.0,0.1044
XRN2,0.3485,0.0392
XRRA1,0.0,0.0013
XXBAC-BPG181M17.5,0.0766,0.0
XXBAC-BPG32J3.20,0.0001,0.0
XXCOS-LUCA11.5,0.1566,0.0
XXYLT1,0.0013,0.0039
XYLB,0.0,0.0287
XYLT1,0.9242,0.0117
XYLT2,0.9258,0.0104
YAE1,0.0,0.0039
YAE1D1,0.0015,0.0
YAF2,0.7948,0.0509
YAP1,0.9992,0.1319
YARS,0.001,0.0
YARS1,0.0,0.0744
YARS2,0.0,0.0548
YBEY,0.0,0.0209
YBX1,0.9465,0.1775
YBX2,0.999,0.0052
YBX3,0.0,0.0131
YDJC,0.0624,0.0
YEATS2,0.9964,0.0731
YEATS4,0.0001,0.0875
YES1,0.0,0.0405
YIF1A,0.0,0.0104
YIF1B,0.0,0.0052
YIPF1,0.0032,0.0078
YIPF2,0.0,0.0052
YIPF3,0.1412,0.0091
YIPF4,0.0608,0.0052
YIPF5,0.9853,0.0091
YIPF6,0.8973,0.0157
YIPF7,0.0,0.0065
YJEFN3,0.0,0.0039
YJU2,0.0,0.0875
YKT6,0.3616,0.094
YLPM1,0.9997,0.0052
YME1L1,0.029,0.0287
YOD1,0.1348,0.0366
YPEL1,0.6099,0.0
YPEL2,0.9504,0.0
YPEL3,0.0416,0.0
YPEL4,0.1956,0.0
YPEL5,0.4647,0.0117
YRDC,0.0022,0.0183
YTHDC1,1.0,0.0587
YTHDC2,1.0,0.0392
YTHDF1,0.9942,0.0352
YTHDF2,0.9994,0.0366
YTHDF3,0.997,0.0339
YWHAB,0.9831,0.1005
YWHAE,0.9848,0.1123
YWHAG,0.964,0.0561
YWHAH,0.7837,0.0535
YWHAQ,0.6976,0.0705
YWHAZ,0.9396,0.1527
YY1,0.9938,0.1658
YY1AP1,0.0,0.0026
YY2,0.4078,0.0065
Z97053.1,0.0,0.0
ZACN,0.0,0.0026
ZADH2,0.0025,0.0
ZAN,0.0,0.0052
ZAP70,0.877,0.1162
ZAR1,0.0,0.0026
ZAR1L,0.0993,0.0
ZBBX,0.0,0.0013
ZBED1,0.0004,0.0052
ZBED2,0.0004,0.0
ZBED3,0.0825,0.0065
ZBED4,0.5069,0.0
ZBED5,0.7125,0.0
ZBED6,0.0004,0.0026
ZBED6CL,0.0012,0.0013
ZBED8,0.0,0.0013
ZBED9,0.0,0.0091
ZBP1,0.0,0.0131
ZBTB1,0.9941,0.0
ZBTB10,0.9907,0.0
ZBTB11,0.0,0.0
ZBTB12,0.9488,0.0013
ZBTB14,0.2611,0.0052
ZBTB16,0.9991,0.0352
ZBTB17,0.9793,0.0157
ZBTB18,0.9966,0.0065
ZBTB2,0.9982,0.0039
ZBTB20,0.9738,0.0039
ZBTB21,0.9978,0.0
ZBTB22,0.2192,0.0039
ZBTB24,0.0002,0.0039
ZBTB25,0.0,0.0026
ZBTB26,0.1378,0.0013
ZBTB3,0.0193,0.0
ZBTB32,0.0003,0.0052
ZBTB33,0.9127,0.0104
ZBTB34,0.9766,0.0
ZBTB37,0.9552,0.0
ZBTB38,0.9995,0.0013
ZBTB39,0.0002,0.0
ZBTB4,0.9999,0.0013
ZBTB40,0.0,0.0026
ZBTB41,0.2239,0.0
ZBTB42,0.338,0.0
ZBTB43,0.9877,0.0
ZBTB44,0.9993,0.0
ZBTB45,0.0,0.0013
ZBTB46,0.8085,0.0026
ZBTB47,0.9998,0.0013
ZBTB48,0.0001,0.0013
ZBTB49,0.0,0.0
ZBTB5,0.6177,0.0
ZBTB6,0.1369,0.0039
ZBTB7A,0.9591,0.0052
ZBTB7B,0.3436,0.0039
ZBTB7C,0.1609,0.0
ZBTB8A,0.0043,0.0
ZBTB8B,0.0013,0.0
ZBTB8OS,0.7054,0.0078
ZBTB9,0.0725,0.0
ZC2HC1A,0.3095,0.0013
ZC2HC1B,0.0,0.0013
ZC2HC1C,0.0,0.0013
ZC3H10,0.3161,0.0
ZC3H11A,1.0,0.0235
ZC3H11B,0.0,0.0013
ZC3H12A,0.1401,0.017
ZC3H12B,0.9983,0.0
ZC3H12C,0.9984,0.0
ZC3H12D,0.1559,0.0026
ZC3H13,1.0,0.077
ZC3H14,0.8829,0.0222
ZC3H15,0.9026,0.0392
ZC3H18,1.0,0.017
ZC3H3,0.47,0.0144
ZC3H4,1.0,0.0039
ZC3H6,0.192,0.0039
ZC3H7A,1.0,0.0
ZC3H7B,0.9293,0.0026
ZC3H8,0.2574,0.0548
ZC3HAV1,0.0,0.0157
ZC3HAV1L,0.0011,0.0013
ZC3HC1,0.0003,0.0052
ZC4H2,0.9075,0.0013
ZCCHC10,0.0597,0.0013
ZCCHC11,1.0,0.0
ZCCHC12,0.0465,0.0039
ZCCHC13,0.0014,0.0
ZCCHC14,0.9785,0.0026
ZCCHC16,0.0,0.0
ZCCHC17,0.0053,0.0026
ZCCHC18,0.4134,0.0
ZCCHC2,0.9938,0.0
ZCCHC24,0.942,0.0
ZCCHC3,0.0119,0.0039
ZCCHC4,0.0,0.017
ZCCHC5,0.0,0.0
ZCCHC6,1.0,0.0
ZCCHC7,0.0,0.0209
ZCCHC8,0.9658,0.03
ZCCHC9,0.0011,0.0013
ZCRB1,0.0035,0.0379
ZCWPW1,0.0,0.0196
ZCWPW2,0.0,0.0274
ZDBF2,0.0103,0.0026
ZDHHC1,0.0,0.0
ZDHHC11,0.0,0.0013
ZDHHC11B,0.0,0.0
ZDHHC12,0.0005,0.0
ZDHHC13,0.0,0.0039
ZDHHC14,0.7151,0.0
ZDHHC15,0.8397,0.0
ZDHHC16,0.0002,0.0013
ZDHHC17,0.9999,0.0065
ZDHHC18,0.0024,0.0
ZDHHC19,0.0072,0.0
ZDHHC2,0.001,0.0026
ZDHHC20,0.0005,0.0
ZDHHC21,0.0284,0.0026
ZDHHC22,0.0549,0.0013
ZDHHC23,0.0,0.0013
ZDHHC24,0.0004,0.0
ZDHHC3,0.0277,0.0052
ZDHHC4,0.0,0.0013
ZDHHC5,1.0,0.0065
ZDHHC6,0.0,0.0013
ZDHHC7,0.001,0.0
ZDHHC8,0.8529,0.0117
ZDHHC9,0.7375,0.0157
ZEB1,0.9667,0.0587
ZEB2,1.0,0.0196
ZER1,0.9999,0.0235
ZFAND1,0.0,0.0013
ZFAND2A,0.003,0.0
ZFAND2B,0.0,0.0117
ZFAND3,0.9217,0.0
ZFAND4,0.0,0.0
ZFAND5,0.8458,0.0026
ZFAND6,0.4624,0.0052
ZFAT,0.0,0.0
ZFC3H1,1.0,0.0405
ZFHX2,0.9971,0.0
ZFHX3,1.0,0.0091
ZFHX4,1.0,0.0013
ZFP1,0.0139,0.0039
ZFP14,0.0002,0.0
ZFP2,0.0,0.0
ZFP28,0.0002,0.0
ZFP3,0.0014,0.0
ZFP30,0.0,0.0013
ZFP36,0.7524,0.0431
ZFP36L1,0.6741,0.0144
ZFP36L2,0.966,0.0078
ZFP37,0.0,0.0013
ZFP41,0.0004,0.0
ZFP42,0.0,0.0157
ZFP57,0.0005,0.0091
ZFP62,0.5754,0.0013
ZFP64,0.0002,0.0
ZFP69,0.0,0.0
ZFP69B,0.0,0.0
ZFP82,0.5789,0.0
ZFP90,0.0317,0.0013
ZFP91,0.9997,0.0026
ZFP92,0.6518,0.0
ZFPL1,0.0088,0.0013
ZFPM1,0.2429,0.0248
ZFPM2,1.0,0.0157
ZFR,1.0,0.0026
ZFR2,0.0,0.0
ZFX,0.9983,0.0183
ZFY,0.6936,0.0235
ZFYVE1,0.1987,0.0196
ZFYVE16,0.0,0.0131
ZFYVE19,0.0,0.0052
ZFYVE20,0.0227,0.0
ZFYVE21,0.3425,0.0
ZFYVE26,0.0,0.0131
ZFYVE27,0.0,0.0183
ZFYVE28,0.0723,0.0013
ZFYVE9,0.9024,0.0183
ZG16,0.6213,0.0065
ZG16B,0.0003,0.0
ZGLP1,0.3868,0.0013
ZGPAT,0.0004,0.0052
ZGRF1,0.0,0.0026
ZHX1,0.8042,0.0052
ZHX1-C8ORF76,0.0,0.0
ZHX2,0.0337,0.0078
ZHX3,0.0508,0.0013
ZIC1,0.9338,0.0052
ZIC2,0.9736,0.0104
ZIC3,0.925,0.0157
ZIC4,0.0005,0.0209
ZIC5,0.7653,0.0013
ZIK1,0.0,0.0
ZIM2,0.0018,0.0026
ZIM3,0.0,0.0026
ZKSCAN1,0.9694,0.0091
ZKSCAN2,0.0,0.0
ZKSCAN3,0.0,0.0131
ZKSCAN4,0.0001,0.0274
ZKSCAN5,0.0876,0.0026
ZKSCAN7,0.0,0.0039
ZKSCAN8,0.0,0.0091
ZMAT1,0.001,0.0
ZMAT2,0.9842,0.1175
ZMAT3,0.0002,0.0013
ZMAT4,0.0755,0.0
ZMAT5,0.0,0.0418
ZMIZ1,0.9994,0.0052
ZMIZ2,0.9998,0.0026
ZMPSTE24,0.0,0.0157
ZMYM1,0.0,0.0
ZMYM2,0.6665,0.0248
ZMYM3,1.0,0.0131
ZMYM4,1.0,0.0039
ZMYM5,0.0002,0.0
ZMYM6,0.0,0.0013
ZMYM6NB,0.2205,0.0
ZMYND10,0.0,0.0313
ZMYND11,1.0,0.0131
ZMYND12,0.0,0.0
ZMYND15,0.0,0.0
ZMYND19,0.9517,0.0091
ZMYND8,1.0,0.0261
ZNF10,0.0016,0.0026
ZNF100,0.0002,0.0
ZNF101,0.7715,0.0
ZNF106,0.0001,0.0026
ZNF107,0.0212,0.0
ZNF112,0.0092,0.0
ZNF114,0.0067,0.0039
ZNF117,0.3953,0.0039
ZNF12,0.0397,0.0013
ZNF121,0.3921,0.0
ZNF124,0.0109,0.0
ZNF131,0.9998,0.0039
ZNF132,0.0,0.0
ZNF133,0.0026,0.0013
ZNF134,0.0,0.0
ZNF135,0.0,0.0
ZNF136,0.0005,0.0
ZNF138,0.0476,0.0
ZNF14,0.1035,0.0
ZNF140,0.0,0.0
ZNF141,0.1039,0.0013
ZNF142,0.0,0.0
ZNF143,0.0002,0.0144
ZNF146,0.9321,0.0013
ZNF148,1.0,0.0052
ZNF154,0.0,0.0
ZNF155,0.0,0.0013
ZNF157,0.0,0.0013
ZNF16,0.0,0.0013
ZNF160,0.0282,0.0
ZNF165,0.0,0.0013
ZNF169,0.0,0.0013
ZNF17,0.2346,0.0013
ZNF174,0.0148,0.017
ZNF175,0.0,0.0
ZNF177,0.0,0.0013
ZNF18,0.0001,0.0065
ZNF180,0.0,0.0
ZNF181,0.0,0.0
ZNF182,0.984,0.0013
ZNF184,0.0037,0.0
ZNF185,0.0,0.0013
ZNF189,0.0011,0.0
ZNF19,0.0,0.0026
ZNF195,0.0039,0.0013
ZNF197,0.0,0.0052
ZNF2,0.0272,0.0013
ZNF20,0.0966,0.0
ZNF200,0.0,0.0013
ZNF202,0.5263,0.0013
ZNF205,0.0323,0.0026
ZNF207,0.1046,0.0091
ZNF208,0.0001,0.0026
ZNF211,0.0,0.0013
ZNF212,0.0,0.0078
ZNF213,0.0,0.0078
ZNF214,0.0,0.0026
ZNF215,0.0,0.0026
ZNF217,1.0,0.0196
ZNF219,0.9998,0.0261
ZNF22,0.0021,0.0
ZNF221,0.0008,0.0
ZNF222,0.0005,0.0013
ZNF223,0.0,0.0026
ZNF224,0.0031,0.0065
ZNF225,0.1145,0.0013
ZNF226,0.0,0.0
ZNF227,0.0,0.0013
ZNF229,0.0,0.0
ZNF23,0.0,0.0013
ZNF230,0.0832,0.0026
ZNF232,0.0,0.0144
ZNF233,0.0002,0.0
ZNF234,0.0,0.0026
ZNF235,0.0,0.0
ZNF236,1.0,0.0013
ZNF239,0.0,0.0026
ZNF24,0.9811,0.0222
ZNF248,0.3262,0.0
ZNF25,0.0,0.0
ZNF250,0.2783,0.0013
ZNF251,0.0,0.0
ZNF253,0.0032,0.0013
ZNF254,0.0005,0.0
ZNF256,0.0055,0.0
ZNF257,0.0189,0.0
ZNF259,0.0,0.0
ZNF260,0.0001,0.0
ZNF263,0.0,0.0013
ZNF264,0.0,0.0013
ZNF266,0.0229,0.0
ZNF267,0.0171,0.0013
ZNF268,0.0,0.0013
ZNF273,0.0271,0.0013
ZNF274,0.1499,0.0052
ZNF275,0.0002,0.0
ZNF276,0.0,0.0052
ZNF277,0.0,0.0026
ZNF28,0.0074,0.0013
ZNF280A,0.0,0.0
ZNF280B,0.0363,0.0
ZNF280C,0.999,0.0
ZNF280D,0.0468,0.0026
ZNF281,0.9962,0.0026
ZNF282,0.1632,0.0065
ZNF283,0.0,0.0
ZNF284,0.0001,0.0
ZNF285,0.0002,0.0
ZNF286A,0.0,0.0
ZNF286B,0.0,0.0
ZNF287,0.5826,0.0
ZNF292,1.0,0.0013
ZNF296,0.9591,0.0013
ZNF3,0.0,0.0026
ZNF30,0.0023,0.0
ZNF300,0.0,0.0013
ZNF302,0.0002,0.0013
ZNF304,0.0329,0.0026
ZNF311,0.0,0.0
ZNF317,0.0001,0.0013
ZNF318,0.3738,0.0
ZNF319,0.9929,0.0
ZNF32,0.0326,0.0013
ZNF320,0.2186,0.0026
ZNF321P,0.0012,0.0
ZNF322,0.0299,0.0
ZNF324,0.0384,0.0013
ZNF324B,0.0,0.0
ZNF326,0.9018,0.0078
ZNF329,0.0004,0.0
ZNF330,0.0491,0.0026
ZNF331,0.9793,0.0
ZNF333,0.0,0.0013
ZNF334,0.0,0.0
ZNF335,0.0,0.0052
ZNF337,0.0037,0.0
ZNF33A,0.0,0.0026
ZNF33B,0.0,0.0
ZNF34,0.0007,0.0
ZNF341,0.0,0.0
ZNF343,0.0053,0.0
ZNF345,0.0,0.0
ZNF346,0.1165,0.0131
ZNF347,0.0001,0.0013
ZNF35,0.042,0.0
ZNF350,0.0006,0.0039
ZNF354A,0.0,0.0039
ZNF354B,0.0,0.0
ZNF354C,0.0,0.0026
ZNF358,0.7875,0.0
ZNF362,0.9412,0.0013
ZNF365,0.0005,0.0039
ZNF366,0.0703,0.0013
ZNF367,0.9057,0.0
ZNF37A,0.0,0.0013
ZNF382,0.0294,0.0013
ZNF383,0.0,0.0013
ZNF384,0.9984,0.0052
ZNF385A,0.2798,0.0039
ZNF385B,0.0011,0.0052
ZNF385C,0.0,0.0
ZNF385D,0.6544,0.0
ZNF391,0.0,0.0
ZNF394,0.0,0.0052
ZNF395,0.3089,0.0026
ZNF396,0.0,0.0157
ZNF397,0.0,0.0261
ZNF398,0.1457,0.0078
ZNF404,0.0,0.0
ZNF407,1.0,0.0013
ZNF408,0.0,0.0078
ZNF41,0.0351,0.0078
ZNF410,0.3534,0.0
ZNF414,0.0551,0.0
ZNF415,0.2165,0.0
ZNF416,0.3671,0.0013
ZNF417,0.0068,0.0013
ZNF418,0.0,0.0
ZNF419,0.0053,0.0
ZNF420,0.0,0.0039
ZNF423,1.0,0.0144
ZNF425,0.0,0.0
ZNF426,0.0,0.0
ZNF428,0.5013,0.0013
ZNF429,0.0,0.0
ZNF43,0.0005,0.0
ZNF430,0.0086,0.0
ZNF431,0.025,0.0013
ZNF432,0.0,0.0
ZNF433,0.0122,0.0
ZNF436,0.0001,0.0104
ZNF438,0.0,0.0
ZNF439,0.0122,0.0
ZNF44,0.0026,0.0104
ZNF440,0.0145,0.0
ZNF441,0.3624,0.0
ZNF442,0.0305,0.0
ZNF443,0.0005,0.0
ZNF444,0.8667,0.0157
ZNF445,0.9997,0.0026
ZNF446,0.0,0.0157
ZNF449,0.67,0.0
ZNF45,0.0,0.0039
ZNF451,0.0,0.0104
ZNF454,0.0,0.0
ZNF460,0.6818,0.0013
ZNF461,0.0,0.0026
ZNF462,1.0,0.0026
ZNF467,0.0,0.0013
ZNF468,0.0001,0.0039
ZNF469,0.7187,0.0039
ZNF470,0.0,0.0013
ZNF471,0.0,0.0
ZNF473,0.2624,0.0052
ZNF474,0.0007,0.0
ZNF479,0.0001,0.0
ZNF48,0.0067,0.0
ZNF480,0.0356,0.0
ZNF483,0.9674,0.0026
ZNF484,0.0,0.0
ZNF485,0.0001,0.0
ZNF486,0.0,0.0
ZNF487,0.0353,0.0
ZNF488,0.0,0.0
ZNF490,0.0003,0.0
ZNF491,0.0,0.0
ZNF492,0.19,0.0
ZNF493,0.0,0.0
ZNF496,0.9962,0.0039
ZNF497,0.0,0.0
ZNF500,0.0,0.0013
ZNF501,0.2812,0.0091
ZNF502,0.0,0.0
ZNF503,0.9459,0.0
ZNF506,0.0,0.0
ZNF507,0.0575,0.0
ZNF510,0.0,0.0013
ZNF511,0.0002,0.0026
ZNF512,0.9765,0.0026
ZNF512B,0.9999,0.0065
ZNF513,0.8163,0.0313
ZNF514,0.0,0.0
ZNF516,0.9999,0.0091
ZNF517,0.0001,0.0
ZNF518B,0.0023,0.0
ZNF519,0.0076,0.0
ZNF521,1.0,0.0104
ZNF524,0.0811,0.0013
ZNF525,0.2317,0.0026
ZNF526,0.5232,0.0
ZNF527,0.001,0.0
ZNF528,0.0007,0.0
ZNF529,0.0001,0.0
ZNF530,0.0074,0.0
ZNF532,0.989,0.0065
ZNF534,0.0,0.0
ZNF536,0.9996,0.0
ZNF540,0.3901,0.0
ZNF541,1.0,0.0013
ZNF543,0.0,0.0
ZNF544,0.001,0.0
ZNF546,0.0,0.0
ZNF547,0.0081,0.0
ZNF548,0.3398,0.0
ZNF549,0.0028,0.0013
ZNF550,0.0,0.0
ZNF551,0.055,0.0
ZNF552,0.0009,0.0
ZNF554,0.0,0.0
ZNF555,0.0,0.0013
ZNF556,0.0001,0.0
ZNF557,0.028,0.0
ZNF558,0.0,0.0
ZNF559,0.0,0.0
ZNF559-ZNF177,0.0004,0.0
ZNF560,0.0,0.0
ZNF561,0.0,0.0013
ZNF562,0.0569,0.0013
ZNF563,0.7644,0.0
ZNF564,0.3551,0.0
ZNF565,0.0,0.0
ZNF566,0.4148,0.0013
ZNF567,0.0,0.0013
ZNF568,0.0,0.0013
ZNF569,0.0,0.0091
ZNF57,0.0046,0.0013
ZNF570,0.0001,0.0026
ZNF571,0.0,0.0
ZNF572,0.013,0.0
ZNF573,0.0,0.0
ZNF574,0.0802,0.0
ZNF575,0.1149,0.0
ZNF576,0.0016,0.0013
ZNF577,0.0,0.0
ZNF578,0.0013,0.0
ZNF579,0.8388,0.0013
ZNF580,0.5336,0.0
ZNF581,0.0945,0.0
ZNF582,0.0005,0.0013
ZNF583,0.0072,0.0
ZNF584,0.0001,0.0
ZNF585A,0.0,0.0
ZNF585B,0.0,0.0
ZNF586,0.0365,0.0013
ZNF587,0.0496,0.0
ZNF587B,0.0,0.0
ZNF589,0.0049,0.0013
ZNF592,1.0,0.0144
ZNF593,0.0007,0.1018
ZNF594,0.0001,0.0
ZNF595,0.3055,0.0
ZNF596,0.0,0.0
ZNF597,0.0656,0.0104
ZNF598,0.5482,0.0235
ZNF599,0.0,0.0
ZNF600,0.0,0.0
ZNF605,0.4009,0.0013
ZNF606,0.4177,0.0
ZNF607,0.0,0.0
ZNF608,1.0,0.0013
ZNF609,1.0,0.0026
ZNF610,0.0001,0.0
ZNF611,0.0672,0.0013
ZNF613,0.0008,0.0013
ZNF614,0.0,0.0
ZNF615,0.0,0.0013
ZNF616,0.008,0.0
ZNF618,0.9984,0.0
ZNF619,0.0,0.0
ZNF620,0.0004,0.0013
ZNF621,0.0,0.0026
ZNF622,0.1109,0.0836
ZNF623,0.0,0.0
ZNF624,0.0325,0.0013
ZNF625,0.7341,0.0
ZNF626,0.4089,0.0
ZNF627,0.3312,0.0
ZNF628,0.9127,0.0
ZNF629,0.9998,0.0104
ZNF630,0.0001,0.0
ZNF638,1.0,0.0039
ZNF639,0.0005,0.0013
ZNF641,0.0046,0.0
ZNF644,0.9991,0.0052
ZNF645,0.0,0.0
ZNF646,0.0,0.0
ZNF648,0.0,0.0
ZNF649,0.0737,0.0013
ZNF652,0.823,0.0013
ZNF653,0.0013,0.0026
ZNF654,0.9975,0.0013
ZNF655,0.1542,0.0
ZNF658,0.0,0.0013
ZNF66,0.0666,0.0
ZNF660,0.0,0.0
ZNF662,0.0,0.0
ZNF664,0.0013,0.0026
ZNF665,0.0086,0.0
ZNF667,0.0,0.0013
ZNF668,0.2209,0.0013
ZNF669,0.0015,0.0
ZNF670,0.0003,0.0
ZNF671,0.0,0.0
ZNF672,0.0766,0.0
ZNF674,0.0,0.0039
ZNF675,0.1226,0.0
ZNF676,0.1831,0.0
ZNF677,0.0,0.0
ZNF678,0.0159,0.0
ZNF679,0.1755,0.0
ZNF680,0.42,0.0
ZNF681,0.0037,0.0
ZNF682,0.0185,0.0
ZNF683,0.0,0.0026
ZNF684,0.0,0.0
ZNF687,0.971,0.0131
ZNF688,0.0,0.0
ZNF689,0.4179,0.0013
ZNF69,0.0,0.0039
ZNF691,0.8237,0.0
ZNF692,0.0,0.0013
ZNF695,0.0003,0.0
ZNF696,0.2067,0.0
ZNF697,0.0039,0.0
ZNF699,0.0,0.0
ZNF7,0.0,0.0
ZNF70,0.0024,0.0013
ZNF700,0.0028,0.0
ZNF701,0.0,0.0013
ZNF703,0.3564,0.0013
ZNF704,0.9953,0.0039
ZNF705A,0.0006,0.0
ZNF705B,0.0002,0.0
ZNF705D,0.0,0.0
ZNF705G,0.0,0.0
ZNF706,0.7023,0.0
ZNF707,0.0013,0.0
ZNF708,0.0001,0.0
ZNF709,0.0003,0.0
ZNF71,0.0,0.0013
ZNF710,0.99,0.0
ZNF711,0.9789,0.0013
ZNF713,0.0,0.0
ZNF714,0.0406,0.0
ZNF716,0.0,0.0013
ZNF717,0.019,0.0
ZNF720,0.2167,0.0
ZNF721,0.0948,0.0
ZNF724P,0.1073,0.0
ZNF726,0.0,0.0
ZNF727,0.0021,0.0
ZNF728,0.0005,0.0
ZNF729,0.3958,0.0
ZNF730,0.0001,0.0
ZNF732,0.0982,0.0
ZNF736,0.0003,0.0
ZNF737,0.0004,0.0013
ZNF738,0.042,0.0013
ZNF74,0.0,0.0104
ZNF740,0.1897,0.0013
ZNF746,0.6521,0.0065
ZNF747,0.0724,0.0026
ZNF749,0.0488,0.0013
ZNF750,0.8662,0.0039
ZNF75A,0.0022,0.0
ZNF75D,0.0003,0.0013
ZNF76,0.0,0.0013
ZNF763,0.0208,0.0104
ZNF764,0.0001,0.0
ZNF765,0.0,0.0
ZNF766,0.0,0.0039
ZNF768,0.4241,0.0
ZNF77,0.0046,0.0026
ZNF770,0.9908,0.0
ZNF771,0.0599,0.0
ZNF772,0.0001,0.0013
ZNF773,0.0,0.0013
ZNF774,0.0,0.0
ZNF775,0.0007,0.0
ZNF776,0.0065,0.0
ZNF777,1.0,0.0013
ZNF778,0.0,0.0
ZNF780A,0.0,0.0
ZNF780B,0.0033,0.0
ZNF781,0.0,0.0
ZNF782,0.0,0.0
ZNF783,0.0,0.0026
ZNF784,0.8286,0.0
ZNF785,0.0,0.0
ZNF786,0.0,0.0013
ZNF787,0.8911,0.0078
ZNF788,0.0133,0.0
ZNF789,0.0,0.0
ZNF79,0.007,0.0013
ZNF790,0.0,0.0
ZNF791,0.1339,0.0013
ZNF792,0.0,0.0
ZNF793,0.0,0.0
ZNF799,0.0166,0.0026
ZNF8,0.017,0.0
ZNF80,0.0,0.0
ZNF800,0.9999,0.0
ZNF804A,0.0055,0.0065
ZNF804B,0.0,0.0
ZNF805,0.3864,0.0013
ZNF808,0.2887,0.0013
ZNF81,0.554,0.0026
ZNF812,0.0,0.0
ZNF813,0.6359,0.0013
ZNF814,0.0448,0.0
ZNF816,0.0001,0.0039
ZNF821,0.0028,0.0
ZNF823,0.3764,0.0
ZNF827,0.9997,0.0026
ZNF829,0.0,0.0013
ZNF83,0.0,0.0039
ZNF830,0.0596,0.0222
ZNF831,0.0,0.0
ZNF835,0.0,0.0
ZNF836,0.0,0.0
ZNF837,0.0,0.0
ZNF839,0.0,0.0
ZNF841,0.0239,0.0
ZNF843,0.0,0.0
ZNF844,0.0021,0.0013
ZNF845,0.001,0.0
ZNF846,0.0,0.0
ZNF85,0.0,0.0
ZNF850,0.721,0.0
ZNF852,0.0,0.0
ZNF853,0.0018,0.0
ZNF860,0.0,0.0
ZNF862,0.0,0.0
ZNF865,0.9981,0.0013
ZNF878,0.0815,0.0
ZNF879,0.0,0.0
ZNF880,0.0029,0.0
ZNF891,0.0,0.0
ZNF90,0.0029,0.0
ZNF91,0.4392,0.0026
ZNF92,0.0001,0.0013
ZNF93,0.0004,0.0026
ZNF98,0.0034,0.0
ZNF99,0.0249,0.0
ZNFX1,0.9998,0.0
ZNHIT1,0.0,0.0261
ZNHIT2,0.0,0.017
ZNHIT3,0.0,0.0091
ZNHIT6,0.0,0.0104
ZNRD1,0.2067,0.0418
ZNRD2,0.0,0.0026
ZNRF1,0.9059,0.0039
ZNRF2,0.0723,0.0039
ZNRF3,0.9888,0.0313
ZNRF4,0.4887,0.0039
ZP1,0.0,0.0078
ZP2,0.0,0.0183
ZP3,0.0003,0.0183
ZP4,0.0,0.0091
ZPBP,0.0003,0.0052
ZPBP2,0.0,0.0065
ZPLD1,0.0,0.0
ZPR1,0.0,0.0144
ZRANB1,0.9989,0.0117
ZRANB2,0.9995,0.0078
ZRANB3,0.0,0.0131
ZRSR1,0.0002,0.0
ZRSR2,0.9996,0.0614
ZSCAN1,0.0,0.0091
ZSCAN10,0.0001,0.0104
ZSCAN12,0.0,0.0
ZSCAN16,0.0,0.0
ZSCAN18,0.0475,0.0091
ZSCAN2,0.0,0.0
ZSCAN20,0.0005,0.0287
ZSCAN21,0.0,0.0117
ZSCAN22,0.0,0.0039
ZSCAN23,0.0,0.0039
ZSCAN25,0.0002,0.0
ZSCAN29,0.0,0.0
ZSCAN30,0.0,0.0065
ZSCAN31,0.0,0.0
ZSCAN32,0.0,0.0287
ZSCAN4,0.0,0.0039
ZSCAN5A,0.0082,0.0
ZSCAN5B,0.0,0.0
ZSCAN5C,0.0,0.0
ZSCAN5D,0.0,0.0
ZSCAN9,0.0,0.0013
ZSWIM1,0.0,0.0013
ZSWIM2,0.0,0.0013
ZSWIM3,0.0001,0.0013
ZSWIM4,0.0001,0.0
ZSWIM5,0.0398,0.0013
ZSWIM6,1.0,0.0
ZSWIM7,0.0009,0.0326
ZSWIM8,1.0,0.047
ZSWIM9,0.0,0.0013
ZUFSP,0.0,0.0
ZUP1,0.0,0.0731
ZW10,0.0015,0.047
ZWILCH,0.0,0.0392
ZWINT,0.0,0.1279
ZXDA,0.0044,0.0013
ZXDB,0.9527,0.0
ZXDC,0.0,0.0039
ZYG11A,0.0,0.0039
ZYG11B,0.9984,0.0235
ZYX,0.0,0.0379
ZZEF1,0.8347,0.0
ZZZ3,1.0,0.0692
