,test_BCL2L11+TGFBR2,test_BCL2L11+ctrl,test_ctrl
ENSG00000239945,0.9771938339568438,0.9738930095965389,1.0
ENSG00000223764,0.6439480105424038,0.4508323552247848,1.0
ENSG00000187634,0.9867979956389197,0.9503761603471514,1.0
ENSG00000187642,0.3883516074165806,0.249973336942106,1.0
ENSG00000188290,0.007229256887875457,-0.42644382490837063,1.0
ENSG00000187608,-1.9631928850313098,-2.4688045947140806,1.0
ENSG00000273443,0.9999999819428541,0.9871666205077685,1.0
ENSG00000237330,0.8301814620994491,0.761594159334803,1.0
ENSG00000223823,0.994984516036263,0.998989193028984,1.0
ENSG00000205231,0.9202852371117399,0.9747657886633799,1.0
ENSG00000186891,0.9224183013930568,0.9575281346950618,1.0
ENSG00000186827,0.8580602415522268,0.7894985143522479,1.0
ENSG00000169962,0.8637896930394511,0.9267982196507701,1.0
ENSG00000235098,0.8996954987774699,0.8818562831872866,1.0
ENSG00000189409,0.9143956875260861,0.9640591927125888,1.0
ENSG00000269737,0.8373848250482139,0.833801967894552,1.0
ENSG00000169885,0.9837130010739957,0.9734632524064946,1.0
ENSG00000271806,0.6387229179106859,0.7782790336278276,1.0
ENSG00000234396,0.7992001513734753,0.8323486645350738,1.0
ENSG00000149527,0.8182818347074303,0.7647224849711768,1.0
ENSG00000272449,0.1376434021510593,0.4253139951856887,1.0
ENSG00000238164,0.8979305132182054,-0.5168837314776229,1.0
ENSG00000157873,0.9853648354333407,0.9958383708804202,1.0
ENSG00000215912,0.5447531210328432,0.6808750273482893,1.0
ENSG00000078900,0.9764160709179125,0.9931314338821631,1.0
ENSG00000235169,-2.838722988455817,-9.26203719415479,1.0
ENSG00000272153,0.9995205291229485,0.9981776835310293,1.0
ENSG00000116254,0.8981072484971733,0.9471002858166997,1.0
ENSG00000225077,0.8766775355577066,0.7656482939731468,1.0
ENSG00000158292,0.9761250869081356,0.8160231276660141,1.0
ENSG00000069812,0.9985107725425203,0.9995029736777452,1.0
ENSG00000187017,0.929484522482198,0.8655830477274739,1.0
ENSG00000173662,0.3331400055844924,0.42136814622119445,1.0
ENSG00000270171,0.9881870183761806,0.983631409065942,1.0
ENSG00000049249,0.7579320264459295,0.7674704329136394,1.0
ENSG00000232912,0.6123510644675765,0.45034909731308836,1.0
ENSG00000228423,0.9901838713491317,0.9835106562569018,1.0
ENSG00000074800,-0.1066987221155622,-0.11031084974696181,1.0
ENSG00000131686,0.9716543225861669,0.9866470159453031,1.0
ENSG00000180758,0.9820068074644023,0.963219470425507,1.0
ENSG00000228526,-0.7836253028939029,-0.45089690343330835,1.0
ENSG00000234546,0.9740443626566273,0.9954177975458273,1.0
ENSG00000049239,0.8993730405184487,0.8434335892589793,1.0
ENSG00000179840,0.9853160582130784,0.9772542894628506,1.0
ENSG00000280113,0.9971272864196741,0.9638685383854579,1.0
ENSG00000142657,-0.24331555749914147,-0.3703907100116002,1.0
ENSG00000175262,0.6784975172547042,0.5413827167608365,1.0
ENSG00000277726,0.793834425864473,0.7027487749834128,1.0
ENSG00000009724,0.9702378395617869,0.9940002607784943,1.0
ENSG00000271895,0.9993984058498755,0.9391232861865321,1.0
ENSG00000116649,-0.15974394409128778,-0.18840225040945602,1.0
ENSG00000162490,0.39077767731693513,0.4437817905610123,1.0
ENSG00000177000,-2.824334449772765,-77.49654376794452,1.0
ENSG00000162493,-0.12361138862818155,-0.044320020013596695,1.0
ENSG00000175147,0.6575361829697282,0.752719242887098,1.0
ENSG00000233485,0.97879195541591,0.9968104747505238,1.0
ENSG00000228140,0.7368579814594364,0.7250034191156753,1.0
ENSG00000142634,-8.259743731988165,-12.800677359324238,1.0
ENSG00000142615,0.9969576109761246,0.9920051135063798,1.0
ENSG00000215704,0.9567757133221689,0.9911705797159385,1.0
ENSG00000271742,0.8926736088356281,0.8408049660535386,1.0
ENSG00000224621,0.841441278601772,0.7738613064744477,1.0
ENSG00000261135,0.48142391595436007,0.4044167897121873,1.0
ENSG00000271732,0.8776339025401226,0.9568936377647433,1.0
ENSG00000280226,0.9997114083190785,0.9994637117330364,1.0
ENSG00000230424,-5.704547967063917,-0.7209565317474507,1.0
ENSG00000188257,0.9557354591291253,0.92290898114174,1.0
ENSG00000117215,0.9821085289738828,0.9381695260456063,1.0
ENSG00000187980,0.9803025821017204,0.9888558042727653,1.0
ENSG00000117242,0.89814906563886,0.918770416385859,1.0
ENSG00000236936,0.7184302013218504,0.8398601531701065,1.0
ENSG00000142789,0.6877931993009583,0.7675765068670286,1.0
ENSG00000070831,-0.2686490461810078,-0.28063296906092816,1.0
ENSG00000162552,0.9940547694986831,0.9826743745156777,1.0
ENSG00000173369,0.7321323040313497,0.8142367342959101,1.0
ENSG00000249087,0.8817640536411961,0.6900878574814304,1.0
ENSG00000235052,0.9411671604164528,0.9412470647065253,1.0
ENSG00000117318,-488.64974717847656,-11.38364942828657,1.0
ENSG00000197880,0.908289655959121,0.9141661503796338,1.0
ENSG00000117305,-2.606179105003931,-2.062703346651443,1.0
ENSG00000179163,-868.9601962438106,-297.22656227343936,1.0
ENSG00000188822,0.8482341674313472,0.9193899627673183,1.0
ENSG00000142677,0.9477565668565534,0.9332834227889548,1.0
ENSG00000230023,0.1718552491791896,0.3840929853124819,1.0
ENSG00000020633,0.9873249923231838,0.9825063187646748,1.0
ENSG00000233755,0.5348548164809807,0.7135384475492879,1.0
ENSG00000231953,0.988113418823251,0.9994298175045346,1.0
ENSG00000117614,-0.369279509769306,-0.44531250954015467,1.0
ENSG00000117616,-0.29546412647017184,-0.38184168983662237,1.0
ENSG00000233478,0.9951141260247846,0.9812030569304783,1.0
ENSG00000182749,0.08670506181691529,-0.1603810110388988,1.0
ENSG00000117632,-0.08134793103753979,-0.08558181315161884,1.0
ENSG00000158008,0.8708773883001228,0.8632024931964619,1.0
ENSG00000158022,0.9918864537028714,0.9332195008498038,1.0
ENSG00000142669,-0.2262511040560231,-0.1696493710760303,1.0
ENSG00000169442,-0.9863944670248785,-61.467463804424014,1.0
ENSG00000176083,0.9730607825576426,0.9813670296732929,1.0
ENSG00000198830,-0.11639805706579565,-0.1203494308363644,1.0
ENSG00000117713,-0.507488865018954,-0.2823774408141986,1.0
ENSG00000226698,0.8962768055619651,0.9312084995430666,1.0
ENSG00000090273,-0.2460764774408588,-0.28344314863598585,1.0
ENSG00000142765,0.8311345695072769,0.8685951070322164,1.0
ENSG00000000938,0.9999961970711783,0.9999460278168008,1.0
ENSG00000126709,0.9914371030125093,0.9694662249106826,1.0
ENSG00000130775,-32.758813113020224,0.11656536241065607,1.0
ENSG00000227050,0.7422655236637177,0.6991441414104762,1.0
ENSG00000169403,0.880341976498465,0.82515607663037,1.0
ENSG00000271398,0.9869755494557182,0.9451248366627201,1.0
ENSG00000130766,-4.614687654819006,-26.20866402725331,1.0
ENSG00000116329,0.8957827460999512,0.9344347039029297,1.0
ENSG00000233427,0.8735827938455984,-0.0019645022361198805,1.0
ENSG00000162511,-0.8256635957219276,-0.9484293693943742,1.0
ENSG00000121769,0.35371269986790776,0.6069856498918865,1.0
ENSG00000223907,0.7084350509266488,0.5570525126371255,1.0
ENSG00000235790,0.7762395122395572,0.8028394514380359,1.0
ENSG00000134668,0.9013539752431198,0.8367093316928154,1.0
ENSG00000224066,0.9705841739290751,0.9690647222641893,1.0
ENSG00000222046,0.8920067169409198,0.9363425807562851,1.0
ENSG00000183615,0.8465624842382319,0.9545015324223591,1.0
ENSG00000182866,0.9922584513073351,0.9939139210276573,1.0
ENSG00000175130,-0.15293489956818473,-0.16524668953052446,1.0
ENSG00000162526,-0.4729615685868034,0.6026759972525543,1.0
ENSG00000160058,-0.6475790660501719,-0.7393487614544909,1.0
ENSG00000224409,0.8417540590920068,0.8972576771614016,1.0
ENSG00000121900,-1.042545267272077,-0.6118563909369612,1.0
ENSG00000255811,0.9862232716469971,0.9955322975518233,1.0
ENSG00000271741,0.2016008727801648,-0.06583065791606524,1.0
ENSG00000126067,-0.15151897230005806,-0.15692412333748185,1.0
ENSG00000092853,-0.2938294271358215,-0.31780107844229066,1.0
ENSG00000232335,0.8286186905108243,0.7645917852079067,1.0
ENSG00000116871,-0.9986631049464787,-0.7454842106925905,1.0
ENSG00000214193,0.8537340455499896,0.8735035321615378,1.0
ENSG00000119535,0.8172849775689657,0.9989714170167826,1.0
ENSG00000233621,0.8735852307361683,0.838538287090919,1.0
ENSG00000134690,-0.5645085335830025,-1.4250937571616809,1.0
ENSG00000158315,0.9601402596884067,0.905933285615176,1.0
ENSG00000127603,-1.0342668202334249,-0.8143025457509279,1.0
ENSG00000226438,0.9746618843959981,0.90867047635981,1.0
ENSG00000183682,0.6495718696256354,0.4823356452895924,1.0
ENSG00000168389,0.9390577648794916,0.906992345889762,1.0
ENSG00000131236,-0.3322759907335675,-0.3254968695925635,1.0
ENSG00000049089,0.5850756721281678,0.7390216267574017,1.0
ENSG00000179862,0.7449680020875866,0.8182548395863873,1.0
ENSG00000229528,0.9890172213510632,0.9624773101623939,1.0
ENSG00000171790,0.21826146251564604,0.3713459957953392,1.0
ENSG00000044012,0.37213700379380055,0.5648725380991573,1.0
ENSG00000197273,0.9601593641085265,0.9742051060793097,1.0
ENSG00000066185,0.664623552591682,0.7186862254744617,1.0
ENSG00000127125,-47129.85944156146,-1.2902273188105107,1.0
ENSG00000186409,0.8960815367406081,-0.12765993298139322,1.0
ENSG00000065978,-0.023379414216699645,-0.03212034027117783,1.0
ENSG00000164007,0.9993610638577217,0.9820301298286495,1.0
ENSG00000117394,-0.37921918714668323,-0.6768992944185712,1.0
ENSG00000227533,0.9958463624930418,0.9906911241100893,1.0
ENSG00000186973,0.5968310465881437,0.7605749105308757,1.0
ENSG00000243710,0.9981295462520913,0.9992048950305293,1.0
ENSG00000179178,0.9114292376383514,0.9356971781623555,1.0
ENSG00000253313,0.6071398555458041,0.5960646500862127,1.0
ENSG00000117399,-1.3180368046458533,-1.6100069120864688,1.0
ENSG00000229444,0.7858522457713142,0.7701714135358706,1.0
ENSG00000117410,-0.1323749348718921,-0.16641862703576882,1.0
ENSG00000196517,0.9148322411929672,0.8179218610557017,1.0
ENSG00000198520,0.9999993801344902,0.9803185830354756,1.0
ENSG00000142945,-1.111036119148177,-4.0089156622441156,1.0
ENSG00000222009,0.9122146128464896,0.891547609836179,1.0
ENSG00000070759,0.6096873854630736,0.7572296625402931,1.0
ENSG00000117450,-0.08512177628950401,-0.09712961665132136,1.0
ENSG00000226957,0.9660378803785346,0.9641321128195238,1.0
ENSG00000117480,0.8966186408614014,0.9999999036193061,1.0
ENSG00000269956,0.7321983913404702,0.6072402211302427,1.0
ENSG00000186118,0.8207566950156697,0.6341176664036804,1.0
ENSG00000162366,0.9402564983702513,0.988651443952966,1.0
ENSG00000123473,-14.841487176039445,-4.230458113613121,1.0
ENSG00000123080,-1.7285025100144686,-0.7831939936080765,1.0
ENSG00000203356,0.9682262225893036,0.9288253501609081,1.0
ENSG00000261664,0.9971511078760816,0.9157840545176896,1.0
ENSG00000169213,0.5571481010021941,0.8886312943056487,1.0
ENSG00000223390,0.977146867577646,0.9707402778374938,1.0
ENSG00000228369,0.9898206513558022,0.9859461209802278,1.0
ENSG00000116157,0.13568274428124782,0.5677841131648279,1.0
ENSG00000182183,0.9382436904942226,0.9684430625004707,1.0
ENSG00000226754,0.881012561759063,0.8088073194273013,1.0
ENSG00000230138,0.5843989053743028,0.05008817152588663,1.0
ENSG00000116209,-0.5354235225605393,-0.47527669963294805,1.0
ENSG00000225632,0.9982477583071365,0.9939869706974319,1.0
ENSG00000143001,0.9961918377086301,0.9990488376949469,1.0
ENSG00000162399,0.29550962709762163,0.4345808665839951,1.0
ENSG00000162407,0.7495249104467694,0.675225749226354,1.0
ENSG00000177606,-3.6961411028615325,0.8254396091477645,1.0
ENSG00000232453,0.9285697051632986,0.9758168032675687,1.0
ENSG00000237352,0.6350909709491473,0.8144462441150895,1.0
ENSG00000132849,0.9272863249729942,0.9655322630420611,1.0
ENSG00000132855,0.8838585911040455,0.7664855267955666,1.0
ENSG00000228734,0.930492397735943,0.9566850756657241,1.0
ENSG00000079739,0.9519429252808669,0.9490416515321746,1.0
ENSG00000118473,0.7186074231017788,0.6390488067351471,1.0
ENSG00000203963,0.9994265121850902,0.9906667479007751,1.0
ENSG00000116717,-0.08090068698562991,-0.07825762782574586,1.0
ENSG00000237919,0.6189904453968103,0.44790760985676137,1.0
ENSG00000229051,0.9984724686984136,0.992291127407252,1.0
ENSG00000235782,0.9475536555537054,0.9823836069822691,1.0
ENSG00000259030,0.8985247808880669,0.9557027282165474,1.0
ENSG00000137968,0.9619709272174131,0.9949611801951893,1.0
ENSG00000178193,-0.24698933716963634,-0.007353390091607626,1.0
ENSG00000057468,0.9866969354535441,0.8523858844769575,1.0
ENSG00000233099,0.9821229313483634,0.9951452352354405,1.0
ENSG00000235927,0.999788197923093,0.9679282863180765,1.0
ENSG00000137960,0.9072860258524758,0.9063891185332357,1.0
ENSG00000137959,0.9885120437017553,0.940747331041017,1.0
ENSG00000137941,0.9994519962032968,0.9991957348793125,1.0
ENSG00000137976,0.8069779444270581,0.852473616026685,1.0
ENSG00000171502,-0.39392076904498263,0.2692917494874669,1.0
ENSG00000016490,0.7843855202938876,0.7817213613182145,1.0
ENSG00000267272,0.8039874839841535,0.9738103791905675,1.0
ENSG00000143013,-0.2890126315969306,-0.29544990357456125,1.0
ENSG00000117226,0.6408763758466874,0.5229436415289673,1.0
ENSG00000117228,0.815419573884764,0.852673211451423,1.0
ENSG00000162645,0.4235556768554992,0.28892332275255983,1.0
ENSG00000231999,0.4571796959828771,-0.06953082337503247,1.0
ENSG00000189195,0.9281476543583697,0.9783852579073613,1.0
ENSG00000069712,0.39744881663275655,0.4221190003598715,1.0
ENSG00000198691,0.8350897942964244,0.7711973074680191,1.0
ENSG00000117525,0.5726033800435808,0.6948930274801948,1.0
ENSG00000235501,0.9847485124470854,0.995352306438001,1.0
ENSG00000156869,0.9941942458570686,0.9962231300744825,1.0
ENSG00000122477,0.9406264545200279,0.9151977009516192,1.0
ENSG00000181656,0.9893452027286586,0.998835164738303,1.0
ENSG00000170989,0.9771816568798032,0.9830436576321386,1.0
ENSG00000260879,0.8905452765815677,0.9886284458318937,1.0
ENSG00000238122,0.819799316367366,0.6872525234143992,1.0
ENSG00000143107,0.9812856005313579,0.952458668697361,1.0
ENSG00000203897,0.9984334846805157,0.9983297784833284,1.0
ENSG00000273382,-14.706565682343928,-1.5626535216367547,1.0
ENSG00000270066,0.9483445368370809,0.9376914755615954,1.0
ENSG00000179902,0.8655911137386985,0.7171703122097242,1.0
ENSG00000221986,0.9994133388944892,0.9990842920202984,1.0
ENSG00000156097,0.47015979095105653,0.6467156765056288,1.0
ENSG00000213366,0.9589778042590309,0.9018693232797472,1.0
ENSG00000134202,0.9952246766884603,-4.624447997486315,1.0
ENSG00000198758,0.8374818946700655,0.6766108026673906,1.0
ENSG00000261055,0.9610329821298979,0.9275190026256758,1.0
ENSG00000143125,0.9592298738804774,0.9916182271690548,1.0
ENSG00000143119,-2.959402776859424,-2.180157978997179,1.0
ENSG00000232811,0.9737520507884393,0.9743595812560423,1.0
ENSG00000064886,-15.093429605500795,-1.8240195755208042,1.0
ENSG00000143110,0.8620763729338307,0.8886055807088182,1.0
ENSG00000121933,0.3453994003814552,0.3022863426861041,1.0
ENSG00000282608,0.8587424480893003,0.8471322384949307,1.0
ENSG00000197852,0.998389246239767,0.9997883799086584,1.0
ENSG00000116489,-0.20549890359967082,-0.2993765781925055,1.0
ENSG00000155366,-0.25057549891178676,-0.236092825685434,1.0
ENSG00000215866,0.9350530375247114,0.987573480693788,1.0
ENSG00000134242,-1.5204434489260907,0.986705957390339,1.0
ENSG00000235527,0.8558623790329162,0.9250362216543142,1.0
ENSG00000116774,0.9987050941803997,0.9860987787698727,1.0
ENSG00000233154,0.9925502638308105,0.9994960243403379,1.0
ENSG00000224950,-0.08826790348389135,0.3054682920649493,1.0
ENSG00000116824,0.8820588397876454,0.793844609304367,1.0
ENSG00000134256,0.9992628024358546,0.9637940312360755,1.0
ENSG00000236866,0.7103201340149694,0.4996918013937768,1.0
ENSG00000183508,0.4692657800291534,0.8336187722313191,1.0
ENSG00000155761,0.9048890615575051,0.926543518471074,1.0
ENSG00000092621,0.582685653666386,-9.76513282792062,1.0
ENSG00000198019,0.5369230417821331,0.45770068839904554,1.0
ENSG00000233029,0.401755982199857,0.04033998609558165,1.0
ENSG00000230806,0.7849220974396496,0.757867094579633,1.0
ENSG00000263590,0.9774200062018947,0.999330057438311,1.0
ENSG00000234571,0.9997807130207123,0.9991487232367839,1.0
ENSG00000277199,0.9176832815814663,0.9399060489465131,1.0
ENSG00000236140,0.9799992736917615,0.9729992203038075,1.0
ENSG00000174827,0.7202637887422352,0.5750196018578844,1.0
ENSG00000117281,0.9116579085863782,0.9133810007136113,1.0
ENSG00000198483,0.8807444840134121,0.9010689484459198,1.0
ENSG00000121851,-0.244842439680389,-0.20002445973975913,1.0
ENSG00000265972,-2.0690877555648433,-8.678849820067164,1.0
ENSG00000168509,0.9929183109587971,0.9944019526414173,1.0
ENSG00000276509,0.9427590768588752,0.9777114847131524,1.0
ENSG00000131781,0.8031473045473334,0.5854297515749969,1.0
ENSG00000227733,0.9463336030492571,0.958458679792778,1.0
ENSG00000234283,0.5367539428786618,0.5918610425042294,1.0
ENSG00000231551,0.5690949599930908,0.7994039934163943,1.0
ENSG00000280649,-2.9350797141304286,0.28265158592210615,1.0
ENSG00000236334,0.6825911130425681,0.6699872704825867,1.0
ENSG00000178104,-0.1534783697023503,-0.16219290964892696,1.0
ENSG00000274265,0.8549573544138763,0.9728064688272032,1.0
ENSG00000150337,0.7596838060923619,0.7326786769512197,1.0
ENSG00000233030,0.9546311864638164,0.8696548324410567,1.0
ENSG00000184260,-1.0386114718865955,-1.1930752028689176,1.0
ENSG00000014914,0.5631430606999803,0.8133620523330517,1.0
ENSG00000023902,-5.0212906202420715,-9.09025881057888,1.0
ENSG00000143401,-0.2494308529023752,-0.2842966895616599,1.0
ENSG00000276110,0.7572073298446309,0.7455070565982267,1.0
ENSG00000143369,0.8491017074265639,0.9996352226560955,1.0
ENSG00000143382,-10.985385376294285,-0.9507542142384557,1.0
ENSG00000163131,-109.10001454819992,-9.730739849569664,1.0
ENSG00000143387,0.6418927686624241,0.8991612358476936,1.0
ENSG00000143409,0.22535465139764388,0.2133401103066409,1.0
ENSG00000163141,0.9432779226346929,0.9195635209621109,1.0
ENSG00000143443,-8.636268035623413,-38.18406869114531,1.0
ENSG00000197622,-0.3187734531069937,-0.22898178365471278,1.0
ENSG00000213190,-0.9760186551928935,-1.4700947494415613,1.0
ENSG00000143458,0.10540579912845394,0.9768020697408125,1.0
ENSG00000163155,-8.673154509787386,-0.7676137611166838,1.0
ENSG00000224645,0.9366081118553499,0.9462773405155838,1.0
ENSG00000250734,0.8759141416696865,0.8318111930840154,1.0
ENSG00000159409,0.9595994381996412,0.9989771474954893,1.0
ENSG00000178796,0.9998257025713349,0.9891246145998281,1.0
ENSG00000225556,0.5372154059414027,0.714480890006959,1.0
ENSG00000197747,-0.43746503156105376,-0.504486206426241,1.0
ENSG00000163191,-0.02007642452060332,-0.03231361771425845,1.0
ENSG00000163216,0.9583561136015724,0.946411199776214,1.0
ENSG00000244094,0.38533633645575127,0.36896574943436866,1.0
ENSG00000203783,0.9511096174428528,0.9712288978157891,1.0
ENSG00000203782,0.997914357916241,0.9984696327501711,1.0
ENSG00000163218,0.5680743789164746,0.7368705190949936,1.0
ENSG00000163220,0.9582871092564474,0.982882828570113,1.0
ENSG00000143546,-0.4660702650639412,-0.1871180467492528,1.0
ENSG00000184330,0.9978634662809871,0.9688846885848705,1.0
ENSG00000143556,0.9749540779929373,0.9816566375297726,1.0
ENSG00000197956,0.8422909478559872,0.9276127946052618,1.0
ENSG00000196420,0.9545108751113439,0.9756458081616742,1.0
ENSG00000196154,-1.8358075870259594,-0.9888070892152765,1.0
ENSG00000188015,0.9739026801124668,0.9214366651992344,1.0
ENSG00000189171,-1.1749739600325388,-1.108457979009886,1.0
ENSG00000160678,-7.48142292964234,-1.128909522062083,1.0
ENSG00000279767,0.7120500731674972,0.6930244849288493,1.0
ENSG00000282386,0.9551214692436414,0.9864805691996503,1.0
ENSG00000160712,0.8489962850626306,0.6819676686992229,1.0
ENSG00000169291,0.7363636062515384,0.7038727090200425,1.0
ENSG00000143603,0.9942775872596581,0.9974732045768612,1.0
ENSG00000163346,0.5135298076248946,0.6257699802272992,1.0
ENSG00000173207,-0.19785497549789421,-0.19096055912941456,1.0
ENSG00000163357,0.7445453424811768,0.7150605277632605,1.0
ENSG00000169231,0.8341661215033682,0.1357926444854587,1.0
ENSG00000236263,0.7952151558375908,0.8903730159159216,1.0
ENSG00000132718,0.9636985579704187,0.9260704720354341,1.0
ENSG00000143622,-2.236216307707573,-14.099707682339854,1.0
ENSG00000116584,-2.586040348563743,-1.679798068556987,1.0
ENSG00000132698,0.9023419829820509,0.8847367717255457,1.0
ENSG00000160789,-1.2044802226069207,-6.812679423245804,1.0
ENSG00000183856,-0.9669760669655709,0.6691115428362824,1.0
ENSG00000143320,0.9228338334889219,0.8735898570980879,1.0
ENSG00000027869,-3.874776637019627,-1046.3737169430776,1.0
ENSG00000198400,0.9806396531261232,0.8455006109653787,1.0
ENSG00000027644,0.9945231770314021,0.9981704326822846,1.0
ENSG00000160838,0.8250272771014306,0.7776222666943478,1.0
ENSG00000229961,0.993106289812897,0.990634408292445,1.0
ENSG00000132704,0.8960513234176328,0.8187564243693225,1.0
ENSG00000176320,0.864267408063131,0.9405447609628613,1.0
ENSG00000163563,0.8996393960669785,0.9722242190687093,1.0
ENSG00000163565,0.8305433880095544,0.8881251048884496,1.0
ENSG00000213088,0.9987115338657778,0.9927831725006109,1.0
ENSG00000188004,0.03635125965873609,0.15019421419519963,1.0
ENSG00000243284,0.9855646766153677,0.9781622286595092,1.0
ENSG00000132681,0.8122113779014489,0.8130868776852318,1.0
ENSG00000143318,0.9511092266108745,0.9661291007770243,1.0
ENSG00000258465,0.9798348219023502,0.9533625634207246,1.0
ENSG00000162739,0.7945804719647438,0.8194773280327924,1.0
ENSG00000066294,0.48631637416794515,0.4197095277547247,1.0
ENSG00000117090,0.9700246131826908,0.9841308863206628,1.0
ENSG00000228863,0.8093986906080826,0.8005302111279793,1.0
ENSG00000117091,0.9972062150109109,0.9904632442682039,1.0
ENSG00000122224,0.8961043508199822,0.8401409701044114,1.0
ENSG00000122223,0.7112383239603808,0.8179232091680105,1.0
ENSG00000179914,0.8550723981416322,0.8354579108857254,1.0
ENSG00000232188,0.9202087414051362,0.9118474550007196,1.0
ENSG00000158764,0.9999999853921552,0.998311769679192,1.0
ENSG00000186517,0.6250992545388889,0.6400881672935697,1.0
ENSG00000143217,0.4617735058159975,0.5567379820762421,1.0
ENSG00000228917,0.9921685237871278,0.9992412129808868,1.0
ENSG00000162755,0.9994203628120205,0.9980468918032641,1.0
ENSG00000158793,0.9997108639729154,-0.057927674075055835,1.0
ENSG00000158859,0.3500313482006714,0.10790247038851486,1.0
ENSG00000158869,-0.6531413685125567,-0.8099081305682838,1.0
ENSG00000188931,0.850904747387655,0.8500375771123299,1.0
ENSG00000143226,-102.4900829079807,-2.8698314947937846,1.0
ENSG00000173110,0.7111265042168655,0.8483349011092054,1.0
ENSG00000203747,0.5362090224267939,0.6137521124633187,1.0
ENSG00000072694,0.7758114978998211,0.8404397516988261,1.0
ENSG00000132185,0.8454991338453883,0.8627162001085991,1.0
ENSG00000198929,0.9502525739375718,0.9699635982266467,1.0
ENSG00000227094,0.8619070659589579,0.6754973582416858,1.0
ENSG00000185860,0.6658794780392469,0.6558754627388642,1.0
ENSG00000185630,0.9874303396279235,0.9701174400471245,1.0
ENSG00000233693,0.9904027973373984,0.9625143532883765,1.0
ENSG00000234142,0.9271383179213972,0.9984578226569195,1.0
ENSG00000143194,-0.01788383930491122,0.224484369693286,1.0
ENSG00000143162,-0.30834356959580744,-0.2314274074669338,1.0
ENSG00000198771,-1.086202751646689,-1.8796632550276184,1.0
ENSG00000197965,-0.5980990823878938,-0.7350970096199798,1.0
ENSG00000143158,-0.0853219367896556,-0.14325785688336756,1.0
ENSG00000143184,0.9907039759587226,0.9803419037770722,1.0
ENSG00000235736,0.8770682894295315,0.788946567558269,1.0
ENSG00000225826,0.8588954734946002,0.9196091269657329,1.0
ENSG00000143153,-2.808925672171308,-10.511748910410233,1.0
ENSG00000010932,0.9640421310889028,0.9607650503769414,1.0
ENSG00000117586,0.9951826863302828,0.9860870847981374,1.0
ENSG00000224977,0.19602322682418305,0.005659615329129841,1.0
ENSG00000152061,-9.164539790968039,-28.17921285349623,1.0
ENSG00000203737,0.9036478141123316,0.9363583020653222,1.0
ENSG00000116161,-0.13381401812873728,-0.15584606004160606,1.0
ENSG00000236021,0.8320174521149099,0.9527681059510558,1.0
ENSG00000116194,0.6513767356087581,0.5688661677523983,1.0
ENSG00000186283,-0.623485344019086,-1.7106245279665528,1.0
ENSG00000143322,-0.7498248940499646,-1.1648180377887667,1.0
ENSG00000229407,0.6517290175449513,0.6743121985334919,1.0
ENSG00000169905,-0.15516695200143826,-0.1441403012249891,1.0
ENSG00000116260,0.6797454408153514,0.7027645704454258,1.0
ENSG00000153029,0.6285357890212229,0.6653773529178182,1.0
ENSG00000162783,-34815.910753670534,-15.649334248366792,1.0
ENSG00000198216,0.7370482099733948,0.8226933799510593,1.0
ENSG00000121446,0.9081213457619478,0.88807969305153,1.0
ENSG00000135828,0.949589547204441,0.7144411249288664,1.0
ENSG00000143333,-21.087506595379914,0.9572835721274721,1.0
ENSG00000135824,0.9293330055546214,0.9422338972807341,1.0
ENSG00000116701,0.8313532876406869,0.6627603909172481,1.0
ENSG00000162704,-0.5266355376623728,-0.4550060999805039,1.0
ENSG00000143344,0.9978502962032271,0.9992049413772712,1.0
ENSG00000198756,-608.41819815348,-6.449292180996656,1.0
ENSG00000135842,0.9949070413757133,0.9994713405701721,1.0
ENSG00000261024,0.838718882566402,0.7331439549349122,1.0
ENSG00000116703,0.9838999084148993,0.9765987385558623,1.0
ENSG00000273198,-0.6680153306567755,-0.7128290351374826,1.0
ENSG00000150681,0.9429395960595662,0.9737573691558014,1.0
ENSG00000232498,0.8720278897410105,0.9278170073535302,1.0
ENSG00000090104,0.5278027572945622,0.5834933738464243,1.0
ENSG00000116741,0.06923825085603186,-0.3904302493867948,1.0
ENSG00000234871,0.785008579534509,0.8521231723705549,1.0
ENSG00000227240,0.8145872035894807,0.8189231885924755,1.0
ENSG00000227421,0.9997086438330505,0.9966239152229135,1.0
ENSG00000162687,0.8085939985649562,0.8156501980658205,1.0
ENSG00000000971,-84.29552493936298,-306.8743576415933,1.0
ENSG00000116785,0.5125981424069788,0.7383247122249527,1.0
ENSG00000134389,0.6820278308855173,0.7129909398129997,1.0
ENSG00000143278,0.7799081298007402,0.6352373747958384,1.0
ENSG00000066279,-1.2910394438406723,-2.124859311760446,1.0
ENSG00000134376,0.792122844958783,0.8983705067096547,1.0
ENSG00000081237,0.6501646642813885,-0.3102694861443134,1.0
ENSG00000203721,0.6315647562462804,0.6040507872484395,1.0
ENSG00000118193,-3.563096577210896,-2.4680625408745986,1.0
ENSG00000081248,0.6095904722191856,0.7235351437787902,1.0
ENSG00000232237,0.03696915706731274,0.08619911260860968,1.0
ENSG00000118194,0.9988563044240346,0.9692334436800116,1.0
ENSG00000159173,0.40786958628259673,0.40797725480572344,1.0
ENSG00000174307,0.9934111865072072,0.9984555133277587,1.0
ENSG00000163431,0.9623267661319622,0.953105929498221,1.0
ENSG00000234678,0.9887468211256584,0.9982858959182409,1.0
ENSG00000163435,0.9585495947241637,0.9807014242672296,1.0
ENSG00000143851,-0.23046238763286864,-0.24362207358094579,1.0
ENSG00000117139,0.3439707413181683,0.27656030772787654,1.0
ENSG00000260021,0.7906586371218489,0.8941973625954563,1.0
ENSG00000143847,0.9860633671395213,0.9656243245935829,1.0
ENSG00000122180,0.957118152311166,0.9387452949631,1.0
ENSG00000133063,0.6147231042410953,0.6443343863634282,1.0
ENSG00000231507,0.9996467064862545,0.9999068461221786,1.0
ENSG00000159388,-6.140872017482603,-5.589865181917839,1.0
ENSG00000122176,0.33449790250547007,0.4869279337181839,1.0
ENSG00000058668,0.5036670906749635,0.9999820557326888,1.0
ENSG00000122188,0.8938486750786143,0.8569536531094214,1.0
ENSG00000257315,-7.461862427721234,0.9989027448158406,1.0
ENSG00000261065,0.7379684077195918,0.7793671542514153,1.0
ENSG00000143839,0.8284794815373498,0.7552298113213549,1.0
ENSG00000170498,0.8474251582320365,0.9213874886006259,1.0
ENSG00000174567,0.9523807912159447,0.9368041764651344,1.0
ENSG00000226330,0.838533948733665,0.9337174272101183,1.0
ENSG00000198625,-0.02441154685569291,-0.041079720875874415,1.0
ENSG00000240710,0.9897350056422185,0.9757851989878696,1.0
ENSG00000240219,0.3866120678854803,0.4297632358981688,1.0
ENSG00000163531,-0.8394655593388647,0.7837207931556258,1.0
ENSG00000184144,0.7064638466965509,0.7044869803870112,1.0
ENSG00000186007,0.29625691792173314,0.18415083362519025,1.0
ENSG00000117266,0.9961697052298593,0.8192851361918946,1.0
ENSG00000158715,0.8927023476722471,0.8578923831081322,1.0
ENSG00000069275,-0.11386926791411311,-0.10694084705051199,1.0
ENSG00000276600,0.6493672249432931,0.7999083769030726,1.0
ENSG00000196188,0.8799951057251987,0.8382792529989546,1.0
ENSG00000263961,0.9950528958117517,0.9928932448862567,1.0
ENSG00000226780,0.999279754495465,0.990302725166929,1.0
ENSG00000261000,0.9263160667792641,0.7247472988948289,1.0
ENSG00000162889,-1.7946568832768115,-2.0961431555603127,1.0
ENSG00000142224,0.7682397273073057,0.6058596628430084,1.0
ENSG00000162891,0.9827960647521883,0.9869936288143935,1.0
ENSG00000162892,0.5379783768940898,0.7773966973773825,1.0
ENSG00000162894,0.9881966749924626,0.9381108825635592,1.0
ENSG00000196352,-4.983525026767682,-2.512631667689881,1.0
ENSG00000203710,0.8966868984746361,0.7526368183220804,1.0
ENSG00000236911,0.9636792767781254,0.9799952550978702,1.0
ENSG00000117335,-19.556098904406774,-2.197104585499164,1.0
ENSG00000203709,0.7742520439102324,-5.462885054340813,1.0
ENSG00000076356,0.6437444723261924,0.9115475286155984,1.0
ENSG00000009790,0.9360192405866218,0.8970547335317053,1.0
ENSG00000143473,0.7006612702919308,0.8214877029052896,1.0
ENSG00000153363,-0.8924716187162229,-0.8939163186622971,1.0
ENSG00000229258,-0.42051636147609917,-0.024181839341143707,1.0
ENSG00000226251,0.7782760846915786,0.8804746809527118,1.0
ENSG00000117691,-0.27582312881495463,-0.26415963643882967,1.0
ENSG00000162772,0.9810337429150326,0.9813252078454413,1.0
ENSG00000237980,0.9965079814217065,0.9983146361030837,1.0
ENSG00000123685,-0.8846205520263686,-0.6160275848705492,1.0
ENSG00000143494,0.860171974424952,0.8690786467687754,1.0
ENSG00000117707,0.9272683479290577,0.7518252426045348,1.0
ENSG00000152104,0.62490150434901,0.561436372357825,1.0
ENSG00000117724,-0.3380739515138922,-0.28083248437036823,1.0
ENSG00000228063,0.9507729649448915,0.9715435375261104,1.0
ENSG00000117791,-21.93571796851173,0.5972014903998146,1.0
ENSG00000186205,0.5553259417445671,0.6398159148938727,1.0
ENSG00000272823,0.7201390744546645,0.8283437513703863,1.0
ENSG00000238078,0.9242623247553317,0.9572818399524982,1.0
ENSG00000136630,-0.44813899377343036,-9.327686302424388,1.0
ENSG00000234754,0.8156681702259213,0.8822509540277953,1.0
ENSG00000143498,0.9867063756090373,0.9876600097449044,1.0
ENSG00000197520,0.978986054517389,0.9940501619898948,1.0
ENSG00000242861,0.8257112422626068,0.8290606164684909,1.0
ENSG00000243709,-0.05544414961269872,0.06711844876861595,1.0
ENSG00000143768,0.49912308281503037,0.6023032008087494,1.0
ENSG00000185155,0.7886747722063375,0.977057967353788,1.0
ENSG00000143772,0.9266062871026823,0.958904984582785,1.0
ENSG00000228548,0.9871186518962523,0.9998178108721132,1.0
ENSG00000185888,0.9317015768840282,0.9996855570335804,1.0
ENSG00000143816,0.6631737799357607,0.7886995166502466,1.0
ENSG00000270104,0.9365656810972923,0.9313074280649972,1.0
ENSG00000237481,0.9994212903024294,0.9997661799110489,1.0
ENSG00000177614,0.9578691440687843,0.9926981636417012,1.0
ENSG00000135773,0.8783857981547756,0.8022487273581405,1.0
ENSG00000182118,-0.2856427576382523,-0.2298138692047933,1.0
ENSG00000119283,0.9969621050548384,0.9962543653259506,1.0
ENSG00000143674,0.789186839436141,0.8208085935102452,1.0
ENSG00000183780,0.999817359533098,0.9593542393941403,1.0
ENSG00000168264,-25.448157505238182,-55.38478645170903,1.0
ENSG00000228044,0.9964814559153004,0.9824955834309831,1.0
ENSG00000230628,0.9748887145450227,0.9993444242275077,1.0
ENSG00000237520,0.8377223639358301,0.8255617184605403,1.0
ENSG00000280587,0.8258704701211868,0.8475445806395014,1.0
ENSG00000054267,-1.055917197532545,-1.959771980089895,1.0
ENSG00000086619,0.9797813767304224,0.9985181085665884,1.0
ENSG00000215808,0.9428296696337987,0.9216779601227503,1.0
ENSG00000259776,0.9638487344284651,0.9755199064239277,1.0
ENSG00000117009,0.9254808222575643,0.9302522731076178,1.0
ENSG00000054282,-7.965949650918757,-1.5675205698970887,1.0
ENSG00000117020,0.9953472160303996,0.9011097123631565,1.0
ENSG00000179456,0.9247395769294503,0.9501816443444103,1.0
ENSG00000185420,-0.3398915087654688,-0.284496342933827,1.0
ENSG00000235096,0.689855120313397,0.6392057480732397,1.0
ENSG00000235749,0.7411955754442194,0.6376184024940323,1.0
ENSG00000196071,0.9506742075446226,0.8214281727813225,1.0
ENSG00000203663,0.9603775402592329,0.9277391965557663,1.0
ENSG00000196944,0.3122810031018991,0.22029245570440847,1.0
ENSG00000233296,0.40317463418398825,0.41879257988581176,1.0
ENSG00000272342,0.9996900079168192,0.979235608669158,1.0
ENSG00000235078,0.8987746554079457,-10.591954046704211,1.0
ENSG00000151360,0.2783894941101335,0.3751466797608022,1.0
ENSG00000231532,0.9969975240184213,0.9999894782251015,1.0
ENSG00000205837,0.9248244517609767,0.8985124527037007,1.0
ENSG00000134321,-105.5476975659758,-2.2338880565156076,1.0
ENSG00000231083,0.522327747444579,0.6033891251476107,1.0
ENSG00000235092,0.9931544709906684,0.9804121824685296,1.0
ENSG00000115738,0.6334150797727779,-0.36813747429517707,1.0
ENSG00000143797,0.984078987747324,0.9874063231963841,1.0
ENSG00000151693,0.9965109912219341,0.9917810345656305,1.0
ENSG00000134330,-914.9653079715993,-22.366323176878417,1.0
ENSG00000151694,-72.87912480219296,-3.7907501129009207,1.0
ENSG00000240687,0.9124119821845459,0.8468537828820288,1.0
ENSG00000134317,0.5756994011339234,0.8925996006682502,1.0
ENSG00000171848,-1.3681626229264947,-1.6906937162557574,1.0
ENSG00000115758,-0.23538917175403617,-0.23596876509632958,1.0
ENSG00000243819,0.7244150890051548,0.6249481565533537,1.0
ENSG00000224184,-1.6015683908047436,0.8471638465295385,1.0
ENSG00000223850,0.9350214646657319,0.8255504025080757,1.0
ENSG00000197872,0.7363939441511043,0.8528816505360831,1.0
ENSG00000236204,0.5789400218970393,0.36440029361114656,1.0
ENSG00000219626,0.9976950586408055,0.9729223788929493,1.0
ENSG00000157856,0.7979039662985743,0.6992110311402144,1.0
ENSG00000115155,0.9999654662286778,0.9999757466711823,1.0
ENSG00000171303,0.5076364155898114,0.5510804821511431,1.0
ENSG00000115163,-1.2102595972658268,-1.4722039727816418,1.0
ENSG00000084764,0.8170375050142067,0.978743055083709,1.0
ENSG00000231636,0.8468705366043285,0.866340888009701,1.0
ENSG00000143994,0.36056252170931813,0.7625858380559951,1.0
ENSG00000163792,0.2662318654720093,0.45823601009126147,1.0
ENSG00000163793,0.9460364562845845,0.9192049331725133,1.0
ENSG00000157992,-2.1132935140499773,0.531351160534516,1.0
ENSG00000075426,0.5304151075456349,0.9107599601022902,1.0
ENSG00000270210,0.53428199712715,0.5100083952990659,1.0
ENSG00000163803,0.3867804381883073,0.3381985623147712,1.0
ENSG00000213639,-0.29872318284257027,-0.38814306309609203,1.0
ENSG00000163811,-0.23195342863605872,-0.266922542787392,1.0
ENSG00000233862,0.7224131299011034,0.7030234616479176,1.0
ENSG00000119801,0.857953226478598,-1.191901520257379,1.0
ENSG00000213626,-5550.713629289528,-609.9050605416106,1.0
ENSG00000158125,0.8043731556281936,0.754444515697522,1.0
ENSG00000091106,0.9580263524409174,0.9442129277354807,1.0
ENSG00000152689,-0.27665002940930794,-0.5410079080268058,1.0
ENSG00000237133,0.9982880278669028,0.998693425925385,1.0
ENSG00000228262,0.7418597601149279,0.7671965492614369,1.0
ENSG00000150938,0.14707069028204056,0.922512918018411,1.0
ENSG00000115828,0.7190875169102859,0.8586269077938656,1.0
ENSG00000163171,0.8228555796820106,0.8738793441063847,1.0
ENSG00000235848,0.9631974794102821,0.9498286763556327,1.0
ENSG00000138061,0.9815211328750744,0.9857856575234459,1.0
ENSG00000232973,0.5408369428841266,0.4466501727485197,1.0
ENSG00000214694,0.5092997201319378,0.5275267458012605,1.0
ENSG00000011566,-91.66087750001101,-17.334450615303,1.0
ENSG00000231312,-1.2122282302259348,-0.628191304121499,1.0
ENSG00000152154,0.9995353263410274,0.9998057241864873,1.0
ENSG00000183023,0.7857617927576858,0.8396472884581977,1.0
ENSG00000234362,0.925145145847934,0.8936229102300051,1.0
ENSG00000205086,0.929375767640288,0.982746040628309,1.0
ENSG00000162878,0.9968289363286539,0.7562718053808524,1.0
ENSG00000162881,0.5092624222484459,0.6458915894570552,1.0
ENSG00000162882,0.9800934524306659,0.9962181330484139,1.0
ENSG00000231826,0.8766085699204919,0.8561365186493783,1.0
ENSG00000230587,0.8275630597613701,0.7824596319540791,1.0
ENSG00000152518,-3.3622577433129415,-3.142102791628128,1.0
ENSG00000152527,-788.1210889353355,-10436.754416486056,1.0
ENSG00000138079,0.9363693758930944,0.9920274852493979,1.0
ENSG00000236502,0.7370213505183244,0.8590952031050503,1.0
ENSG00000225156,0.8812146778096664,0.8159760207248342,1.0
ENSG00000116016,-0.038741236604745044,-4.69413934906684,1.0
ENSG00000187600,0.9957982268539142,0.999999388605091,1.0
ENSG00000260977,0.9087356509787812,0.8508910439922976,1.0
ENSG00000222005,0.80660965820909,0.7168525393479122,1.0
ENSG00000273269,0.5443838703806232,0.4708969073804339,1.0
ENSG00000143933,-0.15539859022992109,-0.16953011297621634,1.0
ENSG00000236824,-0.41192543748487465,-0.8688397153233522,1.0
ENSG00000230773,0.740279696429635,0.666134415484797,1.0
ENSG00000282828,0.8524802825374034,0.9548966329757131,1.0
ENSG00000272156,0.8565134813957,0.962621811092111,1.0
ENSG00000234943,0.9322518190732948,0.8518899518176041,1.0
ENSG00000214595,0.9921373919594257,0.99890670852846,1.0
ENSG00000115310,-0.1720552545433336,-0.22447218532160762,1.0
ENSG00000272180,0.8561612461299015,0.8977157229174306,1.0
ENSG00000222030,0.2655794797701988,0.4835024070611912,1.0
ENSG00000270820,0.994061230359902,0.4856412521807182,1.0
ENSG00000226622,0.8520722759377273,0.8585646379594783,1.0
ENSG00000231609,0.42933760806344634,0.5466085164492291,1.0
ENSG00000169764,-0.4772215880006041,-0.24960466803869852,1.0
ENSG00000225889,0.7512477765488368,0.9928393636765993,1.0
ENSG00000119862,-69.69755554370576,-11.956536529167822,1.0
ENSG00000260101,0.9474244960998113,0.9192383219095766,1.0
ENSG00000234572,0.8871684875812804,0.9286325371339255,1.0
ENSG00000143995,-0.46373997310025095,-4.621725400517099,1.0
ENSG00000230749,0.8024442242091674,0.9311105428076979,1.0
ENSG00000232046,0.7361389255373668,0.6887745196521347,1.0
ENSG00000236780,0.6452182994969101,0.7769699877738636,1.0
ENSG00000115956,0.983462736131947,0.9345806698771372,1.0
ENSG00000163219,0.9458981803806638,0.8395853113251655,1.0
ENSG00000163217,0.9285979589047287,0.9852582169513587,1.0
ENSG00000183607,0.9565071146724672,0.9071651214717896,1.0
ENSG00000115977,-1.7097297714867161,-0.8893706290951935,1.0
ENSG00000231024,0.6142873474009014,0.6888543203749667,1.0
ENSG00000059728,0.9995526152593806,0.6132834568460666,1.0
ENSG00000116039,0.6487442952959137,0.8638052134318048,1.0
ENSG00000124357,-87.40430989022248,-18.54664991375881,1.0
ENSG00000272735,0.4760043696783962,0.5320745824717348,1.0
ENSG00000187833,0.9746291612573922,0.9964553955946873,1.0
ENSG00000235499,-0.06775273385172165,0.06660771215666339,1.0
ENSG00000144045,0.8930981071700559,0.9424294235524573,1.0
ENSG00000159374,0.9999999024474181,0.9999969046268274,1.0
ENSG00000159399,-1.0843376438536074,0.835839084776978,1.0
ENSG00000270571,0.380554537387627,0.7399274650252821,1.0
ENSG00000115363,0.8914424945649213,0.9186163288908497,1.0
ENSG00000176204,0.5815448772607117,0.5333032950493206,1.0
ENSG00000066032,0.9138902795468624,0.9697442233853648,1.0
ENSG00000034510,-0.0886897255239778,-0.07438113831239446,1.0
ENSG00000042493,-1.126239754943692,-1.4175617922860164,1.0
ENSG00000118640,-0.1013335732741778,-0.09582362275897549,1.0
ENSG00000168899,0.8874768976149368,0.8807013757943195,1.0
ENSG00000115525,-55.535067899110636,-0.0914320529053676,1.0
ENSG00000232504,0.9823337092777471,0.999929664074975,1.0
ENSG00000272564,0.998201057823894,0.9999065067852458,1.0
ENSG00000068615,0.9875117545778372,0.9929535499092514,1.0
ENSG00000273445,0.9913594316928889,0.9585973082446533,1.0
ENSG00000172086,0.9802644718926106,0.9211034811546664,1.0
ENSG00000211592,0.8468871083077469,0.9165450523945352,1.0
ENSG00000233757,0.7455590279976356,0.5882193050252382,1.0
ENSG00000274286,-0.692712038599772,-0.6022501674997798,1.0
ENSG00000158158,0.8927019089263675,0.9927678963482341,1.0
ENSG00000273265,0.9730036411037818,0.9681814622111234,1.0
ENSG00000168754,-1.197482056688283,-6.263900818629597,1.0
ENSG00000168658,0.9797979153057351,0.9558659680544014,1.0
ENSG00000196872,0.9294923771063547,0.9519822714784228,1.0
ENSG00000185674,0.7834163046184324,0.8586230231223309,1.0
ENSG00000230393,0.9300739696779543,0.9114386606992587,1.0
ENSG00000196460,0.9682290131793652,0.9764906665341632,1.0
ENSG00000281162,0.9976996145225888,0.9982795823489302,1.0
ENSG00000115590,0.9652913010394685,0.9451599327832191,1.0
ENSG00000224850,0.7635119533094602,0.8840153319757467,1.0
ENSG00000224509,0.9999497049170749,0.9932463603029649,1.0
ENSG00000233339,0.7928351094645312,0.6358190182664116,1.0
ENSG00000232001,0.8957515110252751,0.9488179506563663,1.0
ENSG00000144057,0.8659305169996987,0.8423768555921348,1.0
ENSG00000198203,0.9994026290383639,0.9987949962623505,1.0
ENSG00000198075,0.5126283627597246,0.5510199702503569,1.0
ENSG00000169756,-0.23576841369623747,-0.20453188295985636,1.0
ENSG00000282033,0.7186889340393849,0.889266181524517,1.0
ENSG00000015568,0.9271429332484961,0.999959878385577,1.0
ENSG00000256977,0.5780662853542158,0.554463411610756,1.0
ENSG00000144061,0.7014783814381242,0.8037997052875739,1.0
ENSG00000261760,0.9288533976761408,0.9956761079501723,1.0
ENSG00000153094,-0.18445119265097354,-0.2313340734717242,1.0
ENSG00000225744,0.9759543892770427,0.9984869469784631,1.0
ENSG00000188177,0.8330756387861947,0.8597873151396112,1.0
ENSG00000169629,0.8520719152097507,0.6976844705537533,1.0
ENSG00000228251,0.8085867388235665,0.6653596566245037,1.0
ENSG00000144136,-2.550401035253635,-1.5909326938315096,1.0
ENSG00000125538,0.5960392543680808,0.6012614153512018,1.0
ENSG00000136689,0.861796479302584,0.8875879361821847,1.0
ENSG00000234997,0.9365472182419531,0.8991384753456438,1.0
ENSG00000272563,0.6961014012134381,0.4862716212491297,1.0
ENSG00000227359,0.9680894430992301,0.9849717608393144,1.0
ENSG00000244063,0.9980757708640196,0.9714897440346457,1.0
ENSG00000228857,0.9999965279287134,0.985292432650996,1.0
ENSG00000259094,0.9887082690783905,0.9772101595919845,1.0
ENSG00000229867,0.6155494153721464,0.5565476705666541,1.0
ENSG00000155368,-0.041581050669661224,-0.0700847953502226,1.0
ENSG00000080293,0.7456312608274052,0.6613247026770754,1.0
ENSG00000074047,0.9754103175217288,0.9783243509120015,1.0
ENSG00000265451,0.8024196281704762,0.9262233155275558,1.0
ENSG00000224655,0.9971779531488565,0.9999988286705734,1.0
ENSG00000136732,-0.021666017509115232,-0.028657672725683536,1.0
ENSG00000186684,0.9186672140289222,0.8980993021522564,1.0
ENSG00000115718,0.8978627137147995,0.9503312939342738,1.0
ENSG00000272789,0.9932213972454443,0.9867315796286202,1.0
ENSG00000152076,0.6449424474992171,0.545158317349146,1.0
ENSG00000178171,0.6763492799345967,0.8231028729836295,1.0
ENSG00000183840,0.9631134615043253,0.9445291395021073,1.0
ENSG00000226806,0.8680913322883601,0.8690829862881914,1.0
ENSG00000121966,0.937565662532905,0.9055371542669706,1.0
ENSG00000144229,0.8472998971829199,0.8421531546902948,1.0
ENSG00000150540,0.7545886171268003,0.8156911432713843,1.0
ENSG00000115919,0.9812569430669891,0.9908261001947412,1.0
ENSG00000169554,-1.7980528697189078,-3.0421981709647907,1.0
ENSG00000226674,0.9989769942771024,0.9873165024406335,1.0
ENSG00000168280,-0.07932798014268228,-0.11556220602493106,1.0
ENSG00000231969,0.9254563695026548,0.9183685501015383,1.0
ENSG00000123610,0.459964991974504,0.7083837541502147,1.0
ENSG00000183091,0.8661222062970491,0.764705172580102,1.0
ENSG00000162989,0.9395339061212012,0.9333233992680579,1.0
ENSG00000226383,0.8775024072733594,0.7857715901160156,1.0
ENSG00000153234,-0.07044654604292311,0.4644830814014822,1.0
ENSG00000136541,0.8699300561851869,0.7952210312284059,1.0
ENSG00000115165,0.900244045775204,0.813106024703514,1.0
ENSG00000271320,0.9264414185319243,0.9088162815653806,1.0
ENSG00000153237,0.6345230991243942,0.6429636564066576,1.0
ENSG00000123636,-10.770946471118712,-2.9013764436093967,1.0
ENSG00000224152,-0.9813087055820024,-11.33696931795648,1.0
ENSG00000115271,0.96571366757928,-61.09727979060872,1.0
ENSG00000184611,0.4640815900412941,0.49974637845187886,1.0
ENSG00000115339,0.45620874011797896,0.441655249566389,1.0
ENSG00000169432,-0.1999970681754888,0.43414280470381417,1.0
ENSG00000235335,0.9584732604867677,0.9195739299401258,1.0
ENSG00000152253,-0.6715905113422436,-0.8162431303972639,1.0
ENSG00000073734,0.19083403520011522,0.3194636303943862,1.0
ENSG00000073737,0.38044460198287955,0.2644720202015486,1.0
ENSG00000235321,0.1631942960316194,0.2747350633438316,1.0
ENSG00000154479,0.9851753936395702,0.9941564805154017,1.0
ENSG00000231898,0.4962805591643079,0.5409889579093076,1.0
ENSG00000213981,0.6574360719104226,0.7777489565564748,1.0
ENSG00000222033,0.7024289085380229,0.7722097344042343,1.0
ENSG00000128683,-0.39171346647223504,-0.3221880363400469,1.0
ENSG00000071967,0.7565594289293274,-53.75932354787835,1.0
ENSG00000115844,0.9472479629430615,0.9793405949748397,1.0
ENSG00000232788,0.15889105779332746,0.10262753457086593,1.0
ENSG00000224638,0.7640643174465007,0.9187944346520334,1.0
ENSG00000271151,0.6165833128646752,0.46927428313177544,1.0
ENSG00000231453,0.9087630458819319,0.736864338521668,1.0
ENSG00000115935,-345.8003225255732,-6871.761143048848,1.0
ENSG00000128645,0.9480306701223661,0.8480029304842223,1.0
ENSG00000116044,-0.5593812030931655,-0.4553815651449402,1.0
ENSG00000237655,0.9556997512316289,0.9559780329628389,1.0
ENSG00000128655,0.8721164246756065,0.893486176594814,1.0
ENSG00000229941,0.8068035411659098,0.8902726896085773,1.0
ENSG00000271011,0.889384370134549,0.9053884515378298,1.0
ENSG00000163492,0.9211135496446444,0.9434267453518966,1.0
ENSG00000115232,0.2285633256055689,0.4757083379128926,1.0
ENSG00000162992,0.9260924261592948,0.9995262400176133,1.0
ENSG00000162998,0.7431914191352889,0.7454099507427276,1.0
ENSG00000188738,0.8924845125719866,0.8842482044487725,1.0
ENSG00000231646,0.9963193281032525,0.1714852526126901,1.0
ENSG00000237877,0.999999391638288,0.9568950774970377,1.0
ENSG00000144369,0.6190657910566664,0.5097142135050553,1.0
ENSG00000003436,-8.045152158405267,-13.292687717971065,1.0
ENSG00000138449,-6.104653700845094,-4.836131383928221,1.0
ENSG00000235852,0.7710594365265498,0.7832821918058279,1.0
ENSG00000138378,0.9709842832954354,0.947095059569564,1.0
ENSG00000128641,0.7529716423496211,0.792412261142265,1.0
ENSG00000173559,-25.988931347216255,0.8798274356226409,1.0
ENSG00000235056,0.5086278379237799,0.657740189108033,1.0
ENSG00000223466,0.9856638941503754,0.9666623586120083,1.0
ENSG00000272211,0.9940643627012105,0.9975924212038245,1.0
ENSG00000138411,0.9521963068420052,0.939511960145186,1.0
ENSG00000229056,0.15249859874134364,0.8830117758605711,1.0
ENSG00000187944,0.9874185760570241,0.9949197979090706,1.0
ENSG00000065413,0.9973723800912697,0.9916903188300209,1.0
ENSG00000225979,0.9977407940949526,0.9999868421196931,1.0
ENSG00000144381,-0.04104600685754223,-0.04251584844489065,1.0
ENSG00000270757,0.6696855313058107,0.6445587514673615,1.0
ENSG00000115896,0.9993802788114169,0.9972356196299232,1.0
ENSG00000163535,-2.961582606538337,-1.8282800698325228,1.0
ENSG00000232719,0.9945417323430904,0.9803875602874043,1.0
ENSG00000003402,-1.0977324919383853,-1.5196442402508477,1.0
ENSG00000226312,0.9961129234134858,0.9146834543453763,1.0
ENSG00000155749,0.42620159969624716,0.5924185187723192,1.0
ENSG00000155754,0.6600564990773921,0.6476109031563451,1.0
ENSG00000138395,0.9205776987443219,0.9603135795005866,1.0
ENSG00000273209,0.779352189317495,0.8140342723231005,1.0
ENSG00000155760,0.9761115049978027,0.9922833181967925,1.0
ENSG00000182329,0.8793914527565898,0.9584074779514179,1.0
ENSG00000222035,0.9121547931490545,0.9415527921736537,1.0
ENSG00000272966,0.9835997508399728,0.9961284503311323,1.0
ENSG00000138380,0.9823036366262516,0.9142290918589979,1.0
ENSG00000178562,0.9772861756727311,0.8907668420815178,1.0
ENSG00000204186,0.2723742703869666,0.641213149759851,1.0
ENSG00000260171,0.9974392694373329,0.9970389899129144,1.0
ENSG00000144410,0.9384647878679082,0.9974594683538542,1.0
ENSG00000118263,0.8620655749094969,0.6831737785065914,1.0
ENSG00000234902,0.9550005313991614,0.9845383637720122,1.0
ENSG00000224137,0.9999075018106766,0.9819681935678096,1.0
ENSG00000144407,-6.8292404473645,0.5821195232450507,1.0
ENSG00000144406,0.9917935115356118,0.9802157272529171,1.0
ENSG00000229127,0.6526237410264624,0.4296122153619907,1.0
ENSG00000030419,0.5682141355683132,0.5983116497716291,1.0
ENSG00000144451,0.626663245152941,0.6082338526314144,1.0
ENSG00000115414,0.6345218342722498,0.6576856614476685,1.0
ENSG00000163449,0.5829232060973213,0.4109044733201288,1.0
ENSG00000241520,0.86304986932451,0.9812378635168217,1.0
ENSG00000115457,-0.25013759072373043,-0.3114082087104364,1.0
ENSG00000115461,0.654028386064816,0.6915167959970274,1.0
ENSG00000118245,0.9752730720239086,0.9983966118248152,1.0
ENSG00000259855,0.9999846638262014,0.9977700444800254,1.0
ENSG00000079308,0.8948004190265167,0.8546667474190612,1.0
ENSG00000180871,0.7904987711608777,0.9955747726421933,1.0
ENSG00000179921,0.9921129818487946,0.9984355033318635,1.0
ENSG00000127831,0.8690832288612944,0.7968553263829528,1.0
ENSG00000144580,-2.4343092632490766,-2.354640283309302,1.0
ENSG00000115596,0.9864604194099571,0.9953830196097057,1.0
ENSG00000135925,0.9447157328073796,0.8443334012581744,1.0
ENSG00000171450,0.49088153300520454,0.3483470169910029,1.0
ENSG00000163497,-13.619396044535325,-8.525597112987262,1.0
ENSG00000163499,0.3502474159779223,0.9638129177249546,1.0
ENSG00000135924,0.8185786494171026,0.8401278551963515,1.0
ENSG00000230432,0.8945354798617557,0.9229492967357484,1.0
ENSG00000144591,-0.5009539771929947,-0.7839418556165536,1.0
ENSG00000072182,-2.7489133434759707,-0.44895514475618015,1.0
ENSG00000114923,0.9994007838426702,0.9887889635843298,1.0
ENSG00000163082,0.9885897629925857,0.9033249769003145,1.0
ENSG00000152049,0.3798295561449948,0.2197804674847641,1.0
ENSG00000144460,0.9986524521333552,0.9851568211554038,1.0
ENSG00000232023,0.9206422401063575,0.9456943721026384,1.0
ENSG00000226125,0.9925322412217932,0.9591965776403548,1.0
ENSG00000232520,0.22655456040188604,0.36196216405711457,1.0
ENSG00000115053,-0.09193422175408816,-0.06904267229423411,1.0
ENSG00000187514,-0.09217590591887892,-0.09160195156151074,1.0
ENSG00000196811,0.8471427126644001,0.8699311534544539,1.0
ENSG00000115474,0.9920837716885956,0.9996348417733353,1.0
ENSG00000072080,0.9990246197986022,0.9742918234056742,1.0
ENSG00000232893,0.9902240035153768,0.9896908688464865,1.0
ENSG00000124835,0.8139599232546538,0.8726636199121325,1.0
ENSG00000163359,0.9980759354276546,0.9796194822647621,1.0
ENSG00000234949,0.5244159072283155,0.4802529084643681,1.0
ENSG00000132329,0.8059123541382865,0.7035395681655617,1.0
ENSG00000168427,0.5670317580836723,0.71536697044599,1.0
ENSG00000280260,0.880029193168371,0.88845503635872,1.0
ENSG00000063660,0.9325587708984575,0.9689765332341779,1.0
ENSG00000178623,0.9051508728599664,0.8578265737305641,1.0
ENSG00000185176,0.898443913437189,0.9877661466767925,1.0
ENSG00000219159,0.22483438506236164,0.1802769411262639,1.0
ENSG00000172482,0.9851571739730798,0.8553957532789607,1.0
ENSG00000091181,0.7376153415913111,0.7112460168478008,1.0
ENSG00000223727,0.9526673985916383,0.9374184765491315,1.0
ENSG00000231249,0.8447092269677884,0.6399688744535067,1.0
ENSG00000150995,0.7456041381848976,0.9478865349693177,1.0
ENSG00000235947,0.6927766977651144,0.8092173755747611,1.0
ENSG00000235978,-1.2901388309935693,0.2446069113945636,1.0
ENSG00000134107,-1.2727519061974104,-2.6850437086163983,1.0
ENSG00000233912,0.9805535051391754,0.9801914649529611,1.0
ENSG00000268509,0.47701849835846555,0.4630772686199114,1.0
ENSG00000196277,0.9379276859839824,0.9339474586643904,1.0
ENSG00000071282,0.5760413322040929,0.6570672085156677,1.0
ENSG00000196220,0.9250687074639572,0.9405830449079233,1.0
ENSG00000206573,-0.2918051140715574,-0.34196978519165167,1.0
ENSG00000269886,0.9229709849359486,0.7168796807658504,1.0
ENSG00000163703,-4.9324228365219165,-43.1598303542618,1.0
ENSG00000206567,0.6754620401571249,-0.014808093945489764,1.0
ENSG00000163705,0.7445264171392423,0.6605913198878524,1.0
ENSG00000157017,0.9383335081733456,0.9531459500988237,1.0
ENSG00000132164,0.5494691562818094,0.703406865329209,1.0
ENSG00000157150,0.23882115459725106,0.38546166273682947,1.0
ENSG00000132170,0.8885790552257398,0.9155093984498359,1.0
ENSG00000163520,0.8516375807662127,0.9673755355905814,1.0
ENSG00000224514,0.8761533750483665,0.9194791895674517,1.0
ENSG00000251576,0.7288193839064535,0.5790782263366003,1.0
ENSG00000144596,0.57004061791593,0.44479939652442024,1.0
ENSG00000154783,-0.16188364890886975,0.1226814155657282,1.0
ENSG00000249786,0.9996603806173109,0.9911475912091559,1.0
ENSG00000206561,0.9539881248717503,0.8934105128456825,1.0
ENSG00000206560,-4.428469463753795,-2.928812307305241,1.0
ENSG00000233153,0.8971576387758338,0.8704735812391398,1.0
ENSG00000224074,0.7424816490639252,0.7861538095469661,1.0
ENSG00000077092,0.9527692271158521,0.9169113758278372,1.0
ENSG00000163491,-0.28101376183438753,-0.18802395884414191,1.0
ENSG00000225548,0.9182455458280154,0.9691443340745032,1.0
ENSG00000144642,0.7884836656897043,0.8732849419150442,1.0
ENSG00000163513,-1.177329838351835,0.8351498681836947,1.0
ENSG00000144645,0.4166229960887312,0.4265553014764688,1.0
ENSG00000091317,-0.07758236227393245,-0.08383873475280845,1.0
ENSG00000183813,0.9832789371808333,0.9996151500365661,1.0
ENSG00000236452,0.26559493663990164,0.28361820965626705,1.0
ENSG00000172995,0.9999596162922813,0.9909196633474566,1.0
ENSG00000163673,0.6961226787796079,0.6710195553850367,1.0
ENSG00000279727,0.5305571480438539,0.3007494930182951,1.0
ENSG00000168016,0.4922141434356858,-3.2309045932578364,1.0
ENSG00000271993,0.951166375174031,0.7551523652366652,1.0
ENSG00000271653,0.9580463263997628,0.9144367062809304,1.0
ENSG00000060971,-2.569079333636185,-4.316703871852088,1.0
ENSG00000172940,0.9999504688237605,0.9562812924939176,1.0
ENSG00000168356,0.6685004132481933,0.6148771628886629,1.0
ENSG00000144655,0.9035738937165918,0.47662485189636583,1.0
ENSG00000168334,0.9842912100420609,0.9563996250785826,1.0
ENSG00000168314,0.7767941137081008,0.7051146205589764,1.0
ENSG00000114784,-0.5920972637961048,-0.9256360805040447,1.0
ENSG00000177842,0.34255632113674295,0.04417380624677114,1.0
ENSG00000168036,-0.5148631087102997,-0.4634524074538482,1.0
ENSG00000157093,0.8809782658367548,0.9792302987312266,1.0
ENSG00000280571,0.9333277259992572,0.8921287139732077,1.0
ENSG00000225611,0.9872850818953415,0.9572916725657971,1.0
ENSG00000234617,0.8613495798837862,0.7598914892801356,1.0
ENSG00000225873,0.6237108347235679,-1.4957680334166694,1.0
ENSG00000163815,0.847418112957727,0.9250295353825935,1.0
ENSG00000163814,0.5166990080398111,0.4943401111622352,1.0
ENSG00000249992,-37.6529061595254,-29.58027902021565,1.0
ENSG00000163817,0.9638582262761032,0.9315343296032085,1.0
ENSG00000173585,0.34312900836178284,0.2687282705609233,1.0
ENSG00000163823,0.5195974603912881,0.7771757201768623,1.0
ENSG00000223552,0.9667149223110627,0.9999965525992839,1.0
ENSG00000121797,0.9886316355970026,0.9679502477802742,1.0
ENSG00000178038,-0.2952910333499865,-0.6336885302508581,1.0
ENSG00000160801,0.9301026408412527,0.9141642135797818,1.0
ENSG00000260236,0.71585051188397,0.6366262894883701,1.0
ENSG00000164047,0.7167045684568598,0.9350214962780785,1.0
ENSG00000145040,0.992446379585282,0.9995790200652154,1.0
ENSG00000221883,0.778584033357634,-94.09186680524134,1.0
ENSG00000235236,0.9817399951199595,0.9494288987610864,1.0
ENSG00000272434,0.7331641636673316,0.6498211280865974,1.0
ENSG00000226913,0.6496878554001368,0.49289941525953107,1.0
ENSG00000187492,0.9436606884545269,0.8928364146380623,1.0
ENSG00000182179,0.8322903560780871,0.811535974140745,1.0
ENSG00000228008,0.9091290228898348,0.8785645421551842,1.0
ENSG00000281691,0.6700506072075667,0.8290177661324811,1.0
ENSG00000235016,0.35010079469895916,0.6207489926189365,1.0
ENSG00000001617,0.7162297841161466,0.7578183153662006,1.0
ENSG00000114353,-6.3817653619529935,-4.0190012423259205,1.0
ENSG00000230454,0.9973256925300245,0.9799339185559289,1.0
ENSG00000012171,0.6777958974725786,0.8240361398273264,1.0
ENSG00000186792,-0.11813269519882752,-11.33734295718036,1.0
ENSG00000114735,-3.6684301712950766,0.9581697966414,1.0
ENSG00000114737,-1.025582116844264,0.9954702353403059,1.0
ENSG00000145050,-0.41727227541884604,-0.5453343823149921,1.0
ENSG00000184345,0.9718611649128879,0.9276782875388012,1.0
ENSG00000023330,-8.517585887546712,-107.18784958936469,1.0
ENSG00000055955,0.9883297286972935,0.9517997545987641,1.0
ENSG00000272305,-0.0831294821929458,0.04815404607185625,1.0
ENSG00000163931,-0.40745623625767746,-0.5701305504080578,1.0
ENSG00000157388,0.8883142354860218,0.891332913500808,1.0
ENSG00000186451,0.42974705187982554,0.39289090833509477,1.0
ENSG00000163666,0.00025939018005760595,0.9548278771908184,1.0
ENSG00000163687,0.9866834641420333,0.999495042381748,1.0
ENSG00000273493,0.9985190331000707,0.982382463430488,1.0
ENSG00000168297,0.28918864471740435,-3.5049467739291886,1.0
ENSG00000272182,0.8593070236224778,0.02886190002776512,1.0
ENSG00000168309,0.8159087675665804,0.7993605654928284,1.0
ENSG00000163632,0.867323549890534,0.9353462033149685,1.0
ENSG00000243410,0.8185696455593017,0.8214127238556143,1.0
ENSG00000144746,-1.2774030594381407,-2.4507091356350674,1.0
ENSG00000163380,0.4594552638644983,0.47130338354186885,1.0
ENSG00000114541,0.9790378569946137,0.9923878546480692,1.0
ENSG00000270562,0.9727931205687929,0.9475280423409078,1.0
ENSG00000241163,0.7778471201842474,0.755265518933885,1.0
ENSG00000172969,0.7145961866481938,0.6546546895484857,1.0
ENSG00000169855,0.3313104901273841,0.27702680712665084,1.0
ENSG00000175161,0.931771047747244,0.33981235666344056,1.0
ENSG00000184500,0.3648883757381357,-4.351913958205748,1.0
ENSG00000064225,0.5136279264296681,0.5114868676107136,1.0
ENSG00000144810,0.8261190537946514,0.8473931116683944,1.0
ENSG00000168386,0.5076533237798944,-12.470622530209463,1.0
ENSG00000154175,0.7741525221090576,0.8456234162990783,1.0
ENSG00000081148,0.9956647503879487,0.9998054798741212,1.0
ENSG00000144815,-17.25744844608171,-1.4498254108681166,1.0
ENSG00000144802,0.49290430699639676,-0.7299028002982966,1.0
ENSG00000170017,0.7465098231459799,0.6767583259357941,1.0
ENSG00000114423,0.9990553633162274,0.8592030006912692,1.0
ENSG00000239828,0.9909690547397425,0.9999884736938829,1.0
ENSG00000273125,0.7536243622211884,0.8575001893190063,1.0
ENSG00000241469,0.9713303694135672,0.972848171275992,1.0
ENSG00000196776,-0.08486291813327762,-0.13921199804270956,1.0
ENSG00000144821,0.9912786525638735,0.9961332679666289,1.0
ENSG00000228980,0.7173624388579951,0.818695333113797,1.0
ENSG00000206532,0.9983950757827843,0.9995334693602644,1.0
ENSG00000239482,0.7440488583061869,0.6071305758044054,1.0
ENSG00000243081,0.4039684951964535,0.13962045212203178,1.0
ENSG00000186265,-0.3682441182986389,0.10777390187658709,1.0
ENSG00000091986,0.7736960292801673,0.6653460732141641,1.0
ENSG00000206531,-0.06526019953705742,0.12159060619723971,1.0
ENSG00000273394,0.8760633784491639,0.8020761592455793,1.0
ENSG00000241490,0.6765573395806939,0.5131707182302854,1.0
ENSG00000259976,0.9999166011528356,0.9998007923910136,1.0
ENSG00000181722,0.32499912652284224,0.43542067001279827,1.0
ENSG00000242767,0.9161282895984377,0.8931309784346798,1.0
ENSG00000185565,0.5598936140146781,0.39475428496602705,1.0
ENSG00000240922,0.5284876517052004,0.3887593241075842,1.0
ENSG00000243276,0.9731311574811354,0.9571223146526309,1.0
ENSG00000144837,0.8921764290153799,0.691063544224489,1.0
ENSG00000121577,0.9920689074714971,0.9890347806423265,1.0
ENSG00000138495,-0.11506179760810609,-0.12266269309617828,1.0
ENSG00000282950,0.6293667343028859,0.5654431088415197,1.0
ENSG00000163430,0.8926456225865332,0.88155680078816,1.0
ENSG00000186103,0.9933025876550545,0.9490264989177926,1.0
ENSG00000180353,0.6871784639596688,0.7486536743096238,1.0
ENSG00000163406,0.6541132098848101,0.6842605253922285,1.0
ENSG00000114013,0.7651569342992754,0.6910775991836646,1.0
ENSG00000121552,0.943441058964153,0.9794991435077519,1.0
ENSG00000065534,0.49913768573810724,0.5069131554255829,1.0
ENSG00000221955,0.9773422982153059,0.999939816072499,1.0
ENSG00000248787,0.9674579794828742,0.966293726676084,1.0
ENSG00000144908,0.9492721380574312,0.9874772078001479,1.0
ENSG00000159650,0.9535883478820968,0.9253212675952615,1.0
ENSG00000163870,-16.447229954022855,-6.525895827543172,1.0
ENSG00000114626,0.9075949191763037,-0.45144823194338857,1.0
ENSG00000074416,0.9999180643216263,0.999255642045168,1.0
ENSG00000179348,-0.7218250318370592,-1.1239893577885018,1.0
ENSG00000184897,-0.5563018626250391,-0.3443944459078989,1.0
ENSG00000172771,0.999197442525435,0.998009723665667,1.0
ENSG00000129071,-1.5880166994965488,-1.8873751789890445,1.0
ENSG00000172752,-0.6227578713196056,-0.39961077087390895,1.0
ENSG00000014257,0.9512543888436787,0.9145859824460217,1.0
ENSG00000170819,0.8886446934337408,0.9273835500765899,1.0
ENSG00000249993,0.6903732867227983,0.7270162825745218,1.0
ENSG00000272832,0.9820742979794524,0.9516140229505758,1.0
ENSG00000091513,0.9130429728971953,0.9969206950673158,1.0
ENSG00000174640,0.6401248217187971,0.5173732982517338,1.0
ENSG00000243832,0.74683554346618,0.5184486219418123,1.0
ENSG00000154928,0.560215665902116,0.490746979464584,1.0
ENSG00000261758,0.4270743578252637,0.6157250915842383,1.0
ENSG00000273486,0.977153059307681,0.9993640712717363,1.0
ENSG00000066405,0.7333167906541587,0.8135189615640436,1.0
ENSG00000272609,0.9000004182014809,0.9582704214844986,1.0
ENSG00000183770,-1.4109187787734547,-2.5459911216635556,1.0
ENSG00000206262,0.9990711020395106,0.9992572162953954,1.0
ENSG00000114113,0.8951516422633348,0.9796514078484791,1.0
ENSG00000158258,0.9973617582620422,0.9682060856470318,1.0
ENSG00000177311,-4.193265898041404,-2.298505198874572,1.0
ENSG00000114124,0.603048880428725,0.5711825434834159,1.0
ENSG00000243733,0.9988130955707843,0.9999805995463582,1.0
ENSG00000174963,0.9760927401022974,0.9779053683250801,1.0
ENSG00000242440,0.9607597489392002,0.9793394503459422,1.0
ENSG00000047457,0.8597446418392727,0.999733993932665,1.0
ENSG00000169908,0.6705014605382053,0.4576492912716692,1.0
ENSG00000240541,0.9449828623507526,0.906833590099896,1.0
ENSG00000206199,0.5083959850275335,0.5815562687834883,1.0
ENSG00000070087,0.9517610145522043,0.9754186579448727,1.0
ENSG00000243944,0.8836236176635698,0.973504135447469,1.0
ENSG00000244541,0.9984553369332709,0.9792577755292371,1.0
ENSG00000174944,0.8889844215303064,0.8357818859616355,1.0
ENSG00000198829,0.9284964519894002,0.9331926779351684,1.0
ENSG00000239941,0.9999929154742099,0.9859784375939323,1.0
ENSG00000221962,0.8024191792063895,0.7754409336074133,1.0
ENSG00000241220,0.9911217306513694,0.9982857833711859,1.0
ENSG00000114790,0.6425970434964166,0.6098942525565768,1.0
ENSG00000196549,0.9475341244432414,0.980615501801715,1.0
ENSG00000169282,0.8796299869027171,0.850434188367196,1.0
ENSG00000240875,0.8296031857666291,0.6427932848866729,1.0
ENSG00000241544,0.9643260108958315,0.9999581977892511,1.0
ENSG00000163660,-14.686712700519058,-1.3418518611229846,1.0
ENSG00000163661,0.21019499323059276,0.36331245257825084,1.0
ENSG00000242536,0.9995172455074751,0.9776290876639226,1.0
ENSG00000243150,-20.578364157027266,-277.19185140807474,1.0
ENSG00000272247,0.5562158135306752,0.431767381668577,1.0
ENSG00000113810,-0.10338440578376185,-0.11527762304159395,1.0
ENSG00000244128,0.9899622035701434,0.9862124302333428,1.0
ENSG00000174776,0.9239515058759427,0.9759897093442553,1.0
ENSG00000173905,-0.9429881831439726,-0.5646245904346854,1.0
ENSG00000269889,0.9959953459263666,0.9928026832929662,1.0
ENSG00000269984,0.9935372253074537,0.9822453696876673,1.0
ENSG00000270135,0.973345858556288,0.9671723874056711,1.0
ENSG00000187033,0.5274071556306915,0.47956826218422133,1.0
ENSG00000240373,0.782083793046283,0.6059428456862757,1.0
ENSG00000136603,-160.01956785912674,-6.251775774265776,1.0
ENSG00000163584,-0.4903099784532834,-0.570831125498283,1.0
ENSG00000075651,0.9848091833528857,0.39464469207493813,1.0
ENSG00000075420,-2.004355250159984,-0.34029204941006763,1.0
ENSG00000121858,0.26602531421137865,0.5016345025301956,1.0
ENSG00000228221,0.7654045421005418,0.7583642056629067,1.0
ENSG00000172667,-13.553781430246858,-741.7520547669968,1.0
ENSG00000242522,0.9955822963162567,0.967298548650472,1.0
ENSG00000114796,-4.0917004672907815,0.9550599222187344,1.0
ENSG00000238020,0.2574011319452848,0.0788133613211861,1.0
ENSG00000175182,0.8603796542493638,0.7331474632359558,1.0
ENSG00000272970,-0.6282078716358295,0.5799987041475029,1.0
ENSG00000073803,-0.03205146869351139,0.5936576079401985,1.0
ENSG00000163898,-1.4587737391936662,-5.239760396300605,1.0
ENSG00000058866,0.9773155264873944,0.9480562371753952,1.0
ENSG00000263826,0.7803606792322237,0.5424280045540463,1.0
ENSG00000156976,-0.28640324659632954,-0.43109740700978816,1.0
ENSG00000127241,0.24035709535668515,0.38053510080937947,1.0
ENSG00000136514,0.82836965777765,0.8960105698107541,1.0
ENSG00000113916,-0.05454742590634609,0.24488839543903718,1.0
ENSG00000224855,0.9899909963351805,0.9649975463290218,1.0
ENSG00000114315,-0.9040873935216829,-2.5437726421286104,1.0
ENSG00000238097,0.972011261492598,0.92286830385871,1.0
ENSG00000178772,0.013075116237310835,0.23083330398967927,1.0
ENSG00000172061,0.9324781637954481,0.8597613297247308,1.0
ENSG00000185112,0.9591524404806504,0.9999574501956163,1.0
ENSG00000230401,0.9977216015776394,0.965255784140479,1.0
ENSG00000114331,-1.225999867701097,-1.502835595296145,1.0
ENSG00000223711,0.5744051905369008,0.6594472391359563,1.0
ENSG00000189058,0.8359843000071462,0.9388357950628293,1.0
ENSG00000176945,0.920430314059852,0.9914270740630122,1.0
ENSG00000145113,0.9882501586343726,0.9997816787091824,1.0
ENSG00000223783,0.9015323384742038,0.8893537735363463,1.0
ENSG00000226155,0.8852729513021707,0.9088670530398284,1.0
ENSG00000072274,-0.08590292035634928,-0.08265112056904123,1.0
ENSG00000163961,-0.37756935902638267,-1.1256908514827746,1.0
ENSG00000232065,0.9297631032966271,0.8143124578741494,1.0
ENSG00000225578,0.8197750291668683,0.9119517729397277,1.0
ENSG00000161267,0.5289658907706144,0.42320229673793686,1.0
ENSG00000236833,0.9224845509720687,0.8367739344479044,1.0
ENSG00000133256,0.6723628710818403,0.5373722673616576,1.0
ENSG00000272927,0.9755794418268515,0.9775718835434251,1.0
ENSG00000272588,0.9621009348767936,0.9983088409492772,1.0
ENSG00000127415,0.8974357824104818,0.9526626261317652,1.0
ENSG00000280927,0.9712569053601139,0.9997051453176801,1.0
ENSG00000272783,0.968017830598273,0.9997537544148312,1.0
ENSG00000244459,0.45198611171677017,0.705053452153569,1.0
ENSG00000068078,-0.3409581348622257,0.01383229055237023,1.0
ENSG00000243449,-0.11390161533861676,-0.11179292553973075,1.0
ENSG00000130997,0.9991293324960933,0.969024553644584,1.0
ENSG00000175920,0.8908808059334667,0.8997694691141309,1.0
ENSG00000163956,-2.071168205313572,-3.0585164479303604,1.0
ENSG00000270090,0.995368522316906,0.9998612038795268,1.0
ENSG00000248516,0.9604967537620188,0.996680023624965,1.0
ENSG00000163132,-3.26156565930986,-14.871044335430607,1.0
ENSG00000170891,0.9219576922009255,0.839869433861857,1.0
ENSG00000072840,0.8102867616421169,0.8960473314708014,1.0
ENSG00000074211,0.23978729098212903,0.3664854347530714,1.0
ENSG00000246526,0.16500097573888017,0.01736085413511168,1.0
ENSG00000163993,0.9267427275389895,0.9241978384244252,1.0
ENSG00000245468,0.9988802116443218,0.9892354289015982,1.0
ENSG00000178597,0.9862644866304445,0.9798171689626698,1.0
ENSG00000163995,0.04025499630879115,0.2582390384654917,1.0
ENSG00000125089,0.9958498655226248,0.9953452165521326,1.0
ENSG00000248986,0.17235848016180122,0.2779018220119073,1.0
ENSG00000251615,0.9996821922467796,0.9786547667143832,1.0
ENSG00000205959,0.9054816054372687,0.9740578478477796,1.0
ENSG00000109625,0.9908068162373327,0.9930051439659131,1.0
ENSG00000109684,0.9559796000060234,0.9463242525153377,1.0
ENSG00000251210,0.83837292572319,0.8910504789456073,1.0
ENSG00000248360,0.71571898317205,0.875606672658446,1.0
ENSG00000247624,0.9941879747857716,0.9999454153320299,1.0
ENSG00000249252,0.6823196190558896,0.5100940636970275,1.0
ENSG00000273133,0.906292835878385,0.8671183279125435,1.0
ENSG00000137440,0.8938091347240863,0.909481403073366,1.0
ENSG00000137441,0.8139354324135545,0.8984661613514089,1.0
ENSG00000263327,0.7653442949706375,0.746586182717865,1.0
ENSG00000248138,0.985907518575794,0.9727214014740482,1.0
ENSG00000047662,0.8740252040778095,0.8492413484406062,1.0
ENSG00000145147,0.8742081485430222,0.7828421024651815,1.0
ENSG00000185774,0.4165364790139354,0.586305941146225,1.0
ENSG00000272995,0.9331441437255655,0.9800893305929793,1.0
ENSG00000251292,0.5833344265151025,0.5989023720464817,1.0
ENSG00000109610,0.9747667923247547,0.9942767998477056,1.0
ENSG00000181982,0.9946279460432058,0.9999998952527615,1.0
ENSG00000153012,0.15841776909627647,0.27110992898925956,1.0
ENSG00000271172,0.42827937084938694,0.34563895381543497,1.0
ENSG00000109689,-0.060585175291965054,-0.9168593181653966,1.0
ENSG00000047365,0.7080389634101725,0.6564847000098404,1.0
ENSG00000154274,0.5535099723112665,0.45646765698195046,1.0
ENSG00000248227,-0.4631947199728006,-0.3745585478535325,1.0
ENSG00000174125,0.9948889405580058,0.9340810841673097,1.0
ENSG00000121895,0.9699370505578725,0.9972059646044106,1.0
ENSG00000134962,-0.3572898057896512,-0.031897474163036676,1.0
ENSG00000163683,-975.5235338309582,-0.9009540470381889,1.0
ENSG00000168421,-38.02101870582818,-13.620212315906592,1.0
ENSG00000249241,0.373601448227564,0.37018992020257513,1.0
ENSG00000174343,0.857732495836589,0.718227000923761,1.0
ENSG00000124406,0.891252697994885,0.9022811429746411,1.0
ENSG00000260519,0.8238061870691623,0.8190026536524213,1.0
ENSG00000251350,0.9879141476551389,0.9999430287391785,1.0
ENSG00000151834,0.7515652717843997,0.789159172534054,1.0
ENSG00000145246,0.7655833159020538,0.7743327178982965,1.0
ENSG00000250302,0.3334841448793837,0.59939548018433,1.0
ENSG00000248115,0.9792440742172306,0.9809125744799576,1.0
ENSG00000072201,0.9240529395177124,0.9461118215161876,1.0
ENSG00000134853,0.6908353829740195,0.8209214602902171,1.0
ENSG00000251264,0.8578158075121528,0.9093169092858342,1.0
ENSG00000157404,0.4714646160764355,0.6305562332207789,1.0
ENSG00000270147,0.9839263740815639,0.9407315634609226,1.0
ENSG00000163453,0.5404820512617092,0.719344486992809,1.0
ENSG00000249892,0.6862056006216442,0.5284973293337456,1.0
ENSG00000205682,0.9965878676873654,0.9726498890340105,1.0
ENSG00000250125,0.41399741091677444,0.49924792011894814,1.0
ENSG00000249413,0.7469663173294832,0.6858185874684367,1.0
ENSG00000035720,0.9976726843611488,0.9987791037284883,1.0
ENSG00000187054,0.8797878779285684,0.8355783696426589,1.0
ENSG00000198092,0.6368081116820314,0.7764931400286197,1.0
ENSG00000185873,0.7721202520560839,0.8793972502221872,1.0
ENSG00000213759,0.784826194060835,0.8460558759316621,1.0
ENSG00000250696,0.99271909991629,0.9967905720982964,1.0
ENSG00000178522,0.8871699658556198,0.9145603888312872,1.0
ENSG00000132464,0.9817462973306365,0.9988662690047145,1.0
ENSG00000132465,0.6108805495591858,0.6651629419380345,1.0
ENSG00000080493,0.8605924864348019,0.8893119529144172,1.0
ENSG00000169429,0.8972575178700068,0.9297460501980743,1.0
ENSG00000109321,-0.14983165930575626,0.922141727311943,1.0
ENSG00000260265,0.8584003964458842,0.976630630064115,1.0
ENSG00000250735,-0.29458449261360053,-0.3287931181616477,1.0
ENSG00000174792,0.9136094954286518,0.9643080255845486,1.0
ENSG00000229717,0.9818376908397868,0.9956331081271312,1.0
ENSG00000169245,0.9341107091813544,0.8528648566832429,1.0
ENSG00000138764,-0.01872205164296048,0.9943597245563891,1.0
ENSG00000138772,0.9147388188260247,-1.778768132576892,1.0
ENSG00000251442,0.8960523011136116,-0.4118197345053607,1.0
ENSG00000138756,-1.984871702321556,-0.7886133691859165,1.0
ENSG00000248408,0.8008859855390451,0.8532931879512042,1.0
ENSG00000163297,0.8640249853664947,0.9648968118479164,1.0
ENSG00000197826,0.8892901939533269,0.8523882994557677,1.0
ENSG00000249242,0.6985180376826763,0.9851189450028595,1.0
ENSG00000145287,0.9522087990426772,0.9759184721079475,1.0
ENSG00000173083,0.9790490191371102,0.9927130609741062,1.0
ENSG00000138678,0.6693060232461832,0.824200577744902,1.0
ENSG00000163623,0.8719144862376429,0.7679603653019855,1.0
ENSG00000273389,0.8911476334380126,0.9549239103438402,1.0
ENSG00000163629,0.9856607021301411,0.9447784533764663,1.0
ENSG00000145283,0.9852832885782838,0.9891738531840251,1.0
ENSG00000198189,-17.462308156004255,-0.7208836998269357,1.0
ENSG00000152583,-0.010844484100066776,0.11762403930976062,1.0
ENSG00000152591,0.7498947641894294,0.7218919872264569,1.0
ENSG00000118777,0.994648033073139,0.9993008409371507,1.0
ENSG00000138642,0.29191281287289916,0.3710840634091437,1.0
ENSG00000138646,0.9737028074031773,0.9366739477473132,1.0
ENSG00000145335,0.9997367786407512,0.9942016442931173,1.0
ENSG00000163106,0.6783519925964738,0.6842603224060726,1.0
ENSG00000260641,0.997933012045495,0.958688037016742,1.0
ENSG00000172955,0.9964867455261606,0.999421668846667,1.0
ENSG00000196616,0.930515800795161,0.9685462124607551,1.0
ENSG00000070190,0.9880070849623471,0.9875304235121115,1.0
ENSG00000138814,-9.831254707726167,-1.2565444172532096,1.0
ENSG00000109323,0.891303388127091,-7.575491018613343,1.0
ENSG00000138778,-1.2337391623632792,-2.472875967367385,1.0
ENSG00000168772,0.7940654044335762,0.8938922453081518,1.0
ENSG00000248242,0.8970862966142659,0.7623922297743595,1.0
ENSG00000248373,-0.47513072619389796,-0.40487854166420645,1.0
ENSG00000168743,0.9445980547081179,0.9700634865822143,1.0
ENSG00000246774,0.9107216094186164,0.9743661173039836,1.0
ENSG00000138792,0.9802568237798569,0.9996637339024177,1.0
ENSG00000073331,0.9453297103156764,0.9935516884467661,1.0
ENSG00000145362,0.9664174477309747,0.9458120970661352,1.0
ENSG00000145349,0.2938367156501335,0.291236474125225,1.0
ENSG00000250791,0.999547939883679,0.9975883590821268,1.0
ENSG00000236922,0.8470382166618754,0.7767764833998472,1.0
ENSG00000150961,0.2938800671140681,0.38191100922182275,1.0
ENSG00000172403,0.7155774464331353,0.6874100807797183,1.0
ENSG00000172399,0.9024906383694765,0.946344069271541,1.0
ENSG00000145390,-0.6733603220458446,-0.6869647216377603,1.0
ENSG00000145384,0.9976593053682391,0.9803038782424803,1.0
ENSG00000250938,0.8178698276145953,0.8418342591146717,1.0
ENSG00000050730,0.8761741427580835,0.9205207411992823,1.0
ENSG00000164111,-0.12319584991374444,-0.07170652216481788,1.0
ENSG00000145386,-0.162234720874588,-0.17345443777636183,1.0
ENSG00000138688,0.7214808817718753,-65.84456507665982,1.0
ENSG00000227145,0.596835352663796,0.7816300108567182,1.0
ENSG00000181004,0.6172659723981333,0.6111380945394567,1.0
ENSG00000251526,0.8496512908920646,0.8566551015428813,1.0
ENSG00000249464,0.9283353414155727,0.8660182336252751,1.0
ENSG00000196159,0.8187925558978488,0.8384314341856755,1.0
ENSG00000250945,0.962478617742639,0.8572652960267791,1.0
ENSG00000142731,-45.55961327769569,-8.574022193408657,1.0
ENSG00000273077,0.3472607046548897,0.28928093941638966,1.0
ENSG00000248187,0.6395045685289816,0.8813265748930323,1.0
ENSG00000077684,-0.8585795505178913,-0.8370749561659176,1.0
ENSG00000138650,0.5637757119566025,0.6253594463965461,1.0
ENSG00000151012,0.6794954530813542,0.9803912152701838,1.0
ENSG00000249381,0.612995385108815,0.6457153383012716,1.0
ENSG00000250977,0.995437530742024,0.9998408420052942,1.0
ENSG00000250501,-0.5482069056094458,0.0004734639598421575,1.0
ENSG00000137463,0.8766764031651877,0.9745880545130748,1.0
ENSG00000273247,-2.377118142287746,-1.8179471004879955,1.0
ENSG00000261268,0.4078318346324298,0.6189694890372708,1.0
ENSG00000197465,-0.20283622019186165,-0.31242257080891633,1.0
ENSG00000250361,-0.18782152124708484,-0.2037547103756372,1.0
ENSG00000170180,-0.09266580108892053,-0.12950496657637078,1.0
ENSG00000251298,0.9440913987981814,0.96895763289265,1.0
ENSG00000250252,0.9353761481888687,0.826927458211101,1.0
ENSG00000249690,0.9343759771326252,0.8607533141535463,1.0
ENSG00000181541,0.9424944374768222,0.9330807160875365,1.0
ENSG00000145425,-0.10419035410130562,-0.100397414870383,1.0
ENSG00000251611,0.99969036848146,0.9922028588463716,1.0
ENSG00000245954,0.9702654019467736,0.9640330540640756,1.0
ENSG00000270883,0.6291506936819842,0.7168295104108966,1.0
ENSG00000170006,0.3066385468026487,-0.8309119536889746,1.0
ENSG00000109654,0.13355891682223175,0.8674633802159235,1.0
ENSG00000145428,0.8380044141452128,0.7683559381180463,1.0
ENSG00000256043,0.6435499497538898,0.5990256317653432,1.0
ENSG00000109738,0.859561852034005,0.8645893392201816,1.0
ENSG00000248429,-1.1236204754359473,-0.994896893963964,1.0
ENSG00000052795,-0.5399204806465221,-2.2182175266307467,1.0
ENSG00000164123,0.963097809222043,0.9969999545888066,1.0
ENSG00000249419,0.8472713370097339,0.8764033561550741,1.0
ENSG00000248431,0.6349375909887277,0.7075776437269665,1.0
ENSG00000164128,0.5442903654579371,0.6951590348900161,1.0
ENSG00000109472,0.9078082945891263,0.9088155179766564,1.0
ENSG00000248601,0.2334598653304285,0.046537211004053725,1.0
ENSG00000181381,0.9704089362758197,0.9752319444286864,1.0
ENSG00000129116,0.6803766747528521,0.8503771265991236,1.0
ENSG00000109572,-0.9950487253406146,-1.384276006657171,1.0
ENSG00000251061,0.9955197510515489,0.9955134039488567,1.0
ENSG00000174473,0.9454576811791723,0.9085145244933697,1.0
ENSG00000164104,-0.11540934269916514,-0.13981435787118102,1.0
ENSG00000164106,0.9990242999598086,0.9889567416966354,1.0
ENSG00000164120,0.9905825929686244,0.9928815184908534,1.0
ENSG00000251584,0.9823812949501604,0.9975794683907693,1.0
ENSG00000168594,0.43240219171893446,0.42971664229972795,1.0
ENSG00000150628,0.8615992764674261,0.8422173601073464,1.0
ENSG00000249008,0.6554995083704394,0.8348070061514434,1.0
ENSG00000248197,-0.04044648213506097,0.33518312995611255,1.0
ENSG00000177822,0.8347231336824732,0.8870363442627865,1.0
ENSG00000248694,0.3151100673401377,0.6539607062599859,1.0
ENSG00000251128,0.99202105744333,0.9753146351552491,1.0
ENSG00000173320,0.9687993694493823,0.8748613374837495,1.0
ENSG00000164303,0.996749536266709,0.994744226128259,1.0
ENSG00000180712,0.5525510869939159,0.5724176225342692,1.0
ENSG00000168310,0.9777007541703358,-0.8570255723855011,1.0
ENSG00000271646,0.9990803726407074,0.9749745227631466,1.0
ENSG00000271538,0.7665977176535301,0.8376419822233856,1.0
ENSG00000151725,-0.22153480780614387,-0.27655106960590814,1.0
ENSG00000151726,0.9448984081529772,0.6178206638920208,1.0
ENSG00000251139,0.7124035411050162,0.6859307539635394,1.0
ENSG00000251230,0.9085643580356881,0.7181802085787554,1.0
ENSG00000250410,0.9477511579141177,0.869184212613473,1.0
ENSG00000249679,0.8971584485513284,0.8348967035741421,1.0
ENSG00000154553,0.49686155946016597,0.6281963861610769,1.0
ENSG00000164342,0.9647548987224179,0.9247168076964538,1.0
ENSG00000179046,0.8293831806550513,0.7785616503462935,1.0
ENSG00000184108,0.6382346886787961,0.5662917921323313,1.0
ENSG00000247130,0.9974940359365568,0.9946912963484744,1.0
ENSG00000248370,0.9682156892582017,0.9973054960892235,1.0
ENSG00000245685,0.8707858581403394,0.8354284267880061,1.0
ENSG00000109536,-0.3867280645298119,-0.3123754039785427,1.0
ENSG00000205097,0.6668984533127651,0.7063485195542853,1.0
ENSG00000249430,0.8776091183088776,0.8640783207759377,1.0
ENSG00000248925,0.8491902830737224,0.9020435394809049,1.0
ENSG00000171368,0.8344083864901827,0.9163332791183926,1.0
ENSG00000249201,0.9753997215097331,0.9978333567505839,1.0
ENSG00000174358,0.999629252708586,0.48721376562957586,1.0
ENSG00000250584,-0.5988206770887008,-0.3665148215362486,1.0
ENSG00000142319,0.9379367628492569,0.9745590975229496,1.0
ENSG00000260763,0.9945775359685951,0.9736843672105657,1.0
ENSG00000215218,0.9982767293167923,0.9976089441448185,1.0
ENSG00000250060,0.9334517916877955,0.9667155854716116,1.0
ENSG00000223597,0.9859580576272206,0.922493941564998,1.0
ENSG00000078295,0.8824658918579479,0.8540070293740266,1.0
ENSG00000272049,0.8477809301048573,0.6310974982837226,1.0
ENSG00000247516,-0.1757126677138201,-0.16216784163639408,1.0
ENSG00000271715,0.9928992115300097,0.9786613951078529,1.0
ENSG00000249166,0.4580300177276897,0.7708575345502916,1.0
ENSG00000249396,0.3757611644377479,0.39607916748166094,1.0
ENSG00000250576,0.9979539151651596,0.9998776999864503,1.0
ENSG00000154153,0.9720589812289785,0.9019871810442726,1.0
ENSG00000271892,0.9998857879541414,0.9941182014473681,1.0
ENSG00000249937,0.8897533201017882,0.8927309747482481,1.0
ENSG00000251629,0.8456790985239296,0.8101294595407434,1.0
ENSG00000245662,0.9617304080404918,0.9448461832514295,1.0
ENSG00000273294,0.9560026581310194,0.871424785253061,1.0
ENSG00000245711,0.33461984525708155,0.3287608505169686,1.0
ENSG00000079215,0.5732694783626067,0.8093331736823766,1.0
ENSG00000272103,0.9845474416797768,0.9999995809598935,1.0
ENSG00000168621,0.9495144581793922,0.9712178305672686,1.0
ENSG00000113594,0.9951900119000864,0.9815849298618569,1.0
ENSG00000249740,0.499178327717963,0.5529297881891728,1.0
ENSG00000145623,0.6156376245310282,0.5040551732211147,1.0
ENSG00000164327,-1.1346020976923055,-2.2518390260245784,1.0
ENSG00000082074,-0.17479418739973895,0.28506687957413934,1.0
ENSG00000153071,-7.048717542342905,-12.994456693225322,1.0
ENSG00000198865,0.99458777056946,0.9999532718144226,1.0
ENSG00000250722,-0.30695271931995327,-0.20367766346653715,1.0
ENSG00000272234,0.9862717657603568,0.9812155877497134,1.0
ENSG00000251131,0.8561350046822123,0.9136481533210714,1.0
ENSG00000177721,-3.68013414212501,-4.523855029629468,1.0
ENSG00000272144,0.1524111092348741,0.4893909191849136,1.0
ENSG00000164588,0.03638284620194043,0.22438829310360175,1.0
ENSG00000151883,0.9531514153132239,0.9167252031213282,1.0
ENSG00000251573,-0.2359802974398164,-0.24991441048236163,1.0
ENSG00000016082,0.503185788317723,0.3214989298193567,1.0
ENSG00000248898,0.3719082014285151,0.4137382526645942,1.0
ENSG00000134363,0.9316174283211206,0.9550481264724286,1.0
ENSG00000250447,0.526176847499392,0.7332618809223646,1.0
ENSG00000164287,0.3255539348322882,0.6756407736494465,1.0
ENSG00000067113,0.9846345043286141,0.9676335398546047,1.0
ENSG00000152670,0.9719319122319794,0.8581971790646956,1.0
ENSG00000134352,-19.842306765703917,-820552.8361540568,1.0
ENSG00000262211,0.503009214329646,0.6502974594559885,1.0
ENSG00000164512,0.99802231515675,0.9888561932486307,1.0
ENSG00000169067,0.8764503043500025,0.8973391550437311,1.0
ENSG00000145632,0.6923238976903959,0.8015948530345207,1.0
ENSG00000175857,0.9737483161770337,0.9861074640582742,1.0
ENSG00000248733,0.9994907111824887,0.9990657774406985,1.0
ENSG00000113448,0.8952532615290357,0.9616594236128982,1.0
ENSG00000152931,0.9231640499157133,0.7901563343648399,1.0
ENSG00000134061,0.618374487076757,0.5560608338312979,1.0
ENSG00000145675,0.9822437211983777,0.593339304712571,1.0
ENSG00000134057,-0.14869493931020705,-0.16370805995738635,1.0
ENSG00000164326,0.8902416256392078,0.9120567683032778,1.0
ENSG00000131711,-0.5207934304639275,-0.8106193060595404,1.0
ENSG00000178175,0.9443409641548727,0.9202415703968478,1.0
ENSG00000249085,0.99594252227956,0.9938396662101376,1.0
ENSG00000157111,0.9997709431046243,0.9853136881041704,1.0
ENSG00000214944,0.44521939031481195,0.582980872456387,1.0
ENSG00000049860,-3.3465442529035583,-0.004300472914795295,1.0
ENSG00000198780,0.9853184579152926,0.9995099543417343,1.0
ENSG00000249856,0.969821223471175,0.999171892722726,1.0
ENSG00000122012,0.9138949572820562,0.9917466866442479,1.0
ENSG00000250348,0.4309881072047007,0.05392894229198286,1.0
ENSG00000145703,-0.07215376744735713,-0.07780952735936975,1.0
ENSG00000164220,0.8553366327038536,0.7086656123928414,1.0
ENSG00000171643,0.05827406545440206,0.5048938324366417,1.0
ENSG00000145708,0.9937499705271817,0.9274077678146057,1.0
ENSG00000113273,-0.059642706155613734,-0.14455486821497798,1.0
ENSG00000164309,0.7642355442529718,0.8485256367561341,1.0
ENSG00000249655,0.44422115618733216,0.5500345536741404,1.0
ENSG00000113319,0.9773388582627269,0.9731709404872628,1.0
ENSG00000131730,0.631161587020042,0.7598296014734931,1.0
ENSG00000172497,0.9952647813296737,0.9685674216630253,1.0
ENSG00000281327,0.8648213783166575,0.8186086618486845,1.0
ENSG00000250874,0.999855634666382,0.9964253191706918,1.0
ENSG00000249153,0.9868017027005843,0.9685011952902518,1.0
ENSG00000250544,0.712740977093853,0.8715093564127613,1.0
ENSG00000245526,0.9664535316924001,0.9040122532891434,1.0
ENSG00000081189,-0.0507441207418724,-0.06436749793691954,1.0
ENSG00000113369,-0.22935940584579328,0.7561155210838775,1.0
ENSG00000251361,0.3598145082104057,0.5106586605839616,1.0
ENSG00000237187,0.726000170842918,0.8373794917331883,1.0
ENSG00000164292,-0.009179369366093537,-0.004213193676550819,1.0
ENSG00000173221,-31.14347406389237,-118.27022313344865,1.0
ENSG00000251314,0.5645135992948755,0.5710340666626413,1.0
ENSG00000250955,0.04938101776692794,0.13236133743343992,1.0
ENSG00000248734,0.7057026253178131,0.885760701321907,1.0
ENSG00000272109,0.994399907868767,0.9999998960787626,1.0
ENSG00000164308,0.8959928380463609,0.9821173430848747,1.0
ENSG00000145721,0.9994642043536017,0.9587674585874555,1.0
ENSG00000174136,0.7761145885479697,0.9496852247332096,1.0
ENSG00000113532,0.9578760001331097,0.9867993069528546,1.0
ENSG00000205359,0.8031274580102823,0.750630877220632,1.0
ENSG00000249017,0.6707496441519811,0.7598464550073072,1.0
ENSG00000198961,-0.8112053539368596,-1.1534645885148107,1.0
ENSG00000250882,0.922207631823825,0.8893767474801433,1.0
ENSG00000171444,0.7566029741852818,0.7827804179685999,1.0
ENSG00000080709,0.9307405297877615,0.9729759701298974,1.0
ENSG00000152503,0.7262971478203419,0.7178767051901227,1.0
ENSG00000249249,0.915901981748553,0.6192087066041524,1.0
ENSG00000092421,0.9974838472284292,0.9769101323571908,1.0
ENSG00000249167,0.8626758694865171,0.862420370905683,1.0
ENSG00000145779,0.9252685567341927,-4.044893569751652,1.0
ENSG00000133835,-103.84023486727749,-14.114751962157868,1.0
ENSG00000164334,0.8325821675084434,0.6688083576919115,1.0
ENSG00000184838,0.9832469391342411,0.9937892533481978,1.0
ENSG00000168938,-3.485088747361562,-1.4799721359764062,1.0
ENSG00000253807,0.8066887617329244,0.8290369154485041,1.0
ENSG00000155324,0.9952958363646062,0.9902439578901933,1.0
ENSG00000250602,0.9729056978636386,0.9385776942992048,1.0
ENSG00000164904,0.9494550943003346,0.9761291045814987,1.0
ENSG00000251072,0.7513972031052356,0.8133148290452491,1.0
ENSG00000138829,0.5768237737802129,0.7620285726050505,1.0
ENSG00000186367,0.3235725989521141,0.3984297467954918,1.0
ENSG00000217128,-0.4728246744950382,-2.0675032889145966,1.0
ENSG00000234758,0.7820480247278592,0.7619862770378338,1.0
ENSG00000231585,0.8763788830646658,0.7685434658534827,1.0
ENSG00000164400,0.9898536330189829,0.9995731412766709,1.0
ENSG00000131435,0.03187548564497433,0.5256440722875652,1.0
ENSG00000125347,0.5972795995036595,-11.3975221681513,1.0
ENSG00000223442,0.9976350903251093,0.9999924329514217,1.0
ENSG00000072364,-5.529276760902755,-1.5111559579592844,1.0
ENSG00000053108,0.9999652588760662,0.9992853575276008,1.0
ENSG00000249478,0.7820423998758732,0.7137706476308099,1.0
ENSG00000248559,0.9876134829977317,0.9997731699358944,1.0
ENSG00000069011,-0.0792422829723376,-0.09635788070941675,1.0
ENSG00000270021,0.9346771787853627,0.9986326184327842,1.0
ENSG00000249639,0.9298967095242248,0.9006211980924346,1.0
ENSG00000152377,0.9831524541290585,0.9946118844140791,1.0
ENSG00000078795,0.979096490923985,0.9910999944147875,1.0
ENSG00000061492,0.7010420177526231,0.8985923040614486,1.0
ENSG00000120738,0.8613397763330857,0.25334200986398625,1.0
ENSG00000184584,-1.7237802018761657,-2.1838463320196784,1.0
ENSG00000271792,0.8113586840074153,0.8741025736117723,1.0
ENSG00000170458,0.9476757416332969,0.9944633419223435,1.0
ENSG00000255408,0.9009990573324866,0.9792925098721833,1.0
ENSG00000251664,0.7538390709501885,0.8453446133532271,1.0
ENSG00000272108,0.918392849244773,0.9466581868853213,1.0
ENSG00000272070,0.2714831283490404,0.35983745830694236,1.0
ENSG00000204956,0.9956642242793677,0.9984694129916503,1.0
ENSG00000254245,0.8736391441371375,0.6972226917348657,1.0
ENSG00000253485,0.9362735591767807,0.9909903683844684,1.0
ENSG00000253731,0.9972127253874711,0.9856969307648842,1.0
ENSG00000253537,0.9165990245859972,0.9466206689921525,1.0
ENSG00000253767,0.9083414294706498,0.9182905857082273,1.0
ENSG00000276547,0.9947118681560075,0.9703237071355407,1.0
ENSG00000253305,0.9998770597710769,0.9722178068294636,1.0
ENSG00000253846,0.7666218366283777,0.6830738517343828,1.0
ENSG00000253159,0.9729649477277225,0.9991834590121317,1.0
ENSG00000120318,0.9549541549041171,0.9958934480246864,1.0
ENSG00000113555,0.9985925320720925,0.9935704056176897,1.0
ENSG00000236714,0.9995868355509355,0.9997674989046249,1.0
ENSG00000250842,0.9412320387714166,0.8945868325450141,1.0
ENSG00000156463,0.7214896807826623,0.762594794587021,1.0
ENSG00000091010,0.6401223980340727,0.6625723148293229,1.0
ENSG00000176049,0.9459008537017148,0.866977361862642,1.0
ENSG00000164266,0.9393602078959564,0.8248315263621944,1.0
ENSG00000164265,0.9034822025467232,0.9198734317496642,1.0
ENSG00000133710,0.26383254863550387,0.580590522781863,1.0
ENSG00000178172,0.449011437370916,0.2027736837877282,1.0
ENSG00000247199,0.5675140362968333,0.5758052349932785,1.0
ENSG00000169252,0.9255461346704913,0.8950278146437429,1.0
ENSG00000173210,0.6939428624312269,0.48821314715136044,1.0
ENSG00000249669,0.6529322105882944,0.7588730458674511,1.0
ENSG00000132915,0.964284116907232,0.8107442429967257,1.0
ENSG00000155850,0.4694235610345159,0.6068218997835833,1.0
ENSG00000182578,0.9770758167592133,0.9382520128954868,1.0
ENSG00000011083,0.9974150722459034,0.9049786153420654,1.0
ENSG00000070808,0.2992318486008678,0.5035547932023301,1.0
ENSG00000183876,0.9943780924679078,0.9918707703750611,1.0
ENSG00000019582,0.8148520062780653,0.7700878280771867,1.0
ENSG00000254333,0.7646932800721364,0.7826097298515959,1.0
ENSG00000171992,0.9762391722520893,0.9589663806884235,1.0
ENSG00000164591,0.9243906520462366,0.9001198811189057,1.0
ENSG00000256235,0.8853182770882424,0.9061703922800659,1.0
ENSG00000186335,0.9963553393113478,0.981496612078509,1.0
ENSG00000113140,-14.886761748156374,-12.242257678164773,1.0
ENSG00000272112,0.9968124361274859,0.9873470660123521,1.0
ENSG00000113196,0.35930215362542917,0.5177528785649874,1.0
ENSG00000170271,0.7570567379648339,0.5103082906499885,1.0
ENSG00000135077,0.4955994153016494,0.49421155998414124,1.0
ENSG00000113263,0.8818468043613769,0.9055445041759672,1.0
ENSG00000170613,0.9622341690323305,0.9844565955376609,1.0
ENSG00000055163,0.487941928981959,0.48740134866649987,1.0
ENSG00000248544,0.3705382897327225,0.4519717530635018,1.0
ENSG00000135074,0.574133198310989,0.5126122305872567,1.0
ENSG00000247699,0.6293705994422608,0.781222921482481,1.0
ENSG00000135083,0.9136424029203081,0.9973009787389255,1.0
ENSG00000164611,-0.13795307906338095,-0.1400229089909213,1.0
ENSG00000280776,0.6948582166841961,0.6829222030011906,1.0
ENSG00000113327,0.9802670914734756,0.9843804475520558,1.0
ENSG00000250061,0.985555564988814,0.9858297260217137,1.0
ENSG00000072571,-1.234691046848015,-2.30496258100201,1.0
ENSG00000241956,0.9731626407479878,0.9977778918895959,1.0
ENSG00000254297,0.9283648592610537,0.9839969965307646,1.0
ENSG00000253978,0.8983565505330288,0.9758144437748261,1.0
ENSG00000043462,0.9739738232363266,-2507.4712197906783,1.0
ENSG00000250274,0.8818507969665413,0.9006913587754108,1.0
ENSG00000145936,0.9848451837001542,0.9998874866593881,1.0
ENSG00000094755,0.731701678278683,0.8116144413540636,1.0
ENSG00000181163,0.009330213871482251,0.0038276472605511813,1.0
ENSG00000214357,0.963172292404035,0.9990421271572559,1.0
ENSG00000120129,0.9979575518462722,0.984030989624235,1.0
ENSG00000113732,-0.5646337491548339,-0.4552733279419061,1.0
ENSG00000164463,-0.1615724677679511,-0.9920393728968606,1.0
ENSG00000253686,0.8699177486436216,0.9234386686738405,1.0
ENSG00000113742,-1.9570362061213218,-1.332128719329214,1.0
ENSG00000170091,0.9995439911711881,0.9943543562593226,1.0
ENSG00000182230,0.1234916525655092,0.09000655654061718,1.0
ENSG00000160883,0.9978139611190112,0.99930377816032,1.0
ENSG00000196570,0.5758395945923322,0.6694040795873062,1.0
ENSG00000146094,0.6222380019246134,-4.011743907276558,1.0
ENSG00000175309,-521.8820602442837,-15.352336187742058,1.0
ENSG00000178187,0.5258432623824458,0.5458350664579705,1.0
ENSG00000113262,-1.0451635278701485,-0.6688290671423629,1.0
ENSG00000234284,0.5791506622583464,0.6962368370528498,1.0
ENSG00000169045,-0.2907788283903252,-0.3108828133539787,1.0
ENSG00000213316,0.7659270812467286,0.6462698717507347,1.0
ENSG00000161011,-0.4986641004007468,-0.4160428548841244,1.0
ENSG00000113269,-0.7545339745423549,-1.0375603690614041,1.0
ENSG00000250509,0.9998310370767544,0.9980565461655091,1.0
ENSG00000113303,0.7748944474886571,0.8978591415859473,1.0
ENSG00000165810,0.9992248415677284,0.9852821686607245,1.0
ENSG00000238035,0.9055695746496818,0.7621817920639558,1.0
ENSG00000112679,-2.2099173693399314,-1.5959708851269991,1.0
ENSG00000271727,0.9965170819732007,0.9969017526562519,1.0
ENSG00000272485,0.9928101022186094,0.9986455408345685,1.0
ENSG00000272465,0.695209380940385,0.4854808806053025,1.0
ENSG00000021355,-0.33398974450756946,-0.49879244510824794,1.0
ENSG00000170542,0.43705585890864174,-1.1199354437567672,1.0
ENSG00000228170,0.47432442173909506,0.49028491220155646,1.0
ENSG00000137267,0.9464935872014283,0.8435069706984054,1.0
ENSG00000137285,-35.59465494552064,-8.477159677642494,1.0
ENSG00000230648,0.999765013005104,0.9214769489703541,1.0
ENSG00000145975,0.9987514635786946,0.9997066536735243,1.0
ENSG00000260239,0.8413150798064551,0.8709193178625181,1.0
ENSG00000124782,-2.7223024425884303,-3.218534879369611,1.0
ENSG00000238221,0.9418579452863668,0.9352670467255326,1.0
ENSG00000261189,0.8621421165444053,0.8656066877398572,1.0
ENSG00000230939,0.6075262790695846,0.9744769410506886,1.0
ENSG00000181355,0.8836145603351467,0.827219759484604,1.0
ENSG00000137203,-9.538719228756054,0.9415792698960456,1.0
ENSG00000229950,0.3464265660888055,-0.14000904911804857,1.0
ENSG00000229401,0.8631451000159354,0.8967245134818299,1.0
ENSG00000111846,-15.371155563249797,-49.16173863158322,1.0
ENSG00000237685,0.9973650020563769,0.9938566919443989,1.0
ENSG00000272097,0.9999879953412938,0.9941326019538829,1.0
ENSG00000124827,0.6116012243644736,0.9725831641061048,1.0
ENSG00000244476,0.8943235466120447,0.9006825473529902,1.0
ENSG00000111863,0.9472843368202545,0.7070710904651736,1.0
ENSG00000112137,-1.4591320784410233,-3.6899403861133333,1.0
ENSG00000180537,0.9490016500555628,0.9129477336889756,1.0
ENSG00000237346,0.9200172549227654,0.8541686156811904,1.0
ENSG00000007944,-0.7314843651125815,-1.2787305925268413,1.0
ENSG00000124788,0.7375824130896784,0.6286382079734912,1.0
ENSG00000124795,-0.0945648302158959,-0.1008893699089013,1.0
ENSG00000228412,0.961227081239343,0.9622495928148485,1.0
ENSG00000227803,0.9720226181008649,0.9853321348355054,1.0
ENSG00000124766,-1.2510070016335995,-2.186371593357533,1.0
ENSG00000272168,0.9949958996455303,0.995876406279598,1.0
ENSG00000172179,0.9997797442521544,0.9391618469491386,1.0
ENSG00000137261,0.9932506746761306,0.9551010427410616,1.0
ENSG00000111913,0.573809217471247,0.6470530862678419,1.0
ENSG00000272053,-0.26028424454014343,0.5436146324706754,1.0
ENSG00000079691,-2.9005165551161864,-2.8085379109761224,1.0
ENSG00000164508,0.9782832243879805,0.97377716279621,1.0
ENSG00000112343,-216.04328018898983,-99.03312851845419,1.0
ENSG00000187837,-0.09224491076685393,-0.06774171408010043,1.0
ENSG00000197061,-0.10067153923044736,-0.10635985861291974,1.0
ENSG00000180573,-0.383285688292861,-0.4551376346446372,1.0
ENSG00000158373,-2646603.282749574,-413.41673829278534,1.0
ENSG00000274290,0.6975124158145541,0.8186887836126369,1.0
ENSG00000282988,-0.7906538939450221,-1.8920229519571379,1.0
ENSG00000276966,-1.6320028595961564,-75.29570081624206,1.0
ENSG00000273802,-5.883380614678675,-4.737844237427854,1.0
ENSG00000158406,-0.6524848511089492,-0.14922762213454055,1.0
ENSG00000275846,0.9107245518996364,0.9693601230255496,1.0
ENSG00000272312,0.9767759231237632,0.9950656115532063,1.0
ENSG00000124635,-0.2448922708176986,-0.21756123461948462,1.0
ENSG00000271755,0.9572955443193533,0.8864594482717881,1.0
ENSG00000278828,-4.281255400405489,-2.349335030989241,1.0
ENSG00000198704,0.8808798305095384,0.8366552283653713,1.0
ENSG00000204709,0.997613861340422,0.8761823729729894,1.0
ENSG00000243729,0.5956225138750728,0.6912312191158138,1.0
ENSG00000204655,0.9297845928389824,0.9561151591969437,1.0
ENSG00000204642,0.9740206283853756,0.9404101806405165,1.0
ENSG00000206503,0.9869447716297496,0.9860071908854419,1.0
ENSG00000204625,0.8944524525047073,0.9949750832654197,1.0
ENSG00000204616,0.9458082441052345,0.9996541352042538,1.0
ENSG00000204592,-26.23802807300204,0.9679663001586615,1.0
ENSG00000235781,0.9150817719045308,0.825794413717858,1.0
ENSG00000146112,-0.6595227628713514,-0.4316978633164752,1.0
ENSG00000196230,-0.0887745401743747,-0.09354412039163051,1.0
ENSG00000137331,-157.49372409118612,0.981700908544593,1.0
ENSG00000168631,0.8469613170814185,0.8395569517814407,1.0
ENSG00000204544,0.9448075852124386,0.953201482913584,1.0
ENSG00000228789,0.99927644511395,0.9964658839222669,1.0
ENSG00000204539,0.9800326852483912,0.9845023267810188,1.0
ENSG00000271821,0.9643655034505578,0.9943440643572509,1.0
ENSG00000204525,-16.71035707484791,-191.69067350008532,1.0
ENSG00000234745,-0.22192293593942547,-9.476790018589154,1.0
ENSG00000254870,0.5499006205614854,0.5614898628716325,1.0
ENSG00000226979,0.44113758323283236,0.6256713241086937,1.0
ENSG00000232810,0.8846681519435671,0.9362311271299468,1.0
ENSG00000227507,0.9704235293058976,0.9892494643539058,1.0
ENSG00000204482,-0.8907020957418927,-50.87876246680461,1.0
ENSG00000204472,-1.377798790043181,-0.24000039068807832,1.0
ENSG00000204428,0.6316829844044828,0.7185768490859307,1.0
ENSG00000213722,-1.5777376335300932,-26.595798082414575,1.0
ENSG00000213719,-0.07537184044957912,-0.09215657460276216,1.0
ENSG00000204396,0.9763386338860582,0.994600424415075,1.0
ENSG00000204389,-5.624051785019966,-3.868924513161244,1.0
ENSG00000204388,0.6694721640958308,-73.36063129234044,1.0
ENSG00000204387,-0.05998355557861479,-0.0701433758261778,1.0
ENSG00000204386,-673.908293545252,-10.006958435318628,1.0
ENSG00000204385,0.8802089217980523,0.8762989143335419,1.0
ENSG00000166278,0.842015634985787,0.8952377050679976,1.0
ENSG00000213676,-1.0020425304606309,-1.0856879560248887,1.0
ENSG00000213654,-0.2854154287388355,-0.2917657733970018,1.0
ENSG00000204287,-0.9089605592276915,-0.8540252264406121,1.0
ENSG00000196126,0.35348810630413907,0.4837266933094706,1.0
ENSG00000196735,0.5294454708595705,0.7176733180225751,1.0
ENSG00000204264,0.9853625268102859,0.9931288499174104,1.0
ENSG00000204261,0.9988148428773613,0.987764424506489,1.0
ENSG00000240065,-3.9588500962419637,-2.1132452160032567,1.0
ENSG00000168394,-2.5329621291281676,-0.3106083702066169,1.0
ENSG00000242574,0.9154028696265698,0.9286680660337777,1.0
ENSG00000204252,0.49384922088258465,0.759634893214492,1.0
ENSG00000231389,0.966770760243578,0.8845549657969405,1.0
ENSG00000223865,0.9884582422544383,0.999657257437047,1.0
ENSG00000235863,0.8050808507230226,0.9077711930890368,1.0
ENSG00000231925,0.5282388084981324,0.16724385809166464,1.0
ENSG00000030110,-16.925855021992664,-87.9833047741532,1.0
ENSG00000161896,0.8176085159944542,0.5508639759717171,1.0
ENSG00000124493,0.4350154538989699,0.601205024342898,1.0
ENSG00000186577,-0.3104290649120376,-0.19773902105479224,1.0
ENSG00000146197,0.7448636593184901,0.9454126344201135,1.0
ENSG00000023892,0.969974655917597,-2.6996890762837977,1.0
ENSG00000180316,0.7220679955812892,0.5663600201565056,1.0
ENSG00000010030,0.4725021152182143,0.9814838951422534,1.0
ENSG00000112081,-0.17113919472792838,-0.19131717051464703,1.0
ENSG00000124762,-0.20099118327595877,-0.23208328712655968,1.0
ENSG00000255587,0.8615375110094434,0.8781791288361128,1.0
ENSG00000124772,0.693552709857979,0.7305007959613279,1.0
ENSG00000164530,0.8156724137791653,0.7684722392897358,1.0
ENSG00000146192,0.8374539723062017,0.7780779634310491,1.0
ENSG00000137193,-1.923159408342359,-1.240890227752541,1.0
ENSG00000172738,0.3324193564888578,0.5889792029824319,1.0
ENSG00000112139,0.9770973963425719,0.9811202551876553,1.0
ENSG00000124780,0.7248555369301564,0.7338234626528339,1.0
ENSG00000164627,0.6946662140406085,0.7922644991071774,1.0
ENSG00000146122,0.9918554390114283,0.9999985870996887,1.0
ENSG00000235033,0.5439923519266259,0.5278730221788333,1.0
ENSG00000124701,0.9377134323510419,0.9788034357057036,1.0
ENSG00000112559,0.789885403097374,0.8320878522824191,1.0
ENSG00000112561,0.5781794996657117,0.1486708191296927,1.0
ENSG00000096088,0.8290296839999596,0.7067652563794465,1.0
ENSG00000278224,0.7316359782053288,0.6550264783266737,1.0
ENSG00000112576,-0.335280814899404,-0.4268378386354268,1.0
ENSG00000171611,0.9889999759711,0.9999266234186576,1.0
ENSG00000171467,-3.789454691364786,-5.880941022980208,1.0
ENSG00000272114,0.6456131081515768,0.6178268451480888,1.0
ENSG00000237686,0.8928255548806292,0.9012384248115164,1.0
ENSG00000181577,0.9474165305477025,0.9532939488149426,1.0
ENSG00000262179,0.6910767075492963,0.5647982830258916,1.0
ENSG00000096384,-0.19969443711970625,-0.17474006845733903,1.0
ENSG00000272442,0.8924941168178564,0.9575342392052352,1.0
ENSG00000146221,0.9552288498975158,0.9936364190531435,1.0
ENSG00000124813,-1786.355039050753,-3.0627255233551303,1.0
ENSG00000112796,0.9967247594009427,0.9598285069524044,1.0
ENSG00000172348,0.9218360918370146,0.7430870369954963,1.0
ENSG00000146233,0.4899735731252015,0.5181858713305167,1.0
ENSG00000153291,0.99852632398889,0.9865671434089136,1.0
ENSG00000236164,0.766267594713646,0.8542172810195415,1.0
ENSG00000112818,0.7838230502288774,0.836473114933314,1.0
ENSG00000153292,0.8877874473445757,0.9505944176142357,1.0
ENSG00000153294,0.523753754146425,0.7960841371602317,1.0
ENSG00000124818,0.6101083450761289,0.5533639723536812,1.0
ENSG00000124490,0.9449536589787664,0.935112075884592,1.0
ENSG00000096006,0.7904413782728777,0.9131474852555496,1.0
ENSG00000233470,0.43199054837126005,0.5491298534277715,1.0
ENSG00000170927,0.7512332157550452,0.6466251465071112,1.0
ENSG00000170915,-13.423448282269986,-3.7224559815667044,1.0
ENSG00000096093,0.671352662147413,0.5012980144614898,1.0
ENSG00000243955,0.8209707479537811,0.8773705714653685,1.0
ENSG00000137270,0.9773245444970604,0.9857295025800331,1.0
ENSG00000271367,0.9708616539976811,0.9860996540224044,1.0
ENSG00000236740,0.9685043612836719,0.9868942401829993,1.0
ENSG00000124749,0.5320006195355291,0.7207742345087373,1.0
ENSG00000151914,-2.107704111478493,-4.037649311410297,1.0
ENSG00000226803,0.9575313909835563,0.9970453843869176,1.0
ENSG00000272541,0.993940267473977,0.9990607185839269,1.0
ENSG00000271761,0.7402289547698881,0.6787355597949183,1.0
ENSG00000146166,0.9421462523110077,0.897838728643202,1.0
ENSG00000188107,0.9999087141227246,0.9915999379133146,1.0
ENSG00000227706,-0.065958895935603,-0.07782419886271508,1.0
ENSG00000230910,0.9981824818757815,0.9865305255287726,1.0
ENSG00000237643,-0.31012518328249383,-0.13411938748226926,1.0
ENSG00000223765,0.012869835090231985,0.3151855231220887,1.0
ENSG00000079841,0.9459410273080784,0.965340998588842,1.0
ENSG00000203907,0.9341721040615736,0.8984066645766359,1.0
ENSG00000164430,0.9920231690188084,0.9971372866837495,1.0
ENSG00000223821,0.8541763022295503,0.8197871745881762,1.0
ENSG00000229862,0.8505234959033041,0.737207711435435,1.0
ENSG00000272243,0.5533678444112782,0.2906666720883242,1.0
ENSG00000238156,0.9966880779066184,0.9835413483529051,1.0
ENSG00000135338,0.7377989420001161,0.7273412763023701,1.0
ENSG00000112773,0.9986316986014562,0.9989820627312375,1.0
ENSG00000146250,0.9917177475479715,0.9982174364560972,1.0
ENSG00000228290,0.9864917938334623,0.9808677027461861,1.0
ENSG00000135346,0.928061047995696,0.8997536858034263,1.0
ENSG00000213204,0.6496960539625176,0.5549350251622756,1.0
ENSG00000271931,0.9871016167162723,0.9928759565769234,1.0
ENSG00000146278,-3.3180651573961315,-8.617224520250696,1.0
ENSG00000260271,0.962232886153243,0.8814079681398477,1.0
ENSG00000235099,0.9030332716311464,0.908675705578456,1.0
ENSG00000184486,0.43514272709477064,0.8601018084238912,1.0
ENSG00000132424,-0.27665000993725664,-0.3499082624127199,1.0
ENSG00000152034,0.7784846560255062,0.8818624418048986,1.0
ENSG00000203809,0.72078962593933,0.5663605910796705,1.0
ENSG00000231628,0.9554077959078182,0.9706866295840278,1.0
ENSG00000057657,0.9526859417109482,0.7936614642841487,1.0
ENSG00000112297,-9.532717737713872,-0.05020718697434545,1.0
ENSG00000235142,0.912591575802571,0.9535659172496559,1.0
ENSG00000272398,0.9188495212651422,0.9424401796242451,1.0
ENSG00000272476,0.9556387701189071,0.21846288751752652,1.0
ENSG00000271734,0.31552759113983386,0.5224976142875103,1.0
ENSG00000135535,-0.4134153079485434,-1.0525818348522828,1.0
ENSG00000135596,0.6180488877558952,0.15544490062937677,1.0
ENSG00000272356,0.7389419199374223,0.9952450895991612,1.0
ENSG00000112761,0.9999930086837138,0.9938070949156625,1.0
ENSG00000237234,0.9788300483195232,0.9579509019348749,1.0
ENSG00000277443,0.022305939717590095,0.23824503730401347,1.0
ENSG00000111816,0.9384091254572058,0.9721524923391599,1.0
ENSG00000111817,0.9987275918791111,0.9658196200913749,1.0
ENSG00000189241,-5.649342540692791,-9.502778854116258,1.0
ENSG00000188820,0.9999996229695308,0.9997064183204271,1.0
ENSG00000234117,0.9992564030923601,0.9369739000756122,1.0
ENSG00000173626,0.719914457604279,0.7936273555886815,1.0
ENSG00000196376,0.833297078832228,0.8947761422869634,1.0
ENSG00000198523,0.9999793539800256,0.9636286466293262,1.0
ENSG00000164434,-0.8083353121810679,-0.6273365326060014,1.0
ENSG00000172594,0.5576629457325146,0.38250013746183575,1.0
ENSG00000236548,0.5664427125915497,0.6024253901610946,1.0
ENSG00000237742,0.7425642376027994,0.5689932007464431,1.0
ENSG00000224506,0.9491667879426773,0.9245508727377332,1.0
ENSG00000135547,0.9174013232125592,0.9042208939853169,1.0
ENSG00000255330,0.2661906825660735,0.9994988180126789,1.0
ENSG00000196569,0.976028521322499,0.9509672691405671,1.0
ENSG00000233351,0.011128101080630337,0.0936393290247789,1.0
ENSG00000236673,0.510886445950661,0.5507464055841624,1.0
ENSG00000112299,0.5210929465634664,0.47980726222314074,1.0
ENSG00000093134,0.2139049085099376,0.05746897288883335,1.0
ENSG00000112303,0.9870749386488831,0.9978277482822004,1.0
ENSG00000112319,0.9212196435827936,0.8280432044113087,1.0
ENSG00000146411,0.6686546700363935,0.6199405627042212,1.0
ENSG00000118515,0.13442685200340876,0.9975440467713078,1.0
ENSG00000236700,0.8076682837739944,0.5987461426514122,1.0
ENSG00000232310,0.9441176919829528,0.8746106665455632,1.0
ENSG00000227723,0.689209477743927,0.7539780096998123,1.0
ENSG00000118514,0.9668870612468821,0.8988002761605967,1.0
ENSG00000118513,-0.5924275974072277,-0.51855404445619,1.0
ENSG00000236703,0.9817616924716516,0.9856009497698314,1.0
ENSG00000234084,0.9676679310381179,0.9976687237850705,1.0
ENSG00000234263,0.4712287729644319,0.2697674673739886,1.0
ENSG00000164485,0.9418683912885533,0.9442430940481029,1.0
ENSG00000027697,-2.9195211434648116,0.4357581207515655,1.0
ENSG00000164440,0.9116956772380657,0.8781293706912694,1.0
ENSG00000164442,-2.010407988669932,-3.6350309230389346,1.0
ENSG00000238099,0.9942741402718158,0.9819570081042421,1.0
ENSG00000010818,0.9931015582777851,0.9976120785326253,1.0
ENSG00000135604,0.9898866845054822,0.9968001758665461,1.0
ENSG00000152818,0.8694265858665231,0.8316745714287453,1.0
ENSG00000118492,0.8118736989126661,0.7905417503955514,1.0
ENSG00000233452,0.8747776844604209,0.9956697172964842,1.0
ENSG00000228408,0.6635754133379466,0.5758901196821637,1.0
ENSG00000273132,0.7889952652454846,0.9315220032253113,1.0
ENSG00000131015,0.9627605273253365,0.9989263255568006,1.0
ENSG00000198729,0.8157439273382361,0.8387882950010999,1.0
ENSG00000131016,0.8003265283307615,0.7246627053346022,1.0
ENSG00000131018,0.9112782629248097,0.9505321772256589,1.0
ENSG00000213121,0.9987233973206876,0.9694640597308253,1.0
ENSG00000074706,0.16919160836255154,0.059675617772830813,1.0
ENSG00000164674,0.7302390930578346,0.7175339100161717,1.0
ENSG00000164691,0.99524008026332,0.9991382554155561,1.0
ENSG00000175003,0.6951254928196042,0.46667276929638923,1.0
ENSG00000071242,0.9886039308966037,0.8808213270701665,1.0
ENSG00000026297,-1.6089604191974347,-3.253342194416472,1.0
ENSG00000234647,0.8281477514350937,0.8418843950504025,1.0
ENSG00000227704,0.953265714425761,0.9550021833673817,1.0
ENSG00000231690,0.3238005506252364,0.36620500637794984,1.0
ENSG00000198719,0.4923123327194683,0.6651582595413508,1.0
ENSG00000271234,0.7290209092920521,0.8553019692005974,1.0
ENSG00000008018,-0.10311269148818347,-0.10607483327300105,1.0
ENSG00000197461,0.7851139069541048,0.9014144480745434,1.0
ENSG00000273151,0.327848118978026,0.8366428472831194,1.0
ENSG00000105963,0.7211063691082973,0.7597191182912791,1.0
ENSG00000073067,0.9963646443766591,0.9988857142406734,1.0
ENSG00000225146,0.16502655469427052,-0.0009974294360171054,1.0
ENSG00000225981,0.9721657654814738,0.9399570462958031,1.0
ENSG00000225968,0.5103026931440645,0.7338876834761126,1.0
ENSG00000176349,0.8902982416543785,0.7163556139718622,1.0
ENSG00000188365,0.5318506660331189,0.6438199493324723,1.0
ENSG00000075624,-0.1042019535608425,-0.09183812673720637,1.0
ENSG00000272719,-0.11415546196679349,0.532849297180127,1.0
ENSG00000157999,0.725290981553641,0.8682904097150375,1.0
ENSG00000231704,0.9655525101249532,0.9557140332969307,1.0
ENSG00000272894,0.8089822886146967,0.8627961491993688,1.0
ENSG00000233108,0.9853266259231491,0.9814772904419193,1.0
ENSG00000225606,0.8012496331871177,0.9667240076754308,1.0
ENSG00000136267,0.8230164479729145,0.7850932856176278,1.0
ENSG00000106546,0.5158536611762463,0.8196762213219426,1.0
ENSG00000048052,0.9434986945418262,0.9362626865223939,1.0
ENSG00000105855,0.5201400621568036,0.7818820390746708,1.0
ENSG00000136244,0.804058940264295,0.8928664970151824,1.0
ENSG00000105928,0.5322833547413275,0.952816000935944,1.0
ENSG00000086300,-5.399241108298502,-799.8404609722222,1.0
ENSG00000225792,0.39316835315092047,0.3563999563997684,1.0
ENSG00000214870,0.6693719861899694,-0.022798995442838033,1.0
ENSG00000005020,-23.92850529431552,-1.8980689251486194,1.0
ENSG00000233429,-1.3247471558880188,-4.178042560420365,1.0
ENSG00000253508,0.9551755498755644,0.9926198058678385,1.0
ENSG00000106031,0.9997438729503857,0.9607118027457737,1.0
ENSG00000243766,0.9306567063478073,0.9997197303771668,1.0
ENSG00000106052,-1.125381266877469,-1.0082478519282598,1.0
ENSG00000234336,0.7039616808555791,0.7825105126899755,1.0
ENSG00000146592,0.49306668527901587,0.7135189579460703,1.0
ENSG00000106066,-1.6734427873376285,-2.314725690804946,1.0
ENSG00000235669,0.9981484349249549,0.9784972941116019,1.0
ENSG00000176532,0.9796935219201399,0.9992630047723292,1.0
ENSG00000180354,0.8896138182284548,-313.9817074869037,1.0
ENSG00000281039,0.998158273319665,0.9943368857120144,1.0
ENSG00000263683,0.6494502262199404,0.43123012336621724,1.0
ENSG00000106113,0.7410112954139056,0.8322872751526025,1.0
ENSG00000241644,0.8989161572059929,0.8829217337448948,1.0
ENSG00000240583,0.9076517337808879,0.9662603717526365,1.0
ENSG00000228878,0.30237969938272813,0.6005885695643283,1.0
ENSG00000227191,0.9890543493430236,0.9626956385423604,1.0
ENSG00000211689,0.4323729488723955,0.09801387739103717,1.0
ENSG00000211695,0.9551451559741093,0.9457503225332498,1.0
ENSG00000225992,0.8550331198641393,0.8148109695573708,1.0
ENSG00000272908,0.9960256499149999,0.9580630528991314,1.0
ENSG00000211697,0.7973790506922221,0.9132187786182255,1.0
ENSG00000078053,0.4702722722422119,0.513824221000468,1.0
ENSG00000106536,0.7466455472369751,0.8235540492381948,1.0
ENSG00000227172,0.055921382413407605,0.3733945393975575,1.0
ENSG00000122641,0.9963974437648311,0.9882589175804515,1.0
ENSG00000136197,0.6209897402414738,0.7318173250849288,1.0
ENSG00000002746,0.4791118138137559,0.7343747340051796,1.0
ENSG00000235314,0.7316518246928203,0.6557988303566834,1.0
ENSG00000164708,0.9771733925962319,0.9772358027482986,1.0
ENSG00000015520,0.7818829202879755,0.7618791293062834,1.0
ENSG00000136286,0.369850769793059,0.48046092245136063,1.0
ENSG00000183696,0.9935154893154652,0.988259508634856,1.0
ENSG00000179869,0.7351525573484268,0.6921912998276605,1.0
ENSG00000188730,0.9392605973349422,0.9634112030443385,1.0
ENSG00000228005,0.9515599299213837,0.9878792595552995,1.0
ENSG00000132437,0.9586457702166713,0.9327584511548129,1.0
ENSG00000129103,-0.9438160416973054,-0.6890558607778872,1.0
ENSG00000164776,-13.532769564447278,-2.800708636166056,1.0
ENSG00000152926,0.6905358239334691,-2.1019446037413347,1.0
ENSG00000213462,-1.8124110373009414,-1.3632455080401993,1.0
ENSG00000169902,0.9949567609285015,0.9979083456246111,1.0
ENSG00000229180,-1.6502394395295523,0.9806490193149491,1.0
ENSG00000243335,-0.8327595351805279,-0.7298052465082612,1.0
ENSG00000155428,0.7656892832750231,0.7935150580827897,1.0
ENSG00000225969,0.5099453855043878,0.7068573853911504,1.0
ENSG00000189143,0.9871987760370551,0.9995302678244495,1.0
ENSG00000175877,0.7901401333276652,0.8278648363565682,1.0
ENSG00000261467,0.9895294785596541,0.9999729513989095,1.0
ENSG00000106665,-0.09419037703179955,0.184383528709666,1.0
ENSG00000158517,0.9871035544490833,0.9390377964540058,1.0
ENSG00000196275,-0.053677301802992794,-0.26865100729232894,1.0
ENSG00000263081,0.9983638542548996,0.9981420674573426,1.0
ENSG00000127946,0.38398277650190427,-4.388983060159462,1.0
ENSG00000135205,0.5180760034254512,0.3777831136159163,1.0
ENSG00000127947,-2.281122587879603,-1.4998733344016828,1.0
ENSG00000127955,0.8910191787742227,0.9424927407732384,1.0
ENSG00000135218,0.949075998501209,0.9922119185633422,1.0
ENSG00000186472,0.8913548344304193,0.9250934186294261,1.0
ENSG00000170381,0.9706759588807442,0.9839672901084104,1.0
ENSG00000075213,0.971834013122085,0.967249261296997,1.0
ENSG00000153993,0.8716220594481663,0.8377551782023666,1.0
ENSG00000198822,0.8773380039204376,0.999375168644906,1.0
ENSG00000231255,0.9929746264924727,0.9586633187005056,1.0
ENSG00000085563,0.5774334864738631,0.5866212256540617,1.0
ENSG00000105784,0.9663993852519877,0.968978136634627,1.0
ENSG00000058091,0.99904456010842,0.9832612183398014,1.0
ENSG00000223969,0.767581295606073,0.7714503483424526,1.0
ENSG00000177409,0.9198197065985902,0.9563229238091056,1.0
ENSG00000188175,0.9038731504711814,0.8535673550215799,1.0
ENSG00000004948,0.967800906229914,0.9485099943814245,1.0
ENSG00000105825,0.9559458002767494,0.8021532296882403,1.0
ENSG00000236861,0.9989013535950375,0.9887460663848527,1.0
ENSG00000236453,0.9083991931964028,0.9849407675679951,1.0
ENSG00000105852,0.8142137612434635,0.7685678312349218,1.0
ENSG00000005981,0.9962774686514061,0.996150479821527,1.0
ENSG00000004799,0.8159274018833635,0.8866417667657701,1.0
ENSG00000231170,0.941932638342422,0.8917820356342703,1.0
ENSG00000158560,0.687245685956172,0.6069922627185149,1.0
ENSG00000164713,-0.9601797170524047,-0.9144968263536166,1.0
ENSG00000272950,0.8375898676515665,0.8625930324294414,1.0
ENSG00000130429,-0.10297907923325789,-0.13582324464678575,1.0
ENSG00000106258,-668.3655876622108,0.8304329571784286,1.0
ENSG00000160868,-0.3806115086667625,-0.4195284353839992,1.0
ENSG00000237640,0.9904635140497859,0.9719203004608761,1.0
ENSG00000239521,0.973851314930967,0.6686090720664231,1.0
ENSG00000085514,0.6232891980442234,0.5970947713150456,1.0
ENSG00000185955,-0.8566429092906442,-0.4806642830305239,1.0
ENSG00000166925,-4.901326835110822,-3.2561327256680253,1.0
ENSG00000146830,-2.262913006956127,-15.714520501204298,1.0
ENSG00000205277,0.8968882000794776,0.9085768272690682,1.0
ENSG00000227053,0.3353343275473729,0.4746321045870001,1.0
ENSG00000169876,0.9610764781957218,0.9821455187862187,1.0
ENSG00000169871,-1.4626122296211768,-0.9089914639025842,1.0
ENSG00000106366,0.8924445060370911,0.8989617187858895,1.0
ENSG00000128564,-10.539199573359983,-1.1182673058011159,1.0
ENSG00000106436,0.8285689282998203,0.8126046933482156,1.0
ENSG00000261535,0.652964979551619,0.814781649257037,1.0
ENSG00000239480,0.6467278232483578,0.62257644212563,1.0
ENSG00000160991,-5.243753976125429,-2.8085233653234285,1.0
ENSG00000168255,-0.10506454504969698,-0.07912688498748066,1.0
ENSG00000105808,0.3805410399537268,0.6878366525249995,1.0
ENSG00000205236,0.9662391165057053,0.8997810656243793,1.0
ENSG00000279168,0.9001595542588979,0.9295114403176026,1.0
ENSG00000128606,0.9406443667368569,0.9570190247250834,1.0
ENSG00000170615,0.9106751484389418,0.9167789019143358,1.0
ENSG00000189056,-3.7736488209176677,-1.112534539873061,1.0
ENSG00000005483,-0.2044908400461758,-0.1380418032871138,1.0
ENSG00000105851,0.7023080616163038,-1.7957218668487291,1.0
ENSG00000105856,0.6132524702944537,0.9341601865233986,1.0
ENSG00000233705,0.9989675869480787,0.9997183897802892,1.0
ENSG00000273055,0.9864065569236076,0.9451403893182503,1.0
ENSG00000135241,-5.847801897473655,-3.8665206355533464,1.0
ENSG00000226965,0.9217674268003021,0.9601961390035856,1.0
ENSG00000223646,0.11623390266884204,0.21220360732823673,1.0
ENSG00000164603,0.651337701284133,0.5348614567521092,1.0
ENSG00000164604,-1.1275968148052415,-1.3563263923812103,1.0
ENSG00000225535,0.8912337591868722,0.9585535465800202,1.0
ENSG00000135269,-13517.13625871983,-1.7102200518859325,1.0
ENSG00000105971,-1.1222526710895777,-0.5840692729732915,1.0
ENSG00000105974,0.7884634582616344,0.7442695059024478,1.0
ENSG00000077063,0.9037371351778964,0.9224685632548518,1.0
ENSG00000106013,0.7159127455665708,0.6623671421828298,1.0
ENSG00000008311,0.6704349476779929,0.5099187742964888,1.0
ENSG00000230316,0.44097134580903663,0.2159087137991249,1.0
ENSG00000275356,0.9999673775853638,0.9989961410385889,1.0
ENSG00000224899,0.8177188663093793,0.5169092086055727,1.0
ENSG00000237764,0.7303960757432758,0.6029454642677022,1.0
ENSG00000273270,0.999537883379299,0.9862022990575633,1.0
ENSG00000271553,0.6749285868382989,0.7810673086763795,1.0
ENSG00000271344,0.8850270098668056,0.8478664279339113,1.0
ENSG00000128617,0.9979656116389185,0.952151949979233,1.0
ENSG00000128596,-26.365850087351287,-7.126333556981509,1.0
ENSG00000186591,-0.8254185901160176,-0.5952629576544348,1.0
ENSG00000244036,0.9636470200365326,0.9804371656071542,1.0
ENSG00000165120,0.3901053544157932,0.3420341974939297,1.0
ENSG00000213265,0.999902312407158,0.9983527726466851,1.0
ENSG00000226380,-0.6541298897548191,0.5416487484189733,1.0
ENSG00000271204,0.9873803329715274,0.9997323556295878,1.0
ENSG00000273319,0.9958652016756553,0.9995464722659851,1.0
ENSG00000231721,0.5111712217834827,-721.8015282598291,1.0
ENSG00000221866,0.9999703820035005,0.9976544574988017,1.0
ENSG00000155530,0.602690433749822,0.7093996521528521,1.0
ENSG00000085662,0.3482942128853932,0.6349072434043532,1.0
ENSG00000172331,-2.477341488578547,-1960.723111713921,1.0
ENSG00000273219,0.9984540383599345,0.8963492709133108,1.0
ENSG00000157680,0.673603217863074,0.8149234098855225,1.0
ENSG00000182158,-20.361865807001752,-14.804167163144495,1.0
ENSG00000157703,0.9965713215079844,0.9818327190459741,1.0
ENSG00000105939,-0.09616843001086672,-0.13319220804269016,1.0
ENSG00000064393,-9.12468090674794,-4.631458519176095,1.0
ENSG00000146966,0.9930287505983684,0.9944279783666236,1.0
ENSG00000228775,0.9985118049335222,0.9943327766315732,1.0
ENSG00000211751,0.47562347858799736,0.14364993781832225,1.0
ENSG00000275896,0.8605592437907725,0.8874363423792495,1.0
ENSG00000211772,0.8470823158468164,0.866553540253983,1.0
ENSG00000237254,0.07077325187732164,0.37243736584653886,1.0
ENSG00000106123,0.996792919416219,0.9481938093554279,1.0
ENSG00000231840,0.4954093013285674,0.6097555241024386,1.0
ENSG00000178826,0.802935118873775,0.7527801003366181,1.0
ENSG00000159784,0.9998488577938932,0.956212334092727,1.0
ENSG00000232533,0.605695107815496,0.8423379836175887,1.0
ENSG00000159840,-26.906348879277395,-4.546610590966203,1.0
ENSG00000185899,0.99619687141831,0.9919016424257393,1.0
ENSG00000170379,0.7758343733679813,0.8793511544433491,1.0
ENSG00000174469,0.6803658250966731,0.5994733068254838,1.0
ENSG00000281189,0.9959051025546521,0.965698200989008,1.0
ENSG00000204947,0.38298514268720296,0.5864815305949821,1.0
ENSG00000181444,0.3010247987886039,0.342165716868002,1.0
ENSG00000197558,0.324422149570463,0.42471870415669677,1.0
ENSG00000106479,0.9473057444069746,0.9378408924100586,1.0
ENSG00000273293,0.7532877002765205,0.7778965171499312,1.0
ENSG00000240449,0.3790408197970295,0.39324607410323176,1.0
ENSG00000242258,0.9395907700736763,0.9736812143548241,1.0
ENSG00000171115,0.9504465124975467,0.9773905997425828,1.0
ENSG00000179144,0.9994839198761476,0.9699473619270894,1.0
ENSG00000106560,0.17492201555774411,0.26216817454782215,1.0
ENSG00000106565,0.8750560089396444,0.7919521427296151,1.0
ENSG00000002933,0.598009044917292,0.6561364065827813,1.0
ENSG00000055118,-0.30523990708894755,-0.31831315073240307,1.0
ENSG00000272661,0.7271962436746957,0.43109836070645446,1.0
ENSG00000187260,0.9216877791799674,0.8695854650312864,1.0
ENSG00000239911,0.9658811772692181,0.9403491595957731,1.0
ENSG00000261455,-1.0329029433730663,-1.626321575304035,1.0
ENSG00000130226,0.9988153173720625,0.9998618482433074,1.0
ENSG00000214106,-0.4263970906797834,-0.6716922744754812,1.0
ENSG00000273183,0.5660163975542167,0.59397523410193,1.0
ENSG00000227365,0.6257836433991644,0.5666597982431257,1.0
ENSG00000228569,0.8948304626588901,0.9173551635949589,1.0
ENSG00000235029,0.9791678709923186,0.9660124545713031,1.0
ENSG00000269446,0.8804895482115668,0.9292460494179327,1.0
ENSG00000222012,0.7688820684046137,0.9145199633842681,1.0
ENSG00000233038,0.30699726279959016,0.04063269640129363,1.0
ENSG00000272839,0.9952981085791911,0.9998630503137337,1.0
ENSG00000106018,0.49298326133292036,0.5938221922896645,1.0
ENSG00000226179,0.7398351803065129,0.721396694227318,1.0
ENSG00000205755,0.7760760121681859,0.860634178181628,1.0
ENSG00000198223,0.2359194426452348,0.2403750296302356,1.0
ENSG00000185291,0.7332925729776714,0.8113157584863241,1.0
ENSG00000182162,0.86775548682715,0.9563427243816703,1.0
ENSG00000002586,-0.15653815755080513,-0.1335840480135635,1.0
ENSG00000006756,0.9650968814600235,0.9645060843211504,1.0
ENSG00000205662,0.205821451933767,0.4240606001703896,1.0
ENSG00000205642,0.8261587625754379,0.7570912720862313,1.0
ENSG00000196664,0.8409666809699201,0.8541790998304155,1.0
ENSG00000205542,-0.03754189946123909,-0.03917761634832151,1.0
ENSG00000187268,0.6225936687387681,0.5312389781377689,1.0
ENSG00000212663,0.9972726294407246,0.9998921308717008,1.0
ENSG00000102048,0.8217692159880534,0.5970967891492907,1.0
ENSG00000102010,0.9236715864655335,0.9775148393054629,1.0
ENSG00000147003,0.9566299159241736,0.9496516886365953,1.0
ENSG00000182287,-2.2282333568712067,-3.149198237375545,1.0
ENSG00000238178,0.975516665746693,0.9768214894515863,1.0
ENSG00000131831,0.7331571572790945,0.9396460428423911,1.0
ENSG00000177324,0.35834964842638495,0.19042195150473828,1.0
ENSG00000008086,0.6453636610426483,0.581440729710412,1.0
ENSG00000173698,0.33684122279691786,0.27090944664026295,1.0
ENSG00000102174,0.8348625994608595,0.8447015322393774,1.0
ENSG00000165186,0.9918244091876246,0.9764042360798695,1.0
ENSG00000123131,-0.11128888601216413,-0.13308451412748368,1.0
ENSG00000233785,0.9307760969269018,0.8825791191659886,1.0
ENSG00000130066,-0.19542470376534982,-0.16957056551190286,1.0
ENSG00000130741,-0.13520016441356186,-0.1402036837453171,1.0
ENSG00000102230,0.9974561517762884,0.9818744595732504,1.0
ENSG00000004848,0.995060955155789,0.9991061119060536,1.0
ENSG00000099399,0.6089472947603631,0.5387850841088091,1.0
ENSG00000120280,0.2771690149687003,0.2746924846128931,1.0
ENSG00000198947,0.48709666436521315,0.5958194998687147,1.0
ENSG00000047597,-3.2181105831716312,0.6042024554225836,1.0
ENSG00000165168,0.03652405863128472,0.23401872578503813,1.0
ENSG00000165169,0.913899787323659,0.21363956555540453,1.0
ENSG00000101955,0.9098551103598633,0.9242772154998611,1.0
ENSG00000165175,-16.196223699407376,-3.1697720879334197,1.0
ENSG00000235304,0.874494674029129,0.897256310817416,1.0
ENSG00000236393,0.5054894553207621,0.4864428061076077,1.0
ENSG00000223714,0.7798345414180052,0.8681101084871122,1.0
ENSG00000171659,0.9996039046761912,0.9980168039874049,1.0
ENSG00000171657,-0.01888187075128256,-1.6051982314579085,1.0
ENSG00000069535,0.6944131742202706,0.7108778129145228,1.0
ENSG00000147113,0.9472583437412126,0.959148541306163,1.0
ENSG00000102265,-0.5127747460630685,-0.2136478316945587,1.0
ENSG00000126759,0.9586276789618448,0.8622414870295938,1.0
ENSG00000267064,0.4427060729226405,0.47377030245632346,1.0
ENSG00000232828,0.865222730795337,0.9210558444597803,1.0
ENSG00000187682,0.9848668912106627,0.9520079394537333,1.0
ENSG00000102096,-0.4124333072101525,-0.2497297220598489,1.0
ENSG00000102007,-0.5226716275669865,-0.713030619249315,1.0
ENSG00000102003,-173.41904985899714,-12.908385495701415,1.0
ENSG00000224659,0.7776730166490893,0.601765745847422,1.0
ENSG00000158352,0.3142292324475807,0.348941892746071,1.0
ENSG00000226530,0.9848916804269192,0.9767650880208967,1.0
ENSG00000179222,0.842678758250324,0.8097586109477068,1.0
ENSG00000204363,0.8529474351619399,0.7785944915710453,1.0
ENSG00000268350,0.9985395069561421,0.96602362215438,1.0
ENSG00000102316,-80.12486449819953,-28.088957771740482,1.0
ENSG00000067445,0.6121442295045505,0.6583167750173489,1.0
ENSG00000158578,-0.5916882208207215,-0.8692770313210558,1.0
ENSG00000158639,0.8928645459019035,0.7833573573955248,1.0
ENSG00000204272,-0.42170890096308544,-0.5922564476727161,1.0
ENSG00000147065,-0.1740851171751714,-0.08223401343794512,1.0
ENSG00000274536,-1.5421612376443048,-1.0424390321353054,1.0
ENSG00000155659,-0.5336788996719477,0.12568349054887784,1.0
ENSG00000089472,-9.68099710587277,-2.347645299375013,1.0
ENSG00000169083,0.9576819939776083,0.9861631373364257,1.0
ENSG00000089289,-0.7367246926917579,-1.7188076247259367,1.0
ENSG00000184481,0.9288629499953845,0.9948356109221317,1.0
ENSG00000147168,0.8767729454727328,0.965590549928897,1.0
ENSG00000147174,0.9994561432259325,0.9964053144084283,1.0
ENSG00000281852,0.9858674315111347,0.9768204444831653,1.0
ENSG00000242732,0.2892797168091199,0.4430085115954633,1.0
ENSG00000198034,0.0036642642393625025,0.00014298826678960097,1.0
ENSG00000125931,0.1369956087217804,-0.027133969100770594,1.0
ENSG00000229807,-0.38192914596241057,-0.4132881537024786,1.0
ENSG00000230590,0.8339627426267213,0.9967518820052228,1.0
ENSG00000050030,0.9960215378009727,0.9981684895023412,1.0
ENSG00000226784,0.5251338799623708,0.4917244680601822,1.0
ENSG00000173198,0.7401395565006901,0.6486602084064244,1.0
ENSG00000147145,0.8376042593999875,0.8035379632565754,1.0
ENSG00000131171,-0.19936664167379559,-0.2683167886026374,1.0
ENSG00000072133,0.9988585883731458,0.9988094493247036,1.0
ENSG00000184788,0.8666772481013103,0.9370391441150524,1.0
ENSG00000102271,0.9689943917099108,0.9917788663767452,1.0
ENSG00000153779,0.9463457195198245,0.8490118751243478,1.0
ENSG00000204086,0.5887430832857354,0.695812328861742,1.0
ENSG00000007952,0.973177063918315,0.9822602401763048,1.0
ENSG00000126950,0.9514433979013285,0.9779002964076482,1.0
ENSG00000010671,-0.8895920671033446,-0.6258415307368754,1.0
ENSG00000102401,-1.152629535755623,-1.076736323188201,1.0
ENSG00000166432,0.7458368408083471,0.6361042398566215,1.0
ENSG00000147206,0.9928980153466996,0.9962336224262465,1.0
ENSG00000204065,0.9733344674307659,0.9984216320827835,1.0
ENSG00000133134,-0.5486317753650718,-0.5299641086351181,1.0
ENSG00000185222,-0.2715160233596934,-0.28028605339329893,1.0
ENSG00000172476,0.5640871944994896,0.5725054908765801,1.0
ENSG00000123570,0.9977441628574453,0.9784829388838693,1.0
ENSG00000123569,0.14937177815758274,0.23946824759627938,1.0
ENSG00000269226,0.9829986033145126,0.9758199153748124,1.0
ENSG00000080572,0.06034759817565838,0.16832244852692302,1.0
ENSG00000147234,0.9907855674816739,0.9673034675059884,1.0
ENSG00000157514,0.9202022250587237,0.9976807633082121,1.0
ENSG00000068366,-1.2924784633068804,0.9786841079715968,1.0
ENSG00000243978,0.9996513896989265,0.9950409702128123,1.0
ENSG00000230392,0.7110815608507587,0.6628792437391169,1.0
ENSG00000258545,0.36953929279082753,0.6360944771254036,1.0
ENSG00000203989,0.9661388015128697,0.8471096889142882,1.0
ENSG00000228139,0.42248376096275375,0.38806322299205176,1.0
ENSG00000125355,0.6005007890193135,0.6887163957165571,1.0
ENSG00000101892,0.8731509914318858,0.9161710621065299,1.0
ENSG00000005893,-2.8018037084395346,-81.95384987357723,1.0
ENSG00000282419,0.812783356269868,0.7923036506296561,1.0
ENSG00000009694,0.598765177897939,0.550612352699622,1.0
ENSG00000225689,0.9030741551619837,0.9006252294158781,1.0
ENSG00000122122,0.705835563920352,0.6823854056286434,1.0
ENSG00000085185,-5.253546130337201,-396.52164236677567,1.0
ENSG00000134594,0.5892854270691081,0.5402662849324844,1.0
ENSG00000165694,0.8304589137514042,0.798451839683175,1.0
ENSG00000232160,0.9834352188498621,0.9986629383095266,1.0
ENSG00000183434,0.5097995164506628,0.3772667862006789,1.0
ENSG00000227060,0.5951323879278578,0.7102927329541167,1.0
ENSG00000229015,0.8903398877583195,0.7179198373382969,1.0
ENSG00000178947,0.9131608783437875,0.9596994886990644,1.0
ENSG00000268940,0.9747579670883979,0.9132247804854281,1.0
ENSG00000269096,0.9999511672310138,0.9969960420460353,1.0
ENSG00000022267,0.9425143749279203,0.906990054350707,1.0
ENSG00000129675,0.653838319645482,-2860.7095747752282,1.0
ENSG00000232611,0.8976210059882723,0.9815343388505422,1.0
ENSG00000134595,-0.13925442887484407,0.10763426761739292,1.0
ENSG00000196406,0.43815320826252746,0.47843557568928674,1.0
ENSG00000046774,0.5780980581223352,0.8051851566104647,1.0
ENSG00000010404,-59.80040960783189,0.12442499710443644,1.0
ENSG00000238039,0.9695698814994801,0.9880336588126291,1.0
ENSG00000241769,0.9914726980238655,0.9779218071085264,1.0
ENSG00000267978,0.986410287191173,0.9957889442479345,1.0
ENSG00000185247,0.9600381286545149,0.9979346717217694,1.0
ENSG00000224871,0.9345983270950865,0.9669789419241285,1.0
ENSG00000214915,0.926464936394295,0.896174456182986,1.0
ENSG00000166049,0.9684722733603479,0.9883944916464702,1.0
ENSG00000229967,0.9698846770452738,0.9258607265386921,1.0
ENSG00000102287,0.9249043855758312,0.877676769249581,1.0
ENSG00000268089,0.7152401015900413,0.7704745906289273,1.0
ENSG00000268606,0.9318275333134456,0.9512373561334688,1.0
ENSG00000198883,0.5725471565924685,0.659390402008817,1.0
ENSG00000273877,0.9993156388801239,0.9927548592331293,1.0
ENSG00000214897,0.9296653934257835,0.9438645129600537,1.0
ENSG00000130829,-2.6765321664973407,-350.3537546217262,1.0
ENSG00000089820,0.31204728838345464,0.49887340202796415,1.0
ENSG00000102032,-111.39823886010426,-24.99125375629412,1.0
ENSG00000007350,0.9678680605544445,0.9666920134543344,1.0
ENSG00000231830,0.507729153947565,0.5858380431135147,1.0
ENSG00000196924,-4.958836364757528,-8.449450973336447,1.0
ENSG00000147403,-0.08104768235705895,-0.07972868016611279,1.0
ENSG00000280195,0.9381524779335662,0.891215454765507,1.0
ENSG00000197180,0.4694337652164723,0.9517897605091971,1.0
ENSG00000071553,-1.155812733703736,-1.755442597347463,1.0
ENSG00000160211,-529.5782578333336,-19.33277239314549,1.0
ENSG00000160219,0.9098658431517413,0.9865619306767294,1.0
ENSG00000203870,0.9787978518289675,0.9888191491142023,1.0
ENSG00000155962,0.925715474724796,0.8300895187032414,1.0
ENSG00000224533,0.9815327232758332,0.9369740089042475,1.0
ENSG00000124334,0.9207543475257479,0.9511253890473071,1.0
ENSG00000253896,0.5371780065433037,0.7158071833237144,1.0
ENSG00000282021,0.8721501687793849,0.9257186832762323,1.0
ENSG00000036448,0.9730799385740637,0.9844788518891974,1.0
ENSG00000253444,0.9165879399088633,0.8673386499216815,1.0
ENSG00000091879,0.925867372533249,0.9383521023358525,1.0
ENSG00000173281,-8.040699354010368,0.42725088728012917,1.0
ENSG00000171060,-0.12268164503597645,-0.22066639084357553,1.0
ENSG00000253695,0.9371939170999437,0.9680136188931944,1.0
ENSG00000154319,0.7619710285250134,0.6549849331555981,1.0
ENSG00000255394,0.9143120665409449,0.9628438613572341,1.0
ENSG00000255046,0.6054208860569813,0.652392831304126,1.0
ENSG00000164733,-0.9727870790939595,-1.4503530799052888,1.0
ENSG00000250305,0.36217017468478596,0.48820756500259777,1.0
ENSG00000185053,0.16014642741581508,0.32260421896637126,1.0
ENSG00000104723,-0.2283704626202545,-0.28084641904128627,1.0
ENSG00000003989,0.7630666260632867,0.8614207767468188,1.0
ENSG00000129422,0.8868350957041934,0.8916703951693804,1.0
ENSG00000104763,-0.3100816190789091,-0.3032786931622484,1.0
ENSG00000147443,-0.6212120691018552,-2.8278644172769556,1.0
ENSG00000158856,0.9436114791058399,0.9523693457691285,1.0
ENSG00000168490,0.9656506512577339,0.987082434276694,1.0
ENSG00000179388,0.9633026676815226,0.9546427336914435,1.0
ENSG00000134020,0.565422001106872,0.6457479345253735,1.0
ENSG00000173530,0.9839173037675456,0.9974447568367456,1.0
ENSG00000134013,0.9597223658131916,0.9734706607510205,1.0
ENSG00000147454,-0.389032013570799,-0.27841923430794213,1.0
ENSG00000167034,-8.39255859383741,0.5237768749404021,1.0
ENSG00000159167,0.9945870128807149,0.9994603876204198,1.0
ENSG00000042980,0.9396438475863991,0.9411580152516726,1.0
ENSG00000104722,0.9769550527276479,0.9530739523647652,1.0
ENSG00000221818,0.3089702397311247,0.09470103066426316,1.0
ENSG00000104765,-0.017802152096013435,-0.06627073026553432,1.0
ENSG00000240694,0.8564657344055511,0.8444761813733521,1.0
ENSG00000092964,-2.159976987039538,-0.3215364899636035,1.0
ENSG00000015592,0.31962894065223413,0.3688433817835044,1.0
ENSG00000120899,0.7602809277343661,-3.237988583764661,1.0
ENSG00000120903,0.4174396875095534,0.42769918312749033,1.0
ENSG00000120885,-0.32694808141599907,-0.2988914190427012,1.0
ENSG00000168081,0.6036884446437202,0.533196875164798,1.0
ENSG00000254034,0.9495407724067398,0.9732652165855017,1.0
ENSG00000253490,0.987829950452535,0.9725214541079408,1.0
ENSG00000271869,-4.425611106065817,0.509311340732665,1.0
ENSG00000133874,0.7575583573668099,0.7043516911267751,1.0
ENSG00000133878,0.9243640766320387,0.8868437713931486,1.0
ENSG00000254194,0.4770901830522932,0.686821098018895,1.0
ENSG00000253108,0.9846311259131882,0.9475335036678524,1.0
ENSG00000183154,0.912344273334999,0.8209833980594761,1.0
ENSG00000156675,-0.18288137225372236,-0.6714411429450746,1.0
ENSG00000188778,0.7846948192639724,0.83138899843185,1.0
ENSG00000196166,0.5946829368987523,0.6097790835028831,1.0
ENSG00000147526,-3.7065919762292108,-2.7212887365032414,1.0
ENSG00000169499,0.4926015209105432,-17.67274859057563,1.0
ENSG00000169495,0.8722121245665817,0.9147852785922552,1.0
ENSG00000176907,0.8314109089158941,0.8382402593869928,1.0
ENSG00000165061,0.9556043837804423,0.8899565283866263,1.0
ENSG00000104332,0.8321617201274728,0.7845320422097907,1.0
ENSG00000104368,0.951146811115394,0.996051346165067,1.0
ENSG00000253408,0.9470213445798352,0.9007094357672218,1.0
ENSG00000254165,0.6340807472596879,0.5543420688713383,1.0
ENSG00000147434,0.5457937533203929,0.6416413707671091,1.0
ENSG00000221869,-6.771884223188275,-4.5774285053987676,1.0
ENSG00000168333,0.8864042117908137,0.950334659144939,1.0
ENSG00000253474,0.9998346309894409,0.9694095135571311,1.0
ENSG00000272076,0.8764405409390392,0.9401092012091018,1.0
ENSG00000168300,-6.6519488522218655,0.9869590738894402,1.0
ENSG00000272024,0.6456949207447891,0.6864309264379427,1.0
ENSG00000206579,0.5765190342959903,0.3869755638856027,1.0
ENSG00000253614,0.659014607851917,0.5662791355767868,1.0
ENSG00000253376,0.8780067759839352,0.9119414822108101,1.0
ENSG00000137575,-1.3680208837657855,-2.0500689895869106,1.0
ENSG00000198846,0.8110181382455621,0.8142023858249271,1.0
ENSG00000228862,0.9989720039056219,0.9966758968769635,1.0
ENSG00000254432,0.9917738993583672,0.9829883988880977,1.0
ENSG00000254777,0.5094360626619019,0.6302978840924656,1.0
ENSG00000254802,0.9951381323075735,0.9999720918188791,1.0
ENSG00000198363,0.9985515421994614,0.9932392498059447,1.0
ENSG00000246145,0.9757719808333905,0.8614566262403608,1.0
ENSG00000147576,0.8961057228407314,0.9012436923546644,1.0
ENSG00000169085,0.7086752067603204,0.591924090292429,1.0
ENSG00000278888,0.9962007829272698,0.9999224707442467,1.0
ENSG00000182674,0.9560661105482029,0.9089031243681336,1.0
ENSG00000274443,-0.07135100125315486,-0.44984790485405424,1.0
ENSG00000147604,-0.07194903716401946,-0.06720895307422414,1.0
ENSG00000121039,-1.3215837380269955,-10.624494595964036,1.0
ENSG00000104343,-4.617781580690888,-114.2052334392408,1.0
ENSG00000154589,0.6568911793527131,0.7783213185665951,1.0
ENSG00000254288,0.893617111306052,0.9196298768985407,1.0
ENSG00000249395,-3.9146657645848,-3345.7378805397257,1.0
ENSG00000164749,0.9857249879093324,0.9965847491631377,1.0
ENSG00000104435,0.9383624566970724,0.9491961479317772,1.0
ENSG00000164683,0.8303494846997845,0.6768711127218945,1.0
ENSG00000272138,0.7322727951448118,0.7973991025289777,1.0
ENSG00000205189,-7.078397139707752,0.685654054580851,1.0
ENSG00000076641,0.9398570345107949,0.822394353276233,1.0
ENSG00000253214,0.9935939812745129,0.947126280275031,1.0
ENSG00000164687,-0.08662340778782429,-0.15415709835643643,1.0
ENSG00000254689,0.6423290197684046,0.6909609333365869,1.0
ENSG00000184672,0.6525368210612402,0.7782247682859907,1.0
ENSG00000260493,0.22376630608745307,0.7229975737108876,1.0
ENSG00000104267,0.944592722414866,0.9482084150358017,1.0
ENSG00000170289,0.991176816797315,0.9757393237455985,1.0
ENSG00000253171,0.900577155520108,0.874318869158145,1.0
ENSG00000271156,0.8480892185080596,0.8409409131042209,1.0
ENSG00000104327,0.9507308892407693,0.9510488187437397,1.0
ENSG00000123119,0.9989654718744044,0.9857136541763459,1.0
ENSG00000155099,-2.9008757780857772,-1.0161486728881193,1.0
ENSG00000079102,0.864390445147585,0.7556774513106793,1.0
ENSG00000253848,0.992307030979118,0.9684073467907715,1.0
ENSG00000264448,0.9443034610783491,0.9919350220860422,1.0
ENSG00000261437,0.9138220007346636,0.9148517116180841,1.0
ENSG00000164938,-0.22152548624519475,0.6362293568382555,1.0
ENSG00000253872,0.8820861173981942,0.8825212788200729,1.0
ENSG00000169439,0.7710996368341214,0.9062733001402762,1.0
ENSG00000104324,-18115.028027682874,-1.6146513276330596,1.0
ENSG00000104341,-0.08470535476073415,-0.0958274344318546,1.0
ENSG00000132561,0.9457368057974154,0.7406307294089747,1.0
ENSG00000164920,0.9993219123182622,0.7061343611683488,1.0
ENSG00000229625,0.6992607757456892,0.7416509014524695,1.0
ENSG00000156509,0.9866723036373368,0.9673905346024818,1.0
ENSG00000248599,0.9279053854007728,0.7661024775247333,1.0
ENSG00000271882,0.8591879560642128,0.8932590012019488,1.0
ENSG00000104490,0.9837853405319573,0.9431796117787553,1.0
ENSG00000246263,0.8704849026921311,0.8253478905533165,1.0
ENSG00000272037,0.8659340832126157,0.8931628614357507,1.0
ENSG00000155090,0.8773984704009903,0.9376881932277987,1.0
ENSG00000253669,0.897949274557306,0.7558605027827675,1.0
ENSG00000254281,0.9759465518619178,0.9868081315129028,1.0
ENSG00000164929,0.9882164247421775,0.9351553550349809,1.0
ENSG00000164930,0.8495967637817091,0.8667606960459653,1.0
ENSG00000164934,0.021772758351420562,0.17205598974840453,1.0
ENSG00000147647,0.6599948298570826,0.7562531813596381,1.0
ENSG00000147650,0.5224636636943625,0.9015500035243462,1.0
ENSG00000253582,0.9898326999842169,0.9825918827052086,1.0
ENSG00000104408,-0.04561840927991745,-0.0645905217230367,1.0
ENSG00000164841,0.8850723108398544,0.8613578070349952,1.0
ENSG00000164796,0.8019474854590699,0.7927919275864785,1.0
ENSG00000225885,0.9524513234059578,0.9837837858335378,1.0
ENSG00000254343,0.8672376037437687,0.8606820490276048,1.0
ENSG00000187955,0.5827781032913916,0.5063529000965529,1.0
ENSG00000253619,0.8934509855863836,0.9428461016872862,1.0
ENSG00000253819,0.7708471574007225,0.833774191576292,1.0
ENSG00000147689,-1.4204656087620515,-1.2120668693915917,1.0
ENSG00000156802,-0.043584326683902,-0.07302560391748925,1.0
ENSG00000156804,0.4038201911784498,0.8353913936580337,1.0
ENSG00000253227,0.979436406595737,0.9950338141824712,1.0
ENSG00000253513,0.8504473936492827,0.9016479196818897,1.0
ENSG00000104549,-0.2184945402003733,-0.2870643111431277,1.0
ENSG00000173334,-0.13045714164883715,0.9979995895879805,1.0
ENSG00000253111,0.6739126074312143,0.7765956670184817,1.0
ENSG00000244791,0.9969992251452718,0.9981403452936396,1.0
ENSG00000168672,0.9309364957875765,0.9698091417286542,1.0
ENSG00000246228,0.9069624237902609,0.7285094928393067,1.0
ENSG00000136997,-0.22877084202774944,-0.470841510997426,1.0
ENSG00000165071,0.5974398072822307,0.4228205502250413,1.0
ENSG00000155926,0.643676144111704,0.5950632821329476,1.0
ENSG00000104419,0.9976210100828684,0.9938320240374654,1.0
ENSG00000253988,0.7629570114311491,0.8743976691821884,1.0
ENSG00000147724,0.8423151283701087,0.9346801337032729,1.0
ENSG00000254258,0.9932479212615581,0.9968005390802681,1.0
ENSG00000105339,0.8476752164039356,0.8547815798721532,1.0
ENSG00000254291,0.8683757676541468,0.8973693624114263,1.0
ENSG00000204882,0.963273894347457,0.9980128775348672,1.0
ENSG00000271959,0.6340036278882324,0.6357426699541553,1.0
ENSG00000261693,0.9727992666257953,0.9997891554724458,1.0
ENSG00000198576,0.9815673918531812,0.9204654515085379,1.0
ENSG00000160932,-0.3025993769650155,-0.24275013060041672,1.0
ENSG00000254859,0.8981510227287305,0.945191491087049,1.0
ENSG00000254812,0.9588088357487281,0.8629499328154314,1.0
ENSG00000254548,0.8440086570029033,0.8304000837728786,1.0
ENSG00000254973,0.9975879520293872,0.9955996312233902,1.0
ENSG00000214733,0.8716522760468668,0.8308868657551521,1.0
ENSG00000261150,0.9100523031982974,0.9329011164007196,1.0
ENSG00000178685,0.5886309002065873,0.8707346162814245,1.0
ENSG00000265393,0.9857194749836677,0.9069814828630149,1.0
ENSG00000227155,0.8620861256247725,0.8604191299860989,1.0
ENSG00000173253,0.9927699293344053,0.9990160927247962,1.0
ENSG00000254017,0.9751275146517812,0.999123150729327,1.0
ENSG00000225489,0.9945299170248297,0.9691293440618332,1.0
ENSG00000273056,0.6026326779722662,0.7751492414103075,1.0
ENSG00000231902,0.8279211826586991,0.7730859884584851,1.0
ENSG00000044459,-0.4985040122571811,-0.37389013037892105,1.0
ENSG00000273226,0.743342247016048,0.7590794106337366,1.0
ENSG00000137154,-0.07892515563337876,-0.07505934340900122,1.0
ENSG00000233906,-0.18090432388898403,-0.02805574316689885,1.0
ENSG00000237414,0.9585765876894985,0.9867660010475308,1.0
ENSG00000107201,-0.8860066175369337,0.7713846831088269,1.0
ENSG00000086061,-0.4032825876085335,-0.45632341391921427,1.0
ENSG00000086062,-9.241846793697421,-1.3859864012762482,1.0
ENSG00000122711,0.5210806643984149,0.4875767929860182,1.0
ENSG00000260947,0.9657088715528038,0.980942413156697,1.0
ENSG00000010438,0.9999837684785091,0.9987620425045878,1.0
ENSG00000228352,0.8207811908604861,0.9205124510081832,1.0
ENSG00000122733,0.4802908332046999,0.48485050529049667,1.0
ENSG00000005238,0.8484293456984107,0.991230194225915,1.0
ENSG00000215187,0.9208044025263886,0.9070039353567692,1.0
ENSG00000137101,0.9282256559926972,0.9906650621819149,1.0
ENSG00000227933,0.9704485437563408,0.9851067291792709,1.0
ENSG00000137076,-1.2521116513171857,-1.380616232299663,1.0
ENSG00000137098,0.679492558911065,0.5270729286992998,1.0
ENSG00000204930,0.9774793032686513,0.9805851592317414,1.0
ENSG00000122707,0.6470494939543778,0.536469295789158,1.0
ENSG00000122705,-0.19747229524058296,-0.159531789538915,1.0
ENSG00000196092,0.7467963373921469,0.9231474217890311,1.0
ENSG00000276500,0.42979194335271664,0.48715023312933226,1.0
ENSG00000277260,0.4476047780080492,0.6480245721019646,1.0
ENSG00000229311,0.544502783093177,0.49110596827817177,1.0
ENSG00000274516,0.7196499096127141,0.727928957868401,1.0
ENSG00000231248,0.6276894744220722,0.718980945294124,1.0
ENSG00000235659,0.9308571353587662,0.8017209528967597,1.0
ENSG00000231212,0.9444067640225602,0.9555321866399673,1.0
ENSG00000226007,0.9523993310678435,0.9393357486042085,1.0
ENSG00000278849,0.9236098939109405,0.8521986496395326,1.0
ENSG00000274349,0.47637280178159747,0.1982954949696083,1.0
ENSG00000276348,0.9853946020908498,0.9983381267426492,1.0
ENSG00000233178,0.8409553626718724,0.965522777597372,1.0
ENSG00000236733,0.6164380219025006,0.7023557228758659,1.0
ENSG00000278910,0.8338251119324464,0.8802468958598223,1.0
ENSG00000165072,0.9920538965899779,0.8905896864964887,1.0
ENSG00000235523,0.6480063656608233,0.5096245656043582,1.0
ENSG00000165092,0.8645939316953151,0.8199240629235651,1.0
ENSG00000135046,0.9999229801703993,0.9999969545538713,1.0
ENSG00000119121,0.9684309147099166,0.9838702460301368,1.0
ENSG00000135002,-16.860158102489926,-17.44385169897645,1.0
ENSG00000156049,0.9112621128259026,0.8712426491641453,1.0
ENSG00000106829,0.9234060641050541,-0.4388478038702439,1.0
ENSG00000267559,0.6459604781482022,0.695251174787973,1.0
ENSG00000229109,0.9574467810846756,0.9448048085553475,1.0
ENSG00000148057,0.9360397506790837,0.9066159133089239,1.0
ENSG00000227463,0.8869435317274017,0.9164540687154842,1.0
ENSG00000197506,0.7808841253709553,0.6381375176179566,1.0
ENSG00000180447,0.5278206045541867,0.4179837176550647,1.0
ENSG00000135047,-3.4432956752727852,-0.9679569261279526,1.0
ENSG00000156345,0.9640493746559513,0.9995010263193452,1.0
ENSG00000130045,0.7878348544438688,0.912608370595971,1.0
ENSG00000123975,-0.13136898260947416,-0.1651736437320428,1.0
ENSG00000130222,0.4296008219460006,-1.203635115403109,1.0
ENSG00000165025,0.9949207514567229,0.9963171602072516,1.0
ENSG00000230537,0.9322941015918766,0.93524326732369,1.0
ENSG00000233081,0.9961628074871919,0.9670167094465116,1.0
ENSG00000279007,0.9947941041580883,0.9914931509790569,1.0
ENSG00000106809,0.8784874216617353,0.8595434432523774,1.0
ENSG00000127084,0.8749007700890971,0.919080475694567,1.0
ENSG00000157303,-6.08835616172993,-1119.830395688874,1.0
ENSG00000223446,0.9878422280656917,0.9078397254232495,1.0
ENSG00000131669,-16.744422249181937,-0.5491383810357928,1.0
ENSG00000227603,0.760074280107292,0.8674305787562223,1.0
ENSG00000231990,0.9984087680194733,0.9974037843699279,1.0
ENSG00000131668,0.9584022196465808,0.9906499100605248,1.0
ENSG00000235601,0.6362478428504015,0.683366836149173,1.0
ENSG00000269946,0.99032436370986,0.9730879549924152,1.0
ENSG00000165140,-0.2656102078871503,-0.39552603271923936,1.0
ENSG00000271384,0.9588732372926267,0.9963682914865895,1.0
ENSG00000188152,-0.6270891068956947,-0.6239745815997328,1.0
ENSG00000203279,0.7694226823919932,0.2723784297687931,1.0
ENSG00000136929,-3.2878275227048475,-6.201784926620212,1.0
ENSG00000267026,0.9911896643005346,0.9954544170098611,1.0
ENSG00000204291,0.6629108199979741,0.544362173904138,1.0
ENSG00000270412,0.8628493534082352,0.9463423538608728,1.0
ENSG00000271086,0.7556001324676895,0.8569804856262035,1.0
ENSG00000198785,0.997575137645169,0.980799496727584,1.0
ENSG00000165028,-0.7255474057924187,0.8336961521526994,1.0
ENSG00000165029,0.7599766295126532,0.7467830897026946,1.0
ENSG00000226334,0.8984338889629173,0.9195338270861091,1.0
ENSG00000070214,-0.8389555192661824,-116.25393877000131,1.0
ENSG00000228317,0.986587643520091,0.9931897859596779,1.0
ENSG00000186051,0.9919616132809833,0.9814646523312607,1.0
ENSG00000234323,0.9976006715048383,0.9983360772806561,1.0
ENSG00000234229,0.9438206372078728,0.9556887526264191,1.0
ENSG00000136826,0.8278764675866283,0.8272793971596678,1.0
ENSG00000260230,0.9601393162305113,0.9973281145747285,1.0
ENSG00000165124,0.9685622395544787,0.982551207533792,1.0
ENSG00000173258,0.9895956194395121,0.9677113970233984,1.0
ENSG00000225684,0.9981837980576951,0.9335952101810816,1.0
ENSG00000136867,0.9991343532022657,0.8860803993463435,1.0
ENSG00000227482,0.4612950269249273,0.6225388906012973,1.0
ENSG00000196739,0.5062615283128309,0.7006463338113392,1.0
ENSG00000229314,0.9645685933040015,0.9990848565460833,1.0
ENSG00000228278,0.8061472313454238,0.8353113729041115,1.0
ENSG00000106948,0.3057469578226152,0.3126318478279323,1.0
ENSG00000235119,0.9348552912580552,0.9644944318438682,1.0
ENSG00000181634,0.9887786210712707,0.997442411621739,1.0
ENSG00000041982,0.9528226545570386,0.8613814257155238,1.0
ENSG00000182752,0.9528440343009881,0.6379992113712725,1.0
ENSG00000136869,0.9197451646099586,0.6707253504153455,1.0
ENSG00000228512,0.8805142884316843,0.9057098348083508,1.0
ENSG00000106780,-1.8722950897001787,0.8288947575610287,1.0
ENSG00000226752,-0.8593664518810054,-1.157123140314284,1.0
ENSG00000119403,-0.12315467548388859,-0.13118010875145192,1.0
ENSG00000056558,0.6294443846016473,0.6395891905937743,1.0
ENSG00000119397,-7.5078377413051385,-33.23825720590267,1.0
ENSG00000148180,-0.4754653275217735,0.9031162799521917,1.0
ENSG00000235865,0.4834470210996139,0.4729216417202987,1.0
ENSG00000148175,-3.897104473094802,-4.307076412891312,1.0
ENSG00000185681,0.8604370416830099,0.8694383732887585,1.0
ENSG00000095303,0.9993695609553493,-0.014489922491347285,1.0
ENSG00000233616,0.9926613681347534,0.9883595475347343,1.0
ENSG00000229245,0.8957394909129722,0.7962082583608951,1.0
ENSG00000188394,0.9981365589866075,0.982133784883373,1.0
ENSG00000044574,-0.59194781941368,-1.3671455620599846,1.0
ENSG00000167094,0.7847940987990146,0.7065190385677681,1.0
ENSG00000095370,0.9715523331563525,0.9938050223276578,1.0
ENSG00000106991,0.8393818991170425,0.8834151141959602,1.0
ENSG00000167103,0.9091217153359209,0.8995366194237191,1.0
ENSG00000197694,-0.6619900857073757,-3.398259979676265,1.0
ENSG00000234705,0.9992745122719073,0.9886434241315658,1.0
ENSG00000119335,-0.0791209395100767,-0.0876818339154346,1.0
ENSG00000160446,-0.38386540874793584,-0.5032172278853644,1.0
ENSG00000095321,0.8113315010133038,0.9895530903488561,1.0
ENSG00000188483,0.9993799692146851,0.9990635942699185,1.0
ENSG00000268050,0.9970261282829158,0.9996403354733406,1.0
ENSG00000179082,0.7492753476313823,0.7225139460016227,1.0
ENSG00000230676,0.7773804005027609,0.7280937688164475,1.0
ENSG00000261334,0.5961634185375098,0.8291791424699141,1.0
ENSG00000239353,0.943675645687925,0.9895716009598476,1.0
ENSG00000227619,0.9792476651869398,0.9879891966685241,1.0
ENSG00000179058,0.9625685904879576,0.9960005737104797,1.0
ENSG00000236024,0.7301773365132118,0.7711031587866093,1.0
ENSG00000148344,0.9624495721393067,0.9191156881493155,1.0
ENSG00000136878,-0.4971985355953563,-0.7300318612990169,1.0
ENSG00000187239,-3.5020652001372747,-12.368629071684147,1.0
ENSG00000270755,0.980099648475762,0.9951065809200537,1.0
ENSG00000148357,0.9963672745366975,0.998862201857716,1.0
ENSG00000050555,0.9978528761236006,0.9875303125789425,1.0
ENSG00000246851,-0.9490363500160515,-0.59681315958407,1.0
ENSG00000230289,0.922693611338594,0.8594942939305563,1.0
ENSG00000196358,0.9982251733300148,0.9971964888448511,1.0
ENSG00000125492,0.5830241201421972,0.7262293384532488,1.0
ENSG00000165695,-0.8937282086652059,-1.821668631899509,1.0
ENSG00000171102,0.9954813711485554,0.9944797103464659,1.0
ENSG00000160323,0.9619316781070717,0.9494330986194025,1.0
ENSG00000160326,0.35202501936425756,0.23346837695572686,1.0
ENSG00000123453,0.8594752941671959,0.957799902487878,1.0
ENSG00000273473,0.9841961057092742,0.9836537615132142,1.0
ENSG00000228877,0.9328470509738312,0.949272445734269,1.0
ENSG00000085265,0.7337945108323944,0.6278919965005709,1.0
ENSG00000122136,0.5143124698005201,0.539209410221911,1.0
ENSG00000122133,-0.49420762498295456,-0.390438216467492,1.0
ENSG00000237886,-0.13631779360406515,-0.1241586421268408,1.0
ENSG00000213213,0.8902350286486623,0.9962072293658655,1.0
ENSG00000169583,-0.41896866710585634,-0.23558150414457235,1.0
ENSG00000180539,0.9821779282106892,0.9668194308999463,1.0
ENSG00000180549,0.6195182425750942,0.6387308699472523,1.0
ENSG00000236394,0.958319652253772,0.9828056114294027,1.0
ENSG00000198569,0.9982741197365983,0.9878639926305901,1.0
ENSG00000188229,-0.24330128731401413,-0.25758913416275453,1.0
ENSG00000197768,0.9525655625499128,0.9680583957488413,1.0
ENSG00000188747,0.8284152650537457,0.935686148504694,1.0
ENSG00000188833,0.38930299384874356,0.5527466818236776,1.0
ENSG00000177947,-0.017188685865114905,0.31370615300149274,1.0
ENSG00000254559,0.8144220525854566,0.7986804130624857,1.0
ENSG00000185201,-0.7271700800256886,-0.5252968426637159,1.0
ENSG00000142089,0.9991376473389192,0.9888636121945819,1.0
ENSG00000255237,0.9235431294380153,0.911524922269324,1.0
ENSG00000185507,0.9622751395945774,0.9541850356947372,1.0
ENSG00000099834,0.9745992801647603,0.9889172143902066,1.0
ENSG00000255108,0.9536667041135792,0.9878805560551464,1.0
ENSG00000254872,0.9056355413033914,0.9423803280940529,1.0
ENSG00000184545,0.9019642470627649,0.8888077304077108,1.0
ENSG00000233930,0.9882310809191535,0.9997833950793894,1.0
ENSG00000244242,0.9905801983806208,0.99653016721003,1.0
ENSG00000149043,0.8557620575404314,0.7763267312334072,1.0
ENSG00000130598,0.7105590851213699,0.42215597949792194,1.0
ENSG00000130592,-0.8860092412779692,0.9896860028540068,1.0
ENSG00000130595,0.9847345097251908,0.989759601496298,1.0
ENSG00000167244,0.6966374879550055,0.6109044114165445,1.0
ENSG00000110665,0.38708152699268783,0.9739326950026633,1.0
ENSG00000064201,-0.6703197989394327,0.876720121789057,1.0
ENSG00000070985,0.9862800781782693,0.958814802131249,1.0
ENSG00000053918,0.9853837623274107,0.9963195488420942,1.0
ENSG00000269821,-0.4064613882703645,-0.2406246601712021,1.0
ENSG00000229414,0.6258506357375754,0.7315474192888003,1.0
ENSG00000237941,0.6794774055307846,0.42845691245413087,1.0
ENSG00000129757,-1.479100819416923,-8.742144316396622,1.0
ENSG00000110628,0.9986400618805562,0.9959999711375986,1.0
ENSG00000181649,-3.0869749608741044,-1.7624169309358226,1.0
ENSG00000236301,0.8144633549978864,0.8777372302597497,1.0
ENSG00000177105,-1.2475527022903372,-1.2416611994012148,1.0
ENSG00000180785,0.9640327318322515,0.9630402318258077,1.0
ENSG00000167332,0.9886496967419622,0.9360337404970839,1.0
ENSG00000244734,0.4630950725239724,0.4733368819592506,1.0
ENSG00000223609,-237.55652706189886,-2.175874889979714,1.0
ENSG00000213934,-0.07397621123059728,-0.04906128418287192,1.0
ENSG00000196565,0.024405952597498448,0.029632497752276388,1.0
ENSG00000213931,-0.41087112514730384,-0.837067491397729,1.0
ENSG00000183251,0.912092985151872,0.9742646743678176,1.0
ENSG00000175518,0.990863322315019,0.973594166784835,1.0
ENSG00000239920,0.9896082602207824,0.997507724667843,1.0
ENSG00000121236,0.19241255195375428,0.9063078420673903,1.0
ENSG00000132256,0.9997276097016832,0.9970753932225711,1.0
ENSG00000132274,0.9322855431528914,0.8516971442880302,1.0
ENSG00000166311,-15.525744129786514,0.8667374346582274,1.0
ENSG00000254400,0.8986828367643813,0.9153482874863322,1.0
ENSG00000166340,-0.766411994722624,-1.1392451087503752,1.0
ENSG00000166387,0.9672701285046749,0.985350069339257,1.0
ENSG00000254860,0.6195293679633072,0.6631218347945773,1.0
ENSG00000133789,0.6446998754974427,-14.4541635508638,1.0
ENSG00000254554,0.9959764708340051,0.9988003766255478,1.0
ENSG00000148926,0.9121636562161267,0.8817439099095454,1.0
ENSG00000255823,-0.033673453923805496,-0.06716445825313144,1.0
ENSG00000177112,0.99969180124043,0.9999977649979309,1.0
ENSG00000133800,0.9997170517883859,0.9949778324892836,1.0
ENSG00000247271,0.2350589598663142,-1.4538552463360994,1.0
ENSG00000050165,0.48081361593604943,0.6212259894123009,1.0
ENSG00000254486,0.9969356793613655,0.9900284674960126,1.0
ENSG00000110693,0.5501034031802139,0.5551777253517836,1.0
ENSG00000070081,-6.726345747785367,-2.403409096746214,1.0
ENSG00000006611,0.8970129385884407,0.9248737380715797,1.0
ENSG00000188162,0.8164982005747613,0.7666488916692652,1.0
ENSG00000129159,0.5544259323202028,0.5392469769716945,1.0
ENSG00000134333,-0.32714255113883106,-0.30761945718160244,1.0
ENSG00000166796,0.9971224121198926,0.9974216974452416,1.0
ENSG00000129170,0.2856955908867803,0.48106139812511284,1.0
ENSG00000270607,0.9775264214321382,0.9988540646717968,1.0
ENSG00000148935,0.8292193880719889,0.6106828297886585,1.0
ENSG00000198168,-0.30107766375808387,-0.20908754762218695,1.0
ENSG00000246225,0.9996940239157874,0.9941240706561155,1.0
ENSG00000255418,0.8317263625601866,0.8794676691668649,1.0
ENSG00000255243,0.9925684932311881,0.9998905038943533,1.0
ENSG00000148942,0.9246988093106046,0.9398046806237789,1.0
ENSG00000245573,0.9747739774488502,0.9348085330960365,1.0
ENSG00000255029,0.6516950832393595,0.7533910614459611,1.0
ENSG00000066382,0.9454484137482805,0.8747572690484088,1.0
ENSG00000228061,0.07265060156916558,-0.30422046273890513,1.0
ENSG00000135378,0.2595382779845036,0.4439098100089188,1.0
ENSG00000280798,0.9710293307567736,0.8451572607377168,1.0
ENSG00000255202,0.5926587031419014,0.7452138235655023,1.0
ENSG00000085063,-0.2708030566694506,-0.29769197488172505,1.0
ENSG00000135363,-0.5575994930010908,-0.38553847103445915,1.0
ENSG00000121691,0.5722601757821344,-1.4816812313582641,1.0
ENSG00000135373,0.8955134724513651,0.8800693156539249,1.0
ENSG00000026508,0.3831587832863964,0.3487976594508255,1.0
ENSG00000110436,0.9634464272865492,0.9931290730018985,1.0
ENSG00000149090,0.9957553977716787,0.982820688080978,1.0
ENSG00000175097,0.9630031735907528,0.990889845516442,1.0
ENSG00000187479,0.7009573974599849,0.6848548729781787,1.0
ENSG00000085117,0.9950399594750776,0.9654451632589295,1.0
ENSG00000255092,0.33934918827693383,0.5276856494890065,1.0
ENSG00000019505,0.7475007847216648,0.836320774452517,1.0
ENSG00000205106,0.7535427433487913,0.6893488564763599,1.0
ENSG00000255447,0.9975471363880622,0.9994475445450777,1.0
ENSG00000255007,0.9388309095095609,0.9992747635956213,1.0
ENSG00000110492,-0.06887757956878926,-0.029395366733612205,1.0
ENSG00000134571,0.8509615714279779,0.9399110965243337,1.0
ENSG00000066336,-0.15714080488469895,-0.22100388972514184,1.0
ENSG00000165917,0.9654230115970459,0.946507534875136,1.0
ENSG00000196666,-0.29287501212968103,-0.2151507698429549,1.0
ENSG00000172247,0.9649402267190297,0.915839858495501,1.0
ENSG00000165923,0.9061677266731947,0.9426778736140075,1.0
ENSG00000183908,-1.0277587371505699,-1.0265608341723036,1.0
ENSG00000109991,0.9963696163065473,0.969557654107476,1.0
ENSG00000156575,0.992934895547759,0.9996670951858398,1.0
ENSG00000186652,0.9460136609266128,0.8449318124432558,1.0
ENSG00000214872,0.9505487064491251,0.860935155731952,1.0
ENSG00000149131,-9.047252640048184,-3.5968606693569507,1.0
ENSG00000166793,0.9850601676478247,0.9692724380841954,1.0
ENSG00000110031,0.9994725580662929,0.9981305949855652,1.0
ENSG00000149124,0.809871519074693,0.8906217791182044,1.0
ENSG00000245571,0.938103613839215,0.9947925792584,1.0
ENSG00000166801,0.9479661699124805,-0.2039317696920777,1.0
ENSG00000134827,0.9996668495622436,0.9999880498729106,1.0
ENSG00000149516,-2.06959790542923,0.9992504721231339,1.0
ENSG00000149534,0.9717803307810602,0.9920292785369814,1.0
ENSG00000214787,0.4074320374496422,0.4924211433510721,1.0
ENSG00000110079,-2.973581826460126,-2.068532261458217,1.0
ENSG00000183134,0.6563173891757574,0.42466736225868396,1.0
ENSG00000110446,0.9814983175610597,-0.0820588516894325,1.0
ENSG00000229859,0.9987730653344684,0.9984106907580097,1.0
ENSG00000229183,0.8532229155722441,0.7112625554680772,1.0
ENSG00000256713,0.6986368753018023,0.6181856843979532,1.0
ENSG00000149476,-6.675066979305848,-2.004301894282745,1.0
ENSG00000162148,0.9901428207281295,0.9995762285588896,1.0
ENSG00000149485,-0.4546608692153773,-0.43716801348119594,1.0
ENSG00000167996,-0.06506048691810684,-0.0608509392311225,1.0
ENSG00000124935,0.8093867529160497,0.8421460071910118,1.0
ENSG00000255118,0.9759131180302512,0.9909642039755939,1.0
ENSG00000256690,0.8028551393821237,0.9094657245423876,1.0
ENSG00000168003,-0.3956546513164283,-0.37034155578465944,1.0
ENSG00000257002,0.38758456763233506,0.42507692373969896,1.0
ENSG00000184999,0.669079707911524,0.5819458618368147,1.0
ENSG00000196600,0.9409873927196345,0.8912789620637908,1.0
ENSG00000168004,0.7319692538084872,0.6689191974048705,1.0
ENSG00000133317,0.515751498587589,0.6215412722382325,1.0
ENSG00000133321,0.9341923344023755,0.8713342775535164,1.0
ENSG00000133328,0.7388819418674731,0.719809645287684,1.0
ENSG00000176485,-56.390032302679835,-323.5736010780841,1.0
ENSG00000110011,-1.2466234633089681,-0.6929006470051218,1.0
ENSG00000182450,0.8579526936415591,0.9380520044878949,1.0
ENSG00000126432,-0.23831137959307225,-0.20646513801973665,1.0
ENSG00000236935,0.9995091501956627,0.996250360910405,1.0
ENSG00000168065,0.999641939340649,0.9812891407722318,1.0
ENSG00000110046,-12.963837412605324,-8.644003954805587,1.0
ENSG00000068971,0.9976047671960545,0.92447913455698,1.0
ENSG00000149735,0.8344357188492971,0.9748773530905455,1.0
ENSG00000168060,0.8515694110348393,0.9778111974460761,1.0
ENSG00000149809,-49.239225297548856,-0.38596120199224115,1.0
ENSG00000254614,-1.0090761475219425,-0.0843942442088268,1.0
ENSG00000173825,0.4822748037145892,-0.22732429277241972,1.0
ENSG00000255478,0.974099381142642,0.9374876628726898,1.0
ENSG00000162241,-0.32968715292627104,-0.391759696267334,1.0
ENSG00000245532,-0.14141663919492653,-0.12409767554836226,1.0
ENSG00000173727,-15.78688321512692,0.9413031527169031,1.0
ENSG00000251562,-0.05953164473130168,-0.056356557781147565,1.0
ENSG00000279576,0.01958968965129726,0.6162500856553533,1.0
ENSG00000172818,0.9511429839465119,0.9753225748621853,1.0
ENSG00000255120,0.42220948435864325,0.2586319985888891,1.0
ENSG00000255404,0.879692580195187,0.9526637893549132,1.0
ENSG00000172638,0.9933989897481071,0.9950409117029085,1.0
ENSG00000172543,0.6875079279116805,0.5339968986806642,1.0
ENSG00000175294,0.3205089164754833,0.07537460405416907,1.0
ENSG00000174807,0.5912733886011641,0.6275371293528594,1.0
ENSG00000182791,0.9999930088238036,0.9921724012272498,1.0
ENSG00000173992,-22.362980200302374,-5.507944365326027,1.0
ENSG00000173227,0.9798524471529645,0.9791557527183906,1.0
ENSG00000175482,0.9370693615974199,0.9152997119012705,1.0
ENSG00000175463,0.2858137205238941,-0.0012271460923314326,1.0
ENSG00000172725,-1.5197909555649582,-1.5004080196418808,1.0
ENSG00000175544,0.7665004274623306,0.8324230267846876,1.0
ENSG00000084207,-0.17534606092268645,-0.17942552775640697,1.0
ENSG00000132746,0.9999449687234538,0.9920647254311447,1.0
ENSG00000006534,0.8053681785085487,0.9135673297398705,1.0
ENSG00000255306,-0.32115388414749435,0.13263521816831936,1.0
ENSG00000255236,0.0377649230250483,0.03163361497761663,1.0
ENSG00000069482,-0.3523091393835218,-0.39397713265157797,1.0
ENSG00000250508,0.8731729343330763,0.9329847650253442,1.0
ENSG00000259799,0.8922855657132478,0.8130611697872666,1.0
ENSG00000172927,0.719905599349126,0.9343676802167823,1.0
ENSG00000162344,0.9950860800055665,0.9890592113145993,1.0
ENSG00000226627,0.4607000996725986,0.6212271455112504,1.0
ENSG00000204571,0.708700244884301,0.7181253221048982,1.0
ENSG00000110203,0.9984881215618338,0.996542363312103,1.0
ENSG00000204971,0.9981668790945736,0.9897567974484015,1.0
ENSG00000110195,0.7094281776116642,0.9973005950720496,1.0
ENSG00000227467,0.862448338229668,0.8067357301467926,1.0
ENSG00000186642,0.9026913775909479,0.8481486346000133,1.0
ENSG00000256007,0.8949244967530723,0.867349702010209,1.0
ENSG00000168010,0.9133729794926096,0.9106387000382891,1.0
ENSG00000256568,0.8302040863478718,0.9079144808438274,1.0
ENSG00000175591,0.9340050990191957,0.9923692324361725,1.0
ENSG00000171631,0.9897477002347292,0.9755395604182991,1.0
ENSG00000257038,0.7926249293034417,0.8646229422518068,1.0
ENSG00000110237,0.9796582973409775,0.7652848330209877,1.0
ENSG00000021300,0.8754135161649933,0.7795456840533252,1.0
ENSG00000175567,-1.0972525837938734,-1.3006255181277986,1.0
ENSG00000175538,0.5949016399879796,-152.92362482707222,1.0
ENSG00000254928,0.9763714382821551,0.963068693524191,1.0
ENSG00000054938,0.4777827775169532,0.38391413788725126,1.0
ENSG00000137491,0.6714127882985823,0.6053340564842224,1.0
ENSG00000261594,0.9294149420711959,0.9799077841391246,1.0
ENSG00000149273,-0.08269097122744107,-0.07268982937942181,1.0
ENSG00000255326,0.9619977102498406,0.9477364383074048,1.0
ENSG00000166391,0.9714472653118115,0.9999861653418275,1.0
ENSG00000236304,0.8774108298916943,0.7310518647338362,1.0
ENSG00000178301,0.9983627097362443,0.9985154530220798,1.0
ENSG00000254459,0.7500577854951427,0.6269950245960176,1.0
ENSG00000254649,0.9892323470875561,0.9483729205451509,1.0
ENSG00000255084,0.9186598479374959,0.7309951719235751,1.0
ENSG00000150687,0.6322234393913739,-0.22808019620409503,1.0
ENSG00000269895,0.7548029766425746,0.6514525976783747,1.0
ENSG00000246523,0.1782880115163924,0.20704478923500858,1.0
ENSG00000109861,-0.48488517731417224,-0.5641614932162842,1.0
ENSG00000255082,0.9998246106015689,0.9938142510639334,1.0
ENSG00000077616,0.8468761264784497,0.6778819047500789,1.0
ENSG00000181333,0.9321681539465813,0.8796857444838383,1.0
ENSG00000134627,0.9719427471644723,0.9299468754549278,1.0
ENSG00000255666,0.6943675473195953,0.7143022342913208,1.0
ENSG00000256469,0.38005997846969486,0.3335928105706292,1.0
ENSG00000149212,0.3772794700864208,0.5134977260536115,1.0
ENSG00000184384,0.6905167079214196,0.8322495483918874,1.0
ENSG00000149972,0.4269152174955151,0.48163177289400605,1.0
ENSG00000165895,0.9052487453201747,0.9351579583159477,1.0
ENSG00000137691,0.7627611309164032,0.9289077077081541,1.0
ENSG00000023445,0.998743023261129,0.9933116237945416,1.0
ENSG00000255337,0.9671360367617429,0.9846633352797363,1.0
ENSG00000149968,0.4552871050166707,0.22191701927078067,1.0
ENSG00000170962,0.7792397984437547,0.7065553985893485,1.0
ENSG00000196954,0.9682427842965894,0.9752094713133465,1.0
ENSG00000137752,0.3940190532575215,0.5785366568210151,1.0
ENSG00000204397,0.9832909859746802,0.9778865705833347,1.0
ENSG00000110675,0.688026964187284,0.7134337604894141,1.0
ENSG00000196167,0.9414368477506238,0.8846632715595003,1.0
ENSG00000109846,-4.904049133772743,-5.658990781899825,1.0
ENSG00000150782,0.7954767482211657,0.8953771959452481,1.0
ENSG00000268472,0.9998795117180086,0.982167243239176,1.0
ENSG00000254968,0.9707171650091928,0.9976637160881364,1.0
ENSG00000170209,0.8932320254648367,0.8506490084372071,1.0
ENSG00000109906,-1.451518957495714,0.2663767632418753,1.0
ENSG00000166741,0.9992975356195661,0.9898424376690851,1.0
ENSG00000110245,0.7429642895490502,0.7552994369661672,1.0
ENSG00000224077,0.9999131656673051,0.9924581186083961,1.0
ENSG00000137726,0.9969055975188192,0.9918765131969434,1.0
ENSG00000137747,0.913400613740091,0.9236180934811482,1.0
ENSG00000110324,0.9019341331518217,0.831094780393259,1.0
ENSG00000177098,0.24333019014101853,0.00797650463073074,1.0
ENSG00000160593,0.9381813989833337,0.8558734612278712,1.0
ENSG00000160588,0.5543752683220562,0.12006950546209116,1.0
ENSG00000149573,0.8032257525951887,0.8081560481004982,1.0
ENSG00000167286,0.770622035347716,0.9858469474816057,1.0
ENSG00000160654,0.941556434344673,0.9072048954579764,1.0
ENSG00000118058,-0.9226915469812833,-0.8444767296339701,1.0
ENSG00000110375,0.9540805228516054,0.8076867499723639,1.0
ENSG00000254428,0.9267623606791658,0.9169949705697096,1.0
ENSG00000160703,0.9385612044050501,0.872803085391254,1.0
ENSG00000172367,0.47951038187896255,0.33329375051082233,1.0
ENSG00000110395,-4.552159261232817,-16.225766440296848,1.0
ENSG00000154096,0.9918782179451472,0.9991270338655137,1.0
ENSG00000110400,0.5004356774458589,0.49294274463427223,1.0
ENSG00000137699,0.7940922829356467,0.9119238472199962,1.0
ENSG00000137709,0.9986572308988937,0.9976695269245964,1.0
ENSG00000255219,0.9751924584108491,0.9670738347796904,1.0
ENSG00000154127,-0.002813951998533515,0.8731092235296594,1.0
ENSG00000109944,0.9959884746691676,0.9786597539375173,1.0
ENSG00000109971,-0.16013367979266957,-0.15289943643712567,1.0
ENSG00000110002,0.9997685548351588,0.9853545856895196,1.0
ENSG00000197849,0.8918986251417189,0.8096442975352967,1.0
ENSG00000197125,0.9716452240504321,0.9527305171299819,1.0
ENSG00000149564,-5.736870458132669,-3.015616369935895,1.0
ENSG00000245498,0.9729060600639284,0.9952173466513841,1.0
ENSG00000149557,-119.44083236465097,-5.524296486350764,1.0
ENSG00000255537,0.9990475425496054,0.9879059689465662,1.0
ENSG00000196844,0.9705507305095372,0.9492923613001769,1.0
ENSG00000149571,0.9765467104978012,0.9797824689353104,1.0
ENSG00000134954,0.9821604043443516,0.9710633846044902,1.0
ENSG00000245008,0.7504164327137808,0.8634410177092733,1.0
ENSG00000120471,0.9201232783537943,0.9005973728957862,1.0
ENSG00000281097,0.9577779112897605,0.9322530028234289,1.0
ENSG00000151715,0.4714290541357228,0.3766580681108004,1.0
ENSG00000084234,-0.7983479665022102,-0.7040159191170723,1.0
ENSG00000134917,0.8801621728473531,0.90996738745524,1.0
ENSG00000182667,0.9350640503627892,0.991023784593857,1.0
ENSG00000204241,0.999073402533551,0.9917503405574026,1.0
ENSG00000149328,0.6594865911379708,0.77887984222214,1.0
ENSG00000109956,0.9733605267872485,0.9178612613031976,1.0
ENSG00000185736,0.26902245882964815,0.4563684724181364,1.0
ENSG00000273001,0.7995822282843477,0.846766715308106,1.0
ENSG00000227338,0.9796630406418985,0.9920953631186765,1.0
ENSG00000067082,-10.956266898464175,-1.6318393149036483,1.0
ENSG00000198610,0.9285061265547687,0.9523200424117872,1.0
ENSG00000224034,0.9706897772932312,0.9517098071520402,1.0
ENSG00000242147,0.8902834258727773,0.9798487368295238,1.0
ENSG00000226647,0.610024009130574,0.7444026994747219,1.0
ENSG00000134460,0.7903198226728777,0.8133014992818159,1.0
ENSG00000212743,0.5272000160645693,0.34164195539150977,1.0
ENSG00000234248,0.9924104472686458,0.9988088380169415,1.0
ENSG00000123243,0.7833855482402967,0.8699779209331682,1.0
ENSG00000048740,-0.2258140726381881,-0.3438004512992878,1.0
ENSG00000230322,0.7988396823409826,0.8166639877239832,1.0
ENSG00000228302,0.9999901480312723,0.9827901063924714,1.0
ENSG00000183049,0.693674868867695,0.7702731642912574,1.0
ENSG00000123240,0.478274720390681,0.7331659747404244,1.0
ENSG00000165623,0.8972609866283184,0.9736979961570364,1.0
ENSG00000065809,0.9998427427135986,0.8428350014603943,1.0
ENSG00000232739,0.4358553619823775,0.7066862212357985,1.0
ENSG00000107611,0.9895215890158855,0.9776586464093109,1.0
ENSG00000026025,-0.45897467026234584,-0.487518344210494,1.0
ENSG00000260589,-1354.7473278193813,-49.18600708535696,1.0
ENSG00000233968,0.8526715026303745,0.9196451457454206,1.0
ENSG00000148450,-2.3366269764307814,-245.9300959096882,1.0
ENSG00000165312,0.9992774720807515,0.9983129917679336,1.0
ENSG00000077420,0.7173543458135845,0.7616731377601091,1.0
ENSG00000236894,0.887890691411653,0.9349148923511105,1.0
ENSG00000231976,0.7963184509968735,0.8833341649561628,1.0
ENSG00000232224,0.8446967520437406,0.8353138944129642,1.0
ENSG00000262412,0.993706091216617,0.9968502915116486,1.0
ENSG00000254635,-2.6400932237020758,-1.8989302602736626,1.0
ENSG00000204365,0.91610633913772,0.8740219116845577,1.0
ENSG00000151033,0.8429490036819002,0.8204710961707136,1.0
ENSG00000148516,-12.26129095048222,-41.1880901644921,1.0
ENSG00000230534,0.9042445975105284,0.9266247985510976,1.0
ENSG00000095794,-0.7133164213418037,-0.9394470313510515,1.0
ENSG00000273312,0.9176934032230312,0.9384890104437104,1.0
ENSG00000280719,0.11183823637660828,-0.18483566782933014,1.0
ENSG00000227313,0.4909183905165606,0.33567893489265455,1.0
ENSG00000148513,0.9599659269143287,0.9874784407393016,1.0
ENSG00000236514,0.9490327722529007,0.6416237741665685,1.0
ENSG00000273008,0.7016242906060377,0.7431581409647996,1.0
ENSG00000150201,-0.13855778957788845,-0.3769630429260442,1.0
ENSG00000230555,0.8167701273464603,0.6143523973976515,1.0
ENSG00000223910,0.7792954212677133,0.8773175611717247,1.0
ENSG00000107551,0.9701478090218222,0.9744281739820906,1.0
ENSG00000165507,0.958772038403718,0.6206850558236028,1.0
ENSG00000012779,0.7405672427620104,0.8026704144610498,1.0
ENSG00000266412,-0.9155168728656706,-1.3518155888120384,1.0
ENSG00000204179,0.9068439499408333,0.9603828445966596,1.0
ENSG00000128815,0.46032926941175634,0.6148309799266127,1.0
ENSG00000243251,0.9940496867678198,0.9983104528603304,1.0
ENSG00000178645,0.9661660022831012,0.942691953229165,1.0
ENSG00000223502,0.5926536380809369,0.4982286618606504,1.0
ENSG00000165449,0.9603760036263391,0.8737297385225504,1.0
ENSG00000170312,-0.7792777756280942,-1.3164319385454548,1.0
ENSG00000150347,-466.53607034648127,0.39036782314890317,1.0
ENSG00000122877,0.9575182620683304,0.8950844549761786,1.0
ENSG00000171988,-0.9403809240829386,-0.73013699326734,1.0
ENSG00000272767,0.6623666639700492,0.6700019256073664,1.0
ENSG00000224714,0.9699641579905325,0.9161108376208155,1.0
ENSG00000233590,0.2547122890655861,0.5931140679255484,1.0
ENSG00000165732,-0.08830609050998373,-0.09428528915850753,1.0
ENSG00000122862,0.8192496826446046,0.9187441394446187,1.0
ENSG00000148734,0.9280208803088711,0.9238021142781015,1.0
ENSG00000180644,0.9503447033976037,0.9591010611657493,1.0
ENSG00000107731,0.785259128819703,0.4804047439173269,1.0
ENSG00000237512,0.4756525256236147,0.335596019125886,1.0
ENSG00000107738,0.8876005304497184,0.9999994123471057,1.0
ENSG00000197746,-0.22580403487435263,-0.22053950680482037,1.0
ENSG00000122863,0.7822691215608962,0.8393504592975349,1.0
ENSG00000107742,0.7099551697773816,0.7601307515096882,1.0
ENSG00000168209,0.910906124427712,0.6516468183011067,1.0
ENSG00000269926,0.9995286820895999,0.9872367817595189,1.0
ENSG00000138308,0.9666109501514948,0.9902039630259599,1.0
ENSG00000156042,0.9955539405940208,0.974712398338825,1.0
ENSG00000233144,0.9508241024164726,0.9457196745603637,1.0
ENSG00000177791,-0.03334935007648809,-0.2167871852736345,1.0
ENSG00000271848,0.8751495826469216,0.8254531003508422,1.0
ENSG00000214655,0.49482181779587975,0.5955731422853587,1.0
ENSG00000122861,0.7642206583430836,0.9994984090188556,1.0
ENSG00000035403,-1.6050498864242253,-2.0613889314509724,1.0
ENSG00000079393,-1.0134770916441211,-1.0574397374698257,1.0
ENSG00000226051,0.8252892785853261,0.9050819031086224,1.0
ENSG00000165655,0.8759456466374792,0.6123111512636058,1.0
ENSG00000272692,0.9217876590660299,0.7784277784668383,1.0
ENSG00000236842,0.9001303272425949,0.9620370389950927,1.0
ENSG00000148655,-3.0049857469031727,-2.518574949908606,1.0
ENSG00000228748,0.6369084977424968,0.5347576998211832,1.0
ENSG00000224596,0.9003640236088437,0.912715695154259,1.0
ENSG00000188199,0.9959621858247883,0.9959771239376808,1.0
ENSG00000178217,0.18895558163250925,0.4891020773881366,1.0
ENSG00000271933,0.9951112902285688,0.9991502662399201,1.0
ENSG00000229404,0.7567206672141822,0.9217710136829312,1.0
ENSG00000122367,0.8544611427374975,0.857958531234788,1.0
ENSG00000173269,0.8390296489400815,0.7798878736578181,1.0
ENSG00000173267,-0.48420538695217896,-0.23260443744528958,1.0
ENSG00000148671,0.8194036877526514,0.8325749241329521,1.0
ENSG00000152766,0.7496321373228048,0.6662086362364862,1.0
ENSG00000107796,0.8360894746333709,0.7926902259351618,1.0
ENSG00000026103,0.4106773705763268,0.5343723483080833,1.0
ENSG00000119922,0.46357824656314284,0.639031357055971,1.0
ENSG00000119917,0.39806088183020394,0.363301153238171,1.0
ENSG00000204010,0.9668576472043919,0.9615644675005245,1.0
ENSG00000148680,0.870127677657867,0.8644452561963499,1.0
ENSG00000152804,-0.049243285435646156,-0.0686502212767035,1.0
ENSG00000186188,0.9934014250207593,0.8782681536565,1.0
ENSG00000119969,-0.41355553539764434,-0.695239489935477,1.0
ENSG00000108242,0.9981477957466891,0.9969547981899076,1.0
ENSG00000138185,0.9994332945884777,0.9977105516108375,1.0
ENSG00000095585,0.9888091949911716,0.9679611100438523,1.0
ENSG00000241935,0.7606304349917922,0.8262667465164307,1.0
ENSG00000120057,0.9101283428220535,0.9271876352498994,1.0
ENSG00000095713,0.7836347933292498,0.9133747278136234,1.0
ENSG00000119943,-4.112293740904054,-6564.571455871698,1.0
ENSG00000172987,0.9873096200431599,0.9945464991192535,1.0
ENSG00000119946,0.9981692652822017,0.9949159002117983,1.0
ENSG00000227695,0.9570638285214307,0.965997808072552,1.0
ENSG00000107593,0.9839753520348261,0.9995368906701674,1.0
ENSG00000119906,0.830478776193398,-1.1695655879162659,1.0
ENSG00000237579,0.9789558895199231,0.9564723625256926,1.0
ENSG00000229649,0.5980353006633015,0.31042960140566944,1.0
ENSG00000234699,0.9469582816020837,0.9921321446473436,1.0
ENSG00000185933,0.8719283255491965,0.9363777391210072,1.0
ENSG00000183128,0.9947145520119529,0.9635812527704044,1.0
ENSG00000231233,0.9635389992479402,0.9876768441462294,1.0
ENSG00000229981,0.9408671993334027,0.9311558096608916,1.0
ENSG00000148700,0.15569759242058423,0.19862170240820765,1.0
ENSG00000138166,0.9985156057196202,0.8627399969660037,1.0
ENSG00000232470,0.9491596143104462,0.8961851647323755,1.0
ENSG00000108061,-0.2778101424318482,-2.304358704459782,1.0
ENSG00000197142,0.2997140774310081,0.3126226232015614,1.0
ENSG00000232934,0.49880350122966854,0.43826810583176046,1.0
ENSG00000043591,0.9998909405587575,0.9958315282968824,1.0
ENSG00000099204,0.7485283737693975,0.7663633497712267,1.0
ENSG00000236799,0.7279971064758355,0.86102537208677,1.0
ENSG00000225302,0.7395416531092924,0.8647586145976939,1.0
ENSG00000188316,0.9230498770848485,0.8075658574927244,1.0
ENSG00000229847,0.9899006099751112,0.992033902739793,1.0
ENSG00000231104,0.8521144503305496,0.9096520780218907,1.0
ENSG00000119979,-2.7002085769877313,-9.87894444207041,1.0
ENSG00000203805,0.5539463390521228,0.3590078969994741,1.0
ENSG00000271670,0.9844711438239658,0.999951528521972,1.0
ENSG00000066468,0.9927733060096898,0.9996756049004235,1.0
ENSG00000226864,0.815879545077723,0.6618224272364183,1.0
ENSG00000276742,0.8768289787650905,0.8792820068123267,1.0
ENSG00000138162,0.9390045183437868,0.9382958379994595,1.0
ENSG00000138152,0.9430077264262356,0.9004961181378575,1.0
ENSG00000188620,0.9517716464083603,0.9505175290978204,1.0
ENSG00000230131,0.8977820673281385,0.7685342198809191,1.0
ENSG00000182022,0.9994376406637748,0.9703922833661643,1.0
ENSG00000233334,0.9995400451124943,0.9995660837557376,1.0
ENSG00000236991,0.9523263932493333,0.9066133742713138,1.0
ENSG00000154493,0.9607904267558077,0.9972166565817041,1.0
ENSG00000186766,0.9758757111337885,0.9474309653822816,1.0
ENSG00000132334,0.9978282249068736,0.9993546802259733,1.0
ENSG00000148773,-0.343740401054919,-0.5202899386195985,1.0
ENSG00000280953,0.6832702335051064,0.6194162262696317,1.0
ENSG00000176769,0.6640206761045807,0.7076091719154407,1.0
ENSG00000283095,0.9994393942250582,0.9999770752553476,1.0
ENSG00000226900,0.9977067315711172,0.9890113451877749,1.0
ENSG00000171811,0.9977329782638071,0.9978786474030004,1.0
ENSG00000171798,0.9748667419549266,0.9651287410708216,1.0
ENSG00000166917,0.9943223159753346,0.9095950304804626,1.0
ENSG00000273980,0.894353638981023,0.9934969745715999,1.0
ENSG00000151651,0.0957792679323135,0.13363280112135545,1.0
ENSG00000165828,0.6912202463516651,0.6556984917699691,1.0
ENSG00000130643,0.9999630012975468,0.9917094928786835,1.0
ENSG00000256948,0.7463708072340559,0.7380597642812237,1.0
ENSG00000249695,0.9921452650278894,0.964671055217376,1.0
ENSG00000010379,0.8970297236548572,0.986046603643186,1.0
ENSG00000171823,0.8449791202094918,0.8658856286325504,1.0
ENSG00000151062,0.3631083236634244,0.5159963442917519,1.0
ENSG00000256706,0.7490077332250985,0.6502732340046189,1.0
ENSG00000203593,0.9668941436152044,0.9681675936437797,1.0
ENSG00000256271,0.947363502484429,0.8792298129624384,1.0
ENSG00000011105,0.6266669480360634,0.6562016058979967,1.0
ENSG00000118972,0.8464340707110943,0.8413294696189583,1.0
ENSG00000111254,-0.3552828836968709,0.37839458582906005,1.0
ENSG00000256790,0.8863819858592331,0.9442608862990275,1.0
ENSG00000256417,0.811538911248955,0.8331981723411541,1.0
ENSG00000256146,0.060044450013605144,0.8637195577946098,1.0
ENSG00000110799,0.8605525893981713,0.9075958635310061,1.0
ENSG00000010278,-0.08282315416929475,0.4586913316993506,1.0
ENSG00000111319,0.9240837340982508,0.9920628956857401,1.0
ENSG00000139192,0.8755344464480402,0.8990024783405327,1.0
ENSG00000276718,0.8232258406017565,0.788841071491664,1.0
ENSG00000111640,-0.04193367729773634,-0.046377017811561894,1.0
ENSG00000010295,0.6145857921614354,0.5156594169857858,1.0
ENSG00000245667,0.9913245220992747,0.9935776031872443,1.0
ENSG00000184574,0.592211290814286,0.9911812057062653,1.0
ENSG00000111644,0.47078804244516814,0.8750579377218858,1.0
ENSG00000269892,0.845987753705145,0.9687689960170883,1.0
ENSG00000010610,0.633067466451267,0.8280298719600581,1.0
ENSG00000275703,0.9013682275830874,0.8822235573349948,1.0
ENSG00000111679,0.38958542449595635,0.5501141415768729,1.0
ENSG00000257084,0.8315705972392856,0.8754978414928324,1.0
ENSG00000139178,-0.5697425820319486,0.9469154349779243,1.0
ENSG00000276144,0.9953112437475781,0.9401830946965397,1.0
ENSG00000111704,0.5331792714593511,0.7920055583975818,1.0
ENSG00000059804,-0.6379010054902483,-0.4830192315834292,1.0
ENSG00000171860,0.7780667014694339,0.8708248153444994,1.0
ENSG00000111729,0.7542433512377043,0.833282877595808,1.0
ENSG00000205846,0.42053280122052916,-0.12461156459840317,1.0
ENSG00000166527,0.9701785029350054,0.9800343457511498,1.0
ENSG00000166523,0.9658704421186028,0.9652265140324119,1.0
ENSG00000249790,0.8507309769390514,0.914339093571976,1.0
ENSG00000166535,0.9301534542790049,0.9113652633737817,1.0
ENSG00000245105,0.4547542916700722,0.4789266619829009,1.0
ENSG00000175899,0.9995955599531526,0.999537751724221,1.0
ENSG00000111796,0.9612191325043857,0.9296616981599932,1.0
ENSG00000110848,-0.2573089766611758,-0.014260561485596845,1.0
ENSG00000110852,-42.46641827093218,0.8513822891947623,1.0
ENSG00000231560,0.8559958220812931,0.7724354702459435,1.0
ENSG00000173391,0.8634178648345281,0.8895016205473704,1.0
ENSG00000165685,0.8058315822549451,0.7185522422181565,1.0
ENSG00000139112,-278.51253533803856,-52.59808670715617,1.0
ENSG00000205810,0.9731948851508999,0.934272822651769,1.0
ENSG00000134545,0.9782667684743573,0.957873886439822,1.0
ENSG00000121381,0.7131217662595317,0.8960301861567027,1.0
ENSG00000226761,0.9234054997124289,0.9572275199526122,1.0
ENSG00000247157,0.5531547066071237,0.5283384629947065,1.0
ENSG00000275963,0.3735960808075979,0.7657127147177969,1.0
ENSG00000111276,-2.131716330092133,-1.0180530516336481,1.0
ENSG00000111305,-0.02968243184039343,-0.48257017764715227,1.0
ENSG00000134531,0.9941676807688452,0.9961738124327397,1.0
ENSG00000214772,0.4960759263121617,0.547282143722694,1.0
ENSG00000111339,0.9966209661303368,0.9723170081892392,1.0
ENSG00000111341,0.9552753364851481,0.9689770295292208,1.0
ENSG00000139055,0.9970189546002094,0.9839066145892145,1.0
ENSG00000111348,-48.03586173709775,-657.4151780546179,1.0
ENSG00000139053,0.8648463112430188,0.6973832813040923,1.0
ENSG00000151491,0.7706837722518847,0.42515593897225235,1.0
ENSG00000111404,0.9954235974791986,0.9862202191194573,1.0
ENSG00000139151,0.2886033368418691,0.41626130668946293,1.0
ENSG00000084453,0.8077220047916395,0.7578382969500123,1.0
ENSG00000121351,0.9853808162343602,0.992041025061893,1.0
ENSG00000111716,-0.065978391343678,-0.07131151471592134,1.0
ENSG00000134532,-0.5432586610749537,-2.736247265815344,1.0
ENSG00000226397,0.9561323051408162,0.9100196795545649,1.0
ENSG00000118308,0.9053311846321367,-20.567881041210814,1.0
ENSG00000276842,0.8960716056709195,0.8448072586414981,1.0
ENSG00000274987,0.8455652861720943,0.8617007795597118,1.0
ENSG00000278743,0.2749129621861599,0.43248080454903504,1.0
ENSG00000246695,0.894287877675532,0.9930705641935998,1.0
ENSG00000123095,0.8023428478974549,0.9797127890919157,1.0
ENSG00000123096,0.5747791908776931,0.5587941606002009,1.0
ENSG00000123104,-5.97618730685551,-0.8816056076206995,1.0
ENSG00000247903,0.533961816888316,0.4097070796090012,1.0
ENSG00000211455,-3.4264189830722644,0.7289963728645946,1.0
ENSG00000248100,0.9999953612688601,0.9902971553338471,1.0
ENSG00000256747,0.8279808535639964,0.9306915542420948,1.0
ENSG00000087494,0.9917997094477432,0.9514283720289433,1.0
ENSG00000257258,0.1262842774671612,0.39658437937127866,1.0
ENSG00000275278,0.9937409098581788,0.9957588695548019,1.0
ENSG00000275476,0.3102796811698898,0.40113776365757436,1.0
ENSG00000256232,0.9007411734100047,0.915944760541112,1.0
ENSG00000276900,0.31176859725737505,-4.815988603689863,1.0
ENSG00000174718,-2.411487163151465,-3.5386891964270992,1.0
ENSG00000276136,0.9821721874195827,0.946100340634592,1.0
ENSG00000139132,0.9861761510687561,0.9947963604350165,1.0
ENSG00000110975,0.9925522143243551,0.9995258742252924,1.0
ENSG00000245482,0.8675591923224877,0.9678608399048085,1.0
ENSG00000257239,0.6787037809913801,0.6689863740372544,1.0
ENSG00000139174,0.999743622733626,0.9960483338642525,1.0
ENSG00000257225,0.9873184326191231,0.9871980979291637,1.0
ENSG00000257849,0.815055688835113,0.7710659640303976,1.0
ENSG00000257373,0.9225020955888885,0.8965227358893796,1.0
ENSG00000173157,0.848151018615699,0.8599181843813605,1.0
ENSG00000257657,0.8872587172675418,0.9896940669737342,1.0
ENSG00000134294,-1.0678301346634198,-0.901180948187088,1.0
ENSG00000257261,0.7379440667295416,-1.066711148196664,1.0
ENSG00000257496,0.9929653411497259,0.9862069620667028,1.0
ENSG00000275481,0.9999632590623073,0.9977112611017678,1.0
ENSG00000139211,0.9848088209996158,0.9827312232147073,1.0
ENSG00000179715,0.9533284617640398,0.9885632616140942,1.0
ENSG00000205537,0.6667698181868063,0.6283889667951768,1.0
ENSG00000139219,-5.700389870920443,-2.598725810136047,1.0
ENSG00000274124,0.8355961399795993,0.7644442881918095,1.0
ENSG00000269514,0.991707955092379,0.9825824704511723,1.0
ENSG00000275228,0.860518803109516,0.9119272885939411,1.0
ENSG00000187166,0.9795034180748035,0.9793982441803133,1.0
ENSG00000273765,0.7651870358954775,0.8168623228014799,1.0
ENSG00000177627,0.9185173163580411,0.9749458839500602,1.0
ENSG00000197376,0.9987141521684226,0.9991871401664243,1.0
ENSG00000167531,0.7883164691295581,0.7669936202194152,1.0
ENSG00000257660,0.7867261066966837,0.9033937946549768,1.0
ENSG00000172602,0.9999922489203451,0.9999671680942647,1.0
ENSG00000123416,-0.06490237972678559,-0.06285180443447369,1.0
ENSG00000167552,-75.48685068927219,-52.41169006436394,1.0
ENSG00000167553,-0.30616814049104346,-0.3386547145628558,1.0
ENSG00000178401,0.5567892902221343,0.6004151315680102,1.0
ENSG00000135519,0.9880986974578243,0.9747297324078092,1.0
ENSG00000257964,0.9750869236816259,0.8866724389104514,1.0
ENSG00000135472,0.28091961908195606,0.30487725276162514,1.0
ENSG00000257771,0.9925199899454822,0.9822402718634491,1.0
ENSG00000167580,0.9014090529107389,0.9652519189835115,1.0
ENSG00000086159,0.8989441394194234,0.8611607090345461,1.0
ENSG00000050405,-0.7685790178028276,-804.2024203815702,1.0
ENSG00000185432,-0.9216265809897024,-74.19527162797529,1.0
ENSG00000274797,0.5468684537650961,0.8303170898380043,1.0
ENSG00000183283,-1.002241120316067,-1.3631030075336064,1.0
ENSG00000110934,-0.4008331464104131,0.3019274888420237,1.0
ENSG00000139610,0.950668783552275,0.9668348405760147,1.0
ENSG00000050438,0.4041522340242827,0.8098986587260693,1.0
ENSG00000260122,0.9374194863606823,0.9854617083411754,1.0
ENSG00000167612,0.8433367175412736,0.8792612461077806,1.0
ENSG00000139567,0.8995319687644093,0.9147477226174612,1.0
ENSG00000123358,-7.547570212042965,-6.931436710042896,1.0
ENSG00000259884,0.993593712762929,0.9695404573466125,1.0
ENSG00000135480,0.9284152196380469,0.9196435687485968,1.0
ENSG00000170442,0.7069693089350987,0.8007175789692472,1.0
ENSG00000205426,0.7589405880154608,0.6977530317360914,1.0
ENSG00000185640,0.888164554188153,0.9053682274669785,1.0
ENSG00000170421,-0.2397414471652275,-0.39069358657248454,1.0
ENSG00000111057,-0.08290055761512449,-0.06999466212999494,1.0
ENSG00000167779,0.8232163803647303,0.4840550394065306,1.0
ENSG00000167780,0.5682771965415279,0.5218973250283019,1.0
ENSG00000139631,-27.979847982642788,-40.59481262252177,1.0
ENSG00000139626,0.9898492940408844,0.9871866876640892,1.0
ENSG00000123349,-0.16792977388976338,-0.1322007811795074,1.0
ENSG00000257605,0.8959551185896356,0.7890827307009013,1.0
ENSG00000135409,-5.268339596146844,-1.585450945845464,1.0
ENSG00000257550,0.9672621792349881,0.9093720108925831,1.0
ENSG00000012822,0.9095229015245362,-0.39374440275185685,1.0
ENSG00000260030,0.8825719765306951,0.9306389426989103,1.0
ENSG00000123364,-3.6949987039537113,-6.468528709501828,1.0
ENSG00000248265,0.8128371695789508,0.8079476721005858,1.0
ENSG00000250432,0.9120876802003446,0.9375218805037092,1.0
ENSG00000283073,0.9694985692689544,0.9538734627575046,1.0
ENSG00000260470,0.9950664308194065,0.9940230997350223,1.0
ENSG00000257596,0.9694984810686913,0.936573966127835,1.0
ENSG00000258137,0.44464479488056574,0.48462822674321526,1.0
ENSG00000139572,0.8831487659171015,0.763235334253486,1.0
ENSG00000123338,-7.45459743034052,-4.357841384190806,1.0
ENSG00000123360,0.75593174045909,0.8351140867611566,1.0
ENSG00000172551,0.9896732386563328,0.9996068104669735,1.0
ENSG00000185821,0.9265437192556905,0.8456797881388667,1.0
ENSG00000179695,0.9822079054418346,0.9999099226061193,1.0
ENSG00000135404,-0.09998951445699,-0.09275546366429288,1.0
ENSG00000123342,0.5443875714197508,0.502036232578589,1.0
ENSG00000111540,-44.68305525674886,-61.313796785971384,1.0
ENSG00000092841,-0.13443982357006434,-0.1259538671163336,1.0
ENSG00000170581,-7.035776087803901,-0.024652907450248174,1.0
ENSG00000175336,0.41838335293932094,0.7584260689352751,1.0
ENSG00000166863,-5.381354555507833,-41.168670794615586,1.0
ENSG00000123384,0.8675206981829383,0.9743003950285584,1.0
ENSG00000185482,0.3678403806630378,0.07432089237644879,1.0
ENSG00000258001,0.9819249777971566,0.9786760546602915,1.0
ENSG00000139269,0.4463406740202248,0.8412457108410953,1.0
ENSG00000123329,0.9734401739266149,0.9622356650949201,1.0
ENSG00000175197,-3.788622537622399,-5.9357589325318925,1.0
ENSG00000178498,0.7817954074509675,0.858796640246818,1.0
ENSG00000135506,-1.832136852421467,-14.143038488374662,1.0
ENSG00000257953,0.971513825287746,0.9644299206892133,1.0
ENSG00000245651,0.9988206920552741,0.9724106381206954,1.0
ENSG00000257698,-0.09576496826613545,-0.0988135796534515,1.0
ENSG00000139263,0.8437655894356137,0.8599837781724728,1.0
ENSG00000198673,-11.062409543441593,-1.958110204460811,1.0
ENSG00000249753,0.2717950531586042,0.5965543602894254,1.0
ENSG00000185306,0.9073747979198391,0.9231510970823137,1.0
ENSG00000256670,0.9091676871382733,0.8406324773480741,1.0
ENSG00000135677,0.9741404182166972,-223.35233514012882,1.0
ENSG00000215159,0.9876317111769529,0.9956200117127518,1.0
ENSG00000174099,0.050928192918890614,-0.019333330386836378,1.0
ENSG00000250748,0.5472210643148703,0.7685783277657333,1.0
ENSG00000149948,0.6919913360917624,0.6243646742658022,1.0
ENSG00000256248,0.4927342843005861,0.5159531163684004,1.0
ENSG00000251301,0.9998753469454614,0.9774854783158697,1.0
ENSG00000247363,-2.2611972830432765,-0.8469503428550533,1.0
ENSG00000274979,0.3175578739404481,0.361940233864362,1.0
ENSG00000090382,-1824.8392995278045,-84.32705651656161,1.0
ENSG00000257764,0.4320771080665464,0.17445925335160284,1.0
ENSG00000247131,0.9634640326442598,0.967077512030225,1.0
ENSG00000257454,0.16796762717821612,0.19560160236828972,1.0
ENSG00000139287,0.8111694984814593,0.7414099072131053,1.0
ENSG00000258123,0.9775103953783176,0.9762871003666955,1.0
ENSG00000257183,0.9999607939516909,0.9995887640294806,1.0
ENSG00000139278,0.8955363954413853,0.9667017372633135,1.0
ENSG00000139289,0.9583195565143737,0.9872304756120203,1.0
ENSG00000257839,0.5303412069233342,0.41583364715506577,1.0
ENSG00000067798,0.5409747943531793,0.24601855656993699,1.0
ENSG00000258084,0.9795940875498761,0.9799413685212736,1.0
ENSG00000257474,0.9967185646920114,0.9841563986617047,1.0
ENSG00000058272,-4.136318218695967,-4.045858264142056,1.0
ENSG00000257431,-0.23610879384967465,-0.18293688225434912,1.0
ENSG00000179104,0.09302266867147346,0.3840932121158138,1.0
ENSG00000133636,-1.3593789517806938,0.7749919977849069,1.0
ENSG00000259075,0.9045103492453569,0.9203160590412052,1.0
ENSG00000271614,-4.360357915052461,-5.396621359961125,1.0
ENSG00000139329,0.883640156223442,0.8919995642468962,1.0
ENSG00000011465,0.2669588733493443,0.976353573799672,1.0
ENSG00000277738,-0.6387498916850536,-0.4885388473405179,1.0
ENSG00000133639,-0.18611533702925698,-0.2406273084744015,1.0
ENSG00000245904,0.5552911851261056,-38.58153127352197,1.0
ENSG00000257127,0.8697325188243552,0.8730016227911832,1.0
ENSG00000205056,0.8933969085207966,0.8193206773038902,1.0
ENSG00000187510,0.6044886720733871,0.5707053200638628,1.0
ENSG00000257345,0.9340587993077263,0.8685968535282346,1.0
ENSG00000257322,-0.10700805572706407,0.21862264267612908,1.0
ENSG00000257746,0.24925264018242888,0.08586453137818051,1.0
ENSG00000257252,0.8809280574520326,0.9439428770453245,1.0
ENSG00000120833,-0.5339060422023914,-0.48795247155651844,1.0
ENSG00000258274,0.7508954287270312,0.705793951551779,1.0
ENSG00000139344,0.4983098850796982,0.6097919912253164,1.0
ENSG00000084110,0.9972974231114464,0.9943549384627292,1.0
ENSG00000257878,0.9432057268351287,0.9150917865441617,1.0
ENSG00000257715,0.7977649335344326,0.8452264218379362,1.0
ENSG00000245017,0.8130783915685618,0.9104975036180314,1.0
ENSG00000179520,-0.09011804225325437,0.06653204592748752,1.0
ENSG00000274560,0.3962628820859414,0.24050272678408713,1.0
ENSG00000183395,0.6271012921734377,0.6650477956530294,1.0
ENSG00000017427,0.9952338457714738,0.9964918289424145,1.0
ENSG00000139352,0.976880364377123,0.9996294858563107,1.0
ENSG00000166598,-0.12228453403047057,-0.1394330910499615,1.0
ENSG00000120820,0.8742194070456702,0.9562153804111609,1.0
ENSG00000257732,0.9979985936478837,0.9999240062541923,1.0
ENSG00000257886,0.999808300512304,0.9451201992093609,1.0
ENSG00000136026,0.9617725890699116,0.9836649897225053,1.0
ENSG00000277715,0.9956699426609492,0.9991269139196632,1.0
ENSG00000166046,0.6646177868038945,0.5846828322409057,1.0
ENSG00000110876,-5651.257057817463,-0.27936434666013477,1.0
ENSG00000256262,0.9569246418536979,0.8969252724601148,1.0
ENSG00000277299,0.8179565204747068,0.8150199066235998,1.0
ENSG00000111229,-0.24921143814698565,-0.2103966754519191,1.0
ENSG00000122986,-4.180105999113595,-10.883687393637722,1.0
ENSG00000257595,0.939161447780202,0.9626801056592342,1.0
ENSG00000111344,0.9994973914982856,0.9872512167661317,1.0
ENSG00000139410,0.96345137557312,-1.251287233309001,1.0
ENSG00000257935,0.781145100104846,0.866167980096978,1.0
ENSG00000135111,0.5448315869819242,0.6284175060658881,1.0
ENSG00000275898,0.34270805608094246,0.27483276819227875,1.0
ENSG00000274554,0.982628515169728,0.9999057184314123,1.0
ENSG00000088992,-0.4044905116786499,-0.33965242603286416,1.0
ENSG00000274859,0.4287998878272893,0.3823731840269179,1.0
ENSG00000135090,-0.49007299075743993,-0.7077276317553312,1.0
ENSG00000270482,0.9853786828129865,0.990753773482278,1.0
ENSG00000139767,0.9983170762835556,0.9968484899189624,1.0
ENSG00000152137,0.7208141379330717,0.8330358121345939,1.0
ENSG00000183273,0.8750347906256696,0.8006640358515285,1.0
ENSG00000224982,0.9999815309938674,0.9992827204034178,1.0
ENSG00000255692,0.6513880239976269,0.8322677465355707,1.0
ENSG00000170890,0.6478930129877012,0.816212888937625,1.0
ENSG00000257218,-55.328095407192414,-1.1315553962816942,1.0
ENSG00000088986,-0.04956263543160122,-0.05520481199961691,1.0
ENSG00000135100,0.7639034751406393,0.6978607039677924,1.0
ENSG00000135114,0.8332627895544991,0.7895292747251509,1.0
ENSG00000089041,0.9515757040839845,0.8948179719211423,1.0
ENSG00000135124,0.10316095481822485,-41.48197919053867,1.0
ENSG00000258435,-0.17729141769138268,0.0950361900702672,1.0
ENSG00000139714,0.6292907360667479,0.38380717993941116,1.0
ENSG00000272849,0.5731970851403205,0.6512185142397234,1.0
ENSG00000158113,0.8852442118259373,0.8650738927277221,1.0
ENSG00000182782,0.9991848438296911,0.984846731290801,1.0
ENSG00000251497,0.9778525667011349,0.9769336642419102,1.0
ENSG00000255839,0.7557889150623547,0.8785159707901243,1.0
ENSG00000270028,0.8833778373903012,0.9477254126224587,1.0
ENSG00000250091,0.9999190650396351,0.9845524808213564,1.0
ENSG00000150991,-0.5272999425513254,-0.560377302118636,1.0
ENSG00000280634,0.7323455089938435,0.9676780525993401,1.0
ENSG00000249267,0.8004670946387643,0.7916762888559628,1.0
ENSG00000256128,0.8973136120694478,0.9534948114781775,1.0
ENSG00000256193,0.9820956702406588,0.9993945785876,1.0
ENSG00000249196,0.5865261520497415,0.8489051753250858,1.0
ENSG00000111452,0.9806707298199471,0.9979574084576237,1.0
ENSG00000256204,0.9992062671192041,0.9985759553475656,1.0
ENSG00000230294,0.7895582425947164,0.672252266495479,1.0
ENSG00000256955,0.8920051758626416,0.8907866365572032,1.0
ENSG00000276693,0.844815175611604,0.8729751017307027,1.0
ENSG00000256576,0.830262884506122,0.8659371124466709,1.0
ENSG00000182870,0.9243622511989218,0.9998040531601069,1.0
ENSG00000277011,0.9653275553024577,0.9921199332184495,1.0
ENSG00000274373,0.9975066403087484,0.9937479531110799,1.0
ENSG00000256632,0.967672821536232,0.9994849903009717,1.0
ENSG00000250790,0.5683792984675051,0.7345597662136831,1.0
ENSG00000231358,0.9652549538682699,0.9898895676223846,1.0
ENSG00000198033,-0.4670023185386982,-0.13344409454927653,1.0
ENSG00000165475,0.9142136133074811,-0.03299389036781619,1.0
ENSG00000224429,0.7356773335651485,0.718083356506438,1.0
ENSG00000276476,0.4073868296684223,0.5416202801642805,1.0
ENSG00000232977,0.7324896383611428,0.7082044891607162,1.0
ENSG00000127863,0.8085804258930587,0.8054852454045838,1.0
ENSG00000260509,0.5718620845839686,0.5977104347570621,1.0
ENSG00000132932,0.9861403485641765,0.999604370332941,1.0
ENSG00000132975,0.0973869832172981,0.15444625892830233,1.0
ENSG00000230641,0.6593461231878248,0.6588772197337034,1.0
ENSG00000275294,0.7454796146373563,0.6855792860308159,1.0
ENSG00000165556,0.6802006102174183,0.818283452444817,1.0
ENSG00000102755,0.8732924820795795,0.7997389940180826,1.0
ENSG00000139508,0.9459173418976825,0.9861927219462406,1.0
ENSG00000236463,0.5302054273097945,0.48119389955558556,1.0
ENSG00000132965,0.5515560018283963,0.4546961024506698,1.0
ENSG00000224743,0.9999798749008865,0.9938133489578418,1.0
ENSG00000236094,0.8922010180154287,0.9411874897998206,1.0
ENSG00000073910,0.5830898987164412,0.380596285363909,1.0
ENSG00000139597,0.978620787432373,0.9224520584364848,1.0
ENSG00000244754,-0.5529048564399297,-0.6112464427347497,1.0
ENSG00000172915,0.9107510751532573,0.971734318109128,1.0
ENSG00000120693,0.7124498129587171,0.6088119322893377,1.0
ENSG00000133107,0.828112278581298,0.7777858087263823,1.0
ENSG00000274317,0.9983042810689493,0.9919942019367735,1.0
ENSG00000223685,0.9957729031667533,0.9982917052003697,1.0
ENSG00000236354,0.7086156249384163,0.7083849636310876,1.0
ENSG00000188811,-0.37836244011702425,-0.20040354118027004,1.0
ENSG00000278772,0.3129765270803859,0.2915613643838443,1.0
ENSG00000120690,-0.2736420806344615,-0.30468831459511403,1.0
ENSG00000102760,-2.2892927438437956,-6.13220313015541,1.0
ENSG00000133106,0.6808356177575354,0.8616403996809671,1.0
ENSG00000120675,0.7818404971192752,0.7901663502595935,1.0
ENSG00000151773,0.9645666241501251,0.9823416164781664,1.0
ENSG00000227258,0.8658268647785743,0.9507070557707251,1.0
ENSG00000151778,0.929523551817726,0.9506956742118263,1.0
ENSG00000237361,0.929226283634273,0.9171152606037479,1.0
ENSG00000102804,-1.4807394623393169,-0.6641992586753316,1.0
ENSG00000278156,0.9782340481672354,0.9654673788339196,1.0
ENSG00000170919,0.8392152326178778,0.31290376346686966,1.0
ENSG00000228886,0.5791697577120526,0.32301540865112055,1.0
ENSG00000251015,0.9745943126471923,0.9611367514077733,1.0
ENSG00000102445,0.9535790529148932,0.9671336285096355,1.0
ENSG00000228573,0.41364433885266594,0.2799885874359611,1.0
ENSG00000136156,-0.3407625795520568,-0.27771765445192775,1.0
ENSG00000139679,0.9746428803200007,0.9691643320114093,1.0
ENSG00000233610,0.8366615795429081,0.7431857931380732,1.0
ENSG00000152207,0.8355123492899219,0.8357768500951153,1.0
ENSG00000102531,-1.8165012947259291,-15.995453166596597,1.0
ENSG00000136169,0.8656170863680653,0.8789382227790582,1.0
ENSG00000152213,0.8534770682487172,-1778.7954407008754,1.0
ENSG00000237152,0.9736083138123326,0.9851974862229436,1.0
ENSG00000150510,0.7353536080184471,0.8309913142933336,1.0
ENSG00000253309,0.9869600738785332,0.9999991200049418,1.0
ENSG00000102786,-2.490691603922372,-1.7756608767183972,1.0
ENSG00000236778,0.07468128575862198,-0.38692710002960085,1.0
ENSG00000123171,0.8368020610354069,0.8083328083311598,1.0
ENSG00000136108,-0.23462767862291378,-0.257829218192863,1.0
ENSG00000136110,0.8368474371365346,0.9734860684417399,1.0
ENSG00000136099,0.5002744258447471,0.1981364783642029,1.0
ENSG00000118946,0.7587571024109364,0.8858249648350277,1.0
ENSG00000184226,0.8796950325397489,0.9361051401756046,1.0
ENSG00000188243,-0.19991882999919386,-0.27548539372198455,1.0
ENSG00000178734,0.9097013479916113,0.7675493026859356,1.0
ENSG00000271776,0.9986115535847333,0.9665449816490754,1.0
ENSG00000184564,0.9967486606017104,0.9997887655551176,1.0
ENSG00000165300,0.9728585733825739,0.9659262353448324,1.0
ENSG00000229557,0.9007358772913882,0.8155938289316873,1.0
ENSG00000125285,0.801527783577765,0.910143169455701,1.0
ENSG00000247400,-6.941928413618165,-15.191317867692739,1.0
ENSG00000102580,-1.1739257810303583,-2.419691530337619,1.0
ENSG00000185352,0.918646750697062,0.8904556973701321,1.0
ENSG00000272329,0.6984809675444115,0.6930727590087588,1.0
ENSG00000152767,0.7148548470832148,0.918753005298302,1.0
ENSG00000231194,0.9172703627524155,0.8667698207070929,1.0
ENSG00000224418,0.9426503503261174,0.9894517695215416,1.0
ENSG00000088386,0.968786254877713,0.8693889761397076,1.0
ENSG00000169508,0.9760333242444937,0.9475842721249812,1.0
ENSG00000280710,0.5447838851637392,0.6849897577646867,1.0
ENSG00000203441,0.9063956576004344,0.9041455382677752,1.0
ENSG00000234650,0.6544734784756161,0.8582153524940084,1.0
ENSG00000276957,0.9999907016694987,0.9976958766085978,1.0
ENSG00000151287,-0.23946152107978413,-0.2634255621853574,1.0
ENSG00000233532,0.952028932411285,0.9024530073411113,1.0
ENSG00000125266,0.9946797429385582,0.9995405760487153,1.0
ENSG00000134884,-0.07516677026563534,-0.13719549583931423,1.0
ENSG00000041515,0.5613109074479536,0.5431878465753235,1.0
ENSG00000275216,0.938709487477777,0.9670209278292841,1.0
ENSG00000223617,0.9883245081843127,0.9942649405045026,1.0
ENSG00000255874,0.7294701930976455,0.7807684676682183,1.0
ENSG00000088448,-0.4223056360022559,-0.9934558080496383,1.0
ENSG00000225760,0.9056667433008749,0.9581728155458619,1.0
ENSG00000126217,0.8097817580025961,0.7488771483879322,1.0
ENSG00000231882,0.9564151351453117,0.9764257393107921,1.0
ENSG00000225083,0.2143520949286144,0.19581257368810412,1.0
ENSG00000184497,0.9923472094766146,0.9523818095165005,1.0
ENSG00000260910,0.9812300082873538,0.9752733496788757,1.0
ENSG00000258314,0.9401073166726279,0.8758632949891954,1.0
ENSG00000129566,0.11633360037717044,0.20995436328959327,1.0
ENSG00000169413,0.9831384233446686,0.9940366427225908,1.0
ENSG00000169397,0.7591719446108214,0.8398832821198836,1.0
ENSG00000258918,0.7567809440618086,0.7489794186219154,1.0
ENSG00000169385,0.9738314082889258,0.9675227339582408,1.0
ENSG00000165794,0.927614190418354,0.8882847827231989,1.0
ENSG00000165799,0.9507732290620536,0.8227972574450871,1.0
ENSG00000092200,0.9393886035622008,0.761122077888382,1.0
ENSG00000211821,0.9931938451429235,0.9998224474994878,1.0
ENSG00000211829,0.9081303990924691,0.9324963201244336,1.0
ENSG00000277734,0.8884662259942968,0.9779187769697675,1.0
ENSG00000259003,0.9084555416847988,0.82450640275493,1.0
ENSG00000100439,0.7576001810046468,0.41214883478434405,1.0
ENSG00000197324,-3.044269912122572,-4.323110044334989,1.0
ENSG00000092067,0.8384976298112409,-7.4103602822341745,1.0
ENSG00000092068,-2.27046643688783,-29.850088017276192,1.0
ENSG00000235194,-6.4681277417404,0.43519974854897714,1.0
ENSG00000166091,0.9394583964698646,0.9274684501520649,1.0
ENSG00000197616,0.6263363492983915,0.727646583350491,1.0
ENSG00000092051,0.9000878241684794,0.8168363502008409,1.0
ENSG00000100867,0.526331977228365,0.5046074762959976,1.0
ENSG00000092010,-1.333428053477212,-2.136213168867129,1.0
ENSG00000259321,0.9792781603082846,0.9730634979961411,1.0
ENSG00000259529,0.6851743485776842,0.9452235053183532,1.0
ENSG00000213928,0.8991216902508927,0.8608799986248132,1.0
ENSG00000100918,0.5088602428631113,0.6540080502599692,1.0
ENSG00000276698,0.5569925317290537,0.7009310779990627,1.0
ENSG00000139908,0.9928491794581463,0.9994201473337293,1.0
ENSG00000136305,0.7175205943395155,0.761486517381407,1.0
ENSG00000129467,0.594108224448683,0.6865353788761086,1.0
ENSG00000258744,0.9831564735560364,0.9930546850280445,1.0
ENSG00000100453,0.9779152625070533,0.999687632996071,1.0
ENSG00000258548,0.9880487829177363,0.9857056068237564,1.0
ENSG00000257831,0.6687772108891574,0.6480462178589076,1.0
ENSG00000257155,0.9236370999203761,0.9770595924033592,1.0
ENSG00000151322,0.5248789016062831,0.6209031909532572,1.0
ENSG00000100906,-0.707800698322901,0.1371053917911812,1.0
ENSG00000258844,0.5470825030882862,0.6435073125530124,1.0
ENSG00000136327,0.9235848269965066,0.7858352557561115,1.0
ENSG00000129514,0.9953553317418371,0.983084571388771,1.0
ENSG00000139865,0.22312692466477357,0.09277823396249307,1.0
ENSG00000258526,0.9995116556805473,0.9690325068120033,1.0
ENSG00000258480,0.8858390871648534,0.9451418277005939,1.0
ENSG00000179454,0.7225869276264896,0.36484867638249474,1.0
ENSG00000258700,0.9891876726547412,0.9327350586314852,1.0
ENSG00000139915,0.9169031590186301,0.9538196263967221,1.0
ENSG00000258400,0.86242481744634,0.7026522993253098,1.0
ENSG00000012983,0.3642302938491887,-6.14019112330461,1.0
ENSG00000198513,0.24233176804729295,0.4098426255189307,1.0
ENSG00000258843,0.9254146438240962,0.928644291019071,1.0
ENSG00000100504,0.99696564001107,0.9834724272900578,1.0
ENSG00000131969,0.89548240697118,0.9147787509222969,1.0
ENSG00000277050,0.08433812797923612,0.026648144112408012,1.0
ENSG00000186469,0.9724460429603449,0.9695900991311629,1.0
ENSG00000258757,-721.2110811650457,0.9355561490390555,1.0
ENSG00000258698,0.9948117662453386,0.983071300706291,1.0
ENSG00000020577,0.9723907111087249,0.983082851756708,1.0
ENSG00000131981,0.9569180082989935,0.9670047679270745,1.0
ENSG00000258413,0.936575629209083,0.966435704785437,1.0
ENSG00000258791,0.3884600491554493,0.40888992225499277,1.0
ENSG00000275569,0.790989921331997,0.9082105506510649,1.0
ENSG00000259133,0.3941311469969292,0.4374390924354262,1.0
ENSG00000248550,0.9932547993011823,0.9983075643061524,1.0
ENSG00000259008,0.7129522571717699,0.7963501440734914,1.0
ENSG00000100557,0.6749988810221907,0.3764732381908562,1.0
ENSG00000259039,0.559460452694311,0.7214099370583467,1.0
ENSG00000139971,0.7606584448835179,0.9730456313253123,1.0
ENSG00000196860,0.6139202929031748,0.8030691454559722,1.0
ENSG00000258553,0.9996359938234584,0.9869985330173542,1.0
ENSG00000254718,0.9784131209564434,0.9472029885463802,1.0
ENSG00000258777,0.9369770435331545,0.9993434949122291,1.0
ENSG00000258667,0.9933860227921262,0.9893229853307337,1.0
ENSG00000261242,0.9087598747996989,0.9757941361452753,1.0
ENSG00000258809,0.9272538226447756,0.8754331574421085,1.0
ENSG00000089775,-1.769829777130378,0.8081012528807369,1.0
ENSG00000126804,-7.882612319166547,0.6647875356306739,1.0
ENSG00000126803,0.8864225210178921,0.953352460137419,1.0
ENSG00000176153,0.722981599230759,0.6947805968045642,1.0
ENSG00000272158,0.9966409932150907,0.9979016284211769,1.0
ENSG00000072415,0.9930661677902761,0.8666673897765649,1.0
ENSG00000100554,-4.282017688261543,-6.207038140945564,1.0
ENSG00000198133,0.8313213769204582,0.8166924781242718,1.0
ENSG00000258837,0.8353161886292353,0.8231097100629008,1.0
ENSG00000185650,-1.2960642213598725,-1.0320356991571216,1.0
ENSG00000276063,0.9990100132734681,0.9765766287932847,1.0
ENSG00000267909,0.9959930651051657,0.9996433897938075,1.0
ENSG00000100652,0.985733752949997,0.9517024162460974,1.0
ENSG00000198732,0.5669090812067612,0.6880422941192309,1.0
ENSG00000258422,0.9731888548299485,0.9044401623916775,1.0
ENSG00000259158,0.7426248526748467,0.7647794992133683,1.0
ENSG00000134007,0.9726040934129212,0.998921497044794,1.0
ENSG00000258689,0.7843295374418318,0.6316744980298021,1.0
ENSG00000275630,0.7735997654482172,0.6523979854894071,1.0
ENSG00000182732,0.9995642202003672,0.9869751241714099,1.0
ENSG00000280188,0.9913342093847474,0.9966430177161507,1.0
ENSG00000258376,0.7249558131857612,0.7341920957749761,1.0
ENSG00000133961,-4.653432283316438,-11.27206646273145,1.0
ENSG00000258660,0.9996892881054092,0.9859326642049204,1.0
ENSG00000156030,0.6525081615950643,-8.754865099781219,1.0
ENSG00000259065,0.9661863363053866,0.9308337840702663,1.0
ENSG00000258891,0.7220203628521378,0.9831665352193368,1.0
ENSG00000156050,0.887944408814658,0.8882250316341241,1.0
ENSG00000270000,0.9803500976526166,0.9986950093525375,1.0
ENSG00000119655,-0.44423986017930095,-0.34359001002819145,1.0
ENSG00000273565,0.9013749115531772,0.8852961587483085,1.0
ENSG00000170345,0.3978651802088309,0.1027557655001573,1.0
ENSG00000259687,0.82129299051727,0.8961249801722795,1.0
ENSG00000071246,0.8452332475897946,0.8933336609691728,1.0
ENSG00000100565,0.9007107813150808,0.9792133778880193,1.0
ENSG00000273729,0.6166472821985787,0.8287792210229166,1.0
ENSG00000246548,0.8522087660207626,0.8798642345926673,1.0
ENSG00000063761,0.7753368214184715,0.9989705045962559,1.0
ENSG00000258743,0.8559115681889236,0.6856164752720207,1.0
ENSG00000185070,0.9702823685483631,0.9995070221134952,1.0
ENSG00000258807,0.9478936839059632,0.9787628006785898,1.0
ENSG00000140030,0.7288918139539602,0.9082375335401744,1.0
ENSG00000258867,0.9712554987253805,0.9826100255139437,1.0
ENSG00000258983,0.7478081872698592,0.831220684749449,1.0
ENSG00000258699,0.9315961297105454,0.9780473249959357,1.0
ENSG00000258730,0.5516652795595831,0.630865237503144,1.0
ENSG00000119632,-414.9977357925698,0.11899351439425399,1.0
ENSG00000119698,0.9862556049171789,0.9841446310091011,1.0
ENSG00000235706,0.9968191417460094,0.9358233930040709,1.0
ENSG00000100721,0.6389632458500546,0.5412003930631533,1.0
ENSG00000257275,0.4468252802029866,0.5800236134984743,1.0
ENSG00000258702,0.9608866617148573,0.9992184213853176,1.0
ENSG00000258979,0.9362827197706551,0.947983842149335,1.0
ENSG00000246223,0.5249947641398659,0.44253379976754736,1.0
ENSG00000258749,0.7030078627174732,0.6887202654398384,1.0
ENSG00000247970,0.25209945006814793,0.3454730789689945,1.0
ENSG00000182218,0.8320431174322668,0.7701083361526835,1.0
ENSG00000140107,0.7187180148961321,0.71422035910555,1.0
ENSG00000258521,0.9996696499939667,0.9564666645516866,1.0
ENSG00000185559,0.8735250454930984,0.8707149776457566,1.0
ENSG00000259004,-0.12502708062702927,0.35235765091170623,1.0
ENSG00000259088,0.9941562603546065,0.9990252534636117,1.0
ENSG00000272444,0.7721851325681564,0.9129219704341889,1.0
ENSG00000080824,-0.12623115921365025,-0.13553808695204728,1.0
ENSG00000259515,0.7855455831334562,0.5420989379646431,1.0
ENSG00000185215,-2.014153122828848,-71.72414909061432,1.0
ENSG00000259775,0.35843309599967244,0.4622859407509279,1.0
ENSG00000166165,-0.10575791863709494,-0.10499241708064466,1.0
ENSG00000258735,0.8833095806934828,0.8771880110003164,1.0
ENSG00000184601,0.9995769852750476,0.990806332830185,1.0
ENSG00000258811,0.4591973385348731,0.5389250106675394,1.0
ENSG00000166428,0.5392401731949383,0.39931816577765333,1.0
ENSG00000183484,0.9713724313516497,0.9473904473606797,1.0
ENSG00000211956,0.9953652898221078,0.9487564905392992,1.0
ENSG00000260986,0.9608772511697004,0.9988889190927839,1.0
ENSG00000247765,0.9893830819117625,0.9989402603219525,1.0
ENSG00000277865,0.35685923781356566,0.7444196110413998,1.0
ENSG00000273976,0.8555338071883424,0.892698151712148,1.0
ENSG00000185823,0.99940456844665,0.9836329781164598,1.0
ENSG00000182256,0.8996389160983325,0.8899967892976974,1.0
ENSG00000261480,0.6576455241763439,0.7453933271630933,1.0
ENSG00000104059,-0.027319731360448074,0.10879864389581173,1.0
ENSG00000259523,0.8430897264231507,0.8384445604139452,1.0
ENSG00000166664,0.9979325835668298,0.9798378023240004,1.0
ENSG00000260693,0.9983388389719997,0.9817629049726248,1.0
ENSG00000178115,0.33720226137984666,0.4704158279915446,1.0
ENSG00000247728,0.9805513671625232,0.9438102532088368,1.0
ENSG00000259448,0.8687880861434558,0.9836789970609995,1.0
ENSG00000262728,0.7390955016841976,0.6185293617953577,1.0
ENSG00000232653,0.8310194239233959,0.6357190792800884,1.0
ENSG00000244952,0.8721750612310729,0.8832340262625684,1.0
ENSG00000166922,0.7256505466604115,0.6722414709190625,1.0
ENSG00000276702,0.7171416605130693,0.6183391532457747,1.0
ENSG00000184984,0.6748347534426807,0.6858701379510759,1.0
ENSG00000140199,0.7973976586299697,-0.48951387199353413,1.0
ENSG00000259468,0.826966451396174,0.6202986751321411,1.0
ENSG00000159251,0.9250629307977505,0.8890739538676602,1.0
ENSG00000259460,0.9870671536362581,0.9986357551324779,1.0
ENSG00000175779,0.8983249903917998,0.9268035169457747,1.0
ENSG00000137801,0.6734772442448744,0.6387720363857109,1.0
ENSG00000275636,0.9969225599294552,0.993744730721307,1.0
ENSG00000104081,0.9939566120498767,0.9491108861207169,1.0
ENSG00000137843,0.5208354874298355,0.6162359424732373,1.0
ENSG00000137841,0.5065402903645416,0.6132019755417001,1.0
ENSG00000259198,0.801969189290046,0.7832207043963175,1.0
ENSG00000166143,0.5226948663406427,0.46257199182936903,1.0
ENSG00000166145,0.5009563800741716,0.7065543195790748,1.0
ENSG00000187446,-3.828985375731042,-4.169238136340626,1.0
ENSG00000137804,-0.669539374376348,-0.8709222955735267,1.0
ENSG00000260926,0.9767768246747409,0.9949137221557106,1.0
ENSG00000168970,0.7329861057979788,0.7518097296412883,1.0
ENSG00000246740,0.8039079519313648,0.6247807096386735,1.0
ENSG00000092529,0.8210287126049942,0.8865380929134874,1.0
ENSG00000261822,-0.1712659150931657,0.08812224917165623,1.0
ENSG00000166947,0.9124607961909134,0.9309818563704633,1.0
ENSG00000104055,0.9995361572221408,0.9972527359454102,1.0
ENSG00000166963,-1.7463289074065242,-11.056046432096782,1.0
ENSG00000242866,0.9725246317178888,0.9995737330222696,1.0
ENSG00000229474,0.7727115353350671,0.8479294605638105,1.0
ENSG00000166710,-0.09490897492149752,-0.0831689187018898,1.0
ENSG00000167014,0.8422471947501415,0.9567071466349666,1.0
ENSG00000140274,0.9173698967708789,0.9325116366813606,1.0
ENSG00000140254,0.9989195717466122,0.9672864557080353,1.0
ENSG00000259519,0.9980272113657964,0.9999260586566986,1.0
ENSG00000137860,0.4958888731566071,0.5671960195561137,1.0
ENSG00000185634,0.9055138308272139,0.8506290719488596,1.0
ENSG00000259602,0.5441553508013779,0.6641290949812892,1.0
ENSG00000138593,-0.2932606130137356,-1.1758669980548837,1.0
ENSG00000104043,0.7144405688578691,0.8002982667364896,1.0
ENSG00000259188,0.4850005935563142,0.7984168726392331,1.0
ENSG00000140287,0.6009386159749854,0.8258964742885275,1.0
ENSG00000244879,-0.9815173375461612,-1.1070774120406277,1.0
ENSG00000273674,0.9323895266703156,0.9616297839157665,1.0
ENSG00000137869,0.9392448960409056,0.985873975125793,1.0
ENSG00000259306,0.07942775927094625,0.41365195118072484,1.0
ENSG00000259668,0.7999640381483422,0.8587910203403768,1.0
ENSG00000104112,0.9969325399864225,0.9758689579590356,1.0
ENSG00000128872,0.4842145660920073,0.3350800349083881,1.0
ENSG00000259201,0.4548435736440193,0.6389313388183658,1.0
ENSG00000069966,0.9346763766743527,0.28708629257252205,1.0
ENSG00000259709,0.9833991483660753,0.9743743873915739,1.0
ENSG00000260916,-0.43048139568017185,-9.445677867693533,1.0
ENSG00000166450,0.6910575798890162,0.7271642368381779,1.0
ENSG00000263155,0.9843466270442246,0.9434137960727702,1.0
ENSG00000166035,0.9805231096851508,0.982859160720555,1.0
ENSG00000259250,0.8846119885265706,0.7138323353159273,1.0
ENSG00000157456,-0.70978222335891,-1.8487040152829315,1.0
ENSG00000182718,-0.32419034480502784,-0.34215141828736617,1.0
ENSG00000259697,0.946854731542978,0.951242357652603,1.0
ENSG00000140416,-0.429223656679419,-0.6912413204906984,1.0
ENSG00000259627,0.5029312920989408,0.5416323132457779,1.0
ENSG00000259672,0.9979440191388771,0.9997952183996003,1.0
ENSG00000103642,0.98159477092625,-5.077965876667294,1.0
ENSG00000259268,0.9552705760011244,0.9402628936360465,1.0
ENSG00000035664,0.9503106312389712,0.9995754456004051,1.0
ENSG00000166794,-0.18535285681587266,-0.223168862534189,1.0
ENSG00000166803,-0.1247324954000455,-0.12567845246650133,1.0
ENSG00000180304,-0.8254636619353615,-0.8661485462206195,1.0
ENSG00000140451,-0.5506944267958489,-2.3199502103818754,1.0
ENSG00000275332,0.9768066209767432,0.9466839561034799,1.0
ENSG00000103710,0.824340618925114,0.7137072523571141,1.0
ENSG00000278737,0.7956909237764516,0.7462201652914163,1.0
ENSG00000174498,0.9047915778471712,0.999666452113764,1.0
ENSG00000259347,0.9996785642759581,0.9983607161825934,1.0
ENSG00000245719,0.7753328888425901,0.7865690002716601,1.0
ENSG00000255346,0.9311771332430426,0.9420502730376035,1.0
ENSG00000212766,0.9620243291952949,0.8524602956105395,1.0
ENSG00000259641,0.991807093568792,0.9909844765631349,1.0
ENSG00000166173,0.9861492356049296,0.9947000660450629,1.0
ENSG00000260672,0.7883408325645695,0.8600326255610206,1.0
ENSG00000175202,0.954938397229049,0.8272663654349457,1.0
ENSG00000260898,0.9960923357004033,0.7317985617570668,1.0
ENSG00000167178,0.9360278263946424,0.9498791627753471,1.0
ENSG00000137868,0.8167261483203694,0.8239951320017822,1.0
ENSG00000140459,0.02762226424544023,0.3967812424789301,1.0
ENSG00000261821,0.9928114296511695,0.9999386679115289,1.0
ENSG00000138623,0.49428511114119034,0.890324976035688,1.0
ENSG00000275527,0.4057692128307909,0.12899196751656883,1.0
ENSG00000260919,0.7615389096288014,0.6440383988042793,1.0
ENSG00000140465,0.9326823991197549,0.9459186392709218,1.0
ENSG00000169410,-24114.975873732263,0.9997663852507621,1.0
ENSG00000275454,-5.898399664603636,0.7801721389236043,1.0
ENSG00000246877,0.41463291554652226,0.3937313180123203,1.0
ENSG00000169752,0.9771883505881541,0.9661002540026064,1.0
ENSG00000169758,0.8287230004368539,0.8722837818557581,1.0
ENSG00000259422,0.9746317295551318,0.9415781687047187,1.0
ENSG00000159556,0.6586080799045135,-9.63499461089444,1.0
ENSG00000259666,0.9990219679620234,0.9902473348179773,1.0
ENSG00000259792,0.20912773054569644,0.5044063877388085,1.0
ENSG00000183476,0.8527628167933259,0.7028046677631437,1.0
ENSG00000259474,0.9062391836846797,0.9097281676715103,1.0
ENSG00000041357,-0.12686698039382116,-0.1088630246348925,1.0
ENSG00000080644,0.9822564484032776,0.9884305236824686,1.0
ENSG00000177699,0.5953838210708708,0.7779956579653335,1.0
ENSG00000140379,0.9995789317856494,0.9961691537087168,1.0
ENSG00000258010,0.9906258722658862,0.980475077341302,1.0
ENSG00000136379,0.8618891562844702,0.737978630211672,1.0
ENSG00000172349,0.9269697895862256,0.9328340344836655,1.0
ENSG00000172345,0.9800226983648065,0.9931595908858023,1.0
ENSG00000259518,0.6596660292990466,0.7496052563292153,1.0
ENSG00000259462,0.9994250331677298,0.9801483294793221,1.0
ENSG00000259442,0.9787722588708109,0.995592125718621,1.0
ENSG00000136404,0.8696720224912193,0.8343780600478001,1.0
ENSG00000256278,0.9661069625285219,0.9736368257924656,1.0
ENSG00000170776,-4.699461700115203,-11.745093425374236,1.0
ENSG00000259367,0.9550667289925003,0.9376861642694415,1.0
ENSG00000259762,0.9585037835029799,0.9998742558424131,1.0
ENSG00000140538,0.9965470356946077,0.9952295209985703,1.0
ENSG00000172183,0.9997460253121102,0.9773359605516785,1.0
ENSG00000157766,0.8613416817309948,0.7031404651865901,1.0
ENSG00000140545,-7.641323793912939,-10.680787861852941,1.0
ENSG00000242498,0.7595798854855179,0.6924213396782106,1.0
ENSG00000182054,-0.2823687158749242,-0.20636785012598424,1.0
ENSG00000182768,-22.03676434740763,-42.53029390027938,1.0
ENSG00000275345,-0.5292108909920312,-0.6036976435721175,1.0
ENSG00000259314,0.6472542071964908,0.8552695375125141,1.0
ENSG00000140564,-1.3129862810024213,-0.8657570833317738,1.0
ENSG00000182511,0.9753006343461555,-0.3450929361403303,1.0
ENSG00000259661,0.8703305786535992,0.8810666797716679,1.0
ENSG00000198901,-0.9662511555951689,-0.8021470074377677,1.0
ENSG00000185518,0.7927026219931561,0.8407296326757063,1.0
ENSG00000258551,0.9210761794835991,0.9362289012594421,1.0
ENSG00000140557,0.9988905166744574,0.9972673999712468,1.0
ENSG00000173575,-142.95271511405187,-8.372678269761952,1.0
ENSG00000182175,0.46592115436075743,0.633884915547516,1.0
ENSG00000259123,0.9475148210940387,0.9967074582011219,1.0
ENSG00000258476,0.8652468056810974,0.901678324515159,1.0
ENSG00000247809,0.9996074252124889,0.9884309367167087,1.0
ENSG00000278146,0.41415203978155224,0.49980187229537243,1.0
ENSG00000185551,-1.6822883156562707,-2.221259245772861,1.0
ENSG00000140450,0.9819763657216694,0.998268885396906,1.0
ENSG00000278090,0.988860090568028,0.9904980475807224,1.0
ENSG00000254744,0.6635852052607721,0.7223902418601125,1.0
ENSG00000154227,0.9056442952253523,0.9283124466755238,1.0
ENSG00000259376,0.7830764530774368,0.7330603833731653,1.0
ENSG00000259755,-4.121834664764751,-0.897846324992779,1.0
ENSG00000259182,0.993720999591625,0.9911690911917246,1.0
ENSG00000259553,0.9971051707612095,0.8907936322456581,1.0
ENSG00000130656,-0.094095707342841,-0.11594120145297948,1.0
ENSG00000188536,-1.4895909863519448,-8.049437460918657,1.0
ENSG00000206172,-1.7113124555109254,-2.2854607349667484,1.0
ENSG00000167930,-1.0777000439323285,-4.702775370787137,1.0
ENSG00000269881,0.9634468755758417,0.9791099512407399,1.0
ENSG00000257108,0.9682878956062054,0.9279277243976549,1.0
ENSG00000262528,0.9641956217480382,0.9778216961551299,1.0
ENSG00000260022,0.8621645365142256,0.9576949572469254,1.0
ENSG00000260710,0.9094627036519138,0.9817353997996029,1.0
ENSG00000261505,0.9417952669711117,0.7934847873500412,1.0
ENSG00000260051,0.8943702600539367,0.9040413728054892,1.0
ENSG00000063854,-6.103738324505317,-5.648737513515221,1.0
ENSG00000259947,0.5893883422469398,0.723916606344077,1.0
ENSG00000162040,0.9049489709067627,0.8945024629641665,1.0
ENSG00000198736,-1.0511665281643037,-1.3185975280982491,1.0
ENSG00000140986,0.9442855307251287,0.9794502356650748,1.0
ENSG00000255198,-0.32201793813388946,-0.29633793040922907,1.0
ENSG00000196408,0.9204945389506548,0.9777350411569162,1.0
ENSG00000183971,-3.0220911421997165,-12.55864901670988,1.0
ENSG00000260095,0.941032942870009,0.8729742152949795,1.0
ENSG00000260176,0.9993840679781051,0.9999854416311528,1.0
ENSG00000005001,0.9655542307566376,0.9229167642766801,1.0
ENSG00000262482,0.6750130705585031,0.608322029673998,1.0
ENSG00000270168,0.9647194575827891,0.9510028190070975,1.0
ENSG00000213937,0.9353209319176871,0.9653879721459745,1.0
ENSG00000184697,-43.07786898682868,0.7221367814884001,1.0
ENSG00000006327,-6.359368219089835,-1.5299733478361266,1.0
ENSG00000162069,0.988385611719641,0.9931861544478581,1.0
ENSG00000008516,0.9537927257685058,0.9192856313343993,1.0
ENSG00000008517,0.8429548076336629,0.7596656027211937,1.0
ENSG00000261889,0.9972950487184047,-133.03688189945262,1.0
ENSG00000262521,0.9794968535625049,0.995410216919428,1.0
ENSG00000168124,0.804101156762633,0.7875739617138809,1.0
ENSG00000281005,0.9010163087885882,0.9543541690735677,1.0
ENSG00000262899,0.9141615811762159,0.9781722368962429,1.0
ENSG00000232196,0.997177193284701,0.9861076854667723,1.0
ENSG00000261938,0.660391964066368,0.6872758767296387,1.0
ENSG00000213918,0.6492719012820674,-0.5679596950906785,1.0
ENSG00000276754,0.8956889336313558,0.8179555781614675,1.0
ENSG00000168140,0.5362283805949843,0.6076753485774874,1.0
ENSG00000267077,0.9939685677952201,0.9919621318750788,1.0
ENSG00000067836,-56.89049381240625,0.4579370444709022,1.0
ENSG00000267072,0.9947540030940049,0.9920925590049418,1.0
ENSG00000153446,0.9999299072348532,0.9975222121679296,1.0
ENSG00000078328,0.970673327324374,0.9615266746628757,1.0
ENSG00000183044,0.9791264793765504,0.9999915352016014,1.0
ENSG00000153048,-0.5177744310313774,-0.4294818022844209,1.0
ENSG00000259939,0.5188899283146023,0.11712759016448193,1.0
ENSG00000166669,-0.22673805066588537,-0.3216708700675479,1.0
ENSG00000260756,0.934462572459966,0.9314566095024158,1.0
ENSG00000262151,0.9999723485465063,0.9999671716518137,1.0
ENSG00000263033,0.7692870337849563,0.8164135420263527,1.0
ENSG00000185338,-2.611980208077574,-9.66404308524921,1.0
ENSG00000277369,0.9704133868341402,0.9038247844722135,1.0
ENSG00000259876,0.9571400364958341,0.9691659242080518,1.0
ENSG00000103381,-1.232837958487313,-922773366.2567486,1.0
ENSG00000237515,0.18082275090602973,-0.05315854812112941,1.0
ENSG00000262732,0.9552567661126794,0.6117261667047955,1.0
ENSG00000262097,0.2459439066784681,0.1286042109551655,1.0
ENSG00000069764,0.7942167327373382,0.7530209777595991,1.0
ENSG00000275910,0.7608258029443961,0.8787124877050982,1.0
ENSG00000166780,0.6116205162615226,0.6768814210932175,1.0
ENSG00000133392,0.9656007317823673,0.9155148060726188,1.0
ENSG00000170540,-0.5444415665552189,-0.8393169992929257,1.0
ENSG00000205730,-1383.533437029561,-0.6954235312858077,1.0
ENSG00000261759,0.9997874008883085,0.9877443748864602,1.0
ENSG00000183549,0.9464853611630543,0.9772934123698492,1.0
ENSG00000005187,-2.285531628117314,-2.780214513223694,1.0
ENSG00000166743,0.5834879067426499,0.746008107910761,1.0
ENSG00000175311,0.9340237520625683,0.9651046340370206,1.0
ENSG00000103316,0.9767330977909103,-2953.348874683537,1.0
ENSG00000197006,-0.07440227124457333,-0.1758353153282164,1.0
ENSG00000140749,0.48572766304461035,0.5598538189860971,1.0
ENSG00000260790,0.5149712078171513,0.42220496785390293,1.0
ENSG00000166851,-0.5296531129267243,-1.392162804717544,1.0
ENSG00000261266,0.8740777435033563,0.9344794844642149,1.0
ENSG00000134398,0.813512361178394,0.8669795226238324,1.0
ENSG00000166501,-216.93501261481586,-5.8234811104137965,1.0
ENSG00000006116,0.5694632791982841,0.6226715997980032,1.0
ENSG00000259888,0.4589421112274602,0.5651236620245894,1.0
ENSG00000262155,0.9613276237609744,0.9961229980355661,1.0
ENSG00000260034,0.843530351975374,0.9058894500343266,1.0
ENSG00000103375,0.919309779277878,0.9281267079640514,1.0
ENSG00000236481,0.36470529562984655,0.41437746028748723,1.0
ENSG00000103522,0.9363162604996265,0.947012859725158,1.0
ENSG00000184730,-18.31491008653271,-4.945619409399932,1.0
ENSG00000197272,0.9177263925561572,0.9114718010336289,1.0
ENSG00000176046,0.5715694477226249,0.8194581725152402,1.0
ENSG00000255524,0.12595434584795362,0.11464080281949163,1.0
ENSG00000260796,0.6146968618795169,0.5578186531475741,1.0
ENSG00000260517,0.9154371855536857,0.9165481726854126,1.0
ENSG00000103485,-0.26130485695289485,-0.23185188524426348,1.0
ENSG00000185905,0.7935510359817852,0.8043224951529948,1.0
ENSG00000260719,0.8228187448634261,0.8703424967043067,1.0
ENSG00000167371,0.9909206218071086,0.9927959807783348,1.0
ENSG00000013364,0.9945503806764191,0.9740679127342952,1.0
ENSG00000174939,0.9922580863027588,0.9940780491027339,1.0
ENSG00000149932,-0.025627179745656203,-0.039875550948370586,1.0
ENSG00000090238,-34.13381000947203,-9.66936362120955,1.0
ENSG00000102879,0.8848993510914184,-7.869494832288112,1.0
ENSG00000261416,0.9870482083886422,0.9847391199422506,1.0
ENSG00000005844,0.8503261144958884,0.9927911293578537,1.0
ENSG00000260487,0.9118003751893545,0.892842871353206,1.0
ENSG00000196118,-1.0091597173407907,-0.9574108351632238,1.0
ENSG00000175938,-106.8235459408443,-83.78426081814274,1.0
ENSG00000099377,0.9709771576744417,0.8981673251344,1.0
ENSG00000260911,0.7737453618632291,0.9177492943872115,1.0
ENSG00000261385,0.8222584328289244,0.8218993184225758,1.0
ENSG00000052344,0.8437415203861297,0.8003310686133629,1.0
ENSG00000103490,-0.5876296750767689,-0.5242149847852831,1.0
ENSG00000177238,0.9325488498837226,0.6150529786661367,1.0
ENSG00000169900,0.3527886698212397,0.5575919561845232,1.0
ENSG00000169896,-0.9042398098626256,-0.43591758762474275,1.0
ENSG00000140678,0.532232955586476,0.5887828775304431,1.0
ENSG00000156885,0.5499710914914896,0.6832592548390339,1.0
ENSG00000176723,0.9242422799214334,0.9429721299145929,1.0
ENSG00000261474,0.942822545035983,0.978799651412084,1.0
ENSG00000169877,0.886361241316252,0.9149663506723366,1.0
ENSG00000276867,0.5940609722196355,0.7684831203865472,1.0
ENSG00000259303,0.9496261025632237,0.9417243038490097,1.0
ENSG00000261512,0.970302618886359,0.9978073475621991,1.0
ENSG00000091651,-0.12822773384757946,-0.1430902175555071,1.0
ENSG00000260281,0.9990838023090325,0.9987989346615526,1.0
ENSG00000260086,0.9958697317257584,0.9843155164258168,1.0
ENSG00000167208,0.9402478484622526,0.9014781825845192,1.0
ENSG00000167207,0.9217766585392312,0.9536870088314554,1.0
ENSG00000261644,0.9971133702062648,0.9894371372112404,1.0
ENSG00000249231,0.9899148120402718,0.9971678168104561,1.0
ENSG00000261630,0.991691508037765,0.9933822609831361,1.0
ENSG00000275147,0.8991326889094147,0.8155083436090727,1.0
ENSG00000159387,0.3381535551253284,0.47064630238927674,1.0
ENSG00000087245,0.9728913919853487,0.9368637717973853,1.0
ENSG00000087253,-39.31430457484284,-0.9170889156322191,1.0
ENSG00000261997,0.9832114899450566,0.9992607499020026,1.0
ENSG00000103546,0.540201972507817,0.7164714611353589,1.0
ENSG00000274031,0.9475585129809758,0.9027144075782053,1.0
ENSG00000125148,-0.25291065191290074,-0.20109888597603076,1.0
ENSG00000169715,-1.012119374101796,-1.1001945329341427,1.0
ENSG00000205364,0.9800650451582934,0.9976120944200577,1.0
ENSG00000198417,-2.6980432495057,-0.9657602510973062,1.0
ENSG00000125144,-1.6833120776272565,-1.5028684172922562,1.0
ENSG00000051108,-21.031057489897535,-8.63530800726567,1.0
ENSG00000140853,0.9773190252533962,0.9723152050189333,1.0
ENSG00000102962,0.5518466067602895,0.5343179189703632,1.0
ENSG00000159618,0.6222105437752437,0.781178379419589,1.0
ENSG00000205336,0.34830166785603256,0.4799017839395274,1.0
ENSG00000182885,0.7864146687269523,0.9254167574735053,1.0
ENSG00000260467,0.9726224501976559,0.9807782870507649,1.0
ENSG00000159625,0.9993585416669238,0.9996702442107581,1.0
ENSG00000187185,0.8210139399884385,0.812649790632316,1.0
ENSG00000070729,0.6269208162194326,0.6626594775359398,1.0
ENSG00000103034,0.9386569288774272,0.719073394105384,1.0
ENSG00000261653,0.940856804127756,0.9150814493787642,1.0
ENSG00000260755,0.8170598122105635,0.7310016920881495,1.0
ENSG00000261519,0.8409901860367786,0.8153244287506194,1.0
ENSG00000140932,0.9932586783202499,0.9844133925407645,1.0
ENSG00000166592,0.9916044809224085,0.9299463113387568,1.0
ENSG00000172824,0.9751809688159213,0.8454419687812831,1.0
ENSG00000159708,0.6135982706827154,0.6617334336252292,1.0
ENSG00000159713,-0.2502210911462335,0.12245821831585701,1.0
ENSG00000159723,0.4279607481625892,0.5760726588583808,1.0
ENSG00000261386,-0.9549686486092426,0.9997338940525019,1.0
ENSG00000038358,0.9138277825602543,0.990107127760346,1.0
ENSG00000167261,0.9560400891746934,0.9832469222856572,1.0
ENSG00000263201,0.9849527448535973,0.999782786962876,1.0
ENSG00000103066,0.47794566527344073,0.9660926379487332,1.0
ENSG00000260441,0.9696104995464145,0.9735908206729432,1.0
ENSG00000103056,0.9089603850265874,0.9565479007773194,1.0
ENSG00000275383,0.9341847645839871,0.9823305546259047,1.0
ENSG00000260111,0.9911017301378846,0.9993339176997923,1.0
ENSG00000157368,0.7828747943984217,0.719830334680344,1.0
ENSG00000157423,0.7730316225690993,0.8174501398310425,1.0
ENSG00000180917,-2.3433464755573152,-10.407391287809393,1.0
ENSG00000247324,-0.164425826133058,-0.2088159695656311,1.0
ENSG00000198650,0.6741362342001964,0.6173089194852119,1.0
ENSG00000040199,0.8771469964443191,-0.3439887627176226,1.0
ENSG00000277481,0.7070020354582023,0.8068988887952879,1.0
ENSG00000257017,0.7811324432119577,0.774164442569296,1.0
ENSG00000261673,0.794282902973551,0.8329766451064802,1.0
ENSG00000260664,0.9496649894666429,0.9115102652810523,1.0
ENSG00000140836,-28.66348707749579,-12.745595306716018,1.0
ENSG00000271009,0.8882801403142772,0.9063810499498137,1.0
ENSG00000261170,0.9861940285997569,0.9934100554435291,1.0
ENSG00000273659,0.7834141557721377,0.7398108373700196,1.0
ENSG00000261063,0.9486405564023633,0.9974872349573689,1.0
ENSG00000178573,0.9987483711814358,0.9938026664345736,1.0
ENSG00000278058,0.9955573986511032,0.9854665993880103,1.0
ENSG00000168589,0.9983090512066756,0.9941691963250787,1.0
ENSG00000260737,0.15730469876103903,0.3418629429778076,1.0
ENSG00000260213,0.14658814204068238,-0.03182701880954153,1.0
ENSG00000260495,0.9610699660104529,0.9678439737098421,1.0
ENSG00000261218,-0.13390158283459352,-0.019936583378588724,1.0
ENSG00000197943,-7.773876668651507,-13.446291738220257,1.0
ENSG00000086696,0.9075775270385021,0.9557847807975638,1.0
ENSG00000261235,0.6476606429124735,0.7456459397173107,1.0
ENSG00000140961,0.0658241832245351,0.33992565712901845,1.0
ENSG00000154099,0.9835591446474774,0.9961532445620308,1.0
ENSG00000250685,0.9898081003218879,0.9977672642992357,1.0
ENSG00000103175,0.49294432095932794,0.7028433445380796,1.0
ENSG00000103187,-31.619587459393472,-13.605979630328125,1.0
ENSG00000103196,0.8962175701803942,0.8536227547316808,1.0
ENSG00000135709,-0.5728195139661771,-5.096566123389061,1.0
ENSG00000153789,0.9281862109625318,0.8053917116251802,1.0
ENSG00000278214,0.48810619070381334,0.6623466130919748,1.0
ENSG00000275088,0.9870126155310085,0.9536828884364443,1.0
ENSG00000270159,0.9967144233637536,0.9907796981272541,1.0
ENSG00000268388,0.989049323681563,0.9450071557501916,1.0
ENSG00000103241,0.9958952815399762,0.9914716185763315,1.0
ENSG00000270020,-0.15913048011695952,-0.33181320410128046,1.0
ENSG00000261363,0.9512882870963361,0.847336376102729,1.0
ENSG00000140941,0.07167258812592026,0.07406272765179478,1.0
ENSG00000124391,0.40540777406809336,0.4158723008512445,1.0
ENSG00000051523,-0.0361671722421133,-0.06918698927446099,1.0
ENSG00000259813,0.9700308770430347,0.9793590524089851,1.0
ENSG00000224888,0.9973137271420486,0.9136871818581142,1.0
ENSG00000129993,-2.227197460976847,-6.144694020803659,1.0
ENSG00000180422,0.9619651164173856,0.9831341587435961,1.0
ENSG00000129910,0.7355044201310559,0.7418433296210133,1.0
ENSG00000268218,0.8786889833001645,0.805409240961748,1.0
ENSG00000261118,0.9003746127545663,0.9518192231739472,1.0
ENSG00000075399,0.6244886429350476,0.870887019708793,1.0
ENSG00000258947,0.9513439702419688,0.8893700910494039,1.0
ENSG00000261317,-0.02549637178872577,-0.08769454736037385,1.0
ENSG00000260507,0.8081172149928326,0.8020821377234135,1.0
ENSG00000241525,0.9996421032287424,0.9959328419934614,1.0
ENSG00000183688,0.6389963180013273,-19.47117949183017,1.0
ENSG00000262777,0.8693921192293279,0.903099148348459,1.0
ENSG00000167703,0.8482356289377535,0.49074093903332894,1.0
ENSG00000185561,0.002636054484153827,0.6291594944101044,1.0
ENSG00000186594,0.8533739025559004,0.8605367929516199,1.0
ENSG00000167711,0.6954317122496532,0.8147969160020768,1.0
ENSG00000132386,-0.7038900727571853,-1.2505439360405735,1.0
ENSG00000262445,0.14912143711548198,0.37080648847227504,1.0
ENSG00000263050,0.9093548357189924,0.8619530124401503,1.0
ENSG00000274758,0.8748685266788283,0.985179293675806,1.0
ENSG00000263345,0.5481231839887002,0.6155399194213509,1.0
ENSG00000272770,0.9586450073006489,0.8984708807441587,1.0
ENSG00000277200,0.9655247145520055,0.9984217242916787,1.0
ENSG00000180090,0.8902977159502152,0.8849998161041247,1.0
ENSG00000108381,0.9330713811285519,0.8898233513192876,1.0
ENSG00000262304,0.49388792119044933,0.4839058796244099,1.0
ENSG00000213977,0.9861708656520292,-4.979689409871705,1.0
ENSG00000262692,0.4310278343512365,0.3635302335305888,1.0
ENSG00000108405,0.5816502510165289,0.7491157224074977,1.0
ENSG00000167740,-279.73862545832844,-90.08810329890821,1.0
ENSG00000263165,0.9332051949408032,0.9821803815109302,1.0
ENSG00000182557,0.9040749187608392,0.9864698016677919,1.0
ENSG00000183018,-0.4059169570871166,-0.2721875088197907,1.0
ENSG00000167741,0.9883042328033362,0.9916494038843399,1.0
ENSG00000188176,0.9975228157786946,0.9963799002720655,1.0
ENSG00000161905,0.8916368752913775,0.9242639143134568,1.0
ENSG00000141497,0.8207765789278432,0.7983833948538767,1.0
ENSG00000142484,0.9531028302895849,0.9993884958406152,1.0
ENSG00000262165,0.9040798345655963,0.8434882645615065,1.0
ENSG00000108556,0.8920333040245758,0.9994763888673109,1.0
ENSG00000234203,0.9661953304185358,0.978638315303511,1.0
ENSG00000227495,0.45009909430335815,0.5160984751581552,1.0
ENSG00000132517,0.7325820965744272,0.8534746946638381,1.0
ENSG00000161929,0.9737935285957232,0.9999247845274202,1.0
ENSG00000179314,0.9961154205470399,0.9838338295341278,1.0
ENSG00000129221,0.865616451629038,0.9172798857993253,1.0
ENSG00000282936,0.922902479550328,0.9223237134267164,1.0
ENSG00000177294,0.9989617987405827,0.9951553716262606,1.0
ENSG00000108839,0.9999682493940639,0.983063883023309,1.0
ENSG00000132514,0.7330681159621282,0.9256870755736976,1.0
ENSG00000161944,0.841752050104996,0.7660447501839993,1.0
ENSG00000181885,0.5190696026992283,0.060504664582222145,1.0
ENSG00000072818,0.9586697688193369,0.993858061789898,1.0
ENSG00000129226,0.5961550742764938,0.738733997270543,1.0
ENSG00000129214,0.805945980294251,0.8380698469233333,1.0
ENSG00000141504,-21.34134105622702,-5.12131877594968,1.0
ENSG00000129244,0.8469137848901871,0.9124088556997445,1.0
ENSG00000183914,0.7887928283964815,0.9084441120111235,1.0
ENSG00000132510,-9.324046560799516,0.08085676345564596,1.0
ENSG00000167874,-0.6254337713858693,-0.5456868011727749,1.0
ENSG00000132518,0.8691955568904446,0.8434517621485158,1.0
ENSG00000179593,0.8705216131879753,0.9179093450242182,1.0
ENSG00000179111,0.8340847883939773,0.8221765826016609,1.0
ENSG00000220205,-0.6379087244286947,-0.7090365996544228,1.0
ENSG00000184650,0.9107879597417803,0.7953484218413597,1.0
ENSG00000189051,0.7309521532801909,0.6020519292720421,1.0
ENSG00000166596,0.7904028014003498,0.905150337314843,1.0
ENSG00000007237,0.763951673998769,0.8142231883606256,1.0
ENSG00000007174,0.9861933228760645,0.9979685674290429,1.0
ENSG00000265494,0.9351038928546643,0.9746921562532495,1.0
ENSG00000109099,0.35235171936854215,-25.180670244653555,1.0
ENSG00000125409,0.9642866328103045,0.9872905003215113,1.0
ENSG00000239704,0.9807745303238329,0.999440036444382,1.0
ENSG00000251537,0.9858238130863047,0.9898646853163969,1.0
ENSG00000170315,-0.00977081349103015,-0.006838585845440059,1.0
ENSG00000181350,-0.5845495917540784,-46.018009759537556,1.0
ENSG00000170160,0.9148346885472546,0.9460786670333051,1.0
ENSG00000260328,0.7964493871323293,0.8049313320309546,1.0
ENSG00000225442,0.8715762744288833,0.8894529817677779,1.0
ENSG00000108551,0.9703491678499019,0.9393401972760567,1.0
ENSG00000237328,-0.29665540077401364,0.06745574581671387,1.0
ENSG00000197815,0.8923594526474316,0.8826742672273626,1.0
ENSG00000091536,0.9745002349983389,0.9672748049089244,1.0
ENSG00000171931,0.6341181910865501,0.7501073143863218,1.0
ENSG00000154025,0.9546008929790656,0.9674735766862069,1.0
ENSG00000154016,0.9864734660924741,0.9904589963408784,1.0
ENSG00000189152,0.8080460698634935,0.8154860303868873,1.0
ENSG00000262319,0.8439615519706416,0.9737570297377064,1.0
ENSG00000166482,0.8055369611096093,0.7129649287069562,1.0
ENSG00000072210,0.7651239986355032,0.8800336587032037,1.0
ENSG00000261033,0.6737054298973477,0.7461672055192596,1.0
ENSG00000263494,-0.19324968880794335,0.17881417301170366,1.0
ENSG00000034152,-6.88973640580386,0.9979938423785362,1.0
ENSG00000265265,0.7028256383178277,0.6620367957679838,1.0
ENSG00000276399,0.9934709533030844,0.9651335574307722,1.0
ENSG00000261020,0.9975971243513713,0.9911641664566014,1.0
ENSG00000109046,-1.5505898138140797,-1.3450190194252127,1.0
ENSG00000168961,0.9148387829418803,0.966061368005445,1.0
ENSG00000266527,0.8372227644875317,0.8423248553684612,1.0
ENSG00000232859,-355.7310514354003,0.581269813005725,1.0
ENSG00000266830,0.892062543976396,0.9654618135322864,1.0
ENSG00000260777,0.9418401910184996,0.9292484804687978,1.0
ENSG00000109072,0.49703164973263236,0.445967303074169,1.0
ENSG00000109101,0.9777840911867133,0.9769482339445277,1.0
ENSG00000267729,0.9874351539041637,0.9496751764227834,1.0
ENSG00000265073,0.918276681546681,0.9697825786652523,1.0
ENSG00000264066,0.7367433088354447,0.7602461537658112,1.0
ENSG00000179761,0.9025487310238707,0.8585722186591416,1.0
ENSG00000063015,0.8560542130649246,0.7130021644798183,1.0
ENSG00000167549,0.9712937958206644,0.8592143716998591,1.0
ENSG00000263657,0.999946160959859,0.9945006866587073,1.0
ENSG00000263477,0.9742606198476129,0.9992572453390233,1.0
ENSG00000264125,0.5561638094629063,0.6611133049545745,1.0
ENSG00000266120,0.9725019773133233,0.9998614103730123,1.0
ENSG00000108582,-2.9458707247548124,-11.576553463696518,1.0
ENSG00000184060,0.9615857835034788,0.986359196833841,1.0
ENSG00000265743,0.5761673116481785,0.6187487880144649,1.0
ENSG00000126861,0.9320531100224425,0.8870414921874906,1.0
ENSG00000185862,0.9936059227515512,0.9909912106373047,1.0
ENSG00000126860,0.31684690241422975,0.4116891514532478,1.0
ENSG00000228768,0.9989515808397212,0.9982934464352212,1.0
ENSG00000274341,0.923327559144543,0.9217526135381389,1.0
ENSG00000278668,0.8535994092067083,0.8750583890637192,1.0
ENSG00000266385,0.6910781110230635,0.5363200432634221,1.0
ENSG00000266718,0.4458064710149554,0.40659791745153306,1.0
ENSG00000264458,0.9868046159102131,0.9979106488995414,1.0
ENSG00000108691,0.992529031631681,0.9808965130031861,1.0
ENSG00000166750,0.9999887936454065,0.9926399594444778,1.0
ENSG00000154760,0.724749337697874,0.8496142451205042,1.0
ENSG00000271447,0.6688859048798734,0.7943674057762351,1.0
ENSG00000270379,0.9902261487448156,0.918767183480502,1.0
ENSG00000270240,0.7809010782576311,0.7920557714383243,1.0
ENSG00000271503,0.9797998840992129,0.9989984527172864,1.0
ENSG00000275152,0.5052090594395667,0.541968686435509,1.0
ENSG00000277632,0.9810569036094864,0.9623894179258573,1.0
ENSG00000275302,0.4962179856610981,0.6974924896687382,1.0
ENSG00000274767,0.9620282375841772,0.9743839397058236,1.0
ENSG00000276085,0.7263896804386105,0.5574715208200053,1.0
ENSG00000276070,0.8704301388259548,0.8244607881400915,1.0
ENSG00000274933,0.950077698937391,0.8941570551168372,1.0
ENSG00000275613,0.8402440542280243,0.7797269379248348,1.0
ENSG00000277268,-551.8577989767515,-51.020396810426334,1.0
ENSG00000273706,-9.081855118177945,-303.1363882381033,1.0
ENSG00000276707,0.6155512941716794,0.6531091518798264,1.0
ENSG00000275066,-0.5483917446444935,-0.08622821789325341,1.0
ENSG00000277688,0.99926038383444,0.9717983743308601,1.0
ENSG00000277363,0.9920339909896915,0.9886098897531481,1.0
ENSG00000275665,0.9762766295465064,0.9804611860278144,1.0
ENSG00000279119,0.9864819919248866,0.9995776890326156,1.0
ENSG00000277791,-0.26315054189989295,-0.28080487910819696,1.0
ENSG00000263466,0.36325432894440324,0.46761786167406094,1.0
ENSG00000263874,0.996725120668616,0.9566284442331665,1.0
ENSG00000141748,0.8150026608531933,0.7806002398456532,1.0
ENSG00000141750,-0.6061207444774879,-0.2161990962214344,1.0
ENSG00000108306,-5.7853403407799995,-10.78119490451134,1.0
ENSG00000171532,0.9020907517447632,0.9686508309839172,1.0
ENSG00000131771,0.9947790227923526,0.9959377044667675,1.0
ENSG00000141744,-1.4459744051887555,-0.9559218736657349,1.0
ENSG00000161405,-4.331952778856401,-21.65000319842114,1.0
ENSG00000073605,0.9996612966849414,0.9914187987748647,1.0
ENSG00000264968,0.9074970588842513,0.7297367281247101,1.0
ENSG00000265666,0.9095595834313254,0.7456423067074469,1.0
ENSG00000131747,-0.2766809677451074,-0.3746426404708101,1.0
ENSG00000141753,0.8348693603603401,0.655676705683118,1.0
ENSG00000266088,0.9755696265710724,0.9339999599272737,1.0
ENSG00000126353,0.8357015794085721,0.9456031131113423,1.0
ENSG00000198083,0.8821190891166832,0.9401641418008573,1.0
ENSG00000131738,0.7550109576532228,0.7167003926192554,1.0
ENSG00000171345,0.666398723569867,0.468362585609873,1.0
ENSG00000186847,0.9999634044730862,0.9866623335797123,1.0
ENSG00000128422,-0.1049851250811269,-0.16085693395992284,1.0
ENSG00000173812,-0.09927529700909488,-0.08572900926157434,1.0
ENSG00000184502,0.996923328817263,0.9950542544609459,1.0
ENSG00000173805,0.9210401631865575,0.790818136744768,1.0
ENSG00000161594,0.3716795861318689,0.7461713551442044,1.0
ENSG00000108771,0.6285276982467121,0.6190827585983292,1.0
ENSG00000267758,0.7676629899157732,0.8943818797999984,1.0
ENSG00000177469,-10.672330460922876,-19.52297548169482,1.0
ENSG00000184451,-422.8295331725705,-0.9656997577360893,1.0
ENSG00000267042,-87.72858503901935,-2624.4821394800165,1.0
ENSG00000108828,-1.3383037897433545,-0.6779312313398902,1.0
ENSG00000188554,-20.463218034163454,-780.4134415719528,1.0
ENSG00000184988,0.9937313328279594,0.9520755630172373,1.0
ENSG00000188825,0.8478925160590557,0.9176777099662793,1.0
ENSG00000167941,0.6203281902745635,0.6919209532743069,1.0
ENSG00000161649,0.5362379121334229,0.49896095893668024,1.0
ENSG00000267394,0.5222875572041035,0.3949091841711283,1.0
ENSG00000260793,-1.4958448724208813,-0.03213613985750663,1.0
ENSG00000004939,0.8196978656711083,0.9227898381373961,1.0
ENSG00000267750,0.9429429135009895,0.9660820804840226,1.0
ENSG00000030582,-1.0303822031683159,-1.0701863352674446,1.0
ENSG00000131095,0.9694793322932967,0.8598950092839622,1.0
ENSG00000186185,-8.639896621710927,0.9447316485056354,1.0
ENSG00000276728,-9.479148479866089,-44.95639183995222,1.0
ENSG00000224505,0.7863244679565231,0.834794085366908,1.0
ENSG00000267288,0.25434115744642916,0.2437654300630827,1.0
ENSG00000267121,0.8596095138465658,-2.334441318631282,1.0
ENSG00000184922,0.8373261357411764,0.928331384222496,1.0
ENSG00000131484,0.6497919102419318,0.7095641432541506,1.0
ENSG00000264589,0.4667085709187845,0.45963466083895865,1.0
ENSG00000198336,-0.22730837290006312,-0.22704906437923045,1.0
ENSG00000253347,0.7874955926454031,0.9079203564873677,1.0
ENSG00000189120,0.4404191578680914,0.9982984254798358,1.0
ENSG00000266821,0.6434096022851767,0.672476079531411,1.0
ENSG00000141293,0.9419469975562925,0.93759280550151,1.0
ENSG00000264451,0.7966779848929031,0.7378837976305103,1.0
ENSG00000173917,-0.9719470355442474,-0.7352672982195323,1.0
ENSG00000230148,-0.8398518163419997,-1.2923200497978131,1.0
ENSG00000120093,-8.793531394403434,-3.010362048037109,1.0
ENSG00000233101,0.7568076641710123,0.7369889612330266,1.0
ENSG00000182742,-0.39964096174000363,-0.456642904707635,1.0
ENSG00000120075,0.3212986683965158,0.9998271189276542,1.0
ENSG00000108511,-1.475843897897001,-20.927005862763057,1.0
ENSG00000170689,-1.9902623777188997,-1.0056526917890047,1.0
ENSG00000242207,0.9754115619649081,0.9951467214197242,1.0
ENSG00000244649,0.9580034537626814,0.9572689371304993,1.0
ENSG00000170703,0.7145393334430277,0.8430186397587149,1.0
ENSG00000159224,0.34882736869161135,0.5504998839531492,1.0
ENSG00000167080,0.9970059547615373,0.9777025257913631,1.0
ENSG00000167083,0.3371021720191685,0.6788166374201021,1.0
ENSG00000173868,0.9999980918012472,0.973740975096042,1.0
ENSG00000248714,0.5981014393863551,0.5907247024404121,1.0
ENSG00000064300,0.8955337837932673,0.8707477078764886,1.0
ENSG00000182575,0.4606649191932336,0.48112916020046814,1.0
ENSG00000176358,0.7159132454634862,0.8309366878111504,1.0
ENSG00000248954,0.9564336442341799,0.8498864276185218,1.0
ENSG00000108813,0.6816893631245828,-0.26195188124837143,1.0
ENSG00000005884,0.7854697018854986,0.34212658137498975,1.0
ENSG00000108823,0.8883849169554048,0.9481441058495257,1.0
ENSG00000108821,0.9161321026888538,0.9578843623740824,1.0
ENSG00000249406,0.8469412776868865,0.9538999542040393,1.0
ENSG00000049283,0.9511700978009212,0.9223316367940876,1.0
ENSG00000006283,0.6063577940747584,0.8524704802328362,1.0
ENSG00000262967,-3131.0839962672276,-22.67122082575218,1.0
ENSG00000173714,0.9460398500346158,0.9261885570156131,1.0
ENSG00000251665,0.5239704081353792,0.518297298375275,1.0
ENSG00000239672,-0.10983008093379887,-0.09440223549778515,1.0
ENSG00000249383,0.9432302592760002,0.8313946054640668,1.0
ENSG00000153930,0.515258367262708,0.5613422058177133,1.0
ENSG00000274213,-1.5031088389099292,-5.907438359650177,1.0
ENSG00000121064,-450.1500962791474,-0.05076186439632546,1.0
ENSG00000263004,0.9075187127501577,0.9817052219083201,1.0
ENSG00000121053,0.7046569731178768,0.7965702609323746,1.0
ENSG00000278627,0.9750571025137448,0.9866095811168775,1.0
ENSG00000265148,0.4858075431140265,-0.27816476821678626,1.0
ENSG00000265206,-0.6185804753821871,-0.7028856690914393,1.0
ENSG00000108375,0.9917091080259033,0.914937484796979,1.0
ENSG00000264672,0.6918275511697098,0.6138195522109817,1.0
ENSG00000224738,0.9505367693337609,0.9699829282893296,1.0
ENSG00000175155,0.997730004012371,0.8390989773489749,1.0
ENSG00000265313,0.9606458776571372,0.9849144392269179,1.0
ENSG00000062716,-1.4018211295193024,-1.2903878903478998,1.0
ENSG00000267416,0.8927374151833262,0.8260350297851802,1.0
ENSG00000167434,0.47250974923164935,0.6456377549766077,1.0
ENSG00000141371,0.7806629348185599,0.7614133309731362,1.0
ENSG00000267667,0.9967819517000981,0.9653722237215212,1.0
ENSG00000121068,0.7509914895316736,0.831976753931833,1.0
ENSG00000277463,0.9850260346266652,0.9999586855674238,1.0
ENSG00000011028,-368.3376546086455,-2.854799966444706,1.0
ENSG00000265971,0.9205537863721467,0.9396528850595225,1.0
ENSG00000159640,0.9984350198337534,0.8981847596609405,1.0
ENSG00000264813,0.7790536601736692,0.8571883659460316,1.0
ENSG00000173826,0.7775874193737384,0.7183656626407009,1.0
ENSG00000136490,-0.43337929557632027,-0.3815417129791583,1.0
ENSG00000136487,0.6578084481718367,0.6535817951341163,1.0
ENSG00000259384,0.9830146127046983,0.9962062618098423,1.0
ENSG00000264954,0.31802982222490217,0.45571401112813636,1.0
ENSG00000261371,0.7955483591438592,0.8525769398249122,1.0
ENSG00000271605,0.5786234022302408,0.9103751135543681,1.0
ENSG00000265912,0.7997561741895539,0.8873138247944823,1.0
ENSG00000266598,0.8613684646908369,0.8879825063924284,1.0
ENSG00000263470,0.7820608887234336,0.8802793712963892,1.0
ENSG00000265664,0.9338032869652395,0.8739613085129057,1.0
ENSG00000171634,-0.38204566510301285,-0.3869080306693169,1.0
ENSG00000182481,-0.5156217102338847,-0.48119335501423843,1.0
ENSG00000265055,0.9605648933636428,0.9692754585482062,1.0
ENSG00000274561,0.9240671447660173,0.962759947644168,1.0
ENSG00000278740,0.9886100279350015,0.9963256645739452,1.0
ENSG00000267731,0.780217005809237,0.5105162276419462,1.0
ENSG00000274712,-1.9888125193346582,-0.7387561907315745,1.0
ENSG00000141337,0.16453218067777864,-1.3530230427908725,1.0
ENSG00000070540,0.9112068787251156,-3.832547460804122,1.0
ENSG00000108950,0.9836915202872973,0.9997366769537095,1.0
ENSG00000154258,0.6265803662974533,0.669485412555638,1.0
ENSG00000154262,0.7975160084894378,0.9004777026440369,1.0
ENSG00000154265,0.9999699891786149,0.979348691884346,1.0
ENSG00000108984,0.93336156085644,0.9125058099708037,1.0
ENSG00000227517,0.8671180739658715,0.9346693495682061,1.0
ENSG00000180616,0.5564877999412465,0.6470314099932397,1.0
ENSG00000171595,0.997364952523062,0.9982716014155216,1.0
ENSG00000167851,0.6577005681223025,-0.21780059998125023,1.0
ENSG00000172794,0.827856981491168,0.9008402513667166,1.0
ENSG00000186074,0.5977395766568503,0.5546096182702436,1.0
ENSG00000167861,0.9992613290050282,0.9620058703949211,1.0
ENSG00000189159,-0.35487117045461414,-0.31730491854954,1.0
ENSG00000265342,0.9305634030630702,0.9504135881131583,1.0
ENSG00000266714,0.060589893602718825,0.3367221240233004,1.0
ENSG00000204323,0.8323921542067114,0.7704347139822738,1.0
ENSG00000132471,-0.8631741882460529,-6.006844423480882,1.0
ENSG00000267065,0.9638805432033876,0.963895951702201,1.0
ENSG00000267535,0.973126367759475,0.9954242100358892,1.0
ENSG00000267665,0.8303334110250115,0.8007395424690418,1.0
ENSG00000267506,0.9651548421479782,0.9831116252862313,1.0
ENSG00000187997,0.9976217591111122,0.9510045245161624,1.0
ENSG00000183077,-1.0696249748800808,-2.6515116607010194,1.0
ENSG00000089685,-0.22912772458495012,-0.2762540178612447,1.0
ENSG00000267737,0.7969983585852611,0.8463654440031073,1.0
ENSG00000184557,0.03234504799756155,0.07354032070832683,1.0
ENSG00000035862,0.9095014210359045,0.9826567267651737,1.0
ENSG00000108679,0.3603140499058842,-37.87967317035881,1.0
ENSG00000265096,0.9942830905988919,0.9997905906368943,1.0
ENSG00000167281,0.7657109348330651,0.8645746631703688,1.0
ENSG00000267719,0.7416181437878,0.7365204447385025,1.0
ENSG00000262768,0.9577723000142824,0.6680196800711113,1.0
ENSG00000262580,0.9628436461722731,0.9625065963842521,1.0
ENSG00000173821,-34.869175731211136,-21.327436726476265,1.0
ENSG00000226137,0.9995842878617249,-0.7619649361420462,1.0
ENSG00000262223,0.9707528272306526,0.932837030344771,1.0
ENSG00000184009,-0.06544497200741306,-0.07075586012809443,1.0
ENSG00000182612,0.9558464722912748,0.6665957629520217,1.0
ENSG00000215644,0.9843619118047877,0.9969526244202321,1.0
ENSG00000182676,0.9999496984812535,0.9974886331768149,1.0
ENSG00000185624,-0.19897104940702692,-0.22076455762125602,1.0
ENSG00000263859,0.987512425760207,0.9976653841719472,1.0
ENSG00000187531,-3.90892497779579,-14.787910787725199,1.0
ENSG00000141526,0.6175237314965375,0.5773390933612366,1.0
ENSG00000265692,0.707280566483643,0.39431222681669054,1.0
ENSG00000173762,-0.39697255334324777,-0.16254068501944308,1.0
ENSG00000181408,0.9803154343147631,0.970049521730614,1.0
ENSG00000262663,0.6601069324331879,0.5355175839696644,1.0
ENSG00000274370,0.8454809557790676,0.8969506238314823,1.0
ENSG00000261888,0.8816185186061374,0.7898560642369663,1.0
ENSG00000262952,0.9590176352319816,0.9159498400237511,1.0
ENSG00000266456,0.7799799799983176,0.9131074617193594,1.0
ENSG00000264080,0.9762694783140966,0.8593372563908671,1.0
ENSG00000272625,0.9305514826360332,0.9871731899295612,1.0
ENSG00000101605,0.6420065075864392,0.8143197118309873,1.0
ENSG00000101608,-0.171863789964537,-0.22181173347699268,1.0
ENSG00000266835,0.9923386552265603,0.9317085666209906,1.0
ENSG00000177337,0.9367870983737177,0.6136490244795809,1.0
ENSG00000264707,0.7989072726655202,0.918568390789885,1.0
ENSG00000101745,-174.2340328256624,-15.015849334160176,1.0
ENSG00000260913,0.9148534469811938,0.8846372366778339,1.0
ENSG00000154856,0.7290187310397693,0.6779784238774833,1.0
ENSG00000273141,0.44002879481364876,0.3819322658618117,1.0
ENSG00000181626,0.9882465003705795,0.9919605691205293,1.0
ENSG00000266969,0.75600285652038,0.8268718181870615,1.0
ENSG00000265787,0.3288303563832893,0.383090787543082,1.0
ENSG00000265656,0.9689558048096255,0.9765172733269527,1.0
ENSG00000264012,0.8760249218559474,0.9775402508715488,1.0
ENSG00000134489,0.4673015429272478,0.5734173707277139,1.0
ENSG00000264695,0.45050636773095687,0.3523969551722601,1.0
ENSG00000134762,0.707137491324801,0.6027799154357152,1.0
ENSG00000134755,-11.202608619182906,-2.6039257135496703,1.0
ENSG00000265888,0.9933950032543125,0.9781338061134824,1.0
ENSG00000134765,0.7874162983123456,0.860401044352659,1.0
ENSG00000266729,0.9956279154649077,0.8842747010199641,1.0
ENSG00000101695,-0.3508917479048881,-4.06891469440874,1.0
ENSG00000263393,0.5491540452099397,0.5351793432638726,1.0
ENSG00000274400,0.9393184949809881,0.9574427074606112,1.0
ENSG00000186812,-72.99880704966792,-2.3850503194504253,1.0
ENSG00000186496,0.6305559812865351,0.7982350145906946,1.0
ENSG00000267627,0.719464762532852,0.8448498066295835,1.0
ENSG00000260552,0.9414395888085537,0.9897384428508772,1.0
ENSG00000134775,0.8903197944405443,0.9073968660152151,1.0
ENSG00000101489,0.9979048279161365,0.9994753513580472,1.0
ENSG00000267313,0.96880802177328,0.8685349593730333,1.0
ENSG00000132872,0.6944805314861846,0.6273641750409139,1.0
ENSG00000152217,0.972080041661618,0.9880539895057013,1.0
ENSG00000197046,0.4819517618497925,0.34758976416452836,1.0
ENSG00000141622,0.10967532127948598,0.11014737574621292,1.0
ENSG00000267724,0.8207106004156703,0.8893715328925477,1.0
ENSG00000267764,0.48278029535942546,0.4502719620252359,1.0
ENSG00000215472,0.6046970849996748,0.700338831928429,1.0
ENSG00000265496,0.8827942526481214,0.8411145307160163,1.0
ENSG00000101670,0.9785533796407246,0.868140674473836,1.0
ENSG00000267322,0.8958980261115063,0.8871321201530494,1.0
ENSG00000172361,0.5195431533469843,0.676994720202031,1.0
ENSG00000267699,0.973542920018863,0.9053718057291876,1.0
ENSG00000187323,0.7908018408432094,0.8009481514655418,1.0
ENSG00000196628,-0.9060680704562611,-1.080471172870622,1.0
ENSG00000267172,0.9178138939964484,0.890265294320988,1.0
ENSG00000198796,0.9896343579499649,0.8499946551508865,1.0
ENSG00000267257,0.999747200224973,0.9997376777447374,1.0
ENSG00000141682,-3.175943360823986,-20.548010187694278,1.0
ENSG00000141655,0.8612872482080229,0.7855241272001692,1.0
ENSG00000267390,-0.4563840801582293,0.7297937048074459,1.0
ENSG00000206073,0.5714766971447003,0.5968654390574204,1.0
ENSG00000166401,-0.2438711935603206,0.3172387962712657,1.0
ENSG00000150656,0.965036356721844,0.8705794148087673,1.0
ENSG00000264278,0.9944980614289423,0.9985652882479504,1.0
ENSG00000266844,0.9948638369601709,0.9936022536816965,1.0
ENSG00000197971,0.951864898210579,0.9614391167077067,1.0
ENSG00000278075,0.9258963865297948,0.8858826693864178,1.0
ENSG00000267251,0.9795685361769295,0.96076495020023,1.0
ENSG00000101255,-87.55377409193575,-1.6341666315345105,1.0
ENSG00000101276,0.9841824687247372,0.9996397736475934,1.0
ENSG00000101282,0.9998812800088209,0.9761972427706032,1.0
ENSG00000215595,0.9064577604402704,0.9489880853515297,1.0
ENSG00000101298,0.7751258157714882,0.8665553613508249,1.0
ENSG00000196209,0.7493458228915004,0.9441729294412287,1.0
ENSG00000125900,0.8936382649607684,0.8746911653116822,1.0
ENSG00000101307,0.4521884202557298,0.45095345770306716,1.0
ENSG00000088881,0.8590147459412636,0.6594164178106363,1.0
ENSG00000088882,0.4774974246971071,0.5267908506979354,1.0
ENSG00000258713,0.9947256081030886,0.9194693997961081,1.0
ENSG00000125787,0.5847461592103955,0.6344429564436054,1.0
ENSG00000101200,-837.9071451828519,-25.457316409796732,1.0
ENSG00000277287,0.9937503284257544,0.9998414865922154,1.0
ENSG00000088854,0.9504056773391912,-1.1912295766021979,1.0
ENSG00000205300,0.5877729479754534,0.4143680610751763,1.0
ENSG00000088826,0.2239355875262632,0.07630670843528975,1.0
ENSG00000230176,0.9332086723511971,0.9614371446221909,1.0
ENSG00000238282,0.9959839278974881,0.9944215189351157,1.0
ENSG00000278595,0.6027722851414423,0.7837957482620875,1.0
ENSG00000101265,0.5243544979313295,0.9096801271131271,1.0
ENSG00000132646,-0.5363688202675383,-0.49626230740422095,1.0
ENSG00000266908,0.8256912052267303,0.8670076372701716,1.0
ENSG00000235820,0.9491433701004538,0.9481496172787455,1.0
ENSG00000089199,0.942004998695143,0.9374882770483794,1.0
ENSG00000233048,0.9972341895162447,0.9983181938565656,1.0
ENSG00000172296,0.8612713406406216,0.8615167504605792,1.0
ENSG00000275728,0.9194744036604637,0.9924674190963146,1.0
ENSG00000185052,0.9702668201619542,0.9621938500170149,1.0
ENSG00000268628,0.5757587733322591,0.616843685076806,1.0
ENSG00000232712,0.9806937277450547,0.9283919975121734,1.0
ENSG00000125816,0.8496282111002367,0.9249234647090167,1.0
ENSG00000125810,-5.148894541804027,0.9249224320970412,1.0
ENSG00000233746,0.9733642005732698,0.9666178549074279,1.0
ENSG00000101435,0.9977102339606166,0.9994984946736444,1.0
ENSG00000101439,-0.298772149431735,-0.27387548864482514,1.0
ENSG00000170373,0.7488091163530003,0.6521464081574128,1.0
ENSG00000077984,0.22693444765129966,0.4295351831850186,1.0
ENSG00000180424,0.9940424915637466,0.9930037178480118,1.0
ENSG00000233354,0.89950082033652,0.8170741780370979,1.0
ENSG00000278276,0.9119302450019378,0.8192381489122238,1.0
ENSG00000125968,-0.7107128413947057,-1.2325916030445425,1.0
ENSG00000131055,0.6194291445995659,0.6029110460647343,1.0
ENSG00000088325,-0.4675356502615968,-0.6795484200333965,1.0
ENSG00000149599,0.7154280388601835,0.9822623403110974,1.0
ENSG00000101331,0.7782825053024609,0.7913684738538126,1.0
ENSG00000226239,-0.40042593446466324,0.19182536764221692,1.0
ENSG00000101336,0.6466325349710824,0.6922029641959571,1.0
ENSG00000233293,0.8972122336406239,0.8671299948975336,1.0
ENSG00000204393,0.8212536754506521,0.9241856641928795,1.0
ENSG00000125999,0.3552965066219912,0.539268555091106,1.0
ENSG00000182584,0.24870819336309968,0.330890817392403,1.0
ENSG00000101440,0.9337682647289325,0.8990242440185013,1.0
ENSG00000078804,0.38502916258572506,0.16151799028877234,1.0
ENSG00000078814,0.05021590965552625,-0.3009311236295096,1.0
ENSG00000101000,0.7537075190596213,0.8937796969074778,1.0
ENSG00000126005,-9.676311313353052,-6.039841518863221,1.0
ENSG00000230155,0.0702493574437415,0.06334975663015552,1.0
ENSG00000234139,0.8856847078176671,0.8821822455275821,1.0
ENSG00000232406,0.28713716971089254,0.4773223425823736,1.0
ENSG00000101335,0.44152627625669294,-12.01308287392152,1.0
ENSG00000101082,0.996720883810535,0.9575494464607538,1.0
ENSG00000101353,-156.56856903323785,-6.423784012149772,1.0
ENSG00000204117,0.7016391475605346,0.6106208874370462,1.0
ENSG00000132821,0.8460814561602577,0.8860085728190304,1.0
ENSG00000149633,0.9990239438644695,0.9963132832605256,1.0
ENSG00000101425,0.8380486356251996,0.8490490707979879,1.0
ENSG00000101438,0.7920635660025949,0.9538223667016503,1.0
ENSG00000229976,0.687906263768322,0.7454847865843792,1.0
ENSG00000204103,0.9515480757778408,0.933790656916241,1.0
ENSG00000229771,0.9346027643416712,0.923288121746672,1.0
ENSG00000226648,0.9792911634551906,0.9924055246783924,1.0
ENSG00000277611,0.9999924142095452,0.9987812364520485,1.0
ENSG00000101049,0.9726899442272284,0.9472598734478245,1.0
ENSG00000124196,0.9754925244040484,0.9034976935548311,1.0
ENSG00000233277,0.6405100405191468,0.8810579589043159,1.0
ENSG00000101074,0.9408570585360996,0.9880871639937802,1.0
ENSG00000101076,0.6629046206282299,0.6318463613491423,1.0
ENSG00000168734,-0.31661594145625105,-0.3641734952211968,1.0
ENSG00000101109,-2.0556241164538487,-21.57228801020352,1.0
ENSG00000168703,0.8416711921450171,0.7236479580411115,1.0
ENSG00000124107,0.9946502476183599,0.9522936295523119,1.0
ENSG00000124145,0.23691625353281465,0.05614310170976833,1.0
ENSG00000277022,0.7540500008028991,0.8101869725845964,1.0
ENSG00000101443,0.9682360212637756,0.9413946455730239,1.0
ENSG00000168612,0.8688433958246385,-0.47885608870359153,1.0
ENSG00000064601,-0.13373074162720533,-21.92021220115838,1.0
ENSG00000100985,0.9939710244663035,0.9968680430829269,1.0
ENSG00000273828,0.3694067284808761,0.530247846717419,1.0
ENSG00000197496,0.904700779424921,0.9914520001942436,1.0
ENSG00000267882,0.9857829362549686,0.9852010174823562,1.0
ENSG00000196562,0.9765802562004252,0.9046054975972574,1.0
ENSG00000124212,0.45751023771852983,0.35609156405845055,1.0
ENSG00000124216,-35.39644933290588,-12.726213501844622,1.0
ENSG00000234698,0.9717965444424617,0.9674748080255525,1.0
ENSG00000172216,-689.486545820936,-92.56341071696195,1.0
ENSG00000224397,0.9751042921530659,0.904026153317267,1.0
ENSG00000196396,-0.49879829977954393,-0.3182156361207298,1.0
ENSG00000234693,0.7515707736072126,0.669028148146549,1.0
ENSG00000054793,0.7779975309711905,0.787495168142492,1.0
ENSG00000227964,0.03766626647636229,0.0063940430388017555,1.0
ENSG00000231703,0.7189806310989117,0.6359839399272327,1.0
ENSG00000235415,0.7625414680826064,0.7977238811189248,1.0
ENSG00000224008,0.45435285866249486,0.41025549499992453,1.0
ENSG00000124098,-1.4859599346276657,-1.9053674291935292,1.0
ENSG00000087586,-6.7113988930979245,-2.9401842557764732,1.0
ENSG00000124103,0.9130908966443162,0.9651772806888034,1.0
ENSG00000087510,0.9944865860140207,0.9765539167320851,1.0
ENSG00000101144,0.9939793487736779,0.9872161064759034,1.0
ENSG00000054796,0.9936921249717786,0.9968527654539577,1.0
ENSG00000124253,0.8260158499287079,0.8165104850664336,1.0
ENSG00000124225,0.9662388580097421,0.9534396711795985,1.0
ENSG00000278709,0.9966459222663693,0.9974619426847118,1.0
ENSG00000254995,0.8898228022865243,0.9809690367103587,1.0
ENSG00000101160,-1.6228204423344263,-0.6562848789181777,1.0
ENSG00000101162,-0.07242461838157488,0.8814437627952008,1.0
ENSG00000176659,0.9925992397161323,0.9947360113347625,1.0
ENSG00000228340,-0.8228510061521899,-0.31546714098758843,1.0
ENSG00000225106,0.8691014228010451,0.8679333072864703,1.0
ENSG00000277496,0.8852194773545307,0.6744801141435992,1.0
ENSG00000276317,0.8622717628556112,0.9326711183072902,1.0
ENSG00000228705,0.9240915957551075,0.7987621284205779,1.0
ENSG00000229873,0.8964413627518399,0.8335202680247273,1.0
ENSG00000092758,0.4526664000014733,-9.024702851264474,1.0
ENSG00000101197,0.4728553129524147,0.336800027150562,1.0
ENSG00000101210,-0.15879665983208446,-0.12102103127535746,1.0
ENSG00000130589,0.4936571355612006,0.7645590081900246,1.0
ENSG00000273154,0.9995438300649494,0.9997030442173012,1.0
ENSG00000280213,0.9995290192965929,0.9160870745411758,1.0
ENSG00000125510,0.997573638186358,0.9995178714947414,1.0
ENSG00000149656,0.940407942119861,0.9128397306350743,1.0
ENSG00000105549,0.65286462768564,0.6461866334708166,1.0
ENSG00000129946,0.6030694257412402,0.5051377189713382,1.0
ENSG00000181781,0.7925383168301778,0.6297751121471422,1.0
ENSG00000172270,0.00980983373312505,-0.0008901834846981593,1.0
ENSG00000267666,0.9122863140346013,0.9539038400104496,1.0
ENSG00000185198,-0.8088116279115731,-0.5247182772997983,1.0
ENSG00000267530,0.9218291127221417,0.9678806086532518,1.0
ENSG00000172232,0.7952620022398201,0.8675383313586591,1.0
ENSG00000196415,-1.5886210397056333,0.3723899037021279,1.0
ENSG00000197561,0.9958610834034595,0.9957379093693699,1.0
ENSG00000197766,-0.2877174670952094,-0.30320280277366796,1.0
ENSG00000064666,-0.5193009008557372,-0.5745094569721119,1.0
ENSG00000099817,-0.16135090032165778,-0.16284120937943292,1.0
ENSG00000099625,-0.2870090586560856,0.06449935885372848,1.0
ENSG00000267778,0.706524547050336,0.888798743985742,1.0
ENSG00000167470,-2.0534340436376026,-3.826080480311232,1.0
ENSG00000267372,0.23037493056990221,-0.03266192253981992,1.0
ENSG00000280486,0.22725738026904396,0.4979958765099801,1.0
ENSG00000115255,-12.621111703817924,-1.326579560586468,1.0
ENSG00000180846,0.30492872716467123,0.4236295537123229,1.0
ENSG00000099875,-2.705898488541391,-6.075935954022436,1.0
ENSG00000099840,0.6175032168740282,0.5398930173916092,1.0
ENSG00000267122,0.8753938307971891,0.9026936067282498,1.0
ENSG00000188305,0.25954993730572495,0.5163945535345497,1.0
ENSG00000099860,0.999651372548406,0.8148543394464104,1.0
ENSG00000172000,0.08773344541441386,0.5578580477110027,1.0
ENSG00000104953,-11.495574470783877,-1.4890497435301673,1.0
ENSG00000065717,-73.26129235175733,-0.7100622436629944,1.0
ENSG00000267551,0.7812520109303732,0.8067508803185538,1.0
ENSG00000267448,0.04387866559339304,0.28117069081098667,1.0
ENSG00000095932,0.20411327132188184,0.23823595693838173,1.0
ENSG00000267205,0.21287599931479084,0.20685073901604323,1.0
ENSG00000167654,0.570504479504656,0.41394612464629643,1.0
ENSG00000060566,0.7235100718225842,0.773479057267492,1.0
ENSG00000105246,0.6134267576919408,0.8507200336512432,1.0
ENSG00000267011,-1719.1676263529594,0.4470767121660679,1.0
ENSG00000167680,0.9868460161174931,0.9125945407385848,1.0
ENSG00000176840,0.8446050749575971,0.9156775731930072,1.0
ENSG00000105426,-0.8659917549860447,0.9987284231614005,1.0
ENSG00000174898,0.2430611882180802,0.12925478366968024,1.0
ENSG00000267709,0.7191289273069688,0.8135609538823896,1.0
ENSG00000267314,-0.334840177753041,-0.47469353926801006,1.0
ENSG00000205744,-0.23403121218202871,-0.4289272146318479,1.0
ENSG00000125657,0.6380092676306509,0.776906382895531,1.0
ENSG00000125726,0.9513773839343191,0.1755133456870669,1.0
ENSG00000125735,0.9999928810773723,0.9948663928918696,1.0
ENSG00000125730,0.579412063846886,0.7419311669925199,1.0
ENSG00000174837,0.9984263943775585,0.9997443135181213,1.0
ENSG00000171105,0.6451559434578511,0.6525218022389219,1.0
ENSG00000263264,0.9978410791343298,0.9833275522052115,1.0
ENSG00000267852,0.9418233302192985,0.9756833903309613,1.0
ENSG00000174788,0.960036484496144,0.9926722016597379,1.0
ENSG00000104918,0.5688022718118114,0.7129917526410723,1.0
ENSG00000183019,0.9999643112064155,0.9993281550781168,1.0
ENSG00000104921,0.9965319533866139,0.9971977142909136,1.0
ENSG00000182566,0.9936225613896316,0.9999772692970733,1.0
ENSG00000090659,0.9873303464641872,0.9362696449557034,1.0
ENSG00000104938,0.7432632561649437,0.7424465843028241,1.0
ENSG00000268120,0.9548440692674164,0.9754686604667192,1.0
ENSG00000268149,0.9049995665857269,0.9612376331129769,1.0
ENSG00000260500,0.9997693157835438,0.9924912407632664,1.0
ENSG00000142449,0.7060064576171372,0.6555743518159058,1.0
ENSG00000167772,0.7147639380444479,0.6722928413823644,1.0
ENSG00000099785,0.7438044341161756,0.21933640775212893,1.0
ENSG00000268931,0.8896834326154526,0.9055045758505549,1.0
ENSG00000133246,0.9756136473118158,0.9882747789032861,1.0
ENSG00000142347,0.9966964426442663,0.9799623831661898,1.0
ENSG00000181143,0.9640156061576041,0.9646561632652355,1.0
ENSG00000266950,0.9625176606301074,0.9015011083581406,1.0
ENSG00000105088,0.9159844153497421,0.9337550419865704,1.0
ENSG00000267534,0.9988114285922673,0.6400424516084284,1.0
ENSG00000090339,0.07645383858344956,0.9996448124684059,1.0
ENSG00000105371,-1.034813988636588,-1.2888311893799238,1.0
ENSG00000214212,0.9879807270879224,0.99726009744523,1.0
ENSG00000161888,-1.0358270343211307,-0.7215409799182164,1.0
ENSG00000267082,0.7401967055017333,0.6431271679265205,1.0
ENSG00000130173,0.9708445948553306,0.9936432541118774,1.0
ENSG00000130167,0.8149116981504602,0.6885609822647559,1.0
ENSG00000105514,0.5556902084789523,0.979668370913922,1.0
ENSG00000183401,0.9897861150026158,0.9389637169174758,1.0
ENSG00000130176,0.8534829733055223,0.8261951127176126,1.0
ENSG00000102575,-0.852827744291712,-0.30372164130758317,1.0
ENSG00000197054,0.5693318568809788,0.5368546634715379,1.0
ENSG00000223547,0.6886819856423092,0.8421329460815395,1.0
ENSG00000257591,0.9845006431820752,0.9958877709777345,1.0
ENSG00000234773,-0.05154939090987187,-0.2361810078947142,1.0
ENSG00000171223,-11.433009679704844,-18.84449487364543,1.0
ENSG00000167815,-0.28007339893856575,-0.29101779885972734,1.0
ENSG00000132026,0.8065307613901694,0.8509598900037937,1.0
ENSG00000105610,-1.2253620904559623,-1.7163505780156498,1.0
ENSG00000179218,-0.12965394037893718,-0.15031329530746995,1.0
ENSG00000267458,-0.8757080985439145,-0.7517614625939915,1.0
ENSG00000267610,0.5493634857495884,0.4193480986594885,1.0
ENSG00000104903,-0.47448421745949854,-0.37132733257867256,1.0
ENSG00000160888,-1.2365876340883522,-0.6314589514192088,1.0
ENSG00000141837,0.6353666164292233,0.7510645372468678,1.0
ENSG00000132003,0.9978698667458226,0.9919953186383523,1.0
ENSG00000267519,-4.853942932781607,0.9942633210812659,1.0
ENSG00000132000,0.8695898103960329,0.8789772956892377,1.0
ENSG00000171136,0.895617899758444,0.9628930410241293,1.0
ENSG00000141858,-0.5733389396536621,-0.8966835857815667,1.0
ENSG00000267169,0.9409191178167786,0.8100879956376892,1.0
ENSG00000267723,0.40531876028271907,0.3932892947923594,1.0
ENSG00000267147,0.9995586444233469,0.9986796902943983,1.0
ENSG00000123146,-91.26105273202192,-1.8667156573213015,1.0
ENSG00000132002,-0.608238589443375,-0.46201867590604606,1.0
ENSG00000131355,0.9727863251846753,0.9961852708599959,1.0
ENSG00000127507,0.9865216497195324,0.9603814764159395,1.0
ENSG00000273218,0.5318805796765289,0.5877738284340264,1.0
ENSG00000161031,0.9822506986450433,0.9911202092848421,1.0
ENSG00000186529,0.8699178267059737,0.9676319475691211,1.0
ENSG00000186204,0.4242215602814342,0.5236161812295107,1.0
ENSG00000267453,0.6524133539103882,0.5342055004869077,1.0
ENSG00000167460,-0.800396250950943,-0.6717880469274913,1.0
ENSG00000269243,0.7705852294319857,0.6302543045825619,1.0
ENSG00000196684,0.4847233563025507,0.5367409779837005,1.0
ENSG00000141977,0.9130589266197394,0.8881146892570431,1.0
ENSG00000267033,0.5745018591211681,0.5849723908708936,1.0
ENSG00000267275,0.698018156393176,0.7843544275993057,1.0
ENSG00000127528,0.5895766630420249,-0.20400772269401446,1.0
ENSG00000267703,0.7564926578485389,0.8661729754901017,1.0
ENSG00000279529,0.9971775952684567,-0.8894748416119791,1.0
ENSG00000188039,0.8870823916940113,0.9213349227137619,1.0
ENSG00000268289,0.5467194440361649,0.464329109637189,1.0
ENSG00000269480,0.3566549061312402,0.40199937374568384,1.0
ENSG00000130303,-65.6753769106541,-2.3596508230250692,1.0
ENSG00000282851,-0.7926882762058631,-0.10101619423586428,1.0
ENSG00000269053,0.9944833351746474,0.9669293092826727,1.0
ENSG00000269161,0.9878621013905821,0.9999120105622429,1.0
ENSG00000268112,0.9006720172571869,0.8691392366808206,1.0
ENSG00000248099,0.9942998632101459,0.9397141548595151,1.0
ENSG00000269145,0.8700111725130362,0.8033235382731632,1.0
ENSG00000216490,0.6411293252803523,0.9394661959304828,1.0
ENSG00000130518,0.4456550030027472,0.20189172609964856,1.0
ENSG00000130522,-0.4480885237342769,-0.5293574333578233,1.0
ENSG00000130513,-19.219069385476185,-421.29279654980337,1.0
ENSG00000175489,0.9552137679589504,0.9865968346886748,1.0
ENSG00000269694,0.9313164870971516,0.9563909350513504,1.0
ENSG00000269019,0.6720739832125018,0.6306946381646992,1.0
ENSG00000213996,0.9120250568448928,0.9903873912753964,1.0
ENSG00000064547,0.9673506044956057,0.999998198075837,1.0
ENSG00000089639,-6.347066605404913,0.48604165390651777,1.0
ENSG00000105750,0.8281441325342225,0.8134930961858746,1.0
ENSG00000196705,-1.1383698163758718,-1.021107787164334,1.0
ENSG00000172687,0.9085402719153765,0.9011211174847176,1.0
ENSG00000268658,0.36826073286908256,0.4702428341023883,1.0
ENSG00000229676,0.7253727284469098,0.5690544810686855,1.0
ENSG00000269107,0.22411682720529158,0.6182032737251457,1.0
ENSG00000269289,0.9503096019782873,0.9999742907175718,1.0
ENSG00000267238,0.5398901953151172,0.6244980360917737,1.0
ENSG00000267423,0.19925676818086824,0.16918049025425785,1.0
ENSG00000266976,-0.21557257104060756,-0.18937924019858343,1.0
ENSG00000198597,0.13166093789136968,-0.3909920309991013,1.0
ENSG00000173809,0.8935037540214649,0.9356815036731504,1.0
ENSG00000166359,0.856018845913033,0.8206328162947908,1.0
ENSG00000245848,0.9096880150170731,0.8287016892671597,1.0
ENSG00000267580,0.9999991713531787,0.9983223012855231,1.0
ENSG00000266985,0.16561463073064298,0.262484769841709,1.0
ENSG00000124302,0.9991831255400869,0.9991117084383413,1.0
ENSG00000270876,0.9887409292229733,0.9929822995571417,1.0
ENSG00000269303,0.9700361661091782,0.9862914699338555,1.0
ENSG00000271032,0.8997648570557482,0.95901875104687,1.0
ENSG00000105707,0.6423766959075129,0.6529427078481473,1.0
ENSG00000153902,0.6332159519227925,0.5253737536663261,1.0
ENSG00000105697,0.989302932414933,0.9871113082165578,1.0
ENSG00000233214,0.17126556676827898,0.26852486570379797,1.0
ENSG00000126262,0.9648095766888914,0.9999200362681082,1.0
ENSG00000189001,0.7292414683280803,0.760706579455633,1.0
ENSG00000226510,0.9719471216364155,0.9970317772274544,1.0
ENSG00000267120,0.9998201002003484,0.9974808848943935,1.0
ENSG00000126264,0.5711421168908888,0.5791764930905192,1.0
ENSG00000011600,-11.632302121023375,-7.738507701710853,1.0
ENSG00000232677,0.8366585762698667,0.8858737607948977,1.0
ENSG00000181007,0.5378182012835877,0.32408049621357915,1.0
ENSG00000171827,0.7165371197273869,0.8653963575329391,1.0
ENSG00000180458,0.9771261023933223,0.9957923532181693,1.0
ENSG00000167641,-0.06387158743014631,-0.08358913632571885,1.0
ENSG00000167644,0.9983236576971644,0.9996481244594858,1.0
ENSG00000099337,0.9933628593274135,0.8908077661952817,1.0
ENSG00000099338,0.967548557143645,0.9224466864387186,1.0
ENSG00000179168,0.9991419722840005,0.9937516444120384,1.0
ENSG00000188766,-0.8606492275063871,-0.9300129458044657,1.0
ENSG00000171777,0.30736872382577685,-1.510050116337153,1.0
ENSG00000267291,-0.7976617005433029,-0.12440730917318565,1.0
ENSG00000268756,0.9910203904345184,0.9987426891489679,1.0
ENSG00000269172,0.9551749312534686,0.9809821534477013,1.0
ENSG00000179751,0.9960498795010161,0.9981393520489957,1.0
ENSG00000182393,0.9931585786648106,0.974263718154649,1.0
ENSG00000130755,-0.5416087712714537,-0.5239139692708179,1.0
ENSG00000128016,0.16216067444738125,-6.3191302305090655,1.0
ENSG00000269792,0.47260710110427595,0.6892563119477801,1.0
ENSG00000105205,0.09790125555949603,0.21725316263337968,1.0
ENSG00000275395,0.9832150857567828,0.9557399299478649,1.0
ENSG00000128000,0.8774854877910023,0.8611324138234181,1.0
ENSG00000174521,0.9785703339473405,0.9816080290041206,1.0
ENSG00000105219,0.9848183496750622,0.9991010968390882,1.0
ENSG00000105223,-0.7270873269910569,-1.0330243579867497,1.0
ENSG00000160396,0.5046441701895854,0.6550415001731457,1.0
ENSG00000105227,0.9855815273510115,0.8959934955669611,1.0
ENSG00000197019,-35.84838801712942,-88.56627055042838,1.0
ENSG00000268366,0.9794402705424501,0.9960144825050438,1.0
ENSG00000090013,-0.7150924653081974,-0.49047574705733266,1.0
ENSG00000261857,0.5335071118495827,0.5713766885323253,1.0
ENSG00000167578,0.8448652125121772,-7.138533756530842,1.0
ENSG00000282951,0.09022573409103207,0.0007734927743245912,1.0
ENSG00000268797,0.8415594151510054,0.8455755233722181,1.0
ENSG00000269843,0.6240419494722079,0.6446168990711088,1.0
ENSG00000167601,-4.0851243500472965,0.6053662385422331,1.0
ENSG00000105329,-0.8314663368288726,-0.7179892623550288,1.0
ENSG00000177191,-0.5522747320514128,-0.4521749038761065,1.0
ENSG00000267107,0.4944543981769236,0.6558079012275999,1.0
ENSG00000270164,0.9106691432030559,0.926540160197647,1.0
ENSG00000268027,0.9778377394431645,0.8952808222758643,1.0
ENSG00000105404,-1.523892395146567,-1.367320209466632,1.0
ENSG00000105409,0.981392549681454,0.9447270575467537,1.0
ENSG00000105737,0.9059204223324603,0.9105424241617754,1.0
ENSG00000079385,0.7434519952430576,0.7619370332138535,1.0
ENSG00000231924,0.9894304547107674,0.9813527489661587,1.0
ENSG00000243130,0.4308898173728113,0.7660903176359448,1.0
ENSG00000183668,0.9997571347361112,0.9978986404608129,1.0
ENSG00000124466,0.3059489552943434,0.5429057518633946,1.0
ENSG00000226763,0.9868555884535939,0.999520435767168,1.0
ENSG00000011422,-4.082677782278611,-11.857707413268688,1.0
ENSG00000124449,0.7372274598497567,0.8739197267711496,1.0
ENSG00000273777,0.9986131707915535,0.9908950098588728,1.0
ENSG00000216588,0.8802918337932241,0.9078796616172429,1.0
ENSG00000069399,0.7430405103780965,0.9666248669562071,1.0
ENSG00000130203,-0.09573303473253114,-0.08940303477029898,1.0
ENSG00000130208,-0.058666670655345365,-0.05693727574101515,1.0
ENSG00000224916,0.9833888774832701,0.9940724537350909,1.0
ENSG00000267467,0.2747850516354571,0.371398238248526,1.0
ENSG00000104856,0.18466703095060077,0.4263612193791152,1.0
ENSG00000267348,0.9911243136702714,0.9815275396025613,1.0
ENSG00000007255,-0.34078045545916313,-0.3532053431753097,1.0
ENSG00000266958,0.8225795746756149,0.7945509662017077,1.0
ENSG00000104879,-0.25290004564226787,0.593509757540648,1.0
ENSG00000125740,-0.3080036062272338,-0.3275689616449855,1.0
ENSG00000125744,-14.84332911573918,-62.39191827368884,1.0
ENSG00000010310,0.7796042171670314,-3.2321836424241814,1.0
ENSG00000170608,0.1026010716472231,0.905903623243436,1.0
ENSG00000204869,0.9985106970216144,0.9853279300884887,1.0
ENSG00000267922,0.6549803699395526,0.4479121192300044,1.0
ENSG00000204866,0.873231585017779,0.7732184369706181,1.0
ENSG00000269729,0.927575034018287,0.9330778845340271,1.0
ENSG00000268621,-108.95077505854846,-0.6919326700886357,1.0
ENSG00000124440,0.665001479567578,0.7589925197729297,1.0
ENSG00000268810,0.6036918964183727,0.47019319173412943,1.0
ENSG00000269151,0.7066644896220374,0.7582716090354105,1.0
ENSG00000204851,0.9252912208108971,0.8414396176095835,1.0
ENSG00000160013,0.2802555547441029,0.4306505512983333,1.0
ENSG00000167414,0.48622039929670846,0.38184967559788185,1.0
ENSG00000197380,0.6860993647232044,0.8648919441703522,1.0
ENSG00000105419,0.9349545147664556,0.990076530887484,1.0
ENSG00000118160,0.9685863286019609,0.9622894981662617,1.0
ENSG00000118156,0.666929806702566,0.5983433937088554,1.0
ENSG00000105398,0.9618325701503788,0.8608780314131715,1.0
ENSG00000268001,-9.797054334721997,-0.22622989121786374,1.0
ENSG00000142227,-0.24764947060672848,-0.28953617066059234,1.0
ENSG00000105523,0.9661902365544552,0.9973743855066,1.0
ENSG00000063180,-0.9399410062087206,-2.207900019208466,1.0
ENSG00000142233,0.9966162879012309,0.9970354067947069,1.0
ENSG00000176920,0.9546007776877445,0.9590327980813254,1.0
ENSG00000174951,0.9997902356642064,0.9838093919769695,1.0
ENSG00000087076,0.20066097615857603,0.6437997694466895,1.0
ENSG00000105559,-12.673701019484724,-13.857962425957037,1.0
ENSG00000087074,-2.4729958783371297,-5.926751609985192,1.0
ENSG00000267898,0.8414259087105203,0.8409717719410023,1.0
ENSG00000087086,-0.030254174221280294,-0.028947911912006408,1.0
ENSG00000130528,-0.923898378750744,0.7327982369249642,1.0
ENSG00000130529,-1.218869008581966,-451.8613058166753,1.0
ENSG00000063127,0.742275339523325,0.9292660362472782,1.0
ENSG00000104894,-538.958693165739,-18.885839882757285,1.0
ENSG00000142538,0.9819223903540435,0.9068360835942124,1.0
ENSG00000090554,0.2225579482585377,0.3741034048927766,1.0
ENSG00000104870,-0.584282829680925,-0.9566553929582622,1.0
ENSG00000010361,0.8889296559572103,0.9517086973354079,1.0
ENSG00000269194,0.6361113312780382,0.6955248398718357,1.0
ENSG00000169136,-43.539266444009755,-23.090345904676827,1.0
ENSG00000105357,0.9809651539174563,0.8827312286908395,1.0
ENSG00000131398,0.5600362676950521,0.30399679436021565,1.0
ENSG00000131400,0.9317886949334745,0.945603761862822,1.0
ENSG00000086967,0.9365212184964239,0.9369042395502534,1.0
ENSG00000268518,0.9147937644132152,0.8836089859439614,1.0
ENSG00000268375,0.8063099287512062,0.8314449162478652,1.0
ENSG00000167749,0.5349830348253768,0.6748901771161926,1.0
ENSG00000167757,0.8573548934944453,0.893805950195424,1.0
ENSG00000168995,0.8392079052023594,0.9365263211795432,1.0
ENSG00000142549,0.9871732301834809,0.9988893499803871,1.0
ENSG00000267905,-0.04687449493125406,0.1369577354713445,1.0
ENSG00000267984,0.9872236725904484,0.9973348465629321,1.0
ENSG00000105374,-0.47831921483268935,-22106.472635401595,1.0
ENSG00000142512,0.3448418354617514,-0.0815818465007856,1.0
ENSG00000254760,0.9999301195268476,0.9931598343845267,1.0
ENSG00000213822,0.7631155774366415,0.815377424250163,1.0
ENSG00000105492,0.9876945657899433,0.9879085232676471,1.0
ENSG00000105501,0.9817603527506622,0.9953755324980714,1.0
ENSG00000254415,0.9375293509004994,0.9811234863767435,1.0
ENSG00000105509,0.7590308349040809,0.8179324269172745,1.0
ENSG00000171051,0.8238693226087999,0.7827199707873317,1.0
ENSG00000268015,0.8527803952577098,0.7998300623885127,1.0
ENSG00000269535,0.9900184827966676,0.999126994640525,1.0
ENSG00000167554,0.4890133365161057,0.6358786611798681,1.0
ENSG00000258405,0.997398432941804,0.9983740043934247,1.0
ENSG00000167766,-6357.515734369473,-267.0743481721695,1.0
ENSG00000197928,0.22072328712915978,0.29665047484837637,1.0
ENSG00000163098,0.980317367604934,0.9524165117870815,1.0
ENSG00000142405,0.45072753944082766,0.5276952821658303,1.0
ENSG00000179820,0.13614780787198277,0.9739724239032395,1.0
ENSG00000126583,0.6022482905276777,0.4760240580003122,1.0
ENSG00000142408,0.19559078469104707,0.4295067838399207,1.0
ENSG00000248385,0.999103055481342,0.9959011664703633,1.0
ENSG00000167608,0.8170886528565079,0.9216464643190202,1.0
ENSG00000125505,-2.093290389821688,-0.8652383678448261,1.0
ENSG00000223660,0.931092987258319,0.8882565997819748,1.0
ENSG00000131042,0.988952100366366,0.9965261565102991,1.0
ENSG00000167617,0.9942962792291936,0.9799469013742542,1.0
ENSG00000239998,0.9998911560039367,0.9793153944867284,1.0
ENSG00000104974,0.9969596008535634,0.9995644937803903,1.0
ENSG00000104972,0.018909794948638536,-0.130030555061885,1.0
ENSG00000268734,0.9988791138041584,0.9712041130508163,1.0
ENSG00000088053,0.837684085680022,0.7458030349189833,1.0
ENSG00000105048,-0.04799703316023218,-0.035288161177780886,1.0
ENSG00000129991,-57.733025403276116,-1.362559429081605,1.0
ENSG00000080031,0.19306264784878824,0.1320617014283051,1.0
ENSG00000180061,0.9354707497964286,0.9754384601176117,1.0
ENSG00000095752,0.2242627291407021,0.39817676906848665,1.0
ENSG00000108106,-0.179685952780684,-0.20396717774886697,1.0
ENSG00000267117,0.9975962078612466,0.9995921146236342,1.0
ENSG00000268307,0.9924086873089639,0.9956052200832554,1.0
ENSG00000269600,0.5631974260553168,0.5323577276239777,1.0
ENSG00000099715,0.23242891315688985,0.5398713336143892,1.0
ENSG00000254488,0.7227966057828142,0.6074666104627283,1.0
ENSG00000225255,0.8655608268011421,0.6601960929220123,1.0
ENSG00000237689,0.8392979217930021,0.8743682725180741,1.0
ENSG00000177663,0.4806992252294541,0.9184540995745847,1.0
ENSG00000185837,0.8151807352598521,0.7747424676730261,1.0
ENSG00000093072,0.2246975575178165,0.08315108716738973,1.0
ENSG00000070010,-0.03938778301692225,-0.05922364643838063,1.0
ENSG00000093009,-0.21681149869729266,-0.19128160719869558,1.0
ENSG00000281548,0.9994559037595583,0.9942587698079258,1.0
ENSG00000093010,-0.31206784381372565,-0.32825061685547197,1.0
ENSG00000183597,-4.592660587240401,-0.034076954622636046,1.0
ENSG00000268292,-1.0375455424433069,0.705347073239895,1.0
ENSG00000099901,-0.05841563519421511,-0.060629639178771066,1.0
ENSG00000235578,0.9955662158809585,0.9973245057605717,1.0
ENSG00000099937,0.8488404246572129,0.8631389138748228,1.0
ENSG00000099957,0.5467348721312089,0.458211654014714,1.0
ENSG00000187905,0.7201072045038606,0.5721746620998531,1.0
ENSG00000206140,0.8058936463415478,0.9916275312477132,1.0
ENSG00000183246,0.8485552204765225,0.8730906669439026,1.0
ENSG00000128228,-0.11030320888891199,-0.10670908050693839,1.0
ENSG00000100027,0.97482906644442,0.9701072729987803,1.0
ENSG00000100030,-0.18947915955761108,-0.16994706937003223,1.0
ENSG00000222037,0.7297432675461344,0.7652688994251143,1.0
ENSG00000280623,0.8567784980198201,0.999236995423012,1.0
ENSG00000159496,0.8865917567475632,0.8852308899423192,1.0
ENSG00000169314,0.349656366087009,0.3996688712138843,1.0
ENSG00000279467,0.8004529467739128,0.7110733812902568,1.0
ENSG00000133433,0.9218115526172896,0.8196833390616619,1.0
ENSG00000272787,0.8202280082262388,0.8437309244803676,1.0
ENSG00000099998,0.9674347441231405,0.9364777751917487,1.0
ENSG00000178803,0.32987434350444633,0.5091727612237732,1.0
ENSG00000100024,0.9441782033511242,0.9743880330096716,1.0
ENSG00000184571,0.9976599135429737,0.9770600656813848,1.0
ENSG00000167037,0.745543124481018,0.5493218472225716,1.0
ENSG00000279085,0.9848303946017908,0.9457043220758162,1.0
ENSG00000203280,0.9620402426719197,0.9502818733989501,1.0
ENSG00000272798,0.6075207867473613,0.61163928952252,1.0
ENSG00000100077,0.74485245399369,-0.17068731866718445,1.0
ENSG00000237387,0.99986159626196,0.9503799415327989,1.0
ENSG00000206028,0.6735364829035839,0.7084396997689737,1.0
ENSG00000235271,0.7365429412331916,0.689990771166785,1.0
ENSG00000279440,0.3185585440113198,0.5334333911883825,1.0
ENSG00000232396,0.9961807036759024,0.9998991996197955,1.0
ENSG00000232530,0.9789311775052164,0.9282775355754525,1.0
ENSG00000268812,0.6521068241364931,0.6202468523460146,1.0
ENSG00000099985,0.9954002476371883,0.9999027073068248,1.0
ENSG00000239282,0.9971457354240597,0.9954188226967894,1.0
ENSG00000187860,0.746918611626957,0.8880685743270759,1.0
ENSG00000185339,0.9130116327677628,0.9558355998148174,1.0
ENSG00000167065,0.6379457603495664,0.6600140668954912,1.0
ENSG00000198832,0.3798840539867442,0.5440695691623909,1.0
ENSG00000100100,-0.2070153663024321,-0.07007786935650007,1.0
ENSG00000228839,-0.01058047030664322,0.0169532991352781,1.0
ENSG00000240591,0.38494191800543276,0.16470718139409646,1.0
ENSG00000205853,0.9591891915183076,0.9913125235174716,1.0
ENSG00000184459,0.9061205819666716,0.9222921971780004,1.0
ENSG00000185666,0.15560613534351309,0.1940995117322425,1.0
ENSG00000236054,0.9443545288837819,0.9644378643122444,1.0
ENSG00000175329,0.9313962447798845,0.948521830399262,1.0
ENSG00000273176,0.96960022964966,0.891218992375666,1.0
ENSG00000100292,0.8182910609811465,0.7755818657035967,1.0
ENSG00000100302,0.9686893907664792,0.9837328746333771,1.0
ENSG00000198125,0.9898116070162981,0.8781670496121697,1.0
ENSG00000221963,0.955620716102578,0.9963483894203826,1.0
ENSG00000279927,0.9608084677665041,0.974066545653346,1.0
ENSG00000128284,0.8439648578189443,0.7802358522962377,1.0
ENSG00000100336,-1.6182196435399394,0.7076647003806438,1.0
ENSG00000100342,0.7118874880503376,-1.285642058387746,1.0
ENSG00000100345,-22.74860887022422,-75.84571011105791,1.0
ENSG00000223695,0.5091800384316422,0.5761668299424794,1.0
ENSG00000100362,0.9938099338679168,0.9445694895790425,1.0
ENSG00000100365,0.9281432015943623,0.9125772607424516,1.0
ENSG00000187045,0.6787780818864361,0.8716872405475348,1.0
ENSG00000278195,0.978443659382404,0.9312976378369331,1.0
ENSG00000128340,-0.7127640459415059,-0.3997255238830726,1.0
ENSG00000100055,0.8147551067845595,0.748786843655882,1.0
ENSG00000100079,0.8934633488418704,0.9744766294033981,1.0
ENSG00000100097,-2.5421918983852314,-0.6926368122976427,1.0
ENSG00000189060,0.9982118510011596,0.9969856166285189,1.0
ENSG00000273214,0.9728016641732276,0.9627170136469861,1.0
ENSG00000272720,0.7872310099156116,0.8003099543283427,1.0
ENSG00000279080,0.8108193968467545,0.49344699366574274,1.0
ENSG00000225450,0.9900000851319348,0.9719205304889502,1.0
ENSG00000128383,0.9599489419633533,0.9978109005072792,1.0
ENSG00000244509,-1.810370589488095,-1.4488597861034793,1.0
ENSG00000243811,0.7365589362678044,0.9859517369519916,1.0
ENSG00000100298,0.8896020410210758,0.894471531512389,1.0
ENSG00000279833,0.9553848567487953,0.955839258067717,1.0
ENSG00000224794,0.8620863399657558,0.8680865715754708,1.0
ENSG00000100316,-0.028675237736857984,-0.033818696897414124,1.0
ENSG00000128272,-0.2485387431665298,-0.23756841677249607,1.0
ENSG00000100351,0.5331072021067861,0.07788347351674407,1.0
ENSG00000133477,0.98425544065114,0.9955275926856658,1.0
ENSG00000100354,-0.7759937038883822,-0.49079300979973817,1.0
ENSG00000272834,0.47084447104633576,0.6901560424740889,1.0
ENSG00000167077,0.971568642605978,0.9996594682462759,1.0
ENSG00000184068,0.8490056487082948,0.9204245015265685,1.0
ENSG00000234965,0.9815317649013328,0.9552047828300279,1.0
ENSG00000235568,0.7477589835582692,0.7861493659305774,1.0
ENSG00000138964,0.999812234204785,0.9987802617150332,1.0
ENSG00000280011,-7.788154520897217,0.9471939073603182,1.0
ENSG00000056487,0.5531525846177392,0.6673026214684381,1.0
ENSG00000100364,0.9993889001559633,0.2639165612249992,1.0
ENSG00000273287,0.8439282635465672,0.9449746800949979,1.0
ENSG00000100373,0.7802888732022375,0.9274458869929131,1.0
ENSG00000100376,-0.4527693973765152,-0.2782559561340685,1.0
ENSG00000077942,0.8903838429381077,0.9213943151024637,1.0
ENSG00000188064,0.860388684993957,0.9264364761482723,1.0
ENSG00000186951,0.5733108071894413,0.817588593760438,1.0
ENSG00000075218,-0.5603437223356942,-0.7360281992413005,1.0
ENSG00000234869,0.9413693486123694,0.9643930727567233,1.0
ENSG00000205634,0.9812853192468196,0.9749343723656333,1.0
ENSG00000260613,0.5198084467594375,0.8344206033774153,1.0
ENSG00000279494,0.05647172419671764,0.06652548432030692,1.0
ENSG00000278869,0.9235532432127519,0.9910888229606056,1.0
ENSG00000100427,0.6901317679295093,0.6521749574953496,1.0
ENSG00000273188,0.9882577216719524,0.8172952611190962,1.0
ENSG00000177989,0.8477310479454776,0.8436401740530851,1.0
ENSG00000272666,0.9154701311042671,0.9913829970167961,1.0
ENSG00000273272,0.8940200098225596,0.9277270187474457,1.0
ENSG00000130487,0.8084847722606004,0.6747988820745037,1.0
ENSG00000217442,-1.296338577211106,0.06605843411471413,1.0
ENSG00000100299,0.8800826934681876,0.9270913001502187,1.0
ENSG00000279669,-0.22656769341186345,-0.20765512726366286,1.0
ENSG00000280191,0.7617469010172968,0.7901012462834051,1.0
ENSG00000278996,0.8457462040483268,0.8051560726214406,1.0
ENSG00000280441,0.9456110521950996,0.9320819749608114,1.0
ENSG00000279851,0.8739279311416293,0.9186254181190043,1.0
ENSG00000155307,-130.50506076766854,-12.711501853792662,1.0
ENSG00000232884,0.9115717384043706,0.9291880569588941,1.0
ENSG00000226751,-0.3734061001823312,-0.16415562652488203,1.0
ENSG00000281903,0.5764397803072918,0.6277903586750112,1.0
ENSG00000235277,0.6619058625911962,0.6514250424553616,1.0
ENSG00000215386,0.9931359704542311,0.9562432383469512,1.0
ENSG00000230233,0.6312252922585367,0.773390606941654,1.0
ENSG00000233236,-1.038364777004979,-0.9528990397169155,1.0
ENSG00000142192,0.2268371373969933,0.15399310571725477,1.0
ENSG00000236532,0.9429630315016683,0.7996652060179231,1.0
ENSG00000156265,0.9963102101294737,0.9751499696369897,1.0
ENSG00000224649,0.9521464479726567,0.9545224966467161,1.0
ENSG00000171189,0.9893350164603025,0.9904920022341708,1.0
ENSG00000174680,-1.5074832371240587,-0.2762112682292004,1.0
ENSG00000156299,0.9230267100867179,0.8351897898245029,1.0
ENSG00000170262,0.8493043478911767,0.9434548471489012,1.0
ENSG00000238197,0.7030095533597867,0.6596876903329711,1.0
ENSG00000205930,0.8552048887216084,0.7866596787357669,1.0
ENSG00000223799,0.9999984812108141,0.9981122902054894,1.0
ENSG00000243646,0.9348948409786354,-22.14913907070778,1.0
ENSG00000272659,0.9868342104602831,0.9958313866065204,1.0
ENSG00000231355,0.7754009004568967,0.8876738165951277,1.0
ENSG00000177692,0.9827615337952614,0.9802143502375051,1.0
ENSG00000159140,-0.1338583950088752,-0.13709205548156111,1.0
ENSG00000237945,-19.5642757331276,-3.357918566013783,1.0
ENSG00000159216,-1.970539302520677,-1.2206364344824894,1.0
ENSG00000231106,0.5175736282637171,0.6398107983380923,1.0
ENSG00000233393,0.9886215976164696,0.9890439273766753,1.0
ENSG00000159231,0.05341099152472106,0.29302080864630753,1.0
ENSG00000142197,-0.47387472465897185,-1.1445299435823681,1.0
ENSG00000230479,0.9610580505042181,0.9356332314745808,1.0
ENSG00000233818,0.8657705169745988,0.8596871049209994,1.0
ENSG00000159261,0.9121242661369996,0.884449065164582,1.0
ENSG00000157542,0.8394247179449915,0.9389142737674618,1.0
ENSG00000198054,-0.1189884518493598,-0.11740342912509472,1.0
ENSG00000157551,0.38401964412041256,0.4255936196638098,1.0
ENSG00000157557,0.2619871300852822,-11.226645811878948,1.0
ENSG00000205622,0.9857793079885147,0.9526008683402262,1.0
ENSG00000171587,-0.03683324406263355,-0.18303966728453314,1.0
ENSG00000184012,-0.3161223730323157,0.544690718619637,1.0
ENSG00000236384,0.4455163003111966,0.45961097355513136,1.0
ENSG00000160179,0.9827657795439729,0.9559189163022335,1.0
ENSG00000160180,0.8502365886723021,0.9389767473900049,1.0
ENSG00000160182,0.8438911233838055,0.879987033938128,1.0
ENSG00000160185,0.5184280680391304,0.45349401096140773,1.0
ENSG00000225431,0.9954407629073023,0.9932267524669337,1.0
ENSG00000235023,0.9081656678382609,0.8695254221534433,1.0
ENSG00000283051,0.9369051555559251,0.904761726647546,1.0
ENSG00000237989,0.8468380399115788,0.7667462201759334,1.0
ENSG00000225637,0.5393343906976171,0.5434664370519572,1.0
ENSG00000188660,0.9997787184169474,0.9999621124951777,1.0
ENSG00000160213,-0.28217439328433613,-0.2772138345959385,1.0
ENSG00000215458,0.949217891518711,0.8171136362023033,1.0
ENSG00000225331,0.512091308279736,0.5346701742634707,1.0
ENSG00000160223,0.8783486597643393,0.9428368691710529,1.0
ENSG00000275799,0.7702521280310708,0.8208130281240865,1.0
ENSG00000142182,0.7122770869898125,0.8063818032256331,1.0
ENSG00000232010,0.974916825210516,0.9492992755126657,1.0
ENSG00000142185,0.9317035943087104,0.8759732384910287,1.0
ENSG00000205445,0.577026590973478,0.5707263378665891,1.0
ENSG00000160255,0.9000046616491397,0.648850576122024,1.0
ENSG00000227039,0.6193671882111209,0.7314471243617279,1.0
ENSG00000182586,0.8029078949974697,0.8729357270116112,1.0
ENSG00000184274,0.7432656688373129,0.715582399443444,1.0
ENSG00000182871,-0.235842453725982,-0.2066148650960542,1.0
ENSG00000224574,0.9447902023627505,0.9821603152409868,1.0
ENSG00000183535,0.9383998146065137,0.9721336145241872,1.0
ENSG00000183570,0.8931972039368455,0.9439903274698391,1.0
ENSG00000274248,0.994297710777544,0.996189069605949,1.0
ENSG00000142156,0.9882077104874393,0.912082798488118,1.0
ENSG00000237338,0.9826792033216912,0.9729832383685304,1.0
ENSG00000160298,-1.7903897981690822,-0.5494347404852984,1.0
ENSG00000160307,0.8861589010418017,0.8340395769943042,1.0
ENSG00000198888,-0.08215175842716693,-0.085983020696212,1.0
ENSG00000198763,-0.06058633147655157,-0.060352554431726935,1.0
ENSG00000198804,-0.032972482973746775,-0.04312541991718044,1.0
ENSG00000198712,-0.04063880854045876,-0.04019439167322725,1.0
ENSG00000198899,-0.025849694664890066,-0.02306121066540623,1.0
ENSG00000198938,-0.02883169923019846,-0.034095140947176805,1.0
ENSG00000198840,-0.051702697190864066,-0.04786095780144439,1.0
ENSG00000212907,-0.12902939693841464,-0.10426931575307097,1.0
ENSG00000198886,-0.02663035285684967,-0.02305988115261437,1.0
ENSG00000198786,-0.13967234770726256,-0.14355018963207478,1.0
ENSG00000198695,-0.13323587451982033,-0.16256375567741355,1.0
ENSG00000198727,-0.011404882923447435,-0.016236897537776462,1.0
ENSG00000273554,0.6619352687850119,0.667285576921429,1.0
ENSG00000278633,0.7619702189547711,0.7678644391371807,1.0
