,test_BCL2L11+TGFBR2,test_BCL2L11+ctrl,test_ctrl
ENSG00000239945,,-0.14589258608601463,
ENSG00000223764,,,1.0
ENSG00000187634,0.04863086202867155,-0.20424962052042048,0.9999999999999999
ENSG00000187642,,,
ENSG00000188290,-0.004215297229118194,0.3837392939160619,1.0
ENSG00000187608,0.02829520339218875,-0.05606345314727197,1.0
ENSG00000273443,,,
ENSG00000237330,,,1.0
ENSG00000223823,,,
ENSG00000205231,,,
ENSG00000186891,,,
ENSG00000186827,,,
ENSG00000169962,,,
ENSG00000235098,,,
ENSG00000189409,,,1.0
ENSG00000269737,,,
ENSG00000169885,,,
ENSG00000271806,,,
ENSG00000234396,,,
ENSG00000149527,,,
ENSG00000272449,-0.2237019653318891,,1.0
ENSG00000238164,,0.04863086202867155,
ENSG00000157873,,,
ENSG00000215912,,,
ENSG00000078900,,,1.0
ENSG00000235169,-0.30855387571889104,-0.2493635796177658,1.0
ENSG00000272153,,,1.0
ENSG00000116254,,,
ENSG00000225077,-0.126440241274546,,0.9999999999999999
ENSG00000158292,-0.029178517217202927,,1.0
ENSG00000069812,,,1.0
ENSG00000187017,,0.10698789646307741,
ENSG00000173662,,,
ENSG00000270171,,,
ENSG00000049249,,,1.0
ENSG00000232912,,,
ENSG00000228423,,,
ENSG00000074800,-0.1220674486803519,-0.03189149560117301,0.9999999999999998
ENSG00000131686,,,
ENSG00000180758,-0.20424962052042048,,1.0
ENSG00000228526,,,1.0
ENSG00000234546,,,
ENSG00000049239,0.003930462298116887,0.14589258608601463,1.0
ENSG00000179840,,,
ENSG00000280113,,,
ENSG00000142657,0.07221470874583434,-0.06954389536298862,1.0
ENSG00000175262,,,
ENSG00000277726,,,
ENSG00000009724,,,1.0
ENSG00000271895,0.126440241274546,,1.0
ENSG00000116649,0.08266886662893656,-0.10777126099706744,1.0
ENSG00000162490,,,1.0
ENSG00000177000,0.36345509337381376,-0.15019806307209618,1.0
ENSG00000162493,,,
ENSG00000175147,,,
ENSG00000233485,,,
ENSG00000228140,,,
ENSG00000142634,-0.08458050327563715,-0.058265510193222445,1.0
ENSG00000142615,,,
ENSG00000215704,,,
ENSG00000271742,,,
ENSG00000224621,,,
ENSG00000261135,-0.10698789646307741,,1.0
ENSG00000271732,,,
ENSG00000280226,,,
ENSG00000230424,0.07511550169734496,0.10698789646307741,1.0
ENSG00000188257,,,
ENSG00000117215,,,
ENSG00000187980,,,
ENSG00000117242,,,1.0
ENSG00000236936,,,
ENSG00000142789,,,
ENSG00000070831,0.13110300474613645,-0.030481138422530536,1.0
ENSG00000162552,,,
ENSG00000173369,,,
ENSG00000249087,-0.2237019653318891,-0.1847972757089519,1.0
ENSG00000235052,,,
ENSG00000117318,0.3284903762194892,0.05065929184239544,1.0
ENSG00000197880,,,
ENSG00000117305,0.12826949120283412,-0.2601624143605506,1.0
ENSG00000179163,-0.03067761536215361,-0.2116690850243826,1.0
ENSG00000188822,,,
ENSG00000142677,,,
ENSG00000230023,,,
ENSG00000020633,,,
ENSG00000233755,,,
ENSG00000231953,,,1.0
ENSG00000117614,0.3649820717798483,-0.16795092574143278,0.9999999999999998
ENSG00000117616,0.15671070666460446,0.2178615078512583,0.9999999999999998
ENSG00000233478,,,1.0
ENSG00000182749,0.24315431014335773,0.06808320684014017,1.0
ENSG00000117632,-0.2976539589442815,-0.09860703812316715,1.0
ENSG00000158008,,,
ENSG00000158022,,,1.0
ENSG00000142669,-0.3191846718036019,0.19233859440414114,1.0
ENSG00000169442,0.2626066549548263,0.13107722779243694,1.0
ENSG00000176083,,,
ENSG00000198830,0.1788856304985337,-0.002565982404692082,0.9999999999999998
ENSG00000117713,0.1404654739826513,-0.1571104340313151,1.0
ENSG00000226698,,,
ENSG00000090273,-0.17505269984619604,-0.059206305811854786,0.9999999999999998
ENSG00000142765,-0.2626066549548263,-0.2626066549548263,0.9999999999999999
ENSG00000000938,,,
ENSG00000126709,,,1.0
ENSG00000130775,-0.4459548668047952,0.2511128690463567,1.0
ENSG00000227050,,,
ENSG00000169403,,,1.0
ENSG00000271398,,,
ENSG00000130766,-0.00747060915536387,-0.054351479323234794,1.0
ENSG00000116329,,,
ENSG00000233427,,0.10175530171791497,
ENSG00000162511,0.03537261506283055,0.1475257993404002,1.0
ENSG00000121769,,,1.0
ENSG00000223907,,,
ENSG00000235790,,,
ENSG00000134668,,,1.0
ENSG00000224066,,,1.0
ENSG00000222046,,,
ENSG00000183615,,,
ENSG00000182866,,,
ENSG00000175130,0.17198387661662332,0.2917888563049853,1.0
ENSG00000162526,-0.28205899976629495,,1.0
ENSG00000160058,-0.03713950591686023,-0.16376875241439612,1.0
ENSG00000224409,,,
ENSG00000121900,-0.1207331979566476,-0.09055415073443336,1.0
ENSG00000255811,,,
ENSG00000271741,,,
ENSG00000126067,0.063049853372434,-0.17725231492279747,0.9999999999999998
ENSG00000092853,-0.034305646426024086,-0.09182564409887234,0.9999999999999998
ENSG00000232335,,,
ENSG00000116871,-0.09599953701245743,0.2891458860725949,1.0
ENSG00000214193,0.3015113445777636,,0.9999999999999999
ENSG00000119535,0.2768302013530093,-0.05327960004114003,1.0
ENSG00000233621,,,
ENSG00000134690,-0.03173531562793608,-0.04110504032203846,1.0
ENSG00000158315,,,1.0
ENSG00000127603,-0.23145186934785575,0.15044034716076768,1.0
ENSG00000226438,,,
ENSG00000183682,,,
ENSG00000168389,,,
ENSG00000131236,-0.4080065637039931,0.22075542371685974,1.0
ENSG00000049089,-0.009726172405734309,-0.10698789646307741,1.0
ENSG00000179862,-0.04585539347803036,-0.017032003291839848,1.0
ENSG00000229528,,,
ENSG00000171790,,,
ENSG00000044012,,,
ENSG00000197273,,,
ENSG00000066185,,,
ENSG00000127125,-0.20128821307799039,-0.11212690629454394,1.0
ENSG00000186409,,-0.1969598329389685,1.0
ENSG00000065978,0.04105571847507331,-0.05461876832844574,0.9999999999999998
ENSG00000164007,,,
ENSG00000117394,0.19737541546537576,0.024663024193223075,1.0
ENSG00000227533,-0.04863086202867155,-0.126440241274546,1.0
ENSG00000186973,,,
ENSG00000243710,,,
ENSG00000179178,,,
ENSG00000253313,,,
ENSG00000117399,0.08325212027508432,0.21461157894453764,1.0
ENSG00000229444,,,
ENSG00000117410,0.12866568914956011,-0.09534287403053743,1.0
ENSG00000196517,-0.2237019653318891,0.04863086202867155,1.0
ENSG00000198520,,,1.0
ENSG00000142945,-0.18904185640925075,-0.1108410067654694,1.0
ENSG00000222009,,,
ENSG00000070759,,,
ENSG00000117450,-0.0656158357771261,-0.08651026392961875,1.0
ENSG00000226957,,,
ENSG00000117480,,-0.06808320684014017,1.0
ENSG00000269956,,0.28205899976629495,
ENSG00000186118,,,
ENSG00000162366,,-0.06808320684014017,1.0
ENSG00000123473,-0.004819747842170239,0.10145609473670496,1.0
ENSG00000123080,-0.11009484279999887,-0.04133454062419887,1.0
ENSG00000203356,,,
ENSG00000261664,,,
ENSG00000169213,,-0.28205899976629495,1.0
ENSG00000223390,,,
ENSG00000228369,,,
ENSG00000116157,,0.24315431014335773,1.0
ENSG00000182183,,,
ENSG00000226754,,,
ENSG00000230138,-0.3015113445777636,0.28205899976629495,1.0
ENSG00000116209,0.18516906743904835,0.17495316036361927,1.0
ENSG00000225632,,,
ENSG00000143001,,,
ENSG00000162399,,,
ENSG00000162407,,,
ENSG00000177606,-0.19421595278169235,0.009726172405734309,1.0
ENSG00000232453,0.2237019653318891,,1.0
ENSG00000237352,,,
ENSG00000132849,,,
ENSG00000132855,,,
ENSG00000228734,,,
ENSG00000079739,,,
ENSG00000118473,,,
ENSG00000203963,,,
ENSG00000116717,-0.27540620329124965,0.017686307531415275,1.0
ENSG00000237919,,,
ENSG00000229051,,,
ENSG00000235782,,,
ENSG00000259030,,,1.0
ENSG00000137968,,-0.06808320684014017,1.0
ENSG00000178193,,,
ENSG00000057468,,,
ENSG00000233099,,,
ENSG00000235927,-0.20424962052042048,,
ENSG00000137960,,,
ENSG00000137959,,,
ENSG00000137941,,0.14589258608601463,0.9999999999999999
ENSG00000137976,,,
ENSG00000171502,,,
ENSG00000016490,,,
ENSG00000267272,-0.009726172405734309,,1.0
ENSG00000143013,0.16342297106055526,0.20855104297460508,1.0
ENSG00000117226,,,
ENSG00000117228,,,
ENSG00000162645,,-0.08753555165160877,1.0
ENSG00000231999,0.28205899976629495,0.24315431014335773,0.9999999999999999
ENSG00000189195,,,1.0
ENSG00000069712,,0.009726172405734309,1.0
ENSG00000198691,,,
ENSG00000117525,,,
ENSG00000235501,,,1.0
ENSG00000156869,-0.16534493089748323,-0.14589258608601463,0.9999999999999999
ENSG00000122477,,,1.0
ENSG00000181656,,,
ENSG00000170989,,0.2237019653318891,1.0
ENSG00000260879,0.20424962052042048,,0.9999999999999999
ENSG00000238122,,,
ENSG00000143107,,,
ENSG00000203897,,,
ENSG00000273382,-0.12971886398478705,-0.10698789646307741,1.0
ENSG00000270066,,,1.0
ENSG00000179902,,,
ENSG00000221986,,,1.0
ENSG00000156097,,,
ENSG00000213366,,,1.0
ENSG00000134202,-0.0565255384961642,-0.24580713995068215,1.0
ENSG00000198758,,,
ENSG00000261055,,,
ENSG00000143125,,,
ENSG00000143119,-0.06057584889563562,0.1089654333727053,1.0
ENSG00000232811,,,
ENSG00000064886,-0.08765159359502159,0.046379929022493695,1.0
ENSG00000143110,,,
ENSG00000121933,,,
ENSG00000282608,,,
ENSG00000197852,,,1.0
ENSG00000116489,-0.050312240528755214,0.14740007636700117,0.9999999999999998
ENSG00000155366,-0.08654597826498187,0.19376275702880227,1.0
ENSG00000215866,,,
ENSG00000134242,0.1014174171240753,0.08753555165160877,0.9999999999999998
ENSG00000235527,,,0.9999999999999999
ENSG00000116774,,,
ENSG00000233154,,,
ENSG00000224950,,,
ENSG00000116824,,,
ENSG00000134256,,,
ENSG00000236866,,,
ENSG00000183508,-0.10698789646307741,,1.0
ENSG00000155761,,,
ENSG00000092621,-0.12392137285697533,-0.0075388989186766404,1.0
ENSG00000198019,,,
ENSG00000233029,,,
ENSG00000230806,,,
ENSG00000263590,,,1.0
ENSG00000234571,,,
ENSG00000277199,,,
ENSG00000236140,,,1.0
ENSG00000174827,,,
ENSG00000117281,,,
ENSG00000198483,,,
ENSG00000121851,-0.17160299346303934,0.00539749111760102,1.0
ENSG00000265972,0.08490227297863416,0.1622684391524441,0.9999999999999999
ENSG00000168509,,,1.0
ENSG00000276509,,,1.0
ENSG00000131781,,-0.28205899976629495,
ENSG00000227733,,,
ENSG00000234283,,,
ENSG00000231551,0.10698789646307741,,1.0
ENSG00000280649,0.015218414210505743,-0.10698789646307741,1.0
ENSG00000236334,,,
ENSG00000178104,-0.1228286215573901,0.009356085388915658,0.9999999999999998
ENSG00000274265,-0.1594310060148221,-0.22964645936891923,1.0
ENSG00000150337,,,
ENSG00000233030,,,
ENSG00000184260,0.16980454595726832,-0.11061798663113244,1.0
ENSG00000014914,-0.08753555165160877,-0.04863086202867155,
ENSG00000023902,0.05205327669543858,-0.15150436358677616,1.0
ENSG00000143401,0.08769460817660073,0.17575768109343928,1.0
ENSG00000276110,,,
ENSG00000143369,,0.10698789646307741,1.0
ENSG00000143382,-0.031919366453678384,-0.0724823698149459,1.0
ENSG00000163131,0.202390440201396,0.08169472592478556,1.0
ENSG00000143387,0.28205899976629495,,1.0
ENSG00000143409,,-0.27906282316629905,1.0
ENSG00000163141,0.24315431014335773,,1.0
ENSG00000143443,0.07650514816675297,0.3239348167664794,1.0
ENSG00000197622,-0.10138492905333867,0.1450863947360548,1.0
ENSG00000213190,0.007588896206518375,-0.03476267845326046,1.0
ENSG00000143458,0.1630544379697044,-0.08753555165160877,1.0
ENSG00000163155,-0.3519947346980235,-0.009726172405734309,0.9999999999999999
ENSG00000224645,,,
ENSG00000250734,,,
ENSG00000159409,,,
ENSG00000178796,,,
ENSG00000225556,,,
ENSG00000197747,-0.028837805584769827,-0.07313645645450767,0.9999999999999998
ENSG00000163191,-0.11311073053180007,-0.14668134466236527,0.9999999999999998
ENSG00000163216,,,
ENSG00000244094,,,
ENSG00000203783,,,
ENSG00000203782,,,
ENSG00000163218,,0.3015113445777636,
ENSG00000163220,,,
ENSG00000143546,,,
ENSG00000184330,,,
ENSG00000143556,,,
ENSG00000197956,,,
ENSG00000196420,,,
ENSG00000196154,-0.2340823875181348,0.0585248677813886,1.0
ENSG00000188015,,,
ENSG00000189171,0.16733516135373014,-0.05341196984950518,1.0
ENSG00000160678,-0.030139411583870217,0.159402082090296,1.0
ENSG00000279767,,,
ENSG00000282386,,,1.0
ENSG00000160712,,,1.0
ENSG00000169291,,,
ENSG00000143603,,,
ENSG00000163346,,,1.0
ENSG00000173207,0.24596774193548382,-0.0502199413489736,1.0
ENSG00000163357,,,
ENSG00000169231,,0.16534493089748323,1.0
ENSG00000236263,,,
ENSG00000132718,,,
ENSG00000143622,0.2493659969138603,-0.030616578754437827,1.0
ENSG00000116584,-0.10281228192933882,-0.25095708828191904,0.9999999999999999
ENSG00000132698,,,0.9999999999999999
ENSG00000160789,0.00039179659359430205,-0.05518611279284923,1.0
ENSG00000183856,-0.21957997646586858,-0.062013960703622,1.0
ENSG00000143320,,,1.0
ENSG00000027869,-0.10524904598290777,-0.060914234813516925,1.0
ENSG00000198400,,0.126440241274546,1.0
ENSG00000027644,,,
ENSG00000160838,,,
ENSG00000229961,,,
ENSG00000132704,,,1.0
ENSG00000176320,,,
ENSG00000163563,,,
ENSG00000163565,,,
ENSG00000213088,,,
ENSG00000188004,,,
ENSG00000243284,,,
ENSG00000132681,,,1.0
ENSG00000143318,,,
ENSG00000258465,,,1.0
ENSG00000162739,,,
ENSG00000066294,,,1.0
ENSG00000117090,,,
ENSG00000228863,,,
ENSG00000117091,,,0.9999999999999999
ENSG00000122224,,,
ENSG00000122223,,,
ENSG00000179914,,,
ENSG00000232188,,,
ENSG00000158764,,,1.0
ENSG00000186517,,,1.0
ENSG00000143217,,,
ENSG00000228917,,,
ENSG00000162755,,,
ENSG00000158793,-0.029178517217202927,0.11667450894721071,0.9999999999999998
ENSG00000158859,,,
ENSG00000158869,-0.023899592209252425,0.13312346685484874,0.9999999999999998
ENSG00000188931,,,
ENSG00000143226,0.1165629755887696,-0.06942828739855818,1.0
ENSG00000173110,,,
ENSG00000203747,,,
ENSG00000072694,0.20424962052042048,,
ENSG00000132185,,,
ENSG00000198929,,,
ENSG00000227094,,,
ENSG00000185860,,,
ENSG00000185630,,,
ENSG00000233693,,,
ENSG00000234142,,,1.0
ENSG00000143194,,,
ENSG00000143162,-0.10050639487810113,0.3110912222417416,1.0
ENSG00000198771,-0.4309331330868679,-0.16312210738324734,1.0
ENSG00000197965,0.1893908764822386,0.22029437569223803,1.0
ENSG00000143158,0.016090200337110058,-0.2562877678943657,0.9999999999999998
ENSG00000143184,,,
ENSG00000235736,,,
ENSG00000225826,,,
ENSG00000143153,-0.2210293492478215,-0.1775481657892337,1.0
ENSG00000010932,,,
ENSG00000117586,,,
ENSG00000224977,,,
ENSG00000152061,-0.05166547664811383,0.06218992559495183,1.0
ENSG00000203737,,,
ENSG00000116161,-0.1228005865102639,-0.1882503903058045,1.0
ENSG00000236021,,0.1847972757089519,
ENSG00000116194,,,
ENSG00000186283,0.05008671496302127,-0.0002230201343369606,1.0
ENSG00000143322,0.09500177627922493,-0.1829438997437296,1.0
ENSG00000229407,,,
ENSG00000169905,-0.24017668106427675,0.04340729065945523,0.9999999999999998
ENSG00000116260,0.24315431014335773,,1.0
ENSG00000153029,,0.28205899976629495,1.0
ENSG00000162783,0.011840483122234728,-0.10538457495817624,1.0
ENSG00000198216,,,
ENSG00000121446,,,
ENSG00000135828,-0.23015040345639998,,1.0
ENSG00000143333,-0.1043548403006108,,0.9999999999999999
ENSG00000135824,,,
ENSG00000116701,,,
ENSG00000162704,0.24605795567111774,0.0029379410527740277,1.0
ENSG00000143344,,,
ENSG00000198756,-0.12324866522689784,0.1891211583477253,1.0
ENSG00000135842,,,
ENSG00000261024,,,
ENSG00000116703,,,
ENSG00000273198,,,
ENSG00000150681,,,1.0
ENSG00000232498,,,
ENSG00000090104,,,
ENSG00000116741,-0.009726172405734309,0.1847972757089519,1.0
ENSG00000234871,,,
ENSG00000227240,,,
ENSG00000227421,,,
ENSG00000162687,,,
ENSG00000000971,0.14787840186634948,0.08799631774933536,1.0
ENSG00000116785,,,1.0
ENSG00000134389,,,
ENSG00000143278,,,
ENSG00000066279,0.02708757646463247,0.02769181663800486,1.0
ENSG00000134376,,,
ENSG00000081237,,0.14589258608601463,1.0
ENSG00000203721,,,
ENSG00000118193,-0.06712906043542513,0.10526550340704538,0.9999999999999999
ENSG00000081248,,,
ENSG00000232237,,,
ENSG00000118194,,,
ENSG00000159173,,,
ENSG00000174307,,,1.0
ENSG00000163431,,,1.0
ENSG00000234678,,,
ENSG00000163435,,,
ENSG00000143851,-0.17063096171446948,0.3466992021414117,1.0
ENSG00000117139,0.25081676721218743,-0.11465608463201486,1.0
ENSG00000260021,,,
ENSG00000143847,,,
ENSG00000122180,,,
ENSG00000133063,,,
ENSG00000231507,,,1.0
ENSG00000159388,0.02988243662145548,-0.21881655203452885,1.0
ENSG00000122176,,,
ENSG00000058668,0.06884520714276408,-0.06808320684014017,1.0
ENSG00000122188,,,
ENSG00000257315,0.00869872952154997,-0.28205899976629495,1.0
ENSG00000261065,,,
ENSG00000143839,,,
ENSG00000170498,,,
ENSG00000174567,0.07074832136610398,,
ENSG00000226330,,,
ENSG00000198625,0.12653767862764026,-0.35403423538178036,0.9999999999999998
ENSG00000240710,,,
ENSG00000240219,,,
ENSG00000163531,-0.14589258608601463,,1.0
ENSG00000184144,,,
ENSG00000186007,,,
ENSG00000117266,-0.20424962052042048,0.062013960703622,1.0
ENSG00000158715,,,1.0
ENSG00000069275,-0.05278592375366568,0.1063049853372434,1.0
ENSG00000276600,,,
ENSG00000196188,,,
ENSG00000263961,,,
ENSG00000226780,,,
ENSG00000261000,,-0.10698789646307741,
ENSG00000162889,-0.023604888062036866,-0.04769762857540389,0.9999999999999998
ENSG00000142224,,,
ENSG00000162891,,,
ENSG00000162892,,,
ENSG00000162894,,,
ENSG00000196352,-0.026316375851761345,-0.30268016448829105,1.0
ENSG00000203710,,,
ENSG00000236911,,,
ENSG00000117335,0.16263677193064702,0.022971073836706938,1.0
ENSG00000203709,,-0.1971146983455982,1.0
ENSG00000076356,0.126440241274546,,0.9999999999999999
ENSG00000009790,,,
ENSG00000143473,,,
ENSG00000153363,0.015557237223362668,0.3561572868041236,0.9999999999999998
ENSG00000229258,,,
ENSG00000226251,,,
ENSG00000117691,-0.23170070286667604,-0.08292770706943553,1.0
ENSG00000162772,,,1.0
ENSG00000237980,,,
ENSG00000123685,0.14589258608601463,-0.1847972757089519,1.0
ENSG00000143494,,,1.0
ENSG00000117707,,,
ENSG00000152104,,,1.0
ENSG00000117724,0.018729374211434426,-0.07957462947933316,1.0
ENSG00000228063,,-0.2626066549548263,
ENSG00000117791,0.054854703601701096,0.1732000474433749,1.0
ENSG00000186205,,,1.0
ENSG00000272823,,,
ENSG00000238078,,,1.0
ENSG00000136630,,-0.09040063285668841,
ENSG00000234754,,,
ENSG00000143498,-0.13101540993722957,-0.3015113445777636,1.0
ENSG00000197520,,,
ENSG00000242861,-0.1847972757089519,-0.20424962052042048,1.0
ENSG00000243709,,,
ENSG00000143768,,,
ENSG00000185155,0.029178517217202927,,1.0
ENSG00000143772,,,1.0
ENSG00000228548,,,
ENSG00000185888,,,
ENSG00000143816,,,
ENSG00000270104,,,
ENSG00000237481,,,
ENSG00000177614,,,1.0
ENSG00000135773,,,
ENSG00000182118,-0.05201250806647205,-0.027545816738101758,1.0
ENSG00000119283,,,
ENSG00000143674,,,
ENSG00000183780,,,
ENSG00000168264,-0.10145141220642027,-0.07093192545261863,1.0
ENSG00000228044,,,
ENSG00000230628,,,
ENSG00000237520,,,
ENSG00000280587,,,
ENSG00000054267,0.17800407391044193,0.027613846065866452,1.0
ENSG00000086619,,,1.0
ENSG00000215808,,,
ENSG00000259776,,,
ENSG00000117009,,,
ENSG00000054282,-0.17206499796547753,-0.1477461678805927,1.0
ENSG00000117020,0.126440241274546,,
ENSG00000179456,,,
ENSG00000185420,0.20026553250133441,0.09452029857236695,1.0
ENSG00000235096,,,
ENSG00000235749,,,
ENSG00000196071,,,
ENSG00000203663,,,
ENSG00000196944,,,
ENSG00000233296,,,
ENSG00000272342,,,
ENSG00000235078,0.009726172405734309,0.18209340465111273,1.0
ENSG00000151360,,,
ENSG00000231532,,,
ENSG00000205837,,,
ENSG00000134321,-0.05462768349576476,-0.12228104927474762,1.0
ENSG00000231083,,,
ENSG00000235092,,,
ENSG00000115738,,0.08753555165160877,1.0
ENSG00000143797,,,
ENSG00000151693,,,
ENSG00000134330,-0.2650247598431024,-0.1620127292422335,1.0
ENSG00000151694,0.057252196972470755,0.19458137638821446,1.0
ENSG00000240687,,,
ENSG00000134317,0.10698789646307741,0.28205899976629495,1.0
ENSG00000171848,0.06479200641637517,0.10772167937937221,1.0
ENSG00000115758,-0.10923753665689148,-0.1699202646674594,1.0
ENSG00000243819,,,1.0
ENSG00000224184,0.3790712527517176,,1.0
ENSG00000223850,,,
ENSG00000197872,,,
ENSG00000236204,,,
ENSG00000219626,-0.04863086202867155,-0.029178517217202927,1.0
ENSG00000157856,,,
ENSG00000115155,,,
ENSG00000171303,,,
ENSG00000115163,-0.08031830168683192,-0.2009411410376015,1.0
ENSG00000084764,-0.04927867458639955,-0.3015113445777636,1.0
ENSG00000231636,,,
ENSG00000143994,,-0.1847972757089519,
ENSG00000163792,,,
ENSG00000163793,,,
ENSG00000157992,-0.009726172405734309,,0.9999999999999999
ENSG00000075426,0.2237019653318891,-0.126440241274546,1.0
ENSG00000270210,,,
ENSG00000163803,,,1.0
ENSG00000213639,-0.06279256670479462,0.12460285173730937,1.0
ENSG00000163811,-0.12786650031518068,-0.024935828592602096,1.0
ENSG00000233862,,,
ENSG00000119801,-0.0884117396991286,-0.024580713995068216,1.0
ENSG00000213626,-0.24530417250770917,-0.08333893496229336,1.0
ENSG00000158125,,,
ENSG00000091106,,,
ENSG00000152689,,,1.0
ENSG00000237133,,,
ENSG00000228262,,,
ENSG00000150938,0.06014897045104651,,1.0
ENSG00000115828,,,
ENSG00000163171,,,
ENSG00000235848,,,
ENSG00000138061,,,
ENSG00000232973,,,1.0
ENSG00000214694,,,
ENSG00000011566,-0.23250403221842736,-0.1431622050233835,0.9999999999999998
ENSG00000231312,-0.08740229626370283,-0.11722298548192484,1.0
ENSG00000152154,,,
ENSG00000183023,,,
ENSG00000234362,,,
ENSG00000205086,,,
ENSG00000162878,0.2626066549548263,0.07249519349860037,1.0
ENSG00000162881,,,
ENSG00000162882,,,
ENSG00000231826,,,
ENSG00000230587,,,
ENSG00000152518,-0.16615000008103561,-0.008653692699376518,1.0
ENSG00000152527,-0.32625791735197807,-0.09695249938905312,1.0
ENSG00000138079,,,1.0
ENSG00000236502,,,
ENSG00000225156,,,
ENSG00000116016,0.08753555165160877,-0.05804393055528838,1.0
ENSG00000187600,,,
ENSG00000260977,,,
ENSG00000222005,0.1847972757089519,,
ENSG00000273269,,,
ENSG00000143933,-0.25183284457478,-0.04985794173629876,0.9999999999999998
ENSG00000236824,-0.12116436957097462,-0.06240702458509756,1.0
ENSG00000230773,,,
ENSG00000282828,,,
ENSG00000272156,,,
ENSG00000234943,,,
ENSG00000214595,,,1.0
ENSG00000115310,0.09424276394556971,-0.34405645823173814,1.0
ENSG00000272180,,,
ENSG00000222030,,,1.0
ENSG00000270820,,-0.0331905705174315,1.0
ENSG00000226622,,,
ENSG00000231609,,,1.0
ENSG00000169764,-0.15383132811740607,-0.057803737895313734,1.0
ENSG00000225889,-0.14499038699720074,0.29494736112742087,1.0
ENSG00000119862,0.11130402068019585,-0.2637490690616675,1.0
ENSG00000260101,,,1.0
ENSG00000234572,,,
ENSG00000143995,0.029178517217202927,0.16551613455403336,1.0
ENSG00000230749,,,
ENSG00000232046,,,
ENSG00000236780,,,
ENSG00000115956,0.3015113445777636,,1.0
ENSG00000163219,0.1847972757089519,,1.0
ENSG00000163217,,,
ENSG00000183607,,,
ENSG00000115977,-0.20630092840551356,-0.18380855458143464,1.0
ENSG00000231024,,,
ENSG00000059728,0.1847972757089519,-0.0908373508898125,1.0
ENSG00000116039,,,
ENSG00000124357,-0.018557289645973273,0.16711549236797313,1.0
ENSG00000272735,,,
ENSG00000187833,,,
ENSG00000235499,,,
ENSG00000144045,,,
ENSG00000159374,,,
ENSG00000159399,0.12109092987982752,0.047829301804446625,1.0
ENSG00000270571,,,
ENSG00000115363,,,
ENSG00000176204,,,
ENSG00000066032,,,1.0
ENSG00000034510,0.1979472140762463,0.188049853372434,0.9999999999999998
ENSG00000042493,-0.17104098682588925,0.16777444092380486,1.0
ENSG00000118640,-0.1547488186187954,0.31205296561853996,1.0
ENSG00000168899,,,0.9999999999999999
ENSG00000115525,-0.0031892269535872737,-0.1519778755271863,1.0
ENSG00000232504,,,
ENSG00000272564,,,
ENSG00000068615,,,1.0
ENSG00000273445,,,
ENSG00000172086,0.2130577989470804,0.14589258608601463,1.0
ENSG00000211592,,,
ENSG00000233757,,,
ENSG00000274286,,,
ENSG00000158158,-0.05895693447175331,-0.2554800493775977,0.9999999999999999
ENSG00000273265,,,
ENSG00000168754,0.002107648614559097,-0.007711596547472383,1.0
ENSG00000168658,,,1.0
ENSG00000196872,,,
ENSG00000185674,,,
ENSG00000230393,,,
ENSG00000196460,,,
ENSG00000281162,,,
ENSG00000115590,,,
ENSG00000224850,,,1.0
ENSG00000224509,,,
ENSG00000233339,,,
ENSG00000232001,,,
ENSG00000144057,,,
ENSG00000198203,,,1.0
ENSG00000198075,,,
ENSG00000169756,-0.6097485927511516,0.07380803014645924,1.0
ENSG00000282033,,,
ENSG00000015568,,0.126440241274546,1.0
ENSG00000256977,,,
ENSG00000144061,,-0.2237019653318891,1.0
ENSG00000261760,,,
ENSG00000153094,0.1290957934023947,0.15753428702147293,1.0
ENSG00000225744,,,
ENSG00000188177,,0.14589258608601463,1.0
ENSG00000169629,,,
ENSG00000228251,,,
ENSG00000144136,0.039623793953711024,0.23368732416934745,1.0
ENSG00000125538,,,
ENSG00000136689,,,
ENSG00000234997,,,
ENSG00000272563,,,
ENSG00000227359,,,
ENSG00000244063,,,
ENSG00000228857,,,
ENSG00000259094,,,
ENSG00000229867,,,
ENSG00000155368,0.03577326766350105,-0.2269893808650103,1.0
ENSG00000080293,,,
ENSG00000074047,,,
ENSG00000265451,,,
ENSG00000224655,,,
ENSG00000136732,-0.0439882697947214,0.0975073313782991,0.9999999999999998
ENSG00000186684,,,
ENSG00000115718,,,
ENSG00000272789,,,
ENSG00000152076,,,
ENSG00000178171,,,
ENSG00000183840,,,
ENSG00000226806,,,
ENSG00000121966,,,
ENSG00000144229,,,
ENSG00000150540,,,1.0
ENSG00000115919,,,
ENSG00000169554,0.12294215230229226,0.09205718378545157,1.0
ENSG00000226674,,,
ENSG00000168280,,,1.0
ENSG00000231969,,,
ENSG00000123610,,,
ENSG00000183091,,,1.0
ENSG00000162989,,,1.0
ENSG00000226383,0.17163018701777075,,1.0
ENSG00000153234,-0.2626066549548263,,1.0
ENSG00000136541,,,
ENSG00000115165,-0.3015113445777636,,0.9999999999999999
ENSG00000271320,,,
ENSG00000153237,,,1.0
ENSG00000123636,-0.19062102715783294,-0.006522177518788175,0.9999999999999999
ENSG00000224152,0.13538259026847058,-0.027538082857105635,1.0
ENSG00000115271,,-0.2742735180085055,1.0
ENSG00000184611,,,
ENSG00000115339,,,
ENSG00000169432,-0.33670960353868007,-0.20613091163457453,1.0
ENSG00000235335,,,1.0
ENSG00000152253,0.08149369146761481,0.16615373424567376,0.9999999999999998
ENSG00000073734,,,
ENSG00000073737,,,
ENSG00000235321,,,
ENSG00000154479,,0.04863086202867155,1.0
ENSG00000231898,,,
ENSG00000213981,,,
ENSG00000222033,,,1.0
ENSG00000128683,0.2281632618588917,0.01073241824074926,1.0
ENSG00000071967,0.14589258608601463,-0.09858560124423299,1.0
ENSG00000115844,,-0.3015113445777636,1.0
ENSG00000232788,,,
ENSG00000224638,,,
ENSG00000271151,,,1.0
ENSG00000231453,0.10698789646307741,,1.0
ENSG00000115935,0.21474330753507528,0.029575680373269898,1.0
ENSG00000128645,,,
ENSG00000116044,0.20924474209859914,0.00910667544782205,1.0
ENSG00000237655,,,
ENSG00000128655,,-0.029178517217202927,1.0
ENSG00000229941,,,
ENSG00000271011,,,
ENSG00000163492,,,
ENSG00000115232,,,
ENSG00000162992,,,
ENSG00000162998,,,
ENSG00000188738,,,
ENSG00000231646,,-0.1847972757089519,
ENSG00000237877,,-0.20424962052042048,1.0
ENSG00000144369,,,1.0
ENSG00000003436,-0.30042255261838335,0.5036166707135923,1.0
ENSG00000138449,-0.05269228747908812,0.01976096615289798,0.9999999999999999
ENSG00000235852,,,
ENSG00000138378,,,
ENSG00000128641,,,
ENSG00000173559,-0.06687867256961186,-0.28343000349754,1.0
ENSG00000235056,,,
ENSG00000223466,,,
ENSG00000272211,0.3015113445777636,,0.9999999999999999
ENSG00000138411,,,
ENSG00000229056,0.14586382306344894,,1.0
ENSG00000187944,,,
ENSG00000065413,,,
ENSG00000225979,,,
ENSG00000144381,-0.04655425219941349,0.14609110133761072,1.0
ENSG00000270757,,,
ENSG00000115896,,,
ENSG00000163535,0.22338365026417342,-0.037592198792479346,0.9999999999999999
ENSG00000232719,,,
ENSG00000003402,-0.0035830026447504645,-0.09299939601851256,1.0
ENSG00000226312,,,
ENSG00000155749,,,
ENSG00000155754,,,
ENSG00000138395,,,1.0
ENSG00000273209,,,
ENSG00000155760,,,1.0
ENSG00000182329,,,1.0
ENSG00000222035,,,
ENSG00000272966,,,1.0
ENSG00000138380,,0.029178517217202927,1.0
ENSG00000178562,,,
ENSG00000204186,,,
ENSG00000260171,,,
ENSG00000144410,,,
ENSG00000118263,,,
ENSG00000234902,,,
ENSG00000224137,,,
ENSG00000144407,-0.09058579887205799,0.1847972757089519,1.0
ENSG00000144406,,,
ENSG00000229127,,-0.04863086202867155,
ENSG00000030419,0.14589258608601463,0.126440241274546,1.0
ENSG00000144451,,,1.0
ENSG00000115414,,,1.0
ENSG00000163449,,,1.0
ENSG00000241520,-0.04863086202867155,,1.0
ENSG00000115457,0.02124890937825145,-0.1149287172856549,1.0
ENSG00000115461,,,
ENSG00000118245,,,
ENSG00000259855,,,
ENSG00000079308,,,
ENSG00000180871,-0.126440241274546,,1.0
ENSG00000179921,,,1.0
ENSG00000127831,,,1.0
ENSG00000144580,-0.08783498089867164,0.046157504658844224,1.0
ENSG00000115596,,,
ENSG00000135925,,,
ENSG00000171450,,,
ENSG00000163497,0.2750021827814432,0.08169472592478556,1.0
ENSG00000163499,-0.26451053270640934,-0.2237019653318891,1.0
ENSG00000135924,,,1.0
ENSG00000230432,,,
ENSG00000144591,-0.24502905225814908,-0.08114848714738086,1.0
ENSG00000072182,0.45496107404739955,-0.06891259957552061,1.0
ENSG00000114923,0.3015113445777636,-0.262630724122647,1.0
ENSG00000163082,,,1.0
ENSG00000152049,,,
ENSG00000144460,,,
ENSG00000232023,,,
ENSG00000226125,,,
ENSG00000232520,,,
ENSG00000115053,0.11070381231671556,0.10483870967741933,1.0
ENSG00000187514,0.07441348973607037,-0.17045454545454544,0.9999999999999998
ENSG00000196811,,,
ENSG00000115474,,,
ENSG00000072080,,,
ENSG00000232893,,,
ENSG00000124835,,,
ENSG00000163359,,0.10698789646307741,
ENSG00000234949,,,
ENSG00000132329,,,
ENSG00000168427,,,1.0
ENSG00000280260,,,
ENSG00000063660,,,
ENSG00000178623,,,
ENSG00000185176,,,
ENSG00000219159,,,
ENSG00000172482,,,
ENSG00000091181,,,
ENSG00000223727,,,
ENSG00000231249,0.28205899976629495,,
ENSG00000150995,0.1409638313485575,0.26814487233819656,1.0
ENSG00000235947,,,
ENSG00000235978,-0.1065288994735402,-0.2249097870589108,1.0
ENSG00000134107,0.0869964485511728,-0.204130186105706,1.0
ENSG00000233912,,,
ENSG00000268509,,,1.0
ENSG00000196277,,,
ENSG00000071282,,,
ENSG00000196220,,,
ENSG00000206573,0.0011017278947902604,-0.3478124609010817,0.9999999999999998
ENSG00000269886,,,
ENSG00000163703,0.15116935760003675,-0.3090605323292669,1.0
ENSG00000206567,,0.16534493089748323,
ENSG00000163705,,,
ENSG00000157017,,,1.0
ENSG00000132164,,,
ENSG00000157150,,,1.0
ENSG00000132170,,,
ENSG00000163520,-0.10698789646307741,,1.0
ENSG00000224514,,,
ENSG00000251576,,,
ENSG00000144596,,,1.0
ENSG00000154783,,,
ENSG00000249786,0.009726172405734309,,1.0
ENSG00000206561,-0.16534493089748323,,1.0
ENSG00000206560,0.30855387571889104,-0.36985932557436857,1.0
ENSG00000233153,,,
ENSG00000224074,,,
ENSG00000077092,,,
ENSG00000163491,,,
ENSG00000225548,,,
ENSG00000144642,,,
ENSG00000163513,-0.04668104279147187,,1.0
ENSG00000144645,,,
ENSG00000091317,-0.2977436585531395,-0.25863807275704986,1.0
ENSG00000183813,,,
ENSG00000236452,,,
ENSG00000172995,,,
ENSG00000163673,,,
ENSG00000279727,,,
ENSG00000168016,,-0.1314521279703537,1.0
ENSG00000271993,,-0.20424962052042048,1.0
ENSG00000271653,,,
ENSG00000060971,0.3119952458486702,0.08596706890310662,1.0
ENSG00000172940,,,
ENSG00000168356,,,
ENSG00000144655,0.16534493089748323,0.19433952474022387,1.0
ENSG00000168334,,,
ENSG00000168314,,,
ENSG00000114784,-0.1775498941810344,-0.22475144302264902,1.0
ENSG00000177842,,,1.0
ENSG00000168036,-0.08992842004724273,0.08548174920023596,0.9999999999999998
ENSG00000157093,,,
ENSG00000280571,,,
ENSG00000225611,,,
ENSG00000234617,,,
ENSG00000225873,0.2237019653318891,0.058520216438629216,1.0
ENSG00000163815,,,
ENSG00000163814,,,
ENSG00000249992,-0.30909485566574224,-0.24684616620765498,1.0
ENSG00000163817,,,
ENSG00000173585,,,
ENSG00000163823,,,
ENSG00000223552,,,
ENSG00000121797,0.18429500997836962,0.06808320684014017,0.9999999999999999
ENSG00000178038,,,
ENSG00000160801,,,
ENSG00000260236,0.0637608328361184,-0.08753555165160877,1.0
ENSG00000164047,,,
ENSG00000145040,,,
ENSG00000221883,,-0.07494683340930092,1.0
ENSG00000235236,,,
ENSG00000272434,,,1.0
ENSG00000226913,,0.009726172405734309,
ENSG00000187492,,,
ENSG00000182179,,,0.9999999999999999
ENSG00000228008,,,1.0
ENSG00000281691,,,1.0
ENSG00000235016,,,
ENSG00000001617,,,
ENSG00000114353,0.03418208616253725,0.07831591892935748,1.0
ENSG00000230454,,,1.0
ENSG00000012171,,,1.0
ENSG00000186792,-0.024639337293199774,0.25241757201491305,1.0
ENSG00000114735,-0.06651252022194928,0.08406362135326982,1.0
ENSG00000114737,-0.3754658771045424,0.13538259026847058,1.0
ENSG00000145050,-0.0303555848260735,0.051402020994855545,1.0
ENSG00000184345,,,
ENSG00000023330,0.1072393894882878,0.04528702274093928,1.0
ENSG00000055955,,,
ENSG00000272305,,,
ENSG00000163931,-0.14507751857601914,-0.029923323773752116,1.0
ENSG00000157388,,,1.0
ENSG00000186451,,,
ENSG00000163666,0.1527639710768304,0.2076186746785315,1.0
ENSG00000163687,,,
ENSG00000273493,,,
ENSG00000168297,-0.08834158661436747,0.24939754777052478,1.0
ENSG00000272182,,-0.04863086202867155,1.0
ENSG00000168309,,,
ENSG00000163632,,,
ENSG00000243410,,,
ENSG00000144746,0.4300917235737296,-0.24301188525866388,0.9999999999999998
ENSG00000163380,,,1.0
ENSG00000114541,,-0.2237019653318891,1.0
ENSG00000270562,,,
ENSG00000241163,,,
ENSG00000172969,,,
ENSG00000169855,,,1.0
ENSG00000175161,,-0.25285974117885307,1.0
ENSG00000184500,0.3753875505258084,-0.21583571602011098,1.0
ENSG00000064225,,,
ENSG00000144810,,,
ENSG00000168386,,0.028386672153066412,1.0
ENSG00000154175,,,
ENSG00000081148,,,
ENSG00000144815,-0.1562721207257764,0.40799843811974923,1.0
ENSG00000144802,-0.009726172405734309,-0.19171921654147928,1.0
ENSG00000170017,,,1.0
ENSG00000114423,-0.07817252792921366,0.27972894691691513,1.0
ENSG00000239828,,,
ENSG00000273125,,,
ENSG00000241469,,,
ENSG00000196776,-0.2488729777933933,-0.2228920577661186,1.0
ENSG00000144821,,,
ENSG00000228980,,,
ENSG00000206532,,,1.0
ENSG00000239482,,,
ENSG00000243081,,,
ENSG00000186265,,,
ENSG00000091986,0.28205899976629495,,0.9999999999999999
ENSG00000206531,,,
ENSG00000273394,,,
ENSG00000241490,,,
ENSG00000259976,,,
ENSG00000181722,,,
ENSG00000242767,,,
ENSG00000185565,,,
ENSG00000240922,,,
ENSG00000243276,,,
ENSG00000144837,,,
ENSG00000121577,0.16534493089748323,,1.0
ENSG00000138495,-0.09787390029325513,0.11986803519061583,1.0
ENSG00000282950,,,
ENSG00000163430,,,
ENSG00000186103,,,1.0
ENSG00000180353,,,
ENSG00000163406,,,1.0
ENSG00000114013,,,
ENSG00000121552,,,1.0
ENSG00000065534,,,
ENSG00000221955,,,
ENSG00000248787,,,
ENSG00000144908,,,
ENSG00000159650,,,
ENSG00000163870,-0.00645844533940076,0.02786611357067161,1.0
ENSG00000114626,,0.07598893776359315,1.0
ENSG00000074416,,,
ENSG00000179348,-0.17186528073830315,-0.005920241561117364,1.0
ENSG00000184897,-0.1169254763289571,-0.3249081883829011,0.9999999999999998
ENSG00000172771,,,1.0
ENSG00000129071,0.09207219949466097,-0.09126118501040889,1.0
ENSG00000172752,,,
ENSG00000014257,,,
ENSG00000170819,,,
ENSG00000249993,,,
ENSG00000272832,,,1.0
ENSG00000091513,-0.24315431014335773,-0.0336272885505556,1.0
ENSG00000174640,,,
ENSG00000243832,,,
ENSG00000154928,,,
ENSG00000261758,,,0.9999999999999999
ENSG00000273486,,0.10698789646307741,1.0
ENSG00000066405,,,
ENSG00000272609,,,
ENSG00000183770,0.07571981111954453,-0.13586297538021133,1.0
ENSG00000206262,,,1.0
ENSG00000114113,,,
ENSG00000158258,,,
ENSG00000177311,0.12844627999383687,-0.40395278613610314,1.0
ENSG00000114124,,,
ENSG00000243733,,,
ENSG00000174963,,,
ENSG00000242440,,,
ENSG00000047457,,-0.24315431014335773,
ENSG00000169908,,,
ENSG00000240541,,,
ENSG00000206199,,,
ENSG00000070087,,,1.0
ENSG00000243944,,,
ENSG00000244541,,,
ENSG00000174944,,,
ENSG00000198829,,,
ENSG00000239941,,,
ENSG00000221962,,,
ENSG00000241220,,,
ENSG00000114790,,,1.0
ENSG00000196549,,,
ENSG00000169282,,,1.0
ENSG00000240875,,,
ENSG00000241544,,,
ENSG00000163660,-0.12620878600745652,-0.10370672132173574,1.0
ENSG00000163661,,,
ENSG00000242536,,,
ENSG00000243150,-0.15657713138789944,-0.1907921341726627,1.0
ENSG00000272247,,0.2237019653318891,
ENSG00000113810,0.17964605278678164,-0.02789149314713932,1.0
ENSG00000244128,,,
ENSG00000174776,,,
ENSG00000173905,-0.01071582086138101,0.17037071983633753,0.9999999999999998
ENSG00000269889,,,
ENSG00000269984,,,
ENSG00000270135,,,
ENSG00000187033,,,
ENSG00000240373,,,
ENSG00000136603,-0.18673272706260605,0.2779822514833744,1.0
ENSG00000163584,-0.06558672376233164,-0.13583122610165005,1.0
ENSG00000075651,,-0.00960779672873017,1.0
ENSG00000075420,0.0852475493111897,0.06633592063461528,1.0
ENSG00000121858,,,1.0
ENSG00000228221,,,
ENSG00000172667,0.4378808607275327,-0.30503544855568565,0.9999999999999999
ENSG00000242522,,,
ENSG00000114796,0.02725601916752324,0.20424962052042048,1.0
ENSG00000238020,,,
ENSG00000175182,,,1.0
ENSG00000272970,0.14589258608601463,,
ENSG00000073803,0.2626066549548263,,0.9999999999999999
ENSG00000163898,0.16796821229963282,0.07701180477712881,1.0
ENSG00000058866,,,
ENSG00000263826,-0.28205899976629495,,1.0
ENSG00000156976,-0.18070086486435147,-0.2364885258849665,1.0
ENSG00000127241,,,
ENSG00000136514,,,
ENSG00000113916,0.1847972757089519,,
ENSG00000224855,,,
ENSG00000114315,0.07581264086049745,0.2578882146813063,1.0
ENSG00000238097,,,
ENSG00000178772,,,
ENSG00000172061,,,
ENSG00000185112,,,1.0
ENSG00000230401,,,
ENSG00000114331,0.08642925744559644,-0.1978506489210883,1.0
ENSG00000223711,,,
ENSG00000189058,,,
ENSG00000176945,,,1.0
ENSG00000145113,,,1.0
ENSG00000223783,,,1.0
ENSG00000226155,,,
ENSG00000072274,-0.0953166533193947,0.040726489339985815,0.9999999999999998
ENSG00000163961,0.1733086797395066,0.3401707672725079,0.9999999999999998
ENSG00000232065,,,1.0
ENSG00000225578,,,
ENSG00000161267,,,
ENSG00000236833,,,
ENSG00000133256,,,
ENSG00000272927,,,
ENSG00000272588,,-0.16534493089748323,1.0
ENSG00000127415,,,1.0
ENSG00000280927,,,1.0
ENSG00000272783,,,
ENSG00000244459,-0.20424962052042048,,1.0
ENSG00000068078,-0.20073813030048052,-0.2985707930823031,1.0
ENSG00000243449,-0.0007331378299120235,0.03115835777126099,0.9999999999999998
ENSG00000130997,,,
ENSG00000175920,,,
ENSG00000163956,-0.0597613086500095,-0.13889352424174622,0.9999999999999998
ENSG00000270090,,,
ENSG00000248516,,,
ENSG00000163132,0.35655557341105715,-0.19151619872207032,1.0
ENSG00000170891,,,
ENSG00000072840,,,
ENSG00000074211,,,
ENSG00000246526,,,1.0
ENSG00000163993,,,
ENSG00000245468,,,
ENSG00000178597,,,
ENSG00000163995,,,
ENSG00000125089,,,
ENSG00000248986,,,
ENSG00000251615,,,1.0
ENSG00000205959,,,
ENSG00000109625,,,
ENSG00000109684,,,1.0
ENSG00000251210,,,
ENSG00000248360,,,
ENSG00000247624,,,
ENSG00000249252,,,
ENSG00000273133,,,
ENSG00000137440,,,
ENSG00000137441,,,
ENSG00000263327,,,1.0
ENSG00000248138,,,
ENSG00000047662,,,
ENSG00000145147,,,
ENSG00000185774,,,
ENSG00000272995,,,
ENSG00000251292,,,
ENSG00000109610,,,
ENSG00000181982,,,
ENSG00000153012,,,
ENSG00000271172,,,
ENSG00000109689,-0.05426060787660637,-0.0009639495684340478,1.0
ENSG00000047365,,,
ENSG00000154274,,,
ENSG00000248227,,,
ENSG00000174125,,,
ENSG00000121895,,,1.0
ENSG00000134962,,,
ENSG00000163683,-0.01304435503757635,0.030436828421011485,1.0
ENSG00000168421,0.1702366210862847,-0.08145373853267703,1.0
ENSG00000249241,,,1.0
ENSG00000174343,,,
ENSG00000124406,,,
ENSG00000260519,,,
ENSG00000251350,,,
ENSG00000151834,,,
ENSG00000145246,,,
ENSG00000250302,,,
ENSG00000248115,,,
ENSG00000072201,,,
ENSG00000134853,,,
ENSG00000251264,,,
ENSG00000157404,,,1.0
ENSG00000270147,,,1.0
ENSG00000163453,,,
ENSG00000249892,,,
ENSG00000205682,,,
ENSG00000250125,,,
ENSG00000249413,,,
ENSG00000035720,,,1.0
ENSG00000187054,,,
ENSG00000198092,,,
ENSG00000185873,,,
ENSG00000213759,,,
ENSG00000250696,,,
ENSG00000178522,,,
ENSG00000132464,,,
ENSG00000132465,,,
ENSG00000080493,,,
ENSG00000169429,,,
ENSG00000109321,0.20700434770082274,,1.0
ENSG00000260265,,,
ENSG00000250735,,,
ENSG00000174792,,,
ENSG00000229717,,,1.0
ENSG00000169245,,,
ENSG00000138764,0.13044355037576352,,1.0
ENSG00000138772,-0.2237019653318891,0.15013514528360294,1.0
ENSG00000251442,-0.3015113445777636,-0.4031182869334314,1.0
ENSG00000138756,-0.03591282470241255,0.2948676180864277,1.0
ENSG00000248408,,,
ENSG00000163297,0.15459818372593093,-0.15218414210505743,0.9999999999999999
ENSG00000197826,,,
ENSG00000249242,0.14589258608601463,,1.0
ENSG00000145287,,,
ENSG00000173083,,,
ENSG00000138678,,,1.0
ENSG00000163623,,,
ENSG00000273389,,,
ENSG00000163629,,,
ENSG00000145283,,,
ENSG00000198189,0.29870309694728514,0.14100169231400356,1.0
ENSG00000152583,,,
ENSG00000152591,,,
ENSG00000118777,,,
ENSG00000138642,,,1.0
ENSG00000138646,,,
ENSG00000145335,,,
ENSG00000163106,,,
ENSG00000260641,,,
ENSG00000172955,,,
ENSG00000196616,,,1.0
ENSG00000070190,,,1.0
ENSG00000138814,-0.09474478614028346,0.09129645797842226,1.0
ENSG00000109323,0.08044018939838751,-0.040822105005917105,1.0
ENSG00000138778,0.3859104613257706,0.0314288208893078,1.0
ENSG00000168772,,,
ENSG00000248242,,,
ENSG00000248373,,,
ENSG00000168743,,,
ENSG00000246774,,,
ENSG00000138792,,,
ENSG00000073331,-0.04863086202867155,,0.9999999999999999
ENSG00000145362,,,
ENSG00000145349,,,
ENSG00000250791,,,
ENSG00000236922,,,
ENSG00000150961,0.10698789646307741,-0.06808320684014017,1.0
ENSG00000172403,,,
ENSG00000172399,,,
ENSG00000145390,0.10851667332313142,0.18345828522678218,1.0
ENSG00000145384,,,
ENSG00000250938,,,1.0
ENSG00000050730,,,
ENSG00000164111,0.14799263187529837,-0.5052121449205884,1.0
ENSG00000145386,-0.3958375484392024,0.17548235738903062,1.0
ENSG00000138688,-0.35727039075139677,0.05451203833504648,1.0
ENSG00000227145,,,
ENSG00000181004,,,1.0
ENSG00000251526,,,
ENSG00000249464,,,
ENSG00000196159,,,
ENSG00000250945,,,
ENSG00000142731,0.08002831159825972,-0.21431574618898344,1.0
ENSG00000273077,,,
ENSG00000248187,,0.20424962052042048,
ENSG00000077684,-0.013784997500495685,-0.050737658870462124,1.0
ENSG00000138650,,,
ENSG00000151012,-0.03116151481198795,,1.0
ENSG00000249381,,,
ENSG00000250977,,,
ENSG00000250501,0.20424962052042048,,1.0
ENSG00000137463,,,
ENSG00000273247,0.07487454388335092,0.033453020150544084,1.0
ENSG00000261268,,,
ENSG00000197465,0.07932842956900774,0.2370518111081433,1.0
ENSG00000250361,0.10099899226728169,-0.06158357771260996,1.0
ENSG00000170180,-0.2602639296187683,0.04894143545438152,1.0
ENSG00000251298,,,
ENSG00000250252,,,
ENSG00000249690,,,1.0
ENSG00000181541,,,
ENSG00000145425,0.10227272727272727,-0.09677419354838708,0.9999999999999998
ENSG00000251611,,,
ENSG00000245954,,,
ENSG00000270883,,,
ENSG00000170006,-0.14589258608601463,0.09171078695606072,1.0
ENSG00000109654,0.3015113445777636,,1.0
ENSG00000145428,,,
ENSG00000256043,,,1.0
ENSG00000109738,,,
ENSG00000248429,,,
ENSG00000052795,0.011924909156388068,0.4354642175400811,1.0
ENSG00000164123,,,
ENSG00000249419,,,
ENSG00000248431,,,
ENSG00000164128,,,
ENSG00000109472,,,
ENSG00000248601,,,
ENSG00000181381,,,1.0
ENSG00000129116,,,
ENSG00000109572,-0.06123360612726674,0.022259830425257726,1.0
ENSG00000251061,,,
ENSG00000174473,,,
ENSG00000164104,-0.02970297229412897,0.19778205563774398,0.9999999999999998
ENSG00000164106,,,1.0
ENSG00000164120,,,1.0
ENSG00000251584,,,
ENSG00000168594,,,
ENSG00000150628,,,
ENSG00000249008,,,
ENSG00000248197,,,
ENSG00000177822,,,
ENSG00000248694,,,
ENSG00000251128,,,
ENSG00000173320,,,
ENSG00000164303,,,
ENSG00000180712,,,
ENSG00000168310,0.24315431014335773,-0.1529088284960339,1.0
ENSG00000271646,,,1.0
ENSG00000271538,,,1.0
ENSG00000151725,-0.2293003123063606,-0.009226003768307406,1.0
ENSG00000151726,0.06808320684014017,0.19433952474022387,1.0
ENSG00000251139,,,
ENSG00000251230,,0.0260887100751527,1.0
ENSG00000250410,,,
ENSG00000249679,,,
ENSG00000154553,,,
ENSG00000164342,,,
ENSG00000179046,,,
ENSG00000184108,,,
ENSG00000247130,,,
ENSG00000248370,,,
ENSG00000245685,,,
ENSG00000109536,0.3250097289631268,-0.004039668947564288,1.0
ENSG00000205097,,,
ENSG00000249430,,,
ENSG00000248925,,,
ENSG00000171368,,,
ENSG00000249201,,,1.0
ENSG00000174358,,0.10698789646307741,1.0
ENSG00000250584,,,
ENSG00000142319,,,
ENSG00000260763,,,
ENSG00000215218,,,
ENSG00000250060,,,
ENSG00000223597,,,
ENSG00000078295,,,
ENSG00000272049,,,
ENSG00000247516,-0.20391757680710423,-0.08548381973517383,1.0
ENSG00000271715,,,1.0
ENSG00000249166,,,
ENSG00000249396,,,
ENSG00000250576,,,
ENSG00000154153,-0.029178517217202927,,
ENSG00000271892,,,
ENSG00000249937,,,
ENSG00000251629,,,
ENSG00000245662,,,
ENSG00000273294,,,
ENSG00000245711,,,1.0
ENSG00000079215,,,
ENSG00000272103,,,
ENSG00000168621,,,
ENSG00000113594,,,
ENSG00000249740,,,
ENSG00000145623,,,
ENSG00000164327,-0.1652855305580915,0.06289167788302288,0.9999999999999999
ENSG00000082074,,,
ENSG00000153071,0.10183797868554532,0.11349108072418981,0.9999999999999999
ENSG00000198865,,,1.0
ENSG00000250722,-0.10223460117651031,-0.1806833747456027,0.9999999999999998
ENSG00000272234,,,
ENSG00000251131,,,1.0
ENSG00000177721,0.33199852586843515,0.21630840743587593,1.0
ENSG00000272144,-0.04863086202867155,,1.0
ENSG00000164588,,,
ENSG00000151883,,,
ENSG00000251573,,,
ENSG00000016082,,,
ENSG00000248898,,,
ENSG00000134363,-0.21573870836330472,-0.08865376072419201,1.0
ENSG00000250447,,,
ENSG00000164287,,,
ENSG00000067113,,,1.0
ENSG00000152670,,,
ENSG00000134352,0.3068036329350957,-0.11066617528947839,1.0
ENSG00000262211,,,
ENSG00000164512,,,
ENSG00000169067,,,
ENSG00000145632,,,
ENSG00000175857,,,
ENSG00000248733,,,
ENSG00000113448,,,1.0
ENSG00000152931,,-0.14589258608601463,
ENSG00000134061,,,
ENSG00000145675,0.13406698233064585,,1.0
ENSG00000134057,-0.06533537988029271,0.24792829583713724,1.0
ENSG00000164326,,,
ENSG00000131711,0.027486769009554785,0.14383928771622975,1.0
ENSG00000178175,,,
ENSG00000249085,,,
ENSG00000157111,,,
ENSG00000214944,,,
ENSG00000049860,0.45088877009041645,0.17512393128276355,0.9999999999999999
ENSG00000198780,,,
ENSG00000249856,,,
ENSG00000122012,0.06808320684014017,,
ENSG00000250348,,,
ENSG00000145703,0.044860709966547584,0.04951660593633032,1.0
ENSG00000164220,,,
ENSG00000171643,-0.2237019653318891,,0.9999999999999999
ENSG00000145708,,,
ENSG00000113273,,,1.0
ENSG00000164309,,,1.0
ENSG00000249655,,,1.0
ENSG00000113319,,,
ENSG00000131730,,,
ENSG00000172497,,,
ENSG00000281327,,,
ENSG00000250874,0.14589258608601463,,1.0
ENSG00000249153,,,
ENSG00000250544,,,
ENSG00000245526,,,
ENSG00000081189,0.036873983591608775,0.03672426315967534,0.9999999999999998
ENSG00000113369,-0.09348454443596385,0.10698789646307741,1.0
ENSG00000251361,,,
ENSG00000237187,,,
ENSG00000164292,0.06659331365051734,-0.05815449153502478,0.9999999999999998
ENSG00000173221,0.1679195788244198,0.3792646071395787,0.9999999999999999
ENSG00000251314,,,
ENSG00000250955,,,
ENSG00000248734,,,
ENSG00000272109,,,
ENSG00000164308,,0.2237019653318891,1.0
ENSG00000145721,,,
ENSG00000174136,,,
ENSG00000113532,,,
ENSG00000205359,,,1.0
ENSG00000249017,,,
ENSG00000198961,-0.13636486536197356,-0.10496090100504302,1.0
ENSG00000250882,,,
ENSG00000171444,,,
ENSG00000080709,,,
ENSG00000152503,,,
ENSG00000249249,,0.1847972757089519,1.0
ENSG00000092421,,,
ENSG00000249167,,,
ENSG00000145779,0.0711197610649962,0.1629561997037028,0.9999999999999999
ENSG00000133835,0.014032598595784004,0.03537483338763655,1.0
ENSG00000164334,,,
ENSG00000184838,,,
ENSG00000168938,0.05441691277821838,-0.10085218923358706,1.0
ENSG00000253807,,,
ENSG00000155324,,,
ENSG00000250602,,,
ENSG00000164904,,,
ENSG00000251072,,,
ENSG00000138829,,,
ENSG00000186367,,,1.0
ENSG00000217128,0.11876622563201256,-0.10994892622812157,1.0
ENSG00000234758,,,
ENSG00000231585,,,
ENSG00000164400,,,
ENSG00000131435,0.33758303960492825,-0.08753555165160877,1.0
ENSG00000125347,0.1847972757089519,0.21813060368391565,1.0
ENSG00000223442,,,
ENSG00000072364,-0.1674862375154158,-0.06723399080443518,1.0
ENSG00000053108,,,
ENSG00000249478,,,
ENSG00000248559,,,
ENSG00000069011,-0.04839153168523116,-0.14627440259399416,0.9999999999999998
ENSG00000270021,,,1.0
ENSG00000249639,,,
ENSG00000152377,,,
ENSG00000078795,,,1.0
ENSG00000061492,,,
ENSG00000120738,-0.24315431014335773,0.05721006233925692,1.0
ENSG00000184584,-0.15023100339468992,-0.20045357720396126,1.0
ENSG00000271792,,,
ENSG00000170458,,,
ENSG00000255408,,,
ENSG00000251664,,,
ENSG00000272108,,,
ENSG00000272070,,,1.0
ENSG00000204956,,,1.0
ENSG00000254245,,,
ENSG00000253485,,,1.0
ENSG00000253731,,,1.0
ENSG00000253537,,,
ENSG00000253767,,,1.0
ENSG00000276547,,,
ENSG00000253305,,,
ENSG00000253846,,,
ENSG00000253159,,,
ENSG00000120318,,,1.0
ENSG00000113555,,,
ENSG00000236714,,,
ENSG00000250842,,,
ENSG00000156463,,,
ENSG00000091010,,,
ENSG00000176049,,,
ENSG00000164266,,,
ENSG00000164265,,,
ENSG00000133710,,,0.9999999999999999
ENSG00000178172,,,
ENSG00000247199,,,
ENSG00000169252,,,
ENSG00000173210,,,
ENSG00000249669,,,
ENSG00000132915,-0.126440241274546,,1.0
ENSG00000155850,0.11310997057914156,-0.2237019653318891,1.0
ENSG00000182578,,,
ENSG00000011083,,,
ENSG00000070808,,,
ENSG00000183876,,,
ENSG00000019582,,,
ENSG00000254333,,,
ENSG00000171992,,,
ENSG00000164591,,,
ENSG00000256235,,,1.0
ENSG00000186335,,,
ENSG00000113140,0.3338867062376834,-0.014693041700899573,1.0
ENSG00000272112,,,
ENSG00000113196,,,
ENSG00000170271,-0.08865376072419201,-0.23015040345639998,0.9999999999999999
ENSG00000135077,,,
ENSG00000113263,,,
ENSG00000170613,,,
ENSG00000055163,,,1.0
ENSG00000248544,,,
ENSG00000135074,,-0.28205899976629495,1.0
ENSG00000247699,,,
ENSG00000135083,,0.06808320684014017,0.9999999999999999
ENSG00000164611,0.026759530791788853,0.24788877632780856,1.0
ENSG00000280776,,,
ENSG00000113327,,,1.0
ENSG00000250061,,,1.0
ENSG00000072571,-0.21960199070960632,-0.2065166443960255,1.0
ENSG00000241956,,,1.0
ENSG00000254297,,,
ENSG00000253978,,,
ENSG00000043462,-0.02489292788807362,0.011800139728272912,1.0
ENSG00000250274,,,
ENSG00000145936,,,1.0
ENSG00000094755,,,
ENSG00000181163,-0.02309384164222874,0.17925219941348972,0.9999999999999998
ENSG00000214357,,,
ENSG00000120129,0.10698789646307741,,1.0
ENSG00000113732,-0.14996514927679203,0.3358079016944829,1.0
ENSG00000164463,0.0947678131879294,-0.04760226561052675,1.0
ENSG00000253686,,,
ENSG00000113742,0.07639300329839828,-0.1280262262696803,1.0
ENSG00000170091,,,
ENSG00000182230,,,0.9999999999999999
ENSG00000160883,,,
ENSG00000196570,,,
ENSG00000146094,-0.024019491821825428,-0.35049604219924135,1.0
ENSG00000175309,0.16005662319651945,-0.15145945571408098,1.0
ENSG00000178187,,,
ENSG00000113262,,,
ENSG00000234284,,,
ENSG00000169045,-0.14859665029454283,0.014158389011854849,1.0
ENSG00000213316,,,
ENSG00000161011,-0.4371204214954584,-0.1769886437185502,1.0
ENSG00000113269,0.09659176416674335,-0.12405623381829556,1.0
ENSG00000250509,,,
ENSG00000113303,,,
ENSG00000165810,,0.24315431014335773,1.0
ENSG00000238035,,,
ENSG00000112679,-0.04549610740473996,0.01557664685887773,0.9999999999999999
ENSG00000271727,,,
ENSG00000272485,,,
ENSG00000272465,,,
ENSG00000021355,0.0652341328334513,0.038582483240294174,0.9999999999999998
ENSG00000170542,-0.2237019653318891,0.2038753337238011,1.0
ENSG00000228170,,,
ENSG00000137267,0.1753741066163043,0.126440241274546,1.0
ENSG00000137285,-0.008611260452534348,-0.25053385879092116,1.0
ENSG00000230648,0.23670117395326146,,1.0
ENSG00000145975,,,
ENSG00000260239,,,
ENSG00000124782,-0.23647817455353068,0.02812450127297368,1.0
ENSG00000238221,,,
ENSG00000261189,,,
ENSG00000230939,0.1847972757089519,,
ENSG00000181355,,,
ENSG00000137203,-0.09162661762699302,-0.2626066549548263,0.9999999999999998
ENSG00000229950,,0.20424962052042048,
ENSG00000229401,,0.1847972757089519,1.0
ENSG00000111846,-0.08333893496229336,0.006697376602533274,0.9999999999999999
ENSG00000237685,,,
ENSG00000272097,,,
ENSG00000124827,0.24315431014335773,,
ENSG00000244476,,,
ENSG00000111863,,0.28205899976629495,0.9999999999999999
ENSG00000112137,0.36410722624171565,0.11952974648582192,1.0
ENSG00000180537,,,
ENSG00000237346,,,
ENSG00000007944,-0.08407717579393227,0.008319393764816769,1.0
ENSG00000124788,,,1.0
ENSG00000124795,0.2162756598240469,0.05168621700879765,1.0
ENSG00000228412,,,
ENSG00000227803,,,
ENSG00000124766,0.16600814719039042,0.2544185653616696,1.0
ENSG00000272168,,,1.0
ENSG00000172179,,,
ENSG00000137261,,,
ENSG00000111913,,,1.0
ENSG00000272053,-0.08753555165160877,,1.0
ENSG00000079691,0.16885192909751612,-0.0623230296239759,1.0
ENSG00000164508,,,
ENSG00000112343,-0.17861391284249276,0.21630840743587593,1.0
ENSG00000187837,0.11546920821114366,-0.13545962846737056,0.9999999999999998
ENSG00000197061,-0.22177419354838707,0.043255131964809374,0.9999999999999998
ENSG00000180573,0.23355771762149216,0.26658123767354974,1.0
ENSG00000158373,-0.08005174443938388,-0.27198027637379574,1.0
ENSG00000274290,,0.04863086202867155,1.0
ENSG00000282988,-0.12852584622956714,0.19566532556364527,1.0
ENSG00000276966,0.33552979902210284,-0.024356442660339917,1.0
ENSG00000273802,-0.21953951421085438,-0.26096188564649914,0.9999999999999999
ENSG00000158406,-0.12782339734230672,0.22495553500687626,0.9999999999999999
ENSG00000275846,,,
ENSG00000272312,,,
ENSG00000124635,0.17569764189708148,-0.17421388364318613,1.0
ENSG00000271755,,,1.0
ENSG00000278828,0.05807796149815138,0.0004819747842170239,1.0
ENSG00000198704,,,
ENSG00000204709,,0.2237019653318891,0.9999999999999999
ENSG00000243729,,,
ENSG00000204655,,,
ENSG00000204642,,,
ENSG00000206503,0.1602755181565442,0.2314605575557723,1.0
ENSG00000204625,,,
ENSG00000204616,,,
ENSG00000204592,-0.04601642304323041,0.09203517165401093,1.0
ENSG00000235781,,,1.0
ENSG00000146112,-0.20928797245508074,-0.0899744447412046,0.9999999999999998
ENSG00000196230,0.035557184750733134,-0.37903225806451607,0.9999999999999998
ENSG00000137331,0.08406362135326982,-0.159402082090296,1.0
ENSG00000168631,,,
ENSG00000204544,,,
ENSG00000228789,,,
ENSG00000204539,,,
ENSG00000271821,,,
ENSG00000204525,0.27858142527743984,-0.21750527823465207,0.9999999999999999
ENSG00000234745,-0.14589258608601463,-0.05327960004114003,1.0
ENSG00000254870,,,
ENSG00000226979,,,
ENSG00000232810,,,
ENSG00000227507,,,1.0
ENSG00000204482,0.16534493089748323,-0.1732000474433749,1.0
ENSG00000204472,-0.216304237885236,-0.14555243452028324,1.0
ENSG00000204428,,,
ENSG00000213722,0.014493727819529281,-0.06506022985318037,1.0
ENSG00000213719,0.13399321841630293,0.13746334310850436,1.0
ENSG00000204396,,,1.0
ENSG00000204389,0.33462450476263006,-0.10080510072030618,1.0
ENSG00000204388,-0.1519778755271863,0.3125743474743623,1.0
ENSG00000204387,0.06378299120234603,-0.011363636363636362,1.0
ENSG00000204386,-0.046612408154577956,0.05877216680359829,1.0
ENSG00000204385,,,
ENSG00000166278,,,1.0
ENSG00000213676,0.016297375847063693,0.0894368186729105,1.0
ENSG00000213654,-0.12135762010161298,-0.19450160452938878,1.0
ENSG00000204287,,,
ENSG00000196126,,,
ENSG00000196735,,,
ENSG00000204264,,,
ENSG00000204261,,,
ENSG00000240065,0.0781360603628882,-0.18673272706260605,1.0
ENSG00000168394,0.21573870836330472,0.14589258608601463,1.0
ENSG00000242574,,,
ENSG00000204252,,,
ENSG00000231389,,,
ENSG00000223865,,,
ENSG00000235863,,,1.0
ENSG00000231925,-0.05330181210653357,0.05192215619625911,1.0
ENSG00000030110,0.011146445428268642,0.36128723279504216,1.0
ENSG00000161896,,,
ENSG00000124493,,,
ENSG00000186577,-0.08653692699376517,-0.26748337457831833,1.0
ENSG00000146197,0.08753555165160877,,1.0
ENSG00000023892,0.047829301804446625,0.09248758165403094,1.0
ENSG00000180316,,,
ENSG00000010030,0.28205899976629495,,
ENSG00000112081,0.24596774193548382,-0.004032258064516129,1.0
ENSG00000124762,,,0.9999999999999999
ENSG00000255587,,,
ENSG00000124772,,,
ENSG00000164530,,,
ENSG00000146192,,,1.0
ENSG00000137193,-0.09396950601518733,-0.11296996574036758,1.0
ENSG00000172738,0.08753555165160877,,1.0
ENSG00000112139,,,1.0
ENSG00000124780,,,
ENSG00000164627,,,
ENSG00000146122,,,
ENSG00000235033,,,
ENSG00000124701,,,
ENSG00000112559,,,1.0
ENSG00000112561,,-0.10698789646307741,1.0
ENSG00000096088,,,
ENSG00000278224,,,
ENSG00000112576,0.02321327863498255,-0.1309667469299656,1.0
ENSG00000171611,,,0.9999999999999999
ENSG00000171467,0.15914242498400497,0.11284818797450205,1.0
ENSG00000272114,,,
ENSG00000237686,,,
ENSG00000181577,,,
ENSG00000262179,,,1.0
ENSG00000096384,-0.01539589442815249,0.07148093841642228,1.0
ENSG00000272442,,,
ENSG00000146221,,,
ENSG00000124813,-0.12004246739738958,0.02765449665778311,1.0
ENSG00000112796,,,
ENSG00000172348,,,
ENSG00000146233,,,
ENSG00000153291,,,
ENSG00000236164,,,
ENSG00000112818,,,
ENSG00000153292,,,
ENSG00000153294,,,
ENSG00000124818,,,
ENSG00000124490,,,
ENSG00000096006,,,
ENSG00000233470,,,
ENSG00000170927,,,
ENSG00000170915,0.08164421001183421,-0.02786611357067161,0.9999999999999999
ENSG00000096093,0.14421259180431634,-0.20218750308243344,1.0
ENSG00000243955,,,
ENSG00000137270,,,
ENSG00000271367,,,1.0
ENSG00000236740,,,
ENSG00000124749,,,
ENSG00000151914,0.07718548659580003,0.289015428938184,1.0
ENSG00000226803,,,
ENSG00000272541,,,
ENSG00000271761,,,1.0
ENSG00000146166,,,
ENSG00000188107,,,
ENSG00000227706,0.19098240469208208,0.2701612903225806,1.0
ENSG00000230910,,,
ENSG00000237643,,,
ENSG00000223765,,,
ENSG00000079841,,,
ENSG00000203907,,,
ENSG00000164430,0.06808320684014017,,1.0
ENSG00000223821,,,
ENSG00000229862,,,
ENSG00000272243,,,
ENSG00000238156,,,
ENSG00000135338,,,
ENSG00000112773,,,1.0
ENSG00000146250,,,
ENSG00000228290,,,
ENSG00000135346,,,
ENSG00000213204,,,
ENSG00000271931,,,
ENSG00000146278,-0.23952362427789564,0.16546349821135575,0.9999999999999999
ENSG00000260271,,-0.16534493089748323,
ENSG00000235099,,,
ENSG00000184486,-0.10961622631414875,0.05070870856203765,1.0
ENSG00000132424,-0.24935774685419557,-0.16433527414606694,0.9999999999999998
ENSG00000152034,,,
ENSG00000203809,,,
ENSG00000231628,,,
ENSG00000057657,,0.08603345252544743,1.0
ENSG00000112297,-0.29851164285576876,-0.126440241274546,0.9999999999999998
ENSG00000235142,,,
ENSG00000272398,,,1.0
ENSG00000272476,,0.01659528525871575,1.0
ENSG00000271734,,,
ENSG00000135535,-0.03528836736031045,-0.08219829596780477,1.0
ENSG00000135596,,0.1847972757089519,1.0
ENSG00000272356,,0.2237019653318891,1.0
ENSG00000112761,,,
ENSG00000237234,,,
ENSG00000277443,,,
ENSG00000111816,,,
ENSG00000111817,-0.28205899976629495,,1.0
ENSG00000189241,0.07422411676942169,-0.2705546299407025,0.9999999999999999
ENSG00000188820,,,
ENSG00000234117,,,
ENSG00000173626,,,
ENSG00000196376,,,
ENSG00000198523,,,
ENSG00000164434,,,1.0
ENSG00000172594,-0.21399183623080834,,1.0
ENSG00000236548,,,1.0
ENSG00000237742,,,
ENSG00000224506,,,
ENSG00000135547,,,
ENSG00000255330,0.2237019653318891,,
ENSG00000196569,,,
ENSG00000233351,,,
ENSG00000236673,,,
ENSG00000112299,,,
ENSG00000093134,,,
ENSG00000112303,,,1.0
ENSG00000112319,,,
ENSG00000146411,,,1.0
ENSG00000118515,0.023914650902223313,0.28205899976629495,1.0
ENSG00000236700,,,
ENSG00000232310,,,1.0
ENSG00000227723,,,
ENSG00000118514,,,
ENSG00000118513,0.2920469207265196,-0.15826443118347341,1.0
ENSG00000236703,,,
ENSG00000234084,,,1.0
ENSG00000234263,,,
ENSG00000164485,,,
ENSG00000027697,0.11232639060135192,-0.009726172405734309,1.0
ENSG00000164440,,,
ENSG00000164442,0.055649576063144315,0.39563339237128636,1.0
ENSG00000238099,,,
ENSG00000010818,,,
ENSG00000135604,,,
ENSG00000152818,,,
ENSG00000118492,,,
ENSG00000233452,0.16534493089748323,0.2626066549548263,1.0
ENSG00000228408,,,
ENSG00000273132,,,
ENSG00000131015,,,
ENSG00000198729,,,
ENSG00000131016,,,
ENSG00000131018,,,
ENSG00000213121,,,
ENSG00000074706,,,
ENSG00000164674,,,1.0
ENSG00000164691,,,
ENSG00000175003,,,
ENSG00000071242,,,
ENSG00000026297,0.02266808259138291,0.006467583895771857,1.0
ENSG00000234647,,,
ENSG00000227704,,,
ENSG00000231690,,,
ENSG00000198719,,,
ENSG00000271234,,,
ENSG00000008018,-0.10044908849813133,-0.009714966588322922,0.9999999999999998
ENSG00000197461,,,
ENSG00000273151,-0.009726172405734309,,
ENSG00000105963,,,1.0
ENSG00000073067,,,
ENSG00000225146,,,
ENSG00000225981,,,
ENSG00000225968,,,
ENSG00000176349,,,
ENSG00000188365,,,
ENSG00000075624,-0.012096774193548385,-0.09897360703812315,0.9999999999999998
ENSG00000272719,-0.16534493089748323,,1.0
ENSG00000157999,,,
ENSG00000231704,,,
ENSG00000272894,,,
ENSG00000233108,,,
ENSG00000225606,,,
ENSG00000136267,,,
ENSG00000106546,-0.2626066549548263,,
ENSG00000048052,,,
ENSG00000105855,,,
ENSG00000136244,,,
ENSG00000105928,0.08753555165160877,,1.0
ENSG00000086300,-0.1246460592479518,-0.11800139728272913,1.0
ENSG00000225792,,,
ENSG00000214870,,0.04863086202867155,1.0
ENSG00000005020,0.18695628922868768,-0.07270456379384915,0.9999999999999999
ENSG00000233429,-0.11296996574036758,0.21496075376079266,0.9999999999999998
ENSG00000253508,,,
ENSG00000106031,,,
ENSG00000243766,,,
ENSG00000106052,0.20034685985208509,0.017026476634911837,1.0
ENSG00000234336,,,
ENSG00000146592,,,
ENSG00000106066,-0.2732534319652158,-0.012941279189714975,1.0
ENSG00000235669,,,
ENSG00000176532,,,
ENSG00000180354,-0.1602755181565442,-0.31025468626861563,1.0
ENSG00000281039,,,
ENSG00000263683,,,
ENSG00000106113,,,
ENSG00000241644,,,
ENSG00000240583,,,1.0
ENSG00000228878,,,
ENSG00000227191,,,
ENSG00000211689,,,
ENSG00000211695,,,
ENSG00000225992,,,
ENSG00000272908,,,
ENSG00000211697,,,
ENSG00000078053,,,
ENSG00000106536,,,1.0
ENSG00000227172,,,
ENSG00000122641,,,
ENSG00000136197,,,1.0
ENSG00000002746,,,
ENSG00000235314,,,
ENSG00000164708,,,
ENSG00000015520,,0.28205899976629495,
ENSG00000136286,,,
ENSG00000183696,,,1.0
ENSG00000179869,,,
ENSG00000188730,,,
ENSG00000228005,,,
ENSG00000132437,,,
ENSG00000129103,-0.09619426719486375,-0.07507128334483856,1.0
ENSG00000164776,0.46403252174694837,-0.05335220773217315,1.0
ENSG00000152926,-0.0302976560590791,0.5386604324608905,1.0
ENSG00000213462,0.0060632578697547325,0.007835931871886042,1.0
ENSG00000169902,0.3015113445777636,,1.0
ENSG00000229180,-0.21378248533805688,,1.0
ENSG00000243335,-0.20653562142829224,-0.4879517238988529,1.0
ENSG00000155428,,,
ENSG00000225969,,,
ENSG00000189143,,,
ENSG00000175877,,,
ENSG00000261467,,,
ENSG00000106665,,,0.9999999999999999
ENSG00000158517,,0.24315431014335773,1.0
ENSG00000196275,,0.07319332548862285,1.0
ENSG00000263081,,,
ENSG00000127946,0.029260108219314608,0.32973230789429114,0.9999999999999998
ENSG00000135205,,,1.0
ENSG00000127947,-0.24616826951204213,-0.1679429740807213,0.9999999999999998
ENSG00000127955,,,
ENSG00000135218,,,
ENSG00000186472,,,
ENSG00000170381,,,1.0
ENSG00000075213,,,1.0
ENSG00000153993,,,
ENSG00000198822,-0.20424962052042048,,1.0
ENSG00000231255,,,
ENSG00000085563,,,
ENSG00000105784,,,
ENSG00000058091,,,
ENSG00000223969,,,
ENSG00000177409,,,
ENSG00000188175,,,
ENSG00000004948,,,
ENSG00000105825,,,
ENSG00000236861,,,
ENSG00000236453,,,
ENSG00000105852,,,
ENSG00000005981,,,
ENSG00000004799,,,
ENSG00000231170,,,
ENSG00000158560,,,1.0
ENSG00000164713,-0.10370672132173574,-0.125776574161738,1.0
ENSG00000272950,,,
ENSG00000130429,-0.25439882697947214,0.040543036685301195,1.0
ENSG00000106258,-0.003767426447983777,0.14589258608601463,1.0
ENSG00000160868,,,
ENSG00000237640,,,
ENSG00000239521,,0.3015113445777636,1.0
ENSG00000085514,,,1.0
ENSG00000185955,,,1.0
ENSG00000166925,-0.15533370289300544,0.06749880305513685,1.0
ENSG00000146830,0.04298353445155331,-0.0073352219932507285,1.0
ENSG00000205277,,,1.0
ENSG00000227053,,,
ENSG00000169876,,,
ENSG00000169871,-0.08409517972090796,-0.051215861333786056,1.0
ENSG00000106366,,,
ENSG00000128564,-0.2052900167085793,0.10290546751865788,1.0
ENSG00000106436,,,
ENSG00000261535,,,
ENSG00000239480,,,
ENSG00000160991,0.23432959104233902,-0.3059080369229599,1.0
ENSG00000168255,0.13992901348079922,-0.093221579280168,0.9999999999999998
ENSG00000105808,0.2626066549548263,0.2519863051126049,1.0
ENSG00000205236,,,
ENSG00000279168,,,
ENSG00000128606,,,1.0
ENSG00000170615,,,
ENSG00000189056,-0.028918487053021434,-0.086969611628734,1.0
ENSG00000005483,-0.025043357481510636,-0.16069933137755765,1.0
ENSG00000105851,0.024456209854949524,-0.01666778699245867,1.0
ENSG00000105856,-0.18624440248095128,0.14542710503032483,0.9999999999999998
ENSG00000233705,,,1.0
ENSG00000273055,,,
ENSG00000135241,-0.1314521279703537,0.14717397716282127,1.0
ENSG00000226965,,,
ENSG00000223646,,,
ENSG00000164603,0.3015113445777636,-0.1847972757089519,1.0
ENSG00000164604,-0.2891073379281533,-0.12009745910912713,1.0
ENSG00000225535,,,
ENSG00000135269,-0.27835934468959905,0.30351903302124855,1.0
ENSG00000105971,,,
ENSG00000105974,,,
ENSG00000077063,0.029178517217202927,-0.3917360757123165,1.0
ENSG00000106013,,,
ENSG00000008311,,,
ENSG00000230316,,,
ENSG00000275356,,,
ENSG00000224899,,,
ENSG00000237764,,,
ENSG00000273270,-0.28205899976629495,,1.0
ENSG00000271553,,,1.0
ENSG00000271344,,,
ENSG00000128617,,,
ENSG00000128596,-0.13643465779484107,0.4905727439053161,1.0
ENSG00000186591,0.13629566001518012,0.0056249002545947354,1.0
ENSG00000244036,,,1.0
ENSG00000165120,,,
ENSG00000213265,,,1.0
ENSG00000226380,-0.24315431014335773,,
ENSG00000271204,-0.28205899976629495,,1.0
ENSG00000273319,,,0.9999999999999999
ENSG00000231721,0.20351060343582994,0.1014174171240753,1.0
ENSG00000221866,,,
ENSG00000155530,,,
ENSG00000085662,,,
ENSG00000172331,-0.03590624162825065,0.12593968411831483,0.9999999999999999
ENSG00000273219,,0.16534493089748323,
ENSG00000157680,,,
ENSG00000182158,-0.02610288324674474,-0.0026910188914169835,0.9999999999999999
ENSG00000157703,0.24315431014335773,,
ENSG00000105939,0.2118215150886904,0.010624454689125725,0.9999999999999998
ENSG00000064393,0.06603054543773226,0.20336177843534814,1.0
ENSG00000146966,,,
ENSG00000228775,,,
ENSG00000211751,,,
ENSG00000275896,,,
ENSG00000211772,,,
ENSG00000237254,,,
ENSG00000106123,,0.10698789646307741,
ENSG00000231840,,,
ENSG00000178826,,,
ENSG00000159784,,,
ENSG00000232533,,-0.029178517217202927,1.0
ENSG00000159840,-0.17007239393755336,0.10169718125765402,1.0
ENSG00000185899,,,
ENSG00000170379,,,
ENSG00000174469,,,
ENSG00000281189,,,
ENSG00000204947,-0.10698789646307741,0.10698789646307741,1.0
ENSG00000181444,-0.16534493089748323,-0.21704886246267702,1.0
ENSG00000197558,,,
ENSG00000106479,,,1.0
ENSG00000273293,,,
ENSG00000240449,,,
ENSG00000242258,0.16534493089748323,,1.0
ENSG00000171115,,,
ENSG00000179144,,,
ENSG00000106560,,,
ENSG00000106565,,,
ENSG00000002933,,,
ENSG00000055118,0.3404339194901904,0.04909467358656162,1.0
ENSG00000272661,0.04863086202867155,-0.24315431014335773,1.0
ENSG00000187260,,,
ENSG00000239911,,,
ENSG00000261455,-0.09932043647615557,-0.1920067887863337,1.0
ENSG00000130226,,,
ENSG00000214106,,,1.0
ENSG00000273183,,,
ENSG00000227365,,,
ENSG00000228569,,,
ENSG00000235029,,,
ENSG00000269446,,,
ENSG00000222012,,,
ENSG00000233038,,,
ENSG00000272839,,,
ENSG00000106018,,,
ENSG00000226179,0.16595318353361024,0.20146281669145696,0.9999999999999998
ENSG00000205755,,,
ENSG00000198223,,,1.0
ENSG00000185291,,,
ENSG00000182162,,,
ENSG00000002586,0.10066797195490683,0.10205072599453818,0.9999999999999998
ENSG00000006756,,,1.0
ENSG00000205662,,,
ENSG00000205642,,,
ENSG00000196664,,,
ENSG00000205542,0.1228005865102639,-0.3489736070381231,0.9999999999999998
ENSG00000187268,,,
ENSG00000212663,,,
ENSG00000102048,,,
ENSG00000102010,,,
ENSG00000147003,,,
ENSG00000182287,-0.2393006041435587,0.25434161840867536,1.0
ENSG00000238178,,,
ENSG00000131831,,,
ENSG00000177324,,,
ENSG00000008086,,,
ENSG00000173698,,,
ENSG00000102174,,,
ENSG00000165186,,,
ENSG00000123131,-0.3359018107275406,-0.1979437784306501,1.0
ENSG00000233785,,,
ENSG00000130066,-0.12479090647225154,0.14268781120565086,1.0
ENSG00000130741,0.026769345400881665,0.353146360267895,0.9999999999999998
ENSG00000102230,,,
ENSG00000004848,,,
ENSG00000099399,,,
ENSG00000120280,,,
ENSG00000198947,,,
ENSG00000047597,-0.10285129190629701,-0.021686743284393458,1.0
ENSG00000165168,,,1.0
ENSG00000165169,-0.28117831969886803,-0.13551635511259877,1.0
ENSG00000101955,,,
ENSG00000165175,0.0889243476880409,0.15273767614399553,1.0
ENSG00000235304,,,
ENSG00000236393,,,1.0
ENSG00000223714,,,
ENSG00000171659,,,
ENSG00000171657,-0.2626066549548263,-0.2690183084044448,1.0
ENSG00000069535,,,
ENSG00000147113,,,
ENSG00000102265,0.058965387335942455,-0.01153946376866425,1.0
ENSG00000126759,0.06808320684014017,,1.0
ENSG00000267064,,,
ENSG00000232828,,,
ENSG00000187682,,,
ENSG00000102096,0.02618169191248839,0.1186184536479974,1.0
ENSG00000102007,-0.09226809779145814,-0.02627411743560384,1.0
ENSG00000102003,0.13512026523474288,-0.06383873290735677,1.0
ENSG00000224659,,,1.0
ENSG00000158352,,,
ENSG00000226530,,,
ENSG00000179222,,,
ENSG00000204363,,,
ENSG00000268350,,,
ENSG00000102316,0.055165887274048156,-0.33577095953182884,1.0
ENSG00000067445,,,
ENSG00000158578,0.2687079529906111,-0.3443430874162671,1.0
ENSG00000158639,,,
ENSG00000204272,-0.2791128816666365,0.13096636998670222,1.0
ENSG00000147065,-0.29835097453498055,0.07516680700851491,1.0
ENSG00000274536,0.06771745718249185,-0.1137525599131215,1.0
ENSG00000155659,,,
ENSG00000089472,0.10699840209617931,0.15617676233882907,1.0
ENSG00000169083,,,
ENSG00000089289,-0.39370558937817923,-0.03540849672459282,0.9999999999999998
ENSG00000184481,0.04863086202867155,,1.0
ENSG00000147168,-0.14589258608601463,-0.3015113445777636,1.0
ENSG00000147174,,,1.0
ENSG00000281852,,,
ENSG00000242732,,,
ENSG00000198034,0.06488269794721407,0.09164222873900292,0.9999999999999998
ENSG00000125931,-0.126440241274546,-0.3015113445777636,1.0
ENSG00000229807,0.19786556550770837,-0.11053942207134546,1.0
ENSG00000230590,-0.10698789646307741,0.20438403950207815,1.0
ENSG00000050030,,,
ENSG00000226784,,,
ENSG00000173198,,,
ENSG00000147145,,,
ENSG00000131171,-0.0011383344309777563,0.27506790454068475,1.0
ENSG00000072133,,,
ENSG00000184788,,,
ENSG00000102271,,,
ENSG00000153779,,,
ENSG00000204086,,,
ENSG00000007952,,,
ENSG00000126950,,,
ENSG00000010671,0.049112388745013336,0.15784681320928154,1.0
ENSG00000102401,-0.061964869268037445,0.44323881224773787,1.0
ENSG00000166432,,,
ENSG00000147206,,,1.0
ENSG00000204065,,,
ENSG00000133134,-0.10242747040733118,-0.08606386226826311,0.9999999999999998
ENSG00000185222,-0.022014318562154495,0.0463365458569795,0.9999999999999998
ENSG00000172476,,,1.0
ENSG00000123570,,,
ENSG00000123569,,,
ENSG00000269226,,,
ENSG00000080572,,,1.0
ENSG00000147234,,,
ENSG00000157514,-0.28205899976629495,,1.0
ENSG00000068366,-0.02423812484726328,-0.2493659969138603,1.0
ENSG00000243978,,,
ENSG00000230392,,,
ENSG00000258545,,,1.0
ENSG00000203989,-0.3926095117785647,0.20424962052042048,1.0
ENSG00000228139,,,
ENSG00000125355,,,
ENSG00000101892,,,
ENSG00000005893,-0.017540748244730005,-0.3673989450532539,1.0
ENSG00000282419,,,
ENSG00000009694,,,1.0
ENSG00000225689,,,
ENSG00000122122,,,
ENSG00000085185,-0.19549961225489984,-0.3913181472051584,1.0
ENSG00000134594,,,1.0
ENSG00000165694,,,
ENSG00000232160,,,
ENSG00000183434,,,
ENSG00000227060,,,
ENSG00000229015,,,
ENSG00000178947,,,
ENSG00000268940,,,
ENSG00000269096,,,
ENSG00000022267,,,
ENSG00000129675,-0.24315431014335773,0.02203678145459326,1.0
ENSG00000232611,-0.20424962052042048,-0.1899723444089829,1.0
ENSG00000134595,,,
ENSG00000196406,,,
ENSG00000046774,,,1.0
ENSG00000010404,0.11482322968445961,0.022709337722453125,1.0
ENSG00000238039,,,
ENSG00000241769,0.029178517217202927,,1.0
ENSG00000267978,,,
ENSG00000185247,,,
ENSG00000224871,,,
ENSG00000214915,,,
ENSG00000166049,,,
ENSG00000229967,,,
ENSG00000102287,,,1.0
ENSG00000268089,,,
ENSG00000268606,,,
ENSG00000198883,,,
ENSG00000273877,,,
ENSG00000214897,,,
ENSG00000130829,0.21378248533805688,-0.0723954518464311,1.0
ENSG00000089820,,,1.0
ENSG00000102032,-0.23142762466186056,-0.3366464633162646,1.0
ENSG00000007350,,,
ENSG00000231830,,,
ENSG00000196924,0.02136782058903473,-0.02000195354500649,1.0
ENSG00000147403,0.10117302052785922,-0.08284457478005865,0.9999999999999998
ENSG00000280195,-0.28205899976629495,-0.04863086202867155,1.0
ENSG00000197180,0.13490430013674168,0.09638328999986971,1.0
ENSG00000071553,-0.22000174622515456,-0.09567302829539284,1.0
ENSG00000160211,0.2010191111888487,0.191951964775536,1.0
ENSG00000160219,,-0.1624591083221647,0.9999999999999999
ENSG00000203870,,,
ENSG00000155962,,,
ENSG00000224533,,,1.0
ENSG00000124334,,,
ENSG00000253896,,,
ENSG00000282021,,,
ENSG00000036448,,,
ENSG00000253444,,,1.0
ENSG00000091879,-0.04863086202867155,0.2626066549548263,1.0
ENSG00000173281,-0.40056690537056155,-0.26203081987445914,1.0
ENSG00000171060,,,
ENSG00000253695,,,
ENSG00000154319,,,
ENSG00000255394,,,
ENSG00000255046,,,1.0
ENSG00000164733,0.11376782115145637,0.161024354152315,0.9999999999999998
ENSG00000250305,,,
ENSG00000185053,,,
ENSG00000104723,0.14664361614595325,-0.010327478211339574,1.0
ENSG00000003989,,,
ENSG00000129422,,,
ENSG00000104763,-0.2445621189378246,0.1930957236550229,1.0
ENSG00000147443,0.24879366510707487,-0.14504591824737542,0.9999999999999999
ENSG00000158856,,,0.9999999999999999
ENSG00000168490,,,
ENSG00000179388,,,
ENSG00000134020,,,1.0
ENSG00000173530,,,
ENSG00000134013,,,1.0
ENSG00000147454,0.13195935180617666,-0.1141075512138341,0.9999999999999998
ENSG00000167034,0.23932148215200602,-0.2237019653318891,1.0
ENSG00000159167,,,
ENSG00000042980,,,
ENSG00000104722,,,
ENSG00000221818,,,
ENSG00000104765,-0.09272536132360223,0.1560375241994162,1.0
ENSG00000240694,,,
ENSG00000092964,-0.13882391124298216,-0.0609110449607579,1.0
ENSG00000015592,,,
ENSG00000120899,0.10698789646307741,0.128395101738485,1.0
ENSG00000120903,,,
ENSG00000120885,0.29477179219025457,-0.12782061760145963,0.9999999999999998
ENSG00000168081,,,
ENSG00000254034,,,
ENSG00000253490,,,
ENSG00000271869,0.11223653451289337,,1.0
ENSG00000133874,,-0.16534493089748323,
ENSG00000133878,,,
ENSG00000254194,,,
ENSG00000253108,,,
ENSG00000183154,,,
ENSG00000156675,0.2055843170381858,-0.036050706314206,1.0
ENSG00000188778,,,
ENSG00000196166,,,
ENSG00000147526,0.023571615666980846,-0.0752871264845757,1.0
ENSG00000169499,-0.2626066549548263,0.126157495983586,1.0
ENSG00000169495,,,
ENSG00000176907,,,
ENSG00000165061,,,
ENSG00000104332,,,
ENSG00000104368,,,
ENSG00000253408,,,1.0
ENSG00000254165,,,
ENSG00000147434,,,
ENSG00000221869,-0.22343556517574867,0.049433017780602745,1.0
ENSG00000168333,,,
ENSG00000253474,,,
ENSG00000272076,,,
ENSG00000168300,-0.12971886398478705,-0.22165127327431552,1.0
ENSG00000272024,,,1.0
ENSG00000206579,,,
ENSG00000253614,,,
ENSG00000253376,,,
ENSG00000137575,0.22379079516821607,0.29260241625009226,1.0
ENSG00000198846,,,
ENSG00000228862,,,
ENSG00000254432,,,
ENSG00000254777,,,
ENSG00000254802,,,
ENSG00000198363,,,
ENSG00000246145,,,1.0
ENSG00000147576,,,
ENSG00000169085,,,
ENSG00000278888,,,1.0
ENSG00000182674,,,
ENSG00000274443,,,
ENSG00000147604,-0.08834310850439882,-0.2774926686217008,0.9999999999999998
ENSG00000121039,0.046379929022493695,0.10875263911732604,1.0
ENSG00000104343,-0.07971550300741105,-0.029575680373269898,1.0
ENSG00000154589,,,
ENSG00000254288,,,
ENSG00000249395,-0.11223653451289337,0.3380906207375755,1.0
ENSG00000164749,,,
ENSG00000104435,,,
ENSG00000164683,-0.24315431014335773,,
ENSG00000272138,,,
ENSG00000205189,0.060728822811345014,-0.04541867544490625,1.0
ENSG00000076641,,,
ENSG00000253214,,,
ENSG00000164687,-0.13551253105920202,0.02124890937825145,1.0
ENSG00000254689,,,
ENSG00000184672,,,
ENSG00000260493,0.126440241274546,,1.0
ENSG00000104267,,,
ENSG00000170289,,,
ENSG00000253171,,,1.0
ENSG00000271156,,,
ENSG00000104327,,,
ENSG00000123119,,,1.0
ENSG00000155099,-0.22537746759368027,0.16551613455403336,1.0
ENSG00000079102,,,1.0
ENSG00000253848,,,1.0
ENSG00000264448,,,
ENSG00000261437,,,
ENSG00000164938,0.1847972757089519,,1.0
ENSG00000253872,,,
ENSG00000169439,0.16534493089748323,0.16534493089748323,1.0
ENSG00000104324,-0.06404624961572421,-0.27538082857105634,0.9999999999999999
ENSG00000104341,-0.18328445747800584,-0.27126099706744866,1.0
ENSG00000132561,0.06808320684014017,,1.0
ENSG00000164920,0.17609879300728076,,1.0
ENSG00000229625,,,
ENSG00000156509,,,
ENSG00000248599,,,
ENSG00000271882,,,
ENSG00000104490,,,
ENSG00000246263,,,0.9999999999999999
ENSG00000272037,,,
ENSG00000155090,-0.20424962052042048,,1.0
ENSG00000253669,,0.20424962052042048,1.0
ENSG00000254281,,,
ENSG00000164929,,,
ENSG00000164930,,,
ENSG00000164934,-0.23949868585531192,0.4048792988568025,1.0
ENSG00000147647,,,
ENSG00000147650,,0.08516001645919924,1.0
ENSG00000253582,,,
ENSG00000104408,0.14259530791788855,0.12390029325513194,1.0
ENSG00000164841,,,
ENSG00000164796,,,
ENSG00000225885,,,1.0
ENSG00000254343,,,
ENSG00000187955,,,
ENSG00000253619,,,1.0
ENSG00000253819,,,
ENSG00000147689,0.4380448079709136,-0.19232179289889054,1.0
ENSG00000156802,0.010685477466896728,-0.1752940715978407,1.0
ENSG00000156804,0.2231629149264144,0.009726172405734309,1.0
ENSG00000253227,,,
ENSG00000253513,,,
ENSG00000104549,-0.20572064983397514,0.153827152578558,0.9999999999999998
ENSG00000173334,0.23479839067637434,0.04863086202867155,1.0
ENSG00000253111,,,
ENSG00000244791,,,
ENSG00000168672,,,
ENSG00000246228,,,
ENSG00000136997,-0.12246087119344581,-0.3140606997048317,1.0
ENSG00000165071,,,
ENSG00000155926,,,
ENSG00000104419,,,
ENSG00000253988,,,
ENSG00000147724,,,
ENSG00000254258,,,
ENSG00000105339,,,1.0
ENSG00000254291,,,
ENSG00000204882,,,
ENSG00000271959,,,
ENSG00000261693,,,
ENSG00000198576,,,
ENSG00000160932,-0.09502847512663358,0.36217008797653955,1.0
ENSG00000254859,,,
ENSG00000254812,,,
ENSG00000254548,,,
ENSG00000254973,,,
ENSG00000214733,,,
ENSG00000261150,,,1.0
ENSG00000178685,-0.16534493089748323,,
ENSG00000265393,,,
ENSG00000227155,,,
ENSG00000173253,,,
ENSG00000254017,,,
ENSG00000225489,,,
ENSG00000273056,,,
ENSG00000231902,,,
ENSG00000044459,-0.16534493089748323,,
ENSG00000273226,,,1.0
ENSG00000137154,-0.09897360703812315,-0.1975806451612903,0.9999999999999998
ENSG00000233906,,,
ENSG00000237414,,,
ENSG00000107201,0.027513236086818216,,1.0
ENSG00000086061,0.24435893603991485,0.1412161397546042,0.9999999999999998
ENSG00000086062,0.09336636353130302,-0.06627153282984079,1.0
ENSG00000122711,,,0.9999999999999999
ENSG00000260947,,,
ENSG00000010438,,,
ENSG00000228352,,,
ENSG00000122733,,,
ENSG00000005238,-0.12980153701100203,-0.10786935418165236,1.0
ENSG00000215187,,,1.0
ENSG00000137101,,,
ENSG00000227933,,,
ENSG00000137076,-0.24625968190152125,-0.15534734936014077,1.0
ENSG00000137098,,,1.0
ENSG00000204930,,,
ENSG00000122707,0.04863086202867155,,
ENSG00000122705,-0.18754855278104945,0.3108789308263335,0.9999999999999998
ENSG00000196092,,,
ENSG00000276500,,,
ENSG00000277260,,,
ENSG00000229311,,,1.0
ENSG00000274516,,,
ENSG00000231248,,,
ENSG00000235659,,,1.0
ENSG00000231212,,,
ENSG00000226007,,,
ENSG00000278849,,,
ENSG00000274349,,,1.0
ENSG00000276348,,,
ENSG00000233178,0.20424962052042048,-0.07904596399546185,1.0
ENSG00000236733,,,
ENSG00000278910,,,
ENSG00000165072,,,
ENSG00000235523,,,
ENSG00000165092,,,
ENSG00000135046,,,1.0
ENSG00000119121,,,
ENSG00000135002,-0.2902196527764419,-0.2031693007607148,1.0
ENSG00000156049,,,
ENSG00000106829,0.03763287805232982,0.058431275196283675,1.0
ENSG00000267559,,,
ENSG00000229109,,,
ENSG00000148057,,,0.9999999999999999
ENSG00000227463,,,
ENSG00000197506,,,
ENSG00000180447,,,
ENSG00000135047,-0.2135048046548365,-0.3899067151457833,0.9999999999999998
ENSG00000156345,,,
ENSG00000130045,,,
ENSG00000123975,0.011017278947902604,-0.19933942446865963,1.0
ENSG00000130222,-0.009726172405734309,-0.11310997057914156,1.0
ENSG00000165025,,,
ENSG00000230537,,,
ENSG00000233081,,,1.0
ENSG00000279007,,,
ENSG00000106809,,,
ENSG00000127084,-0.16289582635528876,-0.2626066549548263,1.0
ENSG00000157303,-0.19783938473657467,0.24703553423207908,1.0
ENSG00000223446,,,
ENSG00000131669,-0.020092129807599824,-0.128395101738485,1.0
ENSG00000227603,,,1.0
ENSG00000231990,,,
ENSG00000131668,,,
ENSG00000235601,,,
ENSG00000269946,,,
ENSG00000165140,,,1.0
ENSG00000271384,,,
ENSG00000188152,,,
ENSG00000203279,,-0.126440241274546,1.0
ENSG00000136929,0.037467382568609375,0.1038646051270487,1.0
ENSG00000267026,,,
ENSG00000204291,,,1.0
ENSG00000270412,,,
ENSG00000271086,,,
ENSG00000198785,,,
ENSG00000165028,-0.0008734360662481973,,1.0
ENSG00000165029,,,
ENSG00000226334,,,
ENSG00000070214,0.1848142132714923,0.1542574701821528,1.0
ENSG00000228317,,,
ENSG00000186051,-0.1847972757089519,0.29085421006064965,1.0
ENSG00000234323,,,
ENSG00000234229,,,
ENSG00000136826,,,
ENSG00000260230,,,1.0
ENSG00000165124,,,
ENSG00000173258,,,
ENSG00000225684,,,
ENSG00000136867,-0.10481232794978368,,1.0
ENSG00000227482,,,
ENSG00000196739,,,
ENSG00000229314,,,
ENSG00000228278,,,
ENSG00000106948,-0.14589258608601463,,1.0
ENSG00000235119,,,
ENSG00000181634,,,
ENSG00000041982,,,
ENSG00000182752,,0.20424962052042048,
ENSG00000136869,,,
ENSG00000228512,,,
ENSG00000106780,-0.3781978166854694,0.126440241274546,1.0
ENSG00000226752,0.09667757983512586,0.23233538000142112,1.0
ENSG00000119403,-0.03519384122562266,-0.0722405622462149,1.0
ENSG00000056558,,,
ENSG00000119397,0.33416231622014025,0.31027447818037823,0.9999999999999999
ENSG00000148180,0.3021942250371855,0.011354668861226562,1.0
ENSG00000235865,,,
ENSG00000148175,0.2563682448501788,-0.06282541968660507,1.0
ENSG00000185681,,,
ENSG00000095303,,-0.09607796728730171,1.0
ENSG00000233616,,,
ENSG00000229245,,,
ENSG00000188394,,,
ENSG00000044574,0.11544492196663624,-0.17957166196043503,0.9999999999999998
ENSG00000167094,,,
ENSG00000095370,,,1.0
ENSG00000106991,,0.14589258608601463,1.0
ENSG00000167103,,,
ENSG00000197694,-0.07894912755528405,-0.2284866287660459,0.9999999999999999
ENSG00000234705,,,
ENSG00000119335,0.11803519061583577,0.33394428152492667,1.0
ENSG00000160446,0.17209321314761158,0.12537490995017667,1.0
ENSG00000095321,-0.10698789646307741,-0.0672545771011112,0.9999999999999999
ENSG00000188483,-0.28205899976629495,0.3015113445777636,1.0
ENSG00000268050,,,
ENSG00000179082,,,1.0
ENSG00000230676,,,
ENSG00000261334,,,
ENSG00000239353,,,
ENSG00000227619,,,
ENSG00000179058,,,
ENSG00000236024,,,
ENSG00000148344,,,
ENSG00000136878,-0.032317351580514304,0.28620392446240234,1.0
ENSG00000187239,-0.23255283338471402,-0.39531067514915486,1.0
ENSG00000270755,,,
ENSG00000148357,,,1.0
ENSG00000050555,,,
ENSG00000246851,0.2447207214062786,-0.203496642808743,1.0
ENSG00000230289,,,
ENSG00000196358,,,
ENSG00000125492,,,
ENSG00000165695,0.29770596140495736,-0.05408557937110323,1.0
ENSG00000171102,,,
ENSG00000160323,,,
ENSG00000160326,0.28205899976629495,,
ENSG00000123453,,,
ENSG00000273473,,,1.0
ENSG00000228877,,,
ENSG00000085265,,,
ENSG00000122136,,,
ENSG00000122133,,,
ENSG00000237886,,,
ENSG00000213213,,-0.2237019653318891,
ENSG00000169583,,,
ENSG00000180539,,,
ENSG00000180549,,,
ENSG00000236394,,,
ENSG00000198569,,,
ENSG00000188229,0.020133594390981363,0.06705041067822233,0.9999999999999998
ENSG00000197768,,,
ENSG00000188747,,,
ENSG00000188833,,,
ENSG00000177947,,,
ENSG00000254559,,,
ENSG00000185201,0.19691536560075446,0.14728402075968486,1.0
ENSG00000142089,-0.16534493089748323,0.2755690789013063,1.0
ENSG00000255237,,,
ENSG00000185507,,,1.0
ENSG00000099834,,,
ENSG00000255108,,,
ENSG00000254872,,,
ENSG00000184545,,,1.0
ENSG00000233930,,,
ENSG00000244242,,,
ENSG00000149043,,,
ENSG00000130598,,,
ENSG00000130592,0.1301419738709814,,1.0
ENSG00000130595,,,
ENSG00000167244,,,
ENSG00000110665,0.08913642609010507,0.17381377718339125,1.0
ENSG00000064201,-0.022465278120270382,0.28205899976629495,1.0
ENSG00000070985,,,
ENSG00000053918,,,
ENSG00000269821,0.12310711415400223,-0.3304648078802217,1.0
ENSG00000229414,,,
ENSG00000237941,,,
ENSG00000129757,0.14837846246496042,0.025332830518792367,0.9999999999999999
ENSG00000110628,,,1.0
ENSG00000181649,-0.013185992567943219,-0.02127957763578559,1.0
ENSG00000236301,,,
ENSG00000177105,0.16156160683312912,-0.05648498287018379,0.9999999999999998
ENSG00000180785,,,
ENSG00000167332,,,
ENSG00000244734,,,
ENSG00000223609,-0.3401447878751067,0.02743147652344615,1.0
ENSG00000213934,0.11455423836864377,0.2935689273306456,1.0
ENSG00000196565,-0.033910732430938506,0.20491202346041054,1.0
ENSG00000213931,0.009726172405734309,-0.14589258608601463,1.0
ENSG00000183251,,,
ENSG00000175518,,,
ENSG00000239920,,,1.0
ENSG00000121236,-0.3070127772862413,,0.9999999999999999
ENSG00000132256,0.08753555165160877,-0.01572184919246755,1.0
ENSG00000132274,0.04863086202867155,,1.0
ENSG00000166311,0.1387313724810464,,1.0
ENSG00000254400,,,
ENSG00000166340,-0.04183647930130765,-0.2868038927573313,1.0
ENSG00000166387,,,
ENSG00000254860,,,
ENSG00000133789,0.02174059172929392,-0.33751070543613887,1.0
ENSG00000254554,,,
ENSG00000148926,,,
ENSG00000255823,-0.2280052256454547,-0.20905666037182338,1.0
ENSG00000177112,,,1.0
ENSG00000133800,,,
ENSG00000247271,-0.06888730219748511,-0.05000336097737601,1.0
ENSG00000050165,,,1.0
ENSG00000254486,,,
ENSG00000110693,,,1.0
ENSG00000070081,-0.04762572137532966,-0.06491557732842018,1.0
ENSG00000006611,,,1.0
ENSG00000188162,,,
ENSG00000129159,,,1.0
ENSG00000134333,0.08714001097519487,-0.21884164222873898,1.0
ENSG00000166796,,,
ENSG00000129170,,,
ENSG00000270607,,,
ENSG00000148935,,,
ENSG00000198168,0.01048088537241203,0.12328018394806516,1.0
ENSG00000246225,,,
ENSG00000255418,,,
ENSG00000255243,,,
ENSG00000148942,,,
ENSG00000245573,,,
ENSG00000255029,,,
ENSG00000066382,,,
ENSG00000228061,,,
ENSG00000135378,,,
ENSG00000280798,,0.24315431014335773,1.0
ENSG00000255202,,,
ENSG00000085063,0.23292307489181258,-0.14390132010884565,1.0
ENSG00000135363,-0.13424776911843225,0.06623175487601118,0.9999999999999998
ENSG00000121691,-0.16534493089748323,0.19962270448808386,0.9999999999999998
ENSG00000135373,,,
ENSG00000026508,,,
ENSG00000110436,,,
ENSG00000149090,,,
ENSG00000175097,,,
ENSG00000187479,,,1.0
ENSG00000085117,0.061577242670497905,-0.08753555165160877,1.0
ENSG00000255092,,,
ENSG00000019505,,,
ENSG00000205106,,,1.0
ENSG00000255447,,,
ENSG00000255007,,,
ENSG00000110492,-0.2561314757392375,-0.07627220122922836,0.9999999999999998
ENSG00000134571,,,
ENSG00000066336,-0.01848754169959282,0.05322021010116558,0.9999999999999999
ENSG00000165917,,,
ENSG00000196666,,,1.0
ENSG00000172247,,,
ENSG00000165923,,,
ENSG00000183908,,,
ENSG00000109991,,,1.0
ENSG00000156575,,,
ENSG00000186652,,,
ENSG00000214872,,,
ENSG00000149131,-0.014327844817184436,-0.1285073365857413,1.0
ENSG00000166793,,,1.0
ENSG00000110031,,,0.9999999999999999
ENSG00000149124,,,
ENSG00000245571,,,
ENSG00000166801,,0.005240616397489184,1.0
ENSG00000134827,,,
ENSG00000149516,-0.16088037879677503,0.14589258608601463,1.0
ENSG00000149534,,,
ENSG00000214787,,,
ENSG00000110079,0.014496308731902437,-0.09012676578551501,1.0
ENSG00000183134,-0.009726172405734309,-0.16534493089748323,1.0
ENSG00000110446,0.28205899976629495,-0.07642565579671724,1.0
ENSG00000229859,,,
ENSG00000229183,,,
ENSG00000256713,,,1.0
ENSG00000149476,-0.22532321162145866,0.0836325503763602,0.9999999999999999
ENSG00000162148,,,
ENSG00000149485,-0.055380224416099744,0.231026665790065,1.0
ENSG00000167996,0.21224340175953074,-0.11656891495601172,0.9999999999999998
ENSG00000124935,,,
ENSG00000255118,,-0.08753555165160877,
ENSG00000256690,,0.10698789646307741,1.0
ENSG00000168003,-0.2887540894790006,-0.14707387959545284,1.0
ENSG00000257002,,,
ENSG00000184999,,,
ENSG00000196600,,,
ENSG00000168004,,,
ENSG00000133317,0.28205899976629495,,1.0
ENSG00000133321,,,1.0
ENSG00000133328,,,
ENSG00000176485,-0.2816087400017563,-0.09344434974010711,1.0
ENSG00000110011,0.23664053375478813,0.2524587920694394,1.0
ENSG00000182450,,,
ENSG00000126432,0.06122261963207275,-0.031524926686217,1.0
ENSG00000236935,,,
ENSG00000168065,,,
ENSG00000110046,-0.16700426273119878,-0.09567302829539284,0.9999999999999999
ENSG00000068971,0.20424962052042048,,1.0
ENSG00000149735,0.3015113445777636,,
ENSG00000168060,,,
ENSG00000149809,0.062318763076229224,-0.30351903302124855,1.0
ENSG00000254614,-0.13189292315771645,-0.17599736734901175,1.0
ENSG00000173825,,-0.3015113445777636,1.0
ENSG00000255478,,,
ENSG00000162241,-0.08516001645919924,0.08753555165160877,0.9999999999999999
ENSG00000245532,0.18365102639296185,0.07661290322580644,1.0
ENSG00000173727,-0.10198961598470366,0.14368023289782844,1.0
ENSG00000251562,0.035923753665689145,-0.19354838709677416,0.9999999999999998
ENSG00000279576,0.009726172405734309,,1.0
ENSG00000172818,,,
ENSG00000255120,,,
ENSG00000255404,,,
ENSG00000172638,,,1.0
ENSG00000172543,,,1.0
ENSG00000175294,,,
ENSG00000174807,,,
ENSG00000182791,,,1.0
ENSG00000173992,0.17986309668342582,0.1867241711658875,1.0
ENSG00000173227,,,
ENSG00000175482,,,1.0
ENSG00000175463,0.10698789646307741,-0.2237019653318891,1.0
ENSG00000172725,0.005690651259309561,-0.24619755729726195,0.9999999999999998
ENSG00000175544,,,
ENSG00000084207,-0.17045454545454544,-0.12719941348973607,0.9999999999999998
ENSG00000132746,,,
ENSG00000006534,,,
ENSG00000255306,,,
ENSG00000255236,,,
ENSG00000069482,0.11253665689149558,-0.1669586652307039,0.9999999999999998
ENSG00000250508,,,1.0
ENSG00000259799,,,
ENSG00000172927,,,
ENSG00000162344,,,
ENSG00000226627,,,
ENSG00000204571,,,
ENSG00000110203,,,
ENSG00000204971,,,
ENSG00000110195,0.050222573809271344,0.28205899976629495,1.0
ENSG00000227467,,,
ENSG00000186642,,,
ENSG00000256007,,,1.0
ENSG00000168010,,,1.0
ENSG00000256568,,,
ENSG00000175591,,,
ENSG00000171631,,,
ENSG00000257038,,,
ENSG00000110237,,0.04863086202867155,1.0
ENSG00000021300,,0.28205899976629495,1.0
ENSG00000175567,0.18914346312297892,0.2565580456578761,1.0
ENSG00000175538,0.24315431014335773,-0.1923103853013126,1.0
ENSG00000254928,,,
ENSG00000054938,,,
ENSG00000137491,,,1.0
ENSG00000261594,,,
ENSG00000149273,-0.13049853372434017,-0.16678885630498533,0.9999999999999998
ENSG00000255326,,,
ENSG00000166391,,,
ENSG00000236304,,,
ENSG00000178301,,,1.0
ENSG00000254459,,,
ENSG00000254649,,,
ENSG00000255084,,,
ENSG00000150687,,0.009726172405734309,
ENSG00000269895,,,
ENSG00000246523,,,1.0
ENSG00000109861,-0.18349544063843345,0.17383643806342594,1.0
ENSG00000255082,,,
ENSG00000077616,,,
ENSG00000181333,,,
ENSG00000134627,,,
ENSG00000255666,,,
ENSG00000256469,,,
ENSG00000149212,-0.2237019653318891,,1.0
ENSG00000184384,,,0.9999999999999999
ENSG00000149972,,,
ENSG00000165895,,,
ENSG00000137691,-0.16534493089748323,,
ENSG00000023445,0.126440241274546,,1.0
ENSG00000255337,,,1.0
ENSG00000149968,,,
ENSG00000170962,,,1.0
ENSG00000196954,,,
ENSG00000137752,,,
ENSG00000204397,,,1.0
ENSG00000110675,,,
ENSG00000196167,,,
ENSG00000109846,0.15930831837188542,-0.19038003976572443,1.0
ENSG00000150782,,,1.0
ENSG00000268472,,,
ENSG00000254968,,,
ENSG00000170209,,,
ENSG00000109906,-0.059830370538001505,,1.0
ENSG00000166741,,,
ENSG00000110245,,,
ENSG00000224077,,,
ENSG00000137726,,,
ENSG00000137747,,,
ENSG00000110324,,,
ENSG00000177098,,,
ENSG00000160593,,,1.0
ENSG00000160588,,-0.126440241274546,1.0
ENSG00000149573,,,
ENSG00000167286,0.2626066549548263,,1.0
ENSG00000160654,,,
ENSG00000118058,-0.033326585040620624,-0.18627185184074746,0.9999999999999998
ENSG00000110375,,,
ENSG00000254428,,,
ENSG00000160703,,,
ENSG00000172367,,,
ENSG00000110395,-0.10950288595944764,0.19688669935265427,1.0
ENSG00000154096,,,
ENSG00000110400,,,
ENSG00000137699,,,
ENSG00000137709,,,
ENSG00000255219,,,
ENSG00000154127,-0.16289582635528876,,1.0
ENSG00000109944,,,
ENSG00000109971,-0.15212609970674487,0.13929618768328444,1.0
ENSG00000110002,-0.04863086202867155,0.10698789646307741,1.0
ENSG00000197849,,,
ENSG00000197125,,,
ENSG00000149564,-0.15098366989200251,0.07886848099538639,1.0
ENSG00000245498,,,1.0
ENSG00000149557,0.25226785202875335,-0.040614777080541176,1.0
ENSG00000255537,,,1.0
ENSG00000196844,,,
ENSG00000149571,,,
ENSG00000134954,,,
ENSG00000245008,,,
ENSG00000120471,,,
ENSG00000281097,,,
ENSG00000151715,,,1.0
ENSG00000084234,-0.23458408143620488,-0.1920059398450435,1.0
ENSG00000134917,,,
ENSG00000182667,,,
ENSG00000204241,,,
ENSG00000149328,-0.36378612159237417,-0.10698789646307741,1.0
ENSG00000109956,,,
ENSG00000185736,,,
ENSG00000273001,,,
ENSG00000227338,,,
ENSG00000067082,-0.11095779767231058,-0.04927867458639955,0.9999999999999998
ENSG00000198610,,,
ENSG00000224034,0.06808320684014017,,
ENSG00000242147,,,1.0
ENSG00000226647,,,
ENSG00000134460,,,
ENSG00000212743,,,
ENSG00000234248,,,
ENSG00000123243,,,
ENSG00000048740,0.04987165718520419,-0.09568075132594814,1.0
ENSG00000230322,,,
ENSG00000228302,,,1.0
ENSG00000183049,,,
ENSG00000123240,,,1.0
ENSG00000165623,,,
ENSG00000065809,,-0.10698789646307741,
ENSG00000232739,,,
ENSG00000107611,,,1.0
ENSG00000026025,-0.3539877848494527,-0.054631843005071366,1.0
ENSG00000260589,-0.009278644822986636,0.0839597894122099,1.0
ENSG00000233968,,,
ENSG00000148450,-0.0009639495684340478,0.08466763400975305,0.9999999999999999
ENSG00000165312,,,
ENSG00000077420,,,
ENSG00000236894,,,
ENSG00000231976,,,
ENSG00000232224,,,
ENSG00000262412,,,
ENSG00000254635,-0.06489885909205553,-0.32970569184624526,1.0
ENSG00000204365,,,
ENSG00000151033,,,
ENSG00000148516,-0.2575305079086053,0.1281612816175029,1.0
ENSG00000230534,,,
ENSG00000095794,-0.08706721006489009,-0.12692419807353242,1.0
ENSG00000273312,,,
ENSG00000280719,,,
ENSG00000227313,,,
ENSG00000148513,,,
ENSG00000236514,,0.14589258608601463,1.0
ENSG00000273008,-0.10698789646307741,-0.06808320684014017,1.0
ENSG00000150201,,,
ENSG00000230555,,,
ENSG00000223910,,,
ENSG00000107551,,,
ENSG00000165507,,-0.2626066549548263,1.0
ENSG00000012779,-0.28205899976629495,0.14589258608601463,
ENSG00000266412,-0.07638486010735686,0.15744259601796454,0.9999999999999998
ENSG00000204179,,,
ENSG00000128815,,,
ENSG00000243251,,,
ENSG00000178645,,,
ENSG00000223502,,,
ENSG00000165449,,,1.0
ENSG00000170312,-0.12501081115314294,-0.2889150163010804,1.0
ENSG00000150347,0.09626594003848633,-0.13101540993722957,1.0
ENSG00000122877,0.10698789646307741,,
ENSG00000171988,0.1703873826334379,0.07139296476985627,1.0
ENSG00000272767,-0.08753555165160877,-0.06808320684014017,1.0
ENSG00000224714,,,
ENSG00000233590,,,
ENSG00000165732,-0.10153958944281524,0.028958944281524925,1.0
ENSG00000122862,,,
ENSG00000148734,,,1.0
ENSG00000180644,,,1.0
ENSG00000107731,,-0.06808320684014017,1.0
ENSG00000237512,,,
ENSG00000107738,,0.06808320684014017,1.0
ENSG00000197746,0.25909681843954707,-0.27690094422395206,0.9999999999999998
ENSG00000122863,,,1.0
ENSG00000107742,,,1.0
ENSG00000168209,0.16015569240579855,,1.0
ENSG00000269926,,,
ENSG00000138308,,,
ENSG00000156042,-0.24315431014335773,,1.0
ENSG00000233144,,,
ENSG00000177791,,,1.0
ENSG00000271848,,,
ENSG00000214655,-0.24315431014335773,0.16534493089748323,0.9999999999999998
ENSG00000122861,-0.10698789646307741,,1.0
ENSG00000035403,-0.1450863947360548,-0.31741188135259996,0.9999999999999998
ENSG00000079393,0.1267593682490773,-0.00484383400455057,0.9999999999999999
ENSG00000226051,,,
ENSG00000165655,-0.16376926242153697,0.0442058698495643,1.0
ENSG00000272692,-0.04863086202867155,,1.0
ENSG00000236842,,,
ENSG00000148655,0.005084073967388026,-0.16500130966886592,1.0
ENSG00000228748,,,
ENSG00000224596,,,1.0
ENSG00000188199,,,
ENSG00000178217,,,
ENSG00000271933,,,1.0
ENSG00000229404,,,
ENSG00000122367,,,
ENSG00000173269,,,
ENSG00000173267,,-0.126440241274546,1.0
ENSG00000148671,,,
ENSG00000152766,,,
ENSG00000107796,0.08753555165160877,,
ENSG00000026103,,,
ENSG00000119922,,,
ENSG00000119917,,,1.0
ENSG00000204010,,,
ENSG00000148680,,,
ENSG00000152804,0.008474689025469818,-0.1429408495064196,1.0
ENSG00000186188,,,
ENSG00000119969,0.08282357059767081,0.04334012234341195,1.0
ENSG00000108242,,,
ENSG00000138185,,,1.0
ENSG00000095585,,,
ENSG00000241935,,,
ENSG00000120057,,,
ENSG00000095713,,,
ENSG00000119943,-0.013713675900425274,-0.3194239424111959,1.0
ENSG00000172987,,,1.0
ENSG00000119946,,,
ENSG00000227695,,,
ENSG00000107593,,,1.0
ENSG00000119906,-0.0282627692480821,0.1371218261097433,1.0
ENSG00000237579,,,
ENSG00000229649,,,
ENSG00000234699,,,
ENSG00000185933,,,
ENSG00000183128,,,
ENSG00000231233,,,
ENSG00000229981,,,
ENSG00000148700,0.25180833535679614,-0.2087425234748491,1.0
ENSG00000138166,,-0.126440241274546,1.0
ENSG00000232470,,,
ENSG00000108061,0.29568487544837246,-0.24195134167694599,1.0
ENSG00000197142,,,
ENSG00000232934,,,
ENSG00000043591,,,
ENSG00000099204,,,
ENSG00000236799,,,
ENSG00000225302,,,
ENSG00000188316,,,
ENSG00000229847,,,
ENSG00000231104,,,
ENSG00000119979,-0.2695625275855785,-0.16517005498252624,1.0
ENSG00000203805,,,
ENSG00000271670,,,
ENSG00000066468,,,
ENSG00000226864,,,
ENSG00000276742,,,
ENSG00000138162,,,1.0
ENSG00000138152,,,
ENSG00000188620,,,1.0
ENSG00000230131,,,
ENSG00000182022,,,
ENSG00000233334,,,
ENSG00000236991,,,
ENSG00000154493,,,
ENSG00000186766,,,
ENSG00000132334,,,
ENSG00000148773,-0.16918342847928716,0.07353693979772642,1.0
ENSG00000280953,,,
ENSG00000176769,,,
ENSG00000283095,,,
ENSG00000226900,,,
ENSG00000171811,,,
ENSG00000171798,,,
ENSG00000166917,0.126440241274546,,1.0
ENSG00000273980,-0.16534493089748323,,
ENSG00000151651,0.3043924690874968,,1.0
ENSG00000165828,,,
ENSG00000130643,,,
ENSG00000256948,-0.10698789646307741,,0.9999999999999999
ENSG00000249695,,,
ENSG00000010379,,,1.0
ENSG00000171823,,,
ENSG00000151062,,,1.0
ENSG00000256706,,,
ENSG00000203593,,,
ENSG00000256271,,,
ENSG00000011105,,,
ENSG00000118972,,,
ENSG00000111254,,,
ENSG00000256790,,,
ENSG00000256417,,,1.0
ENSG00000256146,0.01834215739121214,,0.9999999999999999
ENSG00000110799,,,
ENSG00000010278,-0.10725358586451667,-0.07899081661643459,1.0
ENSG00000111319,,-0.28205899976629495,1.0
ENSG00000139192,,,1.0
ENSG00000276718,,,
ENSG00000111640,0.05351906158357771,0.2126099706744868,0.9999999999999998
ENSG00000010295,,,1.0
ENSG00000245667,,,
ENSG00000184574,,0.1205341771422512,1.0
ENSG00000111644,-0.06808320684014017,0.3239348167664794,1.0
ENSG00000269892,,,
ENSG00000010610,,,
ENSG00000275703,,,
ENSG00000111679,,0.3015113445777636,1.0
ENSG00000257084,,,
ENSG00000139178,0.4036503197738905,-0.28205899976629495,1.0
ENSG00000276144,,,
ENSG00000111704,,,
ENSG00000059804,0.31858959714798163,0.40184328230178795,1.0
ENSG00000171860,,,1.0
ENSG00000111729,,,
ENSG00000205846,,,
ENSG00000166527,,,
ENSG00000166523,,,
ENSG00000249790,,,
ENSG00000166535,,,1.0
ENSG00000245105,,,
ENSG00000175899,,,
ENSG00000111796,,,
ENSG00000110848,,,1.0
ENSG00000110852,-0.32020697775753554,-0.28205899976629495,1.0
ENSG00000231560,,,
ENSG00000173391,,,
ENSG00000165685,,,
ENSG00000139112,-0.10844416136865631,-0.2136668999785085,1.0
ENSG00000205810,,,
ENSG00000134545,,,
ENSG00000121381,,,
ENSG00000226761,,,
ENSG00000247157,,,
ENSG00000275963,,,
ENSG00000111276,0.03795180074768855,-0.018841846165388063,1.0
ENSG00000111305,,,
ENSG00000134531,,,
ENSG00000214772,,,
ENSG00000111339,,,
ENSG00000111341,,,
ENSG00000139055,,,
ENSG00000111348,0.16328842002366842,0.045924868131656735,1.0
ENSG00000139053,,,
ENSG00000151491,,0.24315431014335773,
ENSG00000111404,,,
ENSG00000139151,,,
ENSG00000084453,,,
ENSG00000121351,,,1.0
ENSG00000111716,0.08760997067448678,-0.12096774193548386,1.0
ENSG00000134532,-0.16534493089748323,0.21792229852892522,1.0
ENSG00000226397,,,
ENSG00000118308,,0.12609543202990472,1.0
ENSG00000276842,,,
ENSG00000274987,,,
ENSG00000278743,,,1.0
ENSG00000246695,0.029178517217202927,,1.0
ENSG00000123095,,,
ENSG00000123096,,,
ENSG00000123104,-0.11977073387793043,-0.12392137285697533,1.0
ENSG00000247903,,,
ENSG00000211455,-0.005066566103758474,-0.009726172405734309,1.0
ENSG00000248100,,,
ENSG00000256747,,,
ENSG00000087494,,,
ENSG00000257258,,,
ENSG00000275278,,,
ENSG00000275476,,,
ENSG00000256232,,,
ENSG00000276900,0.10438475425859964,-0.3043924690874968,1.0
ENSG00000174718,-0.023640134239717822,0.048991985503920976,1.0
ENSG00000276136,,,1.0
ENSG00000139132,,,1.0
ENSG00000110975,,,
ENSG00000245482,0.28205899976629495,,
ENSG00000257239,,,
ENSG00000139174,,,1.0
ENSG00000257225,,,
ENSG00000257849,,,
ENSG00000257373,,,
ENSG00000173157,,,
ENSG00000257657,,,
ENSG00000134294,-0.43843915998320127,-0.31537678312393513,1.0
ENSG00000257261,-0.2237019653318891,0.30788621335248956,1.0
ENSG00000257496,,,
ENSG00000275481,,,
ENSG00000139211,,,
ENSG00000179715,,,
ENSG00000205537,,,
ENSG00000139219,-0.23987585355221686,-0.05566808757706626,1.0
ENSG00000274124,,,
ENSG00000269514,,,1.0
ENSG00000275228,,,
ENSG00000187166,,,
ENSG00000273765,,,1.0
ENSG00000177627,,,
ENSG00000197376,,,
ENSG00000167531,,,
ENSG00000257660,,,
ENSG00000172602,,,1.0
ENSG00000123416,-0.4167888563049853,0.19354838709677416,0.9999999999999998
ENSG00000167552,-0.0904667870241197,0.10811479372660858,1.0
ENSG00000167553,-0.014301431104580617,0.10282793684709096,1.0
ENSG00000178401,,,1.0
ENSG00000135519,,,
ENSG00000257964,,,
ENSG00000135472,,,
ENSG00000257771,,,
ENSG00000167580,,,
ENSG00000086159,,,
ENSG00000050405,0.10698789646307741,0.03635718727089492,1.0
ENSG00000185432,0.19566532556364527,0.3094410889469501,1.0
ENSG00000274797,,,
ENSG00000183283,-0.04928962451307068,0.42785266875549666,1.0
ENSG00000110934,-0.21224496409831195,-0.2237019653318891,1.0
ENSG00000139610,,0.06808320684014017,1.0
ENSG00000050438,-0.3015113445777636,,1.0
ENSG00000260122,,,
ENSG00000167612,,,
ENSG00000139567,,,
ENSG00000123358,0.0623230296239759,-0.08582746461262637,1.0
ENSG00000259884,,,
ENSG00000135480,,,
ENSG00000170442,,,
ENSG00000205426,,,
ENSG00000185640,,,
ENSG00000170421,-0.28453506741584683,-0.35151536218687857,1.0
ENSG00000111057,0.13237991355778467,-0.011001100849677396,1.0
ENSG00000167779,0.12009745910912713,,
ENSG00000167780,,,
ENSG00000139631,-0.16179636910082945,-0.17221825549371275,0.9999999999999998
ENSG00000139626,,,1.0
ENSG00000123349,-0.24010263929618766,-0.01539589442815249,0.9999999999999998
ENSG00000257605,,,
ENSG00000135409,-0.034345100687891934,0.1496093451031272,1.0
ENSG00000257550,,,1.0
ENSG00000012822,,0.2899807739944015,1.0
ENSG00000260030,,,
ENSG00000123364,-0.04763103437808061,0.41619411744313917,1.0
ENSG00000248265,,,
ENSG00000250432,,,
ENSG00000283073,,,
ENSG00000260470,,,
ENSG00000257596,,,
ENSG00000258137,,,
ENSG00000139572,,,
ENSG00000123338,0.02386315437405478,0.028100536926457035,1.0
ENSG00000123360,-0.027076518053694116,-0.1847972757089519,1.0
ENSG00000172551,,,
ENSG00000185821,,,1.0
ENSG00000179695,,,
ENSG00000135404,0.26502932551319647,-0.011730205278592375,1.0
ENSG00000123342,,,
ENSG00000111540,-0.21014100591862245,0.10198961598470366,1.0
ENSG00000092841,-0.2408357771260997,-0.39222873900293254,0.9999999999999998
ENSG00000170581,0.21988896890311777,0.012228104927474762,1.0
ENSG00000175336,,,
ENSG00000166863,-0.03772691020060783,-0.1792218581683711,1.0
ENSG00000123384,-0.16534493089748323,,0.9999999999999999
ENSG00000185482,-0.35081067131203897,-0.07924758790742205,1.0
ENSG00000258001,,,
ENSG00000139269,0.08753555165160877,,
ENSG00000123329,-0.14892084929531765,0.24315431014335773,1.0
ENSG00000175197,-0.0803685192303993,0.20483928329223516,1.0
ENSG00000178498,,,
ENSG00000135506,-0.02019520085414114,-0.16719668142402963,1.0
ENSG00000257953,,,
ENSG00000245651,,,
ENSG00000257698,0.16876000818689854,0.07998024193848559,1.0
ENSG00000139263,,,
ENSG00000198673,-0.2665013770576958,0.14127849179939161,1.0
ENSG00000249753,,,
ENSG00000185306,,,1.0
ENSG00000256670,,,
ENSG00000135677,-0.14589258608601463,0.11366339908158628,1.0
ENSG00000215159,,,
ENSG00000174099,,,
ENSG00000250748,,,
ENSG00000149948,,,
ENSG00000256248,,,
ENSG00000251301,,,
ENSG00000247363,-0.10612248204915598,-0.009726172405734309,1.0
ENSG00000274979,,,1.0
ENSG00000090382,-0.19833103309133931,0.12182846962703385,1.0
ENSG00000257764,,-0.009726172405734309,1.0
ENSG00000247131,,,
ENSG00000257454,,,
ENSG00000139287,,,
ENSG00000258123,,,
ENSG00000257183,,,
ENSG00000139278,,,1.0
ENSG00000139289,,,1.0
ENSG00000257839,,,1.0
ENSG00000067798,,,
ENSG00000258084,,,
ENSG00000257474,,,
ENSG00000058272,0.11251611904450064,0.2042271477052858,0.9999999999999999
ENSG00000257431,,,
ENSG00000179104,,,
ENSG00000133636,0.16527586090944946,,0.9999999999999999
ENSG00000259075,,,
ENSG00000271614,-0.01834215739121214,-0.376450944552973,1.0
ENSG00000139329,,,
ENSG00000011465,0.029178517217202927,,
ENSG00000277738,0.4196860298322588,,1.0
ENSG00000133639,0.15335190176476549,0.06067524497717009,0.9999999999999998
ENSG00000245904,0.05507616571421127,0.008118814220113306,1.0
ENSG00000257127,,,
ENSG00000205056,,,
ENSG00000187510,,,
ENSG00000257345,,,
ENSG00000257322,,,
ENSG00000257746,,,
ENSG00000257252,,,
ENSG00000120833,-0.002947717921902546,0.08844396252859976,1.0
ENSG00000258274,,,1.0
ENSG00000139344,,,
ENSG00000084110,,,
ENSG00000257878,,,
ENSG00000257715,,,
ENSG00000245017,,,
ENSG00000179520,,,
ENSG00000274560,,,
ENSG00000183395,,,
ENSG00000017427,,,
ENSG00000139352,,,
ENSG00000166598,0.1416918711844079,0.007906632824802057,1.0
ENSG00000120820,,,
ENSG00000257732,,,
ENSG00000257886,,,
ENSG00000136026,,,
ENSG00000277715,,,
ENSG00000166046,,,1.0
ENSG00000110876,0.21743432642649224,-0.17643408538213584,1.0
ENSG00000256262,,,
ENSG00000277299,,,
ENSG00000111229,0.07448177780195603,0.26796187683284456,1.0
ENSG00000122986,0.004159696882408384,-0.026151661019415642,1.0
ENSG00000257595,,,
ENSG00000111344,,,
ENSG00000139410,0.20424962052042048,-0.13139615048779565,1.0
ENSG00000257935,,,
ENSG00000135111,,,
ENSG00000275898,,,
ENSG00000274554,,,
ENSG00000088992,-0.29820101685656375,-0.16525918421853905,1.0
ENSG00000274859,,,
ENSG00000135090,-0.20498717916565548,-0.1590165023040997,1.0
ENSG00000270482,-0.20424962052042048,,1.0
ENSG00000139767,,,
ENSG00000152137,,,
ENSG00000183273,,,
ENSG00000224982,,,
ENSG00000255692,,,
ENSG00000170890,,,
ENSG00000257218,0.25483948901718834,0.10168088921767407,1.0
ENSG00000088986,0.24340175953079177,0.1004398826979472,0.9999999999999998
ENSG00000135100,,,
ENSG00000135114,,,
ENSG00000089041,,,1.0
ENSG00000135124,,0.26087876480343897,1.0
ENSG00000258435,,,
ENSG00000139714,-0.08753555165160877,,1.0
ENSG00000272849,,,
ENSG00000158113,,,
ENSG00000182782,,,
ENSG00000251497,,,
ENSG00000255839,,,
ENSG00000270028,,,1.0
ENSG00000250091,,,
ENSG00000150991,-0.4159711428301837,0.05522885066883878,1.0
ENSG00000280634,,0.1847972757089519,1.0
ENSG00000249267,,,
ENSG00000256128,,,
ENSG00000256193,,,
ENSG00000249196,,,1.0
ENSG00000111452,,,1.0
ENSG00000256204,,,
ENSG00000230294,,,
ENSG00000256955,,,
ENSG00000276693,,,
ENSG00000256576,,,1.0
ENSG00000182870,,,
ENSG00000277011,,,
ENSG00000274373,,,
ENSG00000256632,,,
ENSG00000250790,,,
ENSG00000231358,,,
ENSG00000198033,,,
ENSG00000165475,-0.10698789646307741,0.020291218947340994,1.0
ENSG00000224429,,,
ENSG00000276476,,,
ENSG00000232977,,,
ENSG00000127863,,,
ENSG00000260509,,,
ENSG00000132932,,,
ENSG00000132975,,,
ENSG00000230641,,,
ENSG00000275294,,,1.0
ENSG00000165556,,,
ENSG00000102755,,,0.9999999999999999
ENSG00000139508,0.14455366896407665,0.2626066549548263,1.0
ENSG00000236463,,,
ENSG00000132965,,,
ENSG00000224743,,,
ENSG00000236094,,,
ENSG00000073910,,,
ENSG00000139597,,,1.0
ENSG00000244754,0.09217122569816238,0.14780434608410842,1.0
ENSG00000172915,,,
ENSG00000120693,,,
ENSG00000133107,,,
ENSG00000274317,,,1.0
ENSG00000223685,,,
ENSG00000236354,,,
ENSG00000188811,-0.058559936282368406,0.20442489027865315,0.9999999999999999
ENSG00000278772,,,
ENSG00000120690,0.08745417544295626,-0.3045417525380822,0.9999999999999998
ENSG00000102760,0.032559609540350004,0.22832113998997133,1.0
ENSG00000133106,,,1.0
ENSG00000120675,,,
ENSG00000151773,,,
ENSG00000227258,,,1.0
ENSG00000151778,,,
ENSG00000237361,,,
ENSG00000102804,-0.04668104279147187,0.13500854189987202,0.9999999999999998
ENSG00000278156,,,
ENSG00000170919,-0.3419164648473267,-0.14128275404391621,1.0
ENSG00000228886,,,1.0
ENSG00000251015,,,
ENSG00000102445,,,
ENSG00000228573,,,
ENSG00000136156,0.004421576882853819,0.28187552628193097,1.0
ENSG00000139679,,,
ENSG00000233610,,,
ENSG00000152207,,,
ENSG00000102531,0.05285577183785965,0.12163405389204765,0.9999999999999999
ENSG00000136169,,-0.24315431014335773,1.0
ENSG00000152213,0.2413205681951625,0.19311179537840933,1.0
ENSG00000237152,,,1.0
ENSG00000150510,,,
ENSG00000253309,,,
ENSG00000102786,-0.22825834495675018,-0.19893395982856885,1.0
ENSG00000236778,-0.3579950771423732,-0.13669274436784284,1.0
ENSG00000123171,,,
ENSG00000136108,0.07221880616423818,-0.16389552901521412,0.9999999999999998
ENSG00000136110,,,
ENSG00000136099,,,
ENSG00000118946,,,1.0
ENSG00000184226,,,
ENSG00000188243,-0.1444281524926686,0.02053538825273114,1.0
ENSG00000178734,,,
ENSG00000271776,,,
ENSG00000184564,,,
ENSG00000165300,,,
ENSG00000229557,,,1.0
ENSG00000125285,,,
ENSG00000247400,-0.012666415259396184,0.17437802416382053,1.0
ENSG00000102580,-0.05456932082779259,-0.21374620967459998,0.9999999999999998
ENSG00000185352,,,
ENSG00000272329,,,
ENSG00000152767,0.20424962052042048,,1.0
ENSG00000231194,,,
ENSG00000224418,,0.029178517217202927,
ENSG00000088386,,,
ENSG00000169508,,,
ENSG00000280710,,,
ENSG00000203441,,-0.08753555165160877,1.0
ENSG00000234650,,,
ENSG00000276957,,,
ENSG00000151287,0.15428368258976607,-0.006243124737144808,0.9999999999999998
ENSG00000233532,,,
ENSG00000125266,,,
ENSG00000134884,0.0989248479010118,-0.31466888816309674,0.9999999999999998
ENSG00000041515,,,
ENSG00000275216,,,
ENSG00000223617,,,
ENSG00000255874,,,
ENSG00000088448,-0.09603024079622215,-0.21588349003817783,1.0
ENSG00000225760,,,1.0
ENSG00000126217,,,1.0
ENSG00000231882,,,
ENSG00000225083,,,
ENSG00000184497,,,1.0
ENSG00000260910,,,
ENSG00000258314,,,
ENSG00000129566,,,1.0
ENSG00000169413,,,1.0
ENSG00000169397,,,
ENSG00000258918,,,
ENSG00000169385,,,
ENSG00000165794,,,
ENSG00000165799,,,
ENSG00000092200,,-0.2626066549548263,1.0
ENSG00000211821,,,
ENSG00000211829,,,
ENSG00000277734,,,
ENSG00000259003,,,
ENSG00000100439,0.28205899976629495,-0.1847972757089519,1.0
ENSG00000197324,-0.07009491086494979,0.16669002481365378,1.0
ENSG00000092067,-0.1847972757089519,-0.3137892072928089,1.0
ENSG00000092068,0.1368327894607114,0.19778988851914828,1.0
ENSG00000235194,0.09253915856966859,0.17599736734901175,1.0
ENSG00000166091,,,
ENSG00000197616,,,
ENSG00000092051,,,
ENSG00000100867,,,
ENSG00000092010,-0.03486989682989288,0.01833654294666414,0.9999999999999999
ENSG00000259321,,,
ENSG00000259529,0.16534493089748323,,1.0
ENSG00000213928,,,1.0
ENSG00000100918,,,1.0
ENSG00000276698,,,
ENSG00000139908,,,
ENSG00000136305,,,
ENSG00000129467,,,
ENSG00000258744,,,
ENSG00000100453,,,
ENSG00000258548,,,
ENSG00000257831,,,0.9999999999999999
ENSG00000257155,,,
ENSG00000151322,,,
ENSG00000100906,0.1267593682490773,,1.0
ENSG00000258844,,,
ENSG00000136327,,,
ENSG00000129514,,,0.9999999999999999
ENSG00000139865,,,
ENSG00000258526,,,
ENSG00000258480,,,
ENSG00000179454,,-0.04863086202867155,1.0
ENSG00000258700,,,
ENSG00000139915,,,
ENSG00000258400,,,
ENSG00000012983,-0.04454523937865806,-0.14638551716965584,1.0
ENSG00000198513,,,
ENSG00000258843,,,
ENSG00000100504,-0.029178517217202927,0.28205899976629495,1.0
ENSG00000131969,,,
ENSG00000277050,,,
ENSG00000186469,,,
ENSG00000258757,0.1795534774869635,,0.9999999999999998
ENSG00000258698,,,
ENSG00000020577,,,
ENSG00000131981,,,1.0
ENSG00000258413,,,
ENSG00000258791,,,
ENSG00000275569,,,
ENSG00000259133,,,
ENSG00000248550,,,
ENSG00000259008,,,
ENSG00000100557,,,
ENSG00000259039,,-0.3015113445777636,
ENSG00000139971,-0.029178517217202927,,1.0
ENSG00000196860,,,
ENSG00000258553,,,
ENSG00000254718,,,1.0
ENSG00000258777,,,
ENSG00000258667,-0.24315431014335773,,1.0
ENSG00000261242,,,1.0
ENSG00000258809,,,
ENSG00000089775,0.07909282844896438,0.2626066549548263,1.0
ENSG00000126804,-0.07016299297892002,,1.0
ENSG00000126803,,,
ENSG00000176153,,,
ENSG00000272158,,,
ENSG00000072415,0.07754144383448165,-0.23624776345832726,1.0
ENSG00000100554,0.21075797537535818,-0.05494512540074072,1.0
ENSG00000198133,,,
ENSG00000258837,,,
ENSG00000185650,-0.079428678093787,0.2834787386581985,0.9999999999999998
ENSG00000276063,,,
ENSG00000267909,,,
ENSG00000100652,,,
ENSG00000198732,,,
ENSG00000258422,,,
ENSG00000259158,,,
ENSG00000134007,,,
ENSG00000258689,,,
ENSG00000275630,,,
ENSG00000182732,,,
ENSG00000280188,,,
ENSG00000258376,,,1.0
ENSG00000133961,-0.032530114926590185,0.15085043490467803,1.0
ENSG00000258660,,,
ENSG00000156030,0.30509297060109136,-0.1453150201365171,1.0
ENSG00000259065,,,1.0
ENSG00000258891,0.20424962052042048,,
ENSG00000156050,,,1.0
ENSG00000270000,,,
ENSG00000119655,-0.052346126275549194,0.009891526948967088,1.0
ENSG00000273565,,,
ENSG00000170345,,0.14589258608601463,1.0
ENSG00000259687,,,1.0
ENSG00000071246,,-0.3015113445777636,1.0
ENSG00000100565,,,
ENSG00000273729,,,1.0
ENSG00000246548,,,
ENSG00000063761,,0.029178517217202927,1.0
ENSG00000258743,,,
ENSG00000185070,,,
ENSG00000258807,,,
ENSG00000140030,,0.20424962052042048,0.9999999999999999
ENSG00000258867,,,
ENSG00000258983,,,
ENSG00000258699,,,
ENSG00000258730,,,
ENSG00000119632,-0.09916551654566966,-0.006987488529985578,1.0
ENSG00000119698,,,
ENSG00000235706,,,1.0
ENSG00000100721,,,
ENSG00000257275,,,
ENSG00000258702,,,1.0
ENSG00000258979,,,
ENSG00000246223,,,
ENSG00000258749,,,
ENSG00000247970,,,
ENSG00000182218,,,
ENSG00000140107,,,
ENSG00000258521,,,
ENSG00000185559,,,
ENSG00000259004,,,
ENSG00000259088,,,
ENSG00000272444,,,1.0
ENSG00000080824,-0.003299120234604105,0.22800586510263926,1.0
ENSG00000259515,,,
ENSG00000185215,0.21740591729293918,-0.03508149648946001,1.0
ENSG00000259775,,,1.0
ENSG00000166165,0.3219655515338918,0.20132014554909639,1.0
ENSG00000258735,,,
ENSG00000184601,,,
ENSG00000258811,,,
ENSG00000166428,,,1.0
ENSG00000183484,,,1.0
ENSG00000211956,,,
ENSG00000260986,,,
ENSG00000247765,,,
ENSG00000277865,-0.1847972757089519,,
ENSG00000273976,,,
ENSG00000185823,,,
ENSG00000182256,,,
ENSG00000261480,,,
ENSG00000104059,,,
ENSG00000259523,,,
ENSG00000166664,,,
ENSG00000260693,,,
ENSG00000178115,,,
ENSG00000247728,,,
ENSG00000259448,,,1.0
ENSG00000262728,,,
ENSG00000232653,,,
ENSG00000244952,,,
ENSG00000166922,,,1.0
ENSG00000276702,,,
ENSG00000184984,,,1.0
ENSG00000140199,,-0.20875121983331912,1.0
ENSG00000259468,,,
ENSG00000159251,,,
ENSG00000259460,,,1.0
ENSG00000175779,,,
ENSG00000137801,,,
ENSG00000275636,,,
ENSG00000104081,,,1.0
ENSG00000137843,,,
ENSG00000137841,0.37973566887166715,0.0628873967698702,1.0
ENSG00000259198,,,
ENSG00000166143,,,
ENSG00000166145,,-0.10524448946838003,1.0
ENSG00000187446,-0.09062889042604116,0.04705724834509868,1.0
ENSG00000137804,-0.056876987238156505,-0.10175922480117817,0.9999999999999998
ENSG00000260926,,,
ENSG00000168970,,,
ENSG00000246740,,,
ENSG00000092529,,,1.0
ENSG00000261822,,,1.0
ENSG00000166947,,,1.0
ENSG00000104055,,,
ENSG00000166963,0.2170646317372194,0.2127957763578559,1.0
ENSG00000242866,,,
ENSG00000229474,0.10698789646307741,,1.0
ENSG00000166710,-0.1983137829912023,-0.05278592375366568,0.9999999999999998
ENSG00000167014,,,
ENSG00000140274,,,
ENSG00000140254,,,
ENSG00000259519,,,
ENSG00000137860,,,1.0
ENSG00000185634,,,
ENSG00000259602,,,
ENSG00000138593,0.01965231149058444,0.04541867544490625,1.0
ENSG00000104043,,,
ENSG00000259188,,,
ENSG00000140287,,,
ENSG00000244879,-0.11911704535395355,-0.0704188859050402,0.9999999999999998
ENSG00000273674,,-0.3015113445777636,1.0
ENSG00000137869,,,
ENSG00000259306,,,1.0
ENSG00000259668,,,
ENSG00000104112,,,1.0
ENSG00000128872,,,
ENSG00000259201,,,
ENSG00000069966,,-0.2237019653318891,1.0
ENSG00000259709,,,
ENSG00000260916,0.12319668646599886,0.3034873096151326,1.0
ENSG00000166450,,,
ENSG00000263155,,,
ENSG00000166035,,,
ENSG00000259250,,,
ENSG00000157456,0.07783166674695098,-0.039474563777642024,1.0
ENSG00000182718,-0.03309753275498536,0.22007798998903289,1.0
ENSG00000259697,,,
ENSG00000140416,-0.039374301782163154,-0.28423435842085043,0.9999999999999999
ENSG00000259627,,,
ENSG00000259672,,,
ENSG00000103642,0.2626066549548263,-0.08603249898273876,1.0
ENSG00000259268,,,
ENSG00000035664,,,
ENSG00000166794,0.2676934540088166,-0.0005516255459164227,0.9999999999999998
ENSG00000166803,0.0010998075383007082,-0.36950146627565983,0.9999999999999998
ENSG00000180304,0.014967628220567498,-0.08661146394737564,1.0
ENSG00000140451,0.24216882581284022,-0.1588967925936461,1.0
ENSG00000275332,,,
ENSG00000103710,,,1.0
ENSG00000278737,,,
ENSG00000174498,-0.0659444230017389,,1.0
ENSG00000259347,,,
ENSG00000245719,,,
ENSG00000255346,,-0.24315431014335773,1.0
ENSG00000212766,,,1.0
ENSG00000259641,,,
ENSG00000166173,,,
ENSG00000260672,,,1.0
ENSG00000175202,,,
ENSG00000260898,,-0.1847972757089519,
ENSG00000167178,,,
ENSG00000137868,,,
ENSG00000140459,,,
ENSG00000261821,,,
ENSG00000138623,-0.06808320684014017,,1.0
ENSG00000275527,,,
ENSG00000260919,,,
ENSG00000140465,,,
ENSG00000169410,-0.012756907814349095,0.2626066549548263,1.0
ENSG00000275454,0.13319900010285007,,
ENSG00000246877,,,
ENSG00000169752,,,
ENSG00000169758,,,1.0
ENSG00000259422,,,
ENSG00000159556,0.23408086575451686,0.2342857817804125,1.0
ENSG00000259666,,,
ENSG00000259792,,,
ENSG00000183476,,,
ENSG00000259474,,,
ENSG00000041357,-0.15525616415678328,-0.20124633431085046,1.0
ENSG00000080644,,,
ENSG00000177699,,,
ENSG00000140379,,,
ENSG00000258010,,,
ENSG00000136379,,,1.0
ENSG00000172349,-0.06808320684014017,,
ENSG00000172345,,,1.0
ENSG00000259518,,,
ENSG00000259462,,,1.0
ENSG00000259442,,,
ENSG00000136404,,,1.0
ENSG00000256278,,,
ENSG00000170776,-0.10589123156855211,-0.21456866153156595,1.0
ENSG00000259367,,,
ENSG00000259762,,,
ENSG00000140538,,,
ENSG00000172183,,,
ENSG00000157766,,,
ENSG00000140545,0.2773131254938923,0.055427100184957744,1.0
ENSG00000242498,,,
ENSG00000182054,-0.22311354847164022,-0.2100174020417047,1.0
ENSG00000182768,0.21846204632072824,0.05507616571421127,1.0
ENSG00000275345,,,
ENSG00000259314,,,
ENSG00000140564,0.12640403705771353,0.09403118246263249,1.0
ENSG00000182511,-0.1847972757089519,-0.034124728403383826,1.0
ENSG00000259661,,,
ENSG00000198901,0.1765043654142331,0.019348268903308905,1.0
ENSG00000185518,,,
ENSG00000258551,,,1.0
ENSG00000140557,,,
ENSG00000173575,-0.23815517189040303,-0.0026910188914169835,1.0
ENSG00000182175,,,1.0
ENSG00000259123,,,1.0
ENSG00000258476,,,
ENSG00000247809,-0.1724753610523984,0.017032003291839848,1.0
ENSG00000278146,,,
ENSG00000185551,-0.23470636213438473,-0.24193026329348669,1.0
ENSG00000140450,,,0.9999999999999999
ENSG00000278090,,,1.0
ENSG00000254744,,,
ENSG00000154227,,,
ENSG00000259376,,,
ENSG00000259755,0.2554800493775977,0.24315431014335773,1.0
ENSG00000259182,,,
ENSG00000259553,0.029178517217202927,,1.0
ENSG00000130656,-0.04619191660862974,-0.10703812316715541,1.0
ENSG00000188536,-0.08753555165160877,0.06812052075178762,1.0
ENSG00000206172,0.0996395376596361,-0.22256769369744062,1.0
ENSG00000167930,-0.028797049629181202,0.060009721278598736,0.9999999999999999
ENSG00000269881,,,
ENSG00000257108,,,1.0
ENSG00000262528,,-0.14589258608601463,
ENSG00000260022,,,
ENSG00000260710,,,
ENSG00000261505,,,1.0
ENSG00000260051,,,
ENSG00000063854,-0.12176899334798048,0.1443971339571165,0.9999999999999999
ENSG00000259947,,,
ENSG00000162040,,,
ENSG00000198736,-0.0015315260171901127,-0.2548636841330935,1.0
ENSG00000140986,,,1.0
ENSG00000255198,0.14851486147064485,-0.10153958944281524,1.0
ENSG00000196408,,,
ENSG00000183971,0.21861518059768512,0.13859975704336286,1.0
ENSG00000260095,,0.08753555165160877,1.0
ENSG00000260176,,,
ENSG00000005001,,,
ENSG00000262482,,,
ENSG00000270168,,,
ENSG00000213937,,,
ENSG00000184697,-0.07654144688609457,-0.12609543202990472,1.0
ENSG00000006327,-0.10790985754582104,0.20001344390950404,1.0
ENSG00000162069,,,
ENSG00000008516,,,
ENSG00000008517,,,
ENSG00000261889,0.126440241274546,-0.17285610088443024,1.0
ENSG00000262521,,,
ENSG00000168124,,,
ENSG00000281005,,,1.0
ENSG00000262899,,,
ENSG00000232196,,,
ENSG00000261938,,,
ENSG00000213918,-0.021015905338317455,0.05580085210518773,1.0
ENSG00000276754,,,
ENSG00000168140,,,1.0
ENSG00000267077,,,
ENSG00000067836,-0.0618710028995931,-0.24315431014335773,1.0
ENSG00000267072,,,1.0
ENSG00000153446,,,
ENSG00000078328,,,
ENSG00000183044,,,1.0
ENSG00000153048,-0.2713635189469754,-0.14743113797258986,1.0
ENSG00000259939,,,1.0
ENSG00000166669,-0.054638800886731065,-0.2291850684279229,1.0
ENSG00000260756,,,
ENSG00000262151,,,
ENSG00000263033,,,
ENSG00000185338,0.06181210646585338,-0.16253754104158583,1.0
ENSG00000277369,0.009726172405734309,,1.0
ENSG00000259876,,,
ENSG00000103381,0.20875121983331912,-0.34852909616343547,1.0
ENSG00000237515,,,
ENSG00000262732,,0.28205899976629495,
ENSG00000262097,,,
ENSG00000069764,,,
ENSG00000275910,,,
ENSG00000166780,,,
ENSG00000133392,,,
ENSG00000170540,0.06479200641637517,0.08069188529155925,1.0
ENSG00000205730,-0.020291218947340994,0.24315431014335773,1.0
ENSG00000261759,,,
ENSG00000183549,,,
ENSG00000005187,0.04849463056931148,-0.2847935467390107,0.9999999999999998
ENSG00000166743,,0.08986111248108153,1.0
ENSG00000175311,,,
ENSG00000103316,0.04863086202867155,0.15499642994434149,1.0
ENSG00000197006,-0.10131522526664963,-0.00277067812719927,1.0
ENSG00000140749,,,
ENSG00000260790,,,1.0
ENSG00000166851,0.23837067288876576,-0.02529178337470916,1.0
ENSG00000261266,,,
ENSG00000134398,,,
ENSG00000166501,0.1305144162337237,-0.31063070527940045,1.0
ENSG00000006116,,,
ENSG00000259888,,,
ENSG00000262155,,-0.10698789646307741,1.0
ENSG00000260034,,,
ENSG00000103375,,,1.0
ENSG00000236481,,,
ENSG00000103522,,,
ENSG00000184730,-0.013338051933043287,0.26668278901662645,1.0
ENSG00000197272,,,
ENSG00000176046,,,
ENSG00000255524,,,
ENSG00000260796,,,
ENSG00000260517,,,
ENSG00000103485,0.38800236465797294,0.02016313820217965,1.0
ENSG00000185905,,,
ENSG00000260719,,,
ENSG00000167371,,,1.0
ENSG00000013364,-0.009726172405734309,,0.9999999999999999
ENSG00000174939,,-0.06808320684014017,1.0
ENSG00000149932,0.21796001267300924,0.5740680652905208,0.9999999999999998
ENSG00000090238,-0.05198439934347256,0.31547392398154556,1.0
ENSG00000102879,,-0.38111262095367915,1.0
ENSG00000261416,,,
ENSG00000005844,,,
ENSG00000260487,,,
ENSG00000196118,0.12102262729306948,0.09783266278182264,1.0
ENSG00000175938,-0.052941167429548734,0.11385540224306566,1.0
ENSG00000099377,0.04863086202867155,0.0641975508692425,1.0
ENSG00000260911,,,1.0
ENSG00000261385,,,
ENSG00000052344,,,1.0
ENSG00000103490,0.05190403691619966,0.00149676282205675,0.9999999999999998
ENSG00000177238,,-0.08753555165160877,0.9999999999999999
ENSG00000169900,,,
ENSG00000169896,-0.16534493089748323,0.2237019653318891,1.0
ENSG00000140678,,,
ENSG00000156885,,,
ENSG00000176723,,,1.0
ENSG00000261474,,,1.0
ENSG00000169877,,,0.9999999999999999
ENSG00000276867,,,
ENSG00000259303,,,
ENSG00000261512,,,
ENSG00000091651,0.09254514316238187,0.13028426835588666,0.9999999999999998
ENSG00000260281,,,
ENSG00000260086,,,1.0
ENSG00000167208,,,
ENSG00000167207,,,
ENSG00000261644,,,
ENSG00000249231,,,
ENSG00000261630,,,
ENSG00000275147,,,
ENSG00000159387,,,
ENSG00000087245,,,
ENSG00000087253,0.11002832989876095,0.24019491821825426,1.0
ENSG00000261997,0.06808320684014017,,0.9999999999999999
ENSG00000103546,,,
ENSG00000274031,,,
ENSG00000125148,0.004786018803719102,-0.1771866049640059,1.0
ENSG00000169715,0.0012980539049064776,0.3184727518331797,1.0
ENSG00000205364,,,
ENSG00000198417,0.13586297538021133,-0.06462321813705174,1.0
ENSG00000125144,0.09121523494381688,-0.2648029966009215,1.0
ENSG00000051108,-0.1797765945129499,-0.3384285445860087,0.9999999999999999
ENSG00000140853,,,1.0
ENSG00000102962,,,
ENSG00000159618,,,
ENSG00000205336,,,
ENSG00000182885,,,
ENSG00000260467,,,
ENSG00000159625,,,
ENSG00000187185,,,
ENSG00000070729,,,
ENSG00000103034,,,
ENSG00000261653,,,
ENSG00000260755,,,
ENSG00000261519,,,
ENSG00000140932,,,
ENSG00000166592,,,
ENSG00000172824,,,
ENSG00000159708,,,1.0
ENSG00000159713,,,
ENSG00000159723,,,
ENSG00000261386,-0.13116823676673997,,1.0
ENSG00000038358,,,1.0
ENSG00000167261,,-0.1847972757089519,1.0
ENSG00000263201,,,
ENSG00000103066,0.18342157391212144,,1.0
ENSG00000260441,,,
ENSG00000103056,,,
ENSG00000275383,,,
ENSG00000260111,,,
ENSG00000157368,,,
ENSG00000157423,,,
ENSG00000180917,0.1511044394609381,-0.22141604279391802,1.0
ENSG00000247324,,,1.0
ENSG00000198650,,,
ENSG00000040199,,-0.20424962052042048,1.0
ENSG00000277481,,,
ENSG00000257017,,,
ENSG00000261673,,,
ENSG00000260664,,,
ENSG00000140836,-0.07973067383968183,-0.1069045447893038,1.0
ENSG00000271009,,,
ENSG00000261170,,,
ENSG00000273659,,,
ENSG00000261063,,,
ENSG00000178573,,,
ENSG00000278058,,,
ENSG00000168589,,,
ENSG00000260737,,,
ENSG00000260213,,,
ENSG00000260495,,,1.0
ENSG00000261218,0.24315431014335773,-0.3015113445777636,
ENSG00000197943,0.07751846138750466,0.03417593992099569,1.0
ENSG00000086696,,,
ENSG00000261235,,,
ENSG00000140961,,0.18516844604461782,1.0
ENSG00000154099,,,
ENSG00000250685,,,
ENSG00000103175,,,
ENSG00000103187,-0.17682315702117074,-0.0395192156093161,1.0
ENSG00000103196,,,
ENSG00000135709,0.13931305256658744,0.029712142030035023,1.0
ENSG00000153789,,,
ENSG00000278214,,,
ENSG00000275088,,,
ENSG00000270159,,,
ENSG00000268388,,,
ENSG00000103241,,,
ENSG00000270020,,,
ENSG00000261363,,,
ENSG00000140941,0.21795268847275204,-0.27900203758571446,0.9999999999999998
ENSG00000124391,,,
ENSG00000051523,-0.11777660430752654,-0.06380468814433289,1.0
ENSG00000259813,,,
ENSG00000224888,,,1.0
ENSG00000129993,0.1761994241771405,-0.07487454388335092,0.9999999999999998
ENSG00000180422,,,
ENSG00000129910,,,
ENSG00000268218,,,1.0
ENSG00000261118,,,
ENSG00000075399,-0.27731595103380263,-0.17512393128276355,1.0
ENSG00000258947,,,
ENSG00000261317,,,1.0
ENSG00000260507,,,
ENSG00000241525,,,
ENSG00000183688,0.2626066549548263,-0.024319517298040674,0.9999999999999999
ENSG00000262777,,,
ENSG00000167703,,-0.06808320684014017,1.0
ENSG00000185561,-0.24315431014335773,,1.0
ENSG00000186594,,,
ENSG00000167711,,,1.0
ENSG00000132386,0.2348879844861701,0.1592279456685279,1.0
ENSG00000262445,,,
ENSG00000263050,,,
ENSG00000274758,,,
ENSG00000263345,,,
ENSG00000272770,,,
ENSG00000277200,0.20424962052042048,,
ENSG00000180090,,,
ENSG00000108381,,,
ENSG00000262304,,,1.0
ENSG00000213977,0.16534493089748323,0.1199149334548815,0.9999999999999998
ENSG00000262692,,,
ENSG00000108405,,,
ENSG00000167740,-0.4384352665407607,-0.18673272706260605,0.9999999999999998
ENSG00000263165,,,
ENSG00000182557,,,
ENSG00000183018,,,
ENSG00000167741,,,
ENSG00000188176,,,
ENSG00000161905,,,
ENSG00000141497,,,
ENSG00000142484,,,
ENSG00000262165,,,
ENSG00000108556,-0.28205899976629495,,
ENSG00000234203,,,
ENSG00000227495,,,
ENSG00000132517,,,
ENSG00000161929,,,
ENSG00000179314,,,
ENSG00000129221,,,
ENSG00000282936,,,
ENSG00000177294,,,
ENSG00000108839,,,
ENSG00000132514,,,
ENSG00000161944,,,
ENSG00000181885,-0.3015113445777636,0.2626066549548263,0.9999999999999999
ENSG00000072818,-0.2626066549548263,-0.16534493089748323,1.0
ENSG00000129226,,-0.28205899976629495,1.0
ENSG00000129214,,,1.0
ENSG00000141504,0.03647927594706101,0.2775548877439857,1.0
ENSG00000129244,,,0.9999999999999999
ENSG00000183914,,,1.0
ENSG00000132510,0.015308289377218913,-0.044930556240540764,1.0
ENSG00000167874,,-0.08753555165160877,
ENSG00000132518,,,
ENSG00000179593,,,
ENSG00000179111,,,
ENSG00000220205,0.3557513069836263,0.2297336989869416,1.0
ENSG00000184650,,,
ENSG00000189051,,,
ENSG00000166596,,,
ENSG00000007237,,,
ENSG00000007174,,,
ENSG00000265494,,,
ENSG00000109099,0.13232556403660187,0.17687416693818273,1.0
ENSG00000125409,,,
ENSG00000239704,,,
ENSG00000251537,,,
ENSG00000170315,-0.028592375366568914,0.06231671554252198,1.0
ENSG00000181350,-0.20474837042030297,-0.22558705225886258,1.0
ENSG00000170160,,,
ENSG00000260328,,,
ENSG00000225442,-0.3015113445777636,,1.0
ENSG00000108551,,,
ENSG00000237328,,,
ENSG00000197815,,,
ENSG00000091536,,,1.0
ENSG00000171931,,,
ENSG00000154025,,,
ENSG00000154016,,,
ENSG00000189152,,,
ENSG00000262319,,,
ENSG00000166482,,,
ENSG00000072210,,,
ENSG00000261033,,,
ENSG00000263494,,,
ENSG00000034152,-0.11927708806416404,,1.0
ENSG00000265265,,,
ENSG00000276399,,,
ENSG00000261020,,,
ENSG00000109046,0.15456375617295215,-0.15091649744580948,1.0
ENSG00000168961,-0.1847972757089519,0.2626066549548263,1.0
ENSG00000266527,,0.16464269848778518,1.0
ENSG00000232859,-0.2858982436082757,-0.2237019653318891,1.0
ENSG00000266830,,,
ENSG00000260777,,,
ENSG00000109072,,,
ENSG00000109101,,,
ENSG00000267729,,,
ENSG00000265073,,,
ENSG00000264066,0.10698789646307741,0.08753555165160877,1.0
ENSG00000179761,,,
ENSG00000063015,,,
ENSG00000167549,,,1.0
ENSG00000263657,,,
ENSG00000263477,,,
ENSG00000264125,,,
ENSG00000266120,,,
ENSG00000108582,-0.31668795285671475,-0.09981135224404193,1.0
ENSG00000184060,,,1.0
ENSG00000265743,,,
ENSG00000126861,,,
ENSG00000185862,0.20700434770082274,0.009726172405734309,1.0
ENSG00000126860,,0.2237019653318891,1.0
ENSG00000228768,,,
ENSG00000274341,,,
ENSG00000278668,,,
ENSG00000266385,,,
ENSG00000266718,,,
ENSG00000264458,,,
ENSG00000108691,,,
ENSG00000166750,,,
ENSG00000154760,,,
ENSG00000271447,,,1.0
ENSG00000270379,,,
ENSG00000270240,,,
ENSG00000271503,,,
ENSG00000275152,,,
ENSG00000277632,,,
ENSG00000275302,,,
ENSG00000274767,,,
ENSG00000276085,-0.029178517217202927,,1.0
ENSG00000276070,,,
ENSG00000274933,,,
ENSG00000275613,,,1.0
ENSG00000277268,-0.0723954518464311,0.1272501554481322,1.0
ENSG00000273706,-0.14510982638822095,0.07944839629682306,1.0
ENSG00000276707,,,
ENSG00000275066,-0.06808277795284967,0.09568602473704967,1.0
ENSG00000277688,,,
ENSG00000277363,,-0.1847972757089519,1.0
ENSG00000275665,,,
ENSG00000279119,,,
ENSG00000277791,0.12284562615473092,-0.1939327292536915,1.0
ENSG00000263466,,,
ENSG00000263874,,,1.0
ENSG00000141748,,,
ENSG00000141750,,,1.0
ENSG00000108306,-0.30839076495638634,0.08461165393276651,1.0
ENSG00000171532,,,
ENSG00000131771,,,
ENSG00000141744,0.07130142342380442,0.08683512291983478,0.9999999999999999
ENSG00000161405,-0.10730578947226882,-0.0683986424007394,1.0
ENSG00000073605,0.08753555165160877,,1.0
ENSG00000264968,,,
ENSG00000265666,,-0.14589258608601463,1.0
ENSG00000131747,-0.15829807700065163,0.04116097760656062,0.9999999999999998
ENSG00000141753,-0.2284035313239036,-0.06808320684014017,1.0
ENSG00000266088,,,
ENSG00000126353,,,
ENSG00000198083,,,
ENSG00000131738,,,
ENSG00000171345,,,
ENSG00000186847,,,
ENSG00000128422,,,
ENSG00000173812,0.24617358732297515,0.2785923753665689,1.0
ENSG00000184502,,,
ENSG00000173805,0.1847972757089519,0.2626066549548263,1.0
ENSG00000161594,,,
ENSG00000108771,,,
ENSG00000267758,,,
ENSG00000177469,0.289015428938184,-0.20855396408481622,1.0
ENSG00000184451,-0.25690247853644244,-0.1817859363544746,1.0
ENSG00000267042,0.20397923196940732,-0.18051024557303966,1.0
ENSG00000108828,-0.05084859062882701,-0.09062889042604116,0.9999999999999998
ENSG00000188554,-0.2284866287660459,-0.10844416136865631,1.0
ENSG00000184988,,,1.0
ENSG00000188825,,,1.0
ENSG00000167941,,,
ENSG00000161649,,,
ENSG00000267394,,,
ENSG00000260793,0.2237019653318891,-0.14589258608601463,1.0
ENSG00000004939,-0.08753555165160877,,1.0
ENSG00000267750,,,
ENSG00000030582,0.18378695918955326,-0.19783053897934177,1.0
ENSG00000131095,,,
ENSG00000186185,-0.004059407110056653,0.362912685526126,1.0
ENSG00000276728,0.239829866909763,-0.008929835470044367,1.0
ENSG00000224505,,,1.0
ENSG00000267288,,,
ENSG00000267121,0.2626066549548263,-0.11522513616525779,1.0
ENSG00000184922,0.36378612159237417,0.058520216438629216,0.9999999999999999
ENSG00000131484,,,
ENSG00000264589,,,
ENSG00000198336,-0.1828868305351832,-0.17150230895568386,1.0
ENSG00000253347,,,
ENSG00000189120,-0.04863086202867155,-0.24315431014335773,0.9999999999999999
ENSG00000266821,,,
ENSG00000141293,,,
ENSG00000264451,,,1.0
ENSG00000173917,0.005093355716725926,-0.21288211638942564,1.0
ENSG00000230148,-0.10301203060086893,0.3928602611163475,1.0
ENSG00000120093,-0.05942428406007005,-0.12971886398478705,1.0
ENSG00000233101,,,
ENSG00000182742,0.2572434792518536,0.0812011894097466,1.0
ENSG00000120075,-0.21224496409831195,,1.0
ENSG00000108511,0.2237019653318891,0.18019132287768097,1.0
ENSG00000170689,-0.08650247894183417,-0.2184338982017398,1.0
ENSG00000242207,,,
ENSG00000244649,,,
ENSG00000170703,,,
ENSG00000159224,,,
ENSG00000167080,,,
ENSG00000167083,,,1.0
ENSG00000173868,,,
ENSG00000248714,,,1.0
ENSG00000064300,,,
ENSG00000182575,,,
ENSG00000176358,,,
ENSG00000248954,,,
ENSG00000108813,-0.04009618148211305,0.19833103309133931,1.0
ENSG00000005884,,-0.24315431014335773,
ENSG00000108823,,,
ENSG00000108821,,,1.0
ENSG00000249406,,,
ENSG00000049283,,,
ENSG00000006283,,,
ENSG00000262967,-0.23022637467035587,-0.045599094933826266,1.0
ENSG00000173714,,,
ENSG00000251665,,,
ENSG00000239672,-0.14040876238972372,0.2067448680351906,0.9999999999999998
ENSG00000249383,,,
ENSG00000153930,,,
ENSG00000274213,0.25285974117885307,-0.0036234319548823202,1.0
ENSG00000121064,-0.34272994314906885,0.006114052463737381,0.9999999999999998
ENSG00000263004,-0.20581093503731576,-0.009726172405734309,1.0
ENSG00000121053,,,
ENSG00000278627,,,
ENSG00000265148,,0.2626066549548263,1.0
ENSG00000265206,0.04230840622487687,-0.45352342309356075,1.0
ENSG00000108375,,,
ENSG00000264672,,,
ENSG00000224738,,,1.0
ENSG00000175155,-0.05721006233925692,-0.11310997057914156,1.0
ENSG00000265313,,,
ENSG00000062716,-0.23929317707152054,-0.3410524018726987,0.9999999999999999
ENSG00000267416,,,1.0
ENSG00000167434,,,
ENSG00000141371,,,
ENSG00000267667,,,
ENSG00000121068,,,1.0
ENSG00000277463,,,1.0
ENSG00000011028,0.03125442414515528,-0.017392473383435136,1.0
ENSG00000265971,,,
ENSG00000159640,-0.12140761320849941,-0.06808320684014017,1.0
ENSG00000264813,,,
ENSG00000173826,,,
ENSG00000136490,0.19226235601661565,0.13698460215704658,1.0
ENSG00000136487,,,
ENSG00000259384,,,
ENSG00000264954,,,1.0
ENSG00000261371,,,
ENSG00000271605,-0.009726172405734309,0.16534493089748323,1.0
ENSG00000265912,-0.04863086202867155,,1.0
ENSG00000266598,,,1.0
ENSG00000263470,-0.04863086202867155,,
ENSG00000265664,,,
ENSG00000171634,-0.16791253040502835,0.0303555848260735,1.0
ENSG00000182481,-0.2790395425435015,-0.24436245784989166,1.0
ENSG00000265055,,,
ENSG00000274561,,,1.0
ENSG00000278740,,,
ENSG00000267731,,,
ENSG00000274712,0.13494587223534646,-0.3015113445777636,1.0
ENSG00000141337,0.126440241274546,0.10131858368479088,1.0
ENSG00000070540,-0.06884520714276408,-0.3058176569920678,1.0
ENSG00000108950,,,
ENSG00000154258,,,
ENSG00000154262,,,
ENSG00000154265,,,1.0
ENSG00000108984,,,
ENSG00000227517,,,1.0
ENSG00000180616,,,1.0
ENSG00000171595,,,
ENSG00000167851,,0.1847972757089519,1.0
ENSG00000172794,,,
ENSG00000186074,,,
ENSG00000167861,,0.08753555165160877,1.0
ENSG00000189159,-0.21739139580127562,0.22181454948443913,1.0
ENSG00000265342,,,
ENSG00000266714,0.16534493089748323,,1.0
ENSG00000204323,,,
ENSG00000132471,-0.049108212719226954,0.14386947308878162,0.9999999999999999
ENSG00000267065,0.24315431014335773,,
ENSG00000267535,,,
ENSG00000267665,,,1.0
ENSG00000267506,,,
ENSG00000187997,,-0.1847972757089519,1.0
ENSG00000183077,-0.08572656689104809,0.2031713423809711,1.0
ENSG00000089685,-0.07994133284098909,-0.04373880482956588,0.9999999999999998
ENSG00000267737,,,
ENSG00000184557,-0.04863086202867155,-0.1847972757089519,1.0
ENSG00000035862,-0.3015113445777636,,1.0
ENSG00000108679,0.16534493089748323,-0.21885529007489216,1.0
ENSG00000265096,,,
ENSG00000167281,,,
ENSG00000267719,,,
ENSG00000262768,,,
ENSG00000262580,,,1.0
ENSG00000173821,0.005651139671975665,-0.2451518210080872,1.0
ENSG00000226137,,-0.08551299413522274,1.0
ENSG00000262223,,,
ENSG00000184009,0.1689882697947214,0.09347507331378298,0.9999999999999998
ENSG00000182612,0.24315431014335773,-0.2237019653318891,0.9999999999999999
ENSG00000215644,,,
ENSG00000182676,,,
ENSG00000185624,0.0022240070252321636,0.12652763447543333,1.0
ENSG00000263859,,,
ENSG00000187531,-0.22601019727752225,0.0010764075565667934,1.0
ENSG00000141526,,,0.9999999999999999
ENSG00000265692,,-0.04863086202867155,0.9999999999999999
ENSG00000173762,0.08630879198840374,0.052867097259987096,1.0
ENSG00000181408,,,
ENSG00000262663,,,
ENSG00000274370,,,1.0
ENSG00000261888,,,1.0
ENSG00000262952,,,
ENSG00000266456,,,
ENSG00000264080,,,
ENSG00000272625,,,
ENSG00000101605,,,
ENSG00000101608,-0.1031986073438831,-0.0934642088241887,1.0
ENSG00000266835,,,
ENSG00000177337,,0.10262873778416318,1.0
ENSG00000264707,,,
ENSG00000101745,0.29213318894859425,0.30450062283588425,1.0
ENSG00000260913,,,
ENSG00000154856,,,
ENSG00000273141,,,1.0
ENSG00000181626,,,
ENSG00000266969,,,
ENSG00000265787,,,
ENSG00000265656,,,
ENSG00000264012,,,
ENSG00000134489,,,
ENSG00000264695,,,
ENSG00000134762,,,
ENSG00000134755,-0.03537483338763655,0.13512026523474288,1.0
ENSG00000265888,,,
ENSG00000134765,,,
ENSG00000266729,,,1.0
ENSG00000101695,0.03755775084867248,0.05153272790864363,1.0
ENSG00000263393,,,
ENSG00000274400,,,
ENSG00000186812,-0.17061059771583673,-0.05954637586796848,1.0
ENSG00000186496,,,1.0
ENSG00000267627,,,
ENSG00000260552,,,1.0
ENSG00000134775,,,
ENSG00000101489,,,
ENSG00000267313,,,
ENSG00000132872,,,
ENSG00000152217,,,
ENSG00000197046,,,
ENSG00000141622,,,
ENSG00000267724,,,1.0
ENSG00000267764,,,
ENSG00000215472,,,
ENSG00000265496,,,
ENSG00000101670,,,1.0
ENSG00000267322,,,
ENSG00000172361,,,1.0
ENSG00000267699,,,
ENSG00000187323,,,
ENSG00000196628,0.06571174112529152,0.14633602770747184,1.0
ENSG00000267172,,,
ENSG00000198796,,,1.0
ENSG00000267257,,,
ENSG00000141682,0.017740070033721862,0.2777794293881624,1.0
ENSG00000141655,,,
ENSG00000267390,-0.3015113445777636,-0.08753555165160877,1.0
ENSG00000206073,,,
ENSG00000166401,,,
ENSG00000150656,,,
ENSG00000264278,,-0.126440241274546,1.0
ENSG00000266844,,,
ENSG00000197971,,,1.0
ENSG00000278075,,,
ENSG00000267251,,,
ENSG00000101255,-0.13426400174959957,-0.022973369898694158,1.0
ENSG00000101276,,,
ENSG00000101282,,,
ENSG00000215595,,,
ENSG00000101298,,,1.0
ENSG00000196209,,,1.0
ENSG00000125900,,,
ENSG00000101307,,,
ENSG00000088881,,,1.0
ENSG00000088882,0.08753555165160877,0.1065288994735402,1.0
ENSG00000258713,,,
ENSG00000125787,,,
ENSG00000101200,0.18151348934967604,0.05262224473419001,1.0
ENSG00000277287,,,0.9999999999999999
ENSG00000088854,-0.126440241274546,-0.12609543202990472,1.0
ENSG00000205300,,,
ENSG00000088826,0.12140761320849941,-0.06808320684014017,1.0
ENSG00000230176,,,
ENSG00000238282,,,
ENSG00000278595,,,
ENSG00000101265,0.09607796728730171,-0.029178517217202927,1.0
ENSG00000132646,0.012097824918760908,0.004077346212925634,1.0
ENSG00000266908,,,
ENSG00000235820,,,
ENSG00000089199,,,1.0
ENSG00000233048,,,
ENSG00000172296,,,
ENSG00000275728,,,
ENSG00000185052,,,1.0
ENSG00000268628,,,
ENSG00000232712,,,1.0
ENSG00000125816,,,
ENSG00000125810,-0.3413272901499146,0.009726172405734309,1.0
ENSG00000233746,,,
ENSG00000101435,,,
ENSG00000101439,-0.08262959210926953,0.3867181960751806,0.9999999999999998
ENSG00000170373,,,
ENSG00000077984,,0.08753555165160877,
ENSG00000180424,,,
ENSG00000233354,,,
ENSG00000278276,,,
ENSG00000125968,-0.09010013427213207,-0.06434538951773262,0.9999999999999999
ENSG00000131055,,,
ENSG00000088325,-0.1730265462357846,0.2899977967734953,1.0
ENSG00000149599,0.10698789646307741,,
ENSG00000101331,,,
ENSG00000226239,,,
ENSG00000101336,,,
ENSG00000233293,,,
ENSG00000204393,,,
ENSG00000125999,,,
ENSG00000182584,,,
ENSG00000101440,,,1.0
ENSG00000078804,,,0.9999999999999999
ENSG00000078814,-0.009726172405734309,0.4319130890219725,1.0
ENSG00000101000,0.3246595031574559,,0.9999999999999999
ENSG00000126005,0.3247668872509182,0.0544631506165237,1.0
ENSG00000230155,,,
ENSG00000234139,,,
ENSG00000232406,,,
ENSG00000101335,0.000724686390976464,-0.017222520905068695,1.0
ENSG00000101082,,,
ENSG00000101353,-0.038408378721752595,0.21595654451098625,1.0
ENSG00000204117,,,
ENSG00000132821,,,
ENSG00000149633,,,
ENSG00000101425,,,
ENSG00000101438,,,
ENSG00000229976,,,
ENSG00000204103,,,
ENSG00000229771,,,
ENSG00000226648,,,
ENSG00000277611,,,
ENSG00000101049,,,
ENSG00000124196,,,
ENSG00000233277,,,
ENSG00000101074,,,
ENSG00000101076,,,1.0
ENSG00000168734,0.039857433940816346,0.10509646974241536,1.0
ENSG00000101109,-0.2667833462692082,-0.05301722626387263,1.0
ENSG00000168703,,,
ENSG00000124107,,,
ENSG00000124145,-0.1427632190223634,-0.1550828876689633,1.0
ENSG00000277022,,,1.0
ENSG00000101443,,,
ENSG00000168612,-0.20263716736958176,0.05290210654128187,1.0
ENSG00000064601,-0.13172373460959885,0.26676103866086576,1.0
ENSG00000100985,,,
ENSG00000273828,,,
ENSG00000197496,,-0.28205899976629495,
ENSG00000267882,,,
ENSG00000196562,-0.2626066549548263,,0.9999999999999999
ENSG00000124212,,,
ENSG00000124216,-0.2892628846903657,0.23058110874435986,1.0
ENSG00000234698,,,
ENSG00000172216,-0.27017829669826515,0.3052090194583021,0.9999999999999999
ENSG00000224397,,,
ENSG00000196396,0.12948877418291682,-0.006778288482838093,0.9999999999999998
ENSG00000234693,,,
ENSG00000054793,,,
ENSG00000227964,,,
ENSG00000231703,,,
ENSG00000235415,,,1.0
ENSG00000224008,,,
ENSG00000124098,0.12028400487331622,0.06092437030391396,1.0
ENSG00000087586,-0.061305449855477534,0.08956571943854695,0.9999999999999999
ENSG00000124103,,,
ENSG00000087510,,,
ENSG00000101144,,,
ENSG00000054796,,,
ENSG00000124253,,,
ENSG00000124225,,,
ENSG00000278709,,,
ENSG00000254995,,,
ENSG00000101160,-0.023492376503796833,0.11763747493211817,1.0
ENSG00000101162,-0.2626066549548263,,
ENSG00000176659,,,
ENSG00000228340,,,
ENSG00000225106,,,
ENSG00000277496,,,
ENSG00000276317,,,
ENSG00000228705,,,1.0
ENSG00000229873,,,
ENSG00000092758,-0.24315431014335773,0.12102262729306948,1.0
ENSG00000101197,,,
ENSG00000101210,,,1.0
ENSG00000130589,-0.029178517217202927,,1.0
ENSG00000273154,,,
ENSG00000280213,0.029178517217202927,,1.0
ENSG00000125510,,,
ENSG00000149656,,,
ENSG00000105549,,,
ENSG00000129946,,,1.0
ENSG00000181781,,,1.0
ENSG00000172270,-0.06085043988269794,0.03225806451612903,1.0
ENSG00000267666,,,
ENSG00000185198,-0.008980576932340499,-0.19757269251149098,0.9999999999999998
ENSG00000267530,,,
ENSG00000172232,-0.14589258608601463,-0.08753555165160877,1.0
ENSG00000196415,-0.005072804736835248,-0.26465112807320373,1.0
ENSG00000197561,,,
ENSG00000197766,-0.05522885066883878,0.07109623404769562,1.0
ENSG00000064666,-0.13037900677650954,-0.15496725553381774,1.0
ENSG00000099817,-0.07368710506614744,0.1000733137829912,1.0
ENSG00000099625,-0.2626066549548263,,1.0
ENSG00000267778,,,
ENSG00000167470,0.02146483648149852,0.1779425888585809,1.0
ENSG00000267372,,,
ENSG00000280486,-0.3015113445777636,,
ENSG00000115255,-0.09350310813810264,0.24131766321623835,1.0
ENSG00000180846,,,
ENSG00000099875,-0.051930516482077214,-0.41191182423556394,1.0
ENSG00000099840,0.029178517217202927,0.1847972757089519,1.0
ENSG00000267122,,,
ENSG00000188305,0.14589258608601463,,1.0
ENSG00000099860,-0.006987488529985578,,1.0
ENSG00000172000,-0.04863086202867155,,0.9999999999999999
ENSG00000104953,-0.014670443986501457,-0.017032003291839848,1.0
ENSG00000065717,0.21176466971819494,-0.0672545771011112,1.0
ENSG00000267551,,,
ENSG00000267448,,,
ENSG00000095932,,,1.0
ENSG00000267205,,,
ENSG00000167654,,,
ENSG00000060566,,,
ENSG00000105246,,-0.009726172405734309,1.0
ENSG00000267011,0.1301419738709814,,1.0
ENSG00000167680,0.2314605575557723,0.06808320684014017,1.0
ENSG00000176840,,,
ENSG00000105426,0.1875807266957596,0.03478494676687027,0.9999999999999999
ENSG00000174898,,,
ENSG00000267709,,,
ENSG00000267314,,,
ENSG00000205744,,,0.9999999999999999
ENSG00000125657,,,1.0
ENSG00000125726,,0.04716554757740265,1.0
ENSG00000125735,,,
ENSG00000125730,,,1.0
ENSG00000174837,,,
ENSG00000171105,,,
ENSG00000263264,,,
ENSG00000267852,,,
ENSG00000174788,,,1.0
ENSG00000104918,,,
ENSG00000183019,,,1.0
ENSG00000104921,,,
ENSG00000182566,,,
ENSG00000090659,,,
ENSG00000104938,,,1.0
ENSG00000268120,,,
ENSG00000268149,,,
ENSG00000260500,,,
ENSG00000142449,,,
ENSG00000167772,,,1.0
ENSG00000099785,,0.16534493089748323,0.9999999999999999
ENSG00000268931,,,
ENSG00000133246,,,
ENSG00000142347,-0.3015113445777636,,1.0
ENSG00000181143,,,
ENSG00000266950,,,
ENSG00000105088,,,
ENSG00000267534,,0.39086263964606827,1.0
ENSG00000090339,0.0,0.3015113445777636,1.0
ENSG00000105371,0.09995015067779878,0.08042080639322877,1.0
ENSG00000214212,,,1.0
ENSG00000161888,-0.23373823135460384,0.13850009583558578,1.0
ENSG00000267082,,,
ENSG00000130173,,,
ENSG00000130167,,,
ENSG00000105514,-0.159402082090296,,1.0
ENSG00000183401,0.0943310951548053,-0.2237019653318891,1.0
ENSG00000130176,0.029260108219314608,0.17075675095152257,0.9999999999999998
ENSG00000102575,-0.20292909380037935,0.3599554088677726,1.0
ENSG00000197054,,,
ENSG00000223547,-0.126440241274546,,
ENSG00000257591,,,
ENSG00000234773,,,
ENSG00000171223,0.0673853291799877,-0.3061657875443783,1.0
ENSG00000167815,0.11163046513752187,-0.06965447742571151,1.0
ENSG00000132026,,,1.0
ENSG00000105610,0.1904812947836112,0.0030957230245294252,1.0
ENSG00000179218,0.3390762463343108,0.48057184750733134,1.0
ENSG00000267458,0.126440241274546,0.04863086202867155,1.0
ENSG00000267610,,,
ENSG00000104903,0.21855520354692426,-0.004402863712430899,1.0
ENSG00000160888,0.08803119599561314,-0.08729698297983642,0.9999999999999998
ENSG00000141837,,,
ENSG00000132003,,,1.0
ENSG00000267519,-0.011162294337555457,0.009726172405734309,1.0
ENSG00000132000,,,1.0
ENSG00000171136,,,
ENSG00000141858,-0.11420870703273905,-0.019402425183215145,1.0
ENSG00000267169,,,1.0
ENSG00000267723,,,
ENSG00000267147,,,
ENSG00000123146,-0.01130227934395133,0.0602670885711256,1.0
ENSG00000132002,-0.05604707303502392,0.025858575177223935,1.0
ENSG00000131355,,,
ENSG00000127507,-0.3015113445777636,0.28205899976629495,1.0
ENSG00000273218,,,
ENSG00000161031,,,
ENSG00000186529,,,
ENSG00000186204,,,
ENSG00000267453,,,
ENSG00000167460,-0.2492151933264747,0.28550866808275743,1.0
ENSG00000269243,,,
ENSG00000196684,,,1.0
ENSG00000141977,,,
ENSG00000267033,,,
ENSG00000267275,,,
ENSG00000127528,,-0.20424962052042048,0.9999999999999999
ENSG00000267703,,,
ENSG00000279529,,-0.1882254722764865,1.0
ENSG00000188039,,,
ENSG00000268289,,,
ENSG00000269480,,,
ENSG00000130303,-0.21581971509164208,-0.013865656274694617,1.0
ENSG00000282851,-0.3015113445777636,,
ENSG00000269053,,,
ENSG00000269161,,,
ENSG00000268112,,,
ENSG00000248099,,,
ENSG00000269145,,,
ENSG00000216490,-0.029178517217202927,,1.0
ENSG00000130518,,,
ENSG00000130522,-0.10656867345765016,-0.3884527208556199,1.0
ENSG00000130513,0.11501105055531735,-0.373139553569711,1.0
ENSG00000175489,-0.029178517217202927,,1.0
ENSG00000269694,,,
ENSG00000269019,,,
ENSG00000213996,,,
ENSG00000064547,,,0.9999999999999999
ENSG00000089639,-0.1869153181771142,-0.2626066549548263,1.0
ENSG00000105750,,,
ENSG00000196705,-0.12441655219831549,0.3374749291257823,1.0
ENSG00000172687,,,
ENSG00000268658,,,
ENSG00000229676,,,
ENSG00000269107,,,1.0
ENSG00000269289,,,
ENSG00000267238,,,
ENSG00000267423,,,
ENSG00000266976,0.034246150539261645,0.09380467321623842,0.9999999999999998
ENSG00000198597,,,
ENSG00000173809,,,1.0
ENSG00000166359,,,1.0
ENSG00000245848,-0.17730752144838402,-0.16726300668652974,1.0
ENSG00000267580,,,1.0
ENSG00000266985,,,
ENSG00000124302,,,
ENSG00000270876,,,
ENSG00000269303,-0.009726172405734309,,
ENSG00000271032,,,
ENSG00000105707,,,1.0
ENSG00000153902,,,1.0
ENSG00000105697,,,
ENSG00000233214,,,
ENSG00000126262,,,
ENSG00000189001,,,
ENSG00000226510,,,1.0
ENSG00000267120,,,
ENSG00000126264,-0.2237019653318891,0.11136309844664515,1.0
ENSG00000011600,0.09284015175388594,0.29085421006064965,1.0
ENSG00000232677,,,1.0
ENSG00000181007,,,
ENSG00000171827,,,
ENSG00000180458,,,
ENSG00000167641,0.10263929618768328,0.008064516129032258,1.0
ENSG00000167644,,,
ENSG00000099337,,,1.0
ENSG00000099338,,,
ENSG00000179168,,,
ENSG00000188766,,,
ENSG00000171777,0.009726172405734309,-0.07335221993250729,1.0
ENSG00000267291,,,
ENSG00000268756,,,
ENSG00000269172,,,
ENSG00000179751,,,
ENSG00000182393,,,
ENSG00000130755,-0.24128066193091854,-0.0065943512993113925,1.0
ENSG00000128016,-0.10698789646307741,0.09928203556377556,1.0
ENSG00000269792,,,
ENSG00000105205,,,1.0
ENSG00000275395,,,1.0
ENSG00000128000,,,1.0
ENSG00000174521,,,
ENSG00000105219,,,
ENSG00000105223,0.060628024763162945,0.3625865592480089,1.0
ENSG00000160396,,,
ENSG00000105227,0.2626066549548263,0.21573870836330472,1.0
ENSG00000197019,0.08770374122365002,0.13106085812468624,1.0
ENSG00000268366,,,
ENSG00000090013,-0.09226003768307404,0.010898000633650462,1.0
ENSG00000261857,,,
ENSG00000167578,0.24315431014335773,-0.060798793245101686,1.0
ENSG00000282951,,,
ENSG00000268797,,,
ENSG00000269843,,,
ENSG00000167601,-0.07971550300741105,-0.2755690789013063,1.0
ENSG00000105329,-0.04085801668821851,-0.199018081287774,1.0
ENSG00000177191,,,
ENSG00000267107,,,
ENSG00000270164,,,
ENSG00000268027,,,
ENSG00000105404,0.07356752881969075,-0.028438139978280375,1.0
ENSG00000105409,,,
ENSG00000105737,,,
ENSG00000079385,,,
ENSG00000231924,,,
ENSG00000243130,,,
ENSG00000183668,,,
ENSG00000124466,,,1.0
ENSG00000226763,,,
ENSG00000011422,0.1769680157022498,0.05674554036209491,1.0
ENSG00000124449,,,
ENSG00000273777,,,
ENSG00000216588,,,
ENSG00000069399,,0.1301419738709814,1.0
ENSG00000130203,0.0406891495601173,-0.019061583577712607,1.0
ENSG00000130208,0.18988269794721407,0.11950146627565982,0.9999999999999998
ENSG00000224916,,,
ENSG00000267467,,,
ENSG00000104856,0.3015113445777636,-0.28205899976629495,1.0
ENSG00000267348,,,
ENSG00000007255,0.22577828002761408,0.12576670654377098,1.0
ENSG00000266958,,,
ENSG00000104879,0.20424962052042048,,1.0
ENSG00000125740,,,1.0
ENSG00000125744,-0.20197639306805157,-0.28018110553784364,1.0
ENSG00000010310,-0.08753555165160877,0.21846204632072824,1.0
ENSG00000170608,-0.0260887100751527,0.33234242320743906,1.0
ENSG00000204869,,,
ENSG00000267922,,,
ENSG00000204866,,,1.0
ENSG00000269729,,,
ENSG00000268621,-0.15473358625647654,-0.38822887480178564,1.0
ENSG00000124440,,,
ENSG00000268810,,,
ENSG00000269151,,,
ENSG00000204851,,,
ENSG00000160013,,,
ENSG00000167414,,,1.0
ENSG00000197380,-0.08753555165160877,-0.16534493089748323,1.0
ENSG00000105419,,,1.0
ENSG00000118160,,,1.0
ENSG00000118156,,,
ENSG00000105398,0.009726172405734309,,
ENSG00000268001,-0.46887209496177223,-0.14421259180431634,1.0
ENSG00000142227,0.2469443693885852,0.23466804159032545,1.0
ENSG00000105523,,,
ENSG00000063180,-0.003840063317511331,0.11106402689980636,0.9999999999999998
ENSG00000142233,,,1.0
ENSG00000176920,,,1.0
ENSG00000174951,,-0.3015113445777636,1.0
ENSG00000087076,0.24315431014335773,,1.0
ENSG00000105559,0.3444365109874255,-0.23727848534689316,1.0
ENSG00000087074,-0.1085439036497935,0.04193180622688107,1.0
ENSG00000267898,,,
ENSG00000087086,-0.025293255131964804,-0.08577712609970674,0.9999999999999998
ENSG00000130528,-0.1554716197921791,,1.0
ENSG00000130529,0.0260887100751527,0.22384730635455258,1.0
ENSG00000063127,,-0.04863086202867155,
ENSG00000104894,0.04001415579912986,-0.2946845705114641,1.0
ENSG00000142538,,0.28205899976629495,1.0
ENSG00000090554,0.029178517217202927,-0.2237019653318891,0.9999999999999999
ENSG00000104870,0.12441655219831549,0.15273767614399553,1.0
ENSG00000010361,-0.126440241274546,0.04863086202867155,1.0
ENSG00000269194,,,
ENSG00000169136,-0.1101839072729663,-0.0723954518464311,1.0
ENSG00000105357,-0.21573870836330472,,1.0
ENSG00000131398,-0.16534493089748323,-0.08753555165160877,1.0
ENSG00000131400,,,1.0
ENSG00000086967,,,
ENSG00000268518,,,
ENSG00000268375,,,
ENSG00000167749,,,
ENSG00000167757,,,
ENSG00000168995,,,
ENSG00000142549,,,
ENSG00000267905,,,
ENSG00000267984,,,
ENSG00000105374,-0.3519947346980235,-0.2535435428101882,1.0
ENSG00000142512,,,
ENSG00000254760,,,
ENSG00000213822,,,
ENSG00000105492,,,1.0
ENSG00000105501,,,
ENSG00000254415,,,1.0
ENSG00000105509,,,
ENSG00000171051,,,
ENSG00000268015,,,
ENSG00000269535,,,
ENSG00000167554,,,
ENSG00000258405,,,
ENSG00000167766,-0.3070452555106778,-0.07077379684426667,1.0
ENSG00000197928,,,
ENSG00000163098,,,
ENSG00000142405,,,
ENSG00000179820,-0.12826949120283412,-0.28205899976629495,1.0
ENSG00000126583,,,
ENSG00000142408,,,
ENSG00000248385,,,
ENSG00000167608,0.14589258608601463,-0.16534493089748323,1.0
ENSG00000125505,-0.12199549903726076,-0.08822810619908862,1.0
ENSG00000223660,,,
ENSG00000131042,,,
ENSG00000167617,,,1.0
ENSG00000239998,,,
ENSG00000104974,,,
ENSG00000104972,,,
ENSG00000268734,,,
ENSG00000088053,,,1.0
ENSG00000105048,-0.2095029316498369,-0.1598386955663696,0.9999999999999998
ENSG00000129991,-0.02203678145459326,-0.03478494676687027,1.0
ENSG00000080031,,,1.0
ENSG00000180061,,,
ENSG00000095752,,,
ENSG00000108106,0.15837228551530197,0.10153958944281524,1.0
ENSG00000267117,,,
ENSG00000268307,,,
ENSG00000269600,,,1.0
ENSG00000099715,,0.2237019653318891,1.0
ENSG00000254488,,,
ENSG00000225255,,,
ENSG00000237689,,,
ENSG00000177663,-0.0302976560590791,0.039857751503705525,1.0
ENSG00000185837,,,
ENSG00000093072,,,
ENSG00000070010,-0.02822839348305151,0.20144808076541304,1.0
ENSG00000093009,0.2870042711293818,0.13432346285537525,1.0
ENSG00000281548,,,
ENSG00000093010,0.04618768328445748,-0.13929618768328444,1.0
ENSG00000183597,0.05167897425833643,0.06014897045104651,1.0
ENSG00000268292,-0.19521296080647207,,1.0
ENSG00000099901,0.13856304985337242,0.3885630498533724,0.9999999999999998
ENSG00000235578,,,
ENSG00000099937,,,
ENSG00000099957,0.10698789646307741,,0.9999999999999999
ENSG00000187905,,,
ENSG00000206140,0.08753555165160877,,1.0
ENSG00000183246,,,
ENSG00000128228,0.20967741935483866,-0.11253665689149558,1.0
ENSG00000100027,-0.16534493089748323,0.17730752144838402,1.0
ENSG00000100030,0.261937495371952,0.10878742422798011,1.0
ENSG00000222037,,,
ENSG00000280623,0.09127406892293662,,1.0
ENSG00000159496,,,
ENSG00000169314,,,
ENSG00000279467,,,1.0
ENSG00000133433,,,
ENSG00000272787,,,
ENSG00000099998,,,1.0
ENSG00000178803,,,
ENSG00000100024,,,
ENSG00000184571,,,
ENSG00000167037,,,1.0
ENSG00000279085,,,
ENSG00000203280,,,
ENSG00000272798,,,
ENSG00000100077,0.14589258608601463,-0.17250362308401895,1.0
ENSG00000237387,-0.126440241274546,,
ENSG00000206028,,,
ENSG00000235271,,,
ENSG00000279440,,,
ENSG00000232396,,,
ENSG00000232530,,,
ENSG00000268812,,,
ENSG00000099985,,,
ENSG00000239282,,,1.0
ENSG00000187860,0.2237019653318891,,1.0
ENSG00000185339,-0.16534493089748323,0.24315431014335773,1.0
ENSG00000167065,,0.08753555165160877,1.0
ENSG00000198832,0.0521774201503054,0.12754480481185768,1.0
ENSG00000100100,,0.2237019653318891,1.0
ENSG00000228839,,,
ENSG00000240591,,,1.0
ENSG00000205853,,,
ENSG00000184459,,,
ENSG00000185666,,,
ENSG00000236054,,,
ENSG00000175329,,,
ENSG00000273176,,,
ENSG00000100292,,,
ENSG00000100302,,,
ENSG00000198125,,,
ENSG00000221963,,,0.9999999999999999
ENSG00000279927,,,
ENSG00000128284,,,
ENSG00000100336,-0.043692409264145644,-0.28205899976629495,0.9999999999999999
ENSG00000100342,-0.1847972757089519,0.11835058697663073,0.9999999999999999
ENSG00000100345,-0.1380198417419262,0.14181669557767504,1.0
ENSG00000223695,,,1.0
ENSG00000100362,,-0.10698789646307741,1.0
ENSG00000100365,-0.0934576590885571,-0.11310997057914156,1.0
ENSG00000187045,,,
ENSG00000278195,,,
ENSG00000128340,0.10580396045086665,-0.054403398219318985,1.0
ENSG00000100055,,,1.0
ENSG00000100079,,,1.0
ENSG00000100097,-0.12371897367461898,0.22713375824711177,1.0
ENSG00000189060,,,1.0
ENSG00000273214,,,
ENSG00000272720,,,
ENSG00000279080,0.20424962052042048,-0.10698789646307741,1.0
ENSG00000225450,,,
ENSG00000128383,,,1.0
ENSG00000244509,-0.07312370330973157,-0.030720609082786635,1.0
ENSG00000243811,0.029178517217202927,,1.0
ENSG00000100298,,,
ENSG00000279833,,,1.0
ENSG00000224794,,,
ENSG00000100316,-0.011363636363636362,0.07478005865102638,0.9999999999999998
ENSG00000128272,-0.14469359684912086,-0.013264730648561455,1.0
ENSG00000100351,,0.28205899976629495,1.0
ENSG00000133477,,,
ENSG00000100354,-0.09016859426206789,0.031114474446725337,1.0
ENSG00000272834,,,
ENSG00000167077,,,1.0
ENSG00000184068,,,0.9999999999999999
ENSG00000234965,,0.14589258608601463,1.0
ENSG00000235568,,,
ENSG00000138964,,,
ENSG00000280011,-0.14589258608601463,,
ENSG00000056487,,,
ENSG00000100364,-0.009726172405734309,-0.04927867458639955,1.0
ENSG00000273287,,,
ENSG00000100373,,,
ENSG00000100376,0.036632981501067245,-0.02683806666120969,1.0
ENSG00000077942,,,
ENSG00000188064,,,
ENSG00000186951,0.28205899976629495,-0.07511550169734496,1.0
ENSG00000075218,0.1454091275876983,-0.12201777521731262,1.0
ENSG00000234869,,,
ENSG00000205634,,,
ENSG00000260613,-0.029178517217202927,,1.0
ENSG00000279494,,,1.0
ENSG00000278869,,,
ENSG00000100427,,,1.0
ENSG00000273188,,-0.14589258608601463,1.0
ENSG00000177989,,,
ENSG00000272666,,,
ENSG00000273272,,,
ENSG00000130487,,,
ENSG00000217442,0.009726172405734309,,
ENSG00000100299,0.06808320684014017,0.08753555165160877,1.0
ENSG00000279669,-0.44571344110046945,-0.06567605037709423,1.0
ENSG00000280191,,,
ENSG00000278996,,,
ENSG00000280441,,,
ENSG00000279851,,,
ENSG00000155307,0.24652724351229624,-0.09591298205918775,1.0
ENSG00000232884,,,1.0
ENSG00000226751,-0.06808320684014017,,1.0
ENSG00000281903,,,1.0
ENSG00000235277,,,
ENSG00000215386,,,
ENSG00000230233,,,1.0
ENSG00000233236,0.20625254650927294,-0.05160449420432495,0.9999999999999998
ENSG00000142192,,,
ENSG00000236532,,,
ENSG00000156265,,,
ENSG00000224649,,,
ENSG00000171189,,,
ENSG00000174680,-0.28205899976629495,,
ENSG00000156299,,,
ENSG00000170262,,,
ENSG00000238197,,,1.0
ENSG00000205930,,,
ENSG00000223799,,,1.0
ENSG00000243646,0.1600991930700811,0.02609618856464991,1.0
ENSG00000272659,,,
ENSG00000231355,,,
ENSG00000177692,,,0.9999999999999999
ENSG00000159140,0.12683284457478003,0.035923753665689145,1.0
ENSG00000237945,0.40949674084060594,0.06675350761405781,1.0
ENSG00000159216,-0.08134518347820842,-0.08696300775966899,0.9999999999999998
ENSG00000231106,,,
ENSG00000233393,,,
ENSG00000159231,,,
ENSG00000142197,-0.36203924945987775,-0.06808320684014017,1.0
ENSG00000230479,,,
ENSG00000233818,,,
ENSG00000159261,,,
ENSG00000157542,,,1.0
ENSG00000198054,-0.10593841642228738,-0.12756598240469205,1.0
ENSG00000157551,,,
ENSG00000157557,-0.16534493089748323,0.16088037879677503,1.0
ENSG00000205622,,,
ENSG00000171587,,,
ENSG00000184012,-0.16534493089748323,,
ENSG00000236384,,,
ENSG00000160179,,,
ENSG00000160180,,,
ENSG00000160182,,,
ENSG00000160185,0.3015113445777636,0.20045357720396126,1.0
ENSG00000225431,,,1.0
ENSG00000235023,,,
ENSG00000283051,,,
ENSG00000237989,,,
ENSG00000225637,,,
ENSG00000188660,,,
ENSG00000160213,-0.08450187919277106,0.019801981529419314,1.0
ENSG00000215458,,,
ENSG00000225331,,,
ENSG00000160223,,,1.0
ENSG00000275799,,,
ENSG00000142182,,,
ENSG00000232010,,,1.0
ENSG00000142185,,,
ENSG00000205445,,,
ENSG00000160255,,0.20424962052042048,1.0
ENSG00000227039,,,1.0
ENSG00000182586,,,
ENSG00000184274,,,
ENSG00000182871,-0.0022240070252321636,-0.059391683777001505,1.0
ENSG00000224574,,,
ENSG00000183535,,,
ENSG00000183570,,,
ENSG00000274248,,,
ENSG00000142156,,,
ENSG00000237338,,,
ENSG00000160298,-0.08490227297863416,0.4087260058376113,1.0
ENSG00000160307,,,
ENSG00000198888,0.18255131964809382,-0.13049853372434017,0.9999999999999998
ENSG00000198763,-0.156891495601173,-0.28445747800586507,0.9999999999999998
ENSG00000198804,0.09127565982404691,0.2917888563049853,0.9999999999999998
ENSG00000198712,-0.11326979472140761,0.31854838709677413,0.9999999999999998
ENSG00000198899,0.09457478005865103,0.12170087976539588,1.0
ENSG00000198938,0.10483870967741933,0.15652492668621698,0.9999999999999998
ENSG00000198840,-0.10410557184750732,-0.0344574780058651,0.9999999999999998
ENSG00000212907,0.1539589442815249,0.1246448543407469,1.0
ENSG00000198886,0.21480938416422285,0.006231671554252198,0.9999999999999998
ENSG00000198786,0.17961876832844573,-0.029325513196480937,0.9999999999999998
ENSG00000198695,-0.09787390029325513,0.23973607038123165,1.0
ENSG00000198727,-0.25183284457478,0.13343108504398826,0.9999999999999998
ENSG00000273554,,,1.0
ENSG00000278633,,,
