,test_BCL2L11+TGFBR2,test_BCL2L11+ctrl,test_ctrl
ENSG00000239945,0.00024322578617023516,0.0001962015806879032,0.0
ENSG00000223764,0.0037972653397269737,0.005840114163228682,0.0
ENSG00000187634,0.00010123221176601367,0.00032213547183999685,0.0
ENSG00000187642,0.0065231757293869016,0.007976149206320102,0.0
ENSG00000188290,0.01661067386817774,0.0021140736373059937,0.0
ENSG00000187608,0.10766039895001414,0.09876282040324191,0.0
ENSG00000273443,1.9257792275714478e-10,0.00013647636888506817,0.0
ENSG00000237330,0.0018111003750660027,0.0025353240379246333,0.0
ENSG00000223823,5.348972088700028e-05,1.0749407996407606e-05,0.0
ENSG00000205231,0.0008501510191316074,0.00026835284419548594,0.0
ENSG00000186891,0.0008274021591461457,0.000451666401307317,0.0
ENSG00000186827,0.0015137757362759336,0.0022385756729651285,0.0
ENSG00000169962,0.0014526716711901675,0.0007784632931319603,0.0
ENSG00000235098,0.0010697392232854232,0.0012563974292312719,0.0
ENSG00000189409,0.0009129626749820546,0.0003822118573930455,0.0
ENSG00000269737,0.00173427701318179,0.0017674307518869064,0.0
ENSG00000169885,0.00017369937995406954,0.0002822046048807476,0.0
ENSG00000271806,0.0038529879149947384,0.0023578880590841055,0.0
ENSG00000234396,0.00214151370722304,0.0017828855017890113,0.0
ENSG00000149527,0.0019380087283590154,0.002502054854476273,0.0
ENSG00000272449,0.006283601728454439,0.006111488529262712,0.0
ENSG00000238164,0.0010885621546107647,0.005433181265799086,0.0
ENSG00000157873,0.00015608279406502265,4.425677950451053e-05,0.0
ENSG00000215912,0.004855167544035143,0.003393729246252018,0.0
ENSG00000078900,0.00025152061389523475,7.304365721578446e-05,0.0
ENSG00000235169,0.011520265041553887,0.0013108979567984821,0.0
ENSG00000272153,5.113515812409936e-06,1.9379395014117047e-05,0.0
ENSG00000116254,0.0010866776948959347,0.0005625611752523331,0.0
ENSG00000225077,0.000903661139934847,0.002492209609348589,0.0
ENSG00000158292,0.00017205897655715274,0.001956498733483208,0.0
ENSG00000069812,1.5882482166946663e-05,5.285616784930118e-06,0.0
ENSG00000187017,0.000752041489738168,0.001033814039499984,0.0
ENSG00000173662,0.007112006469454161,0.00615344843994759,0.0
ENSG00000270171,0.0001259844378876654,0.00017407152628066367,0.0
ENSG00000049249,0.00258163463286887,0.0024728326801982566,0.0
ENSG00000232912,0.004134242648689727,0.005845253290418618,0.0
ENSG00000228423,0.00010468816309224164,0.00017535565317432325,0.0
ENSG00000074800,5.126095649905311,4.037668675162544,0.0
ENSG00000131686,0.00030230422174755254,0.000142002100868138,0.0
ENSG00000180758,0.00012926836579611696,0.0003911420400807926,0.0
ENSG00000228526,0.019022208378829345,0.015429540638410245,0.0
ENSG00000234546,0.0002768146930726559,4.872936445471667e-05,0.0
ENSG00000049239,0.00037872067451636196,0.0010163578646401642,0.0
ENSG00000179840,0.00015660297275955706,0.00024188886732775372,0.0
ENSG00000280113,3.063724797103288e-05,0.00038423944972684147,0.0
ENSG00000142657,0.21045753636949838,0.12308841224364439,0.0
ENSG00000175262,0.0034287958519240284,0.004877157754370299,0.0
ENSG00000277726,0.0021987388822134447,0.0031611127081446404,0.0
ENSG00000009724,0.0003174108611250641,6.380414604116643e-05,0.0
ENSG00000271895,4.674771009309409e-06,0.000647392282602611,0.0
ENSG00000116649,3.863578891014251,3.0063487421223174,0.0
ENSG00000162490,0.006497306897198383,0.005915094424399186,0.0
ENSG00000177000,0.04541059542585457,0.016889242171985997,0.0
ENSG00000162493,0.011983217895447379,0.011105804606044059,0.0
ENSG00000175147,0.0036523470389541257,0.002629703257524367,0.0
ENSG00000233485,0.00022618196681303222,3.3918956251396666e-05,0.0
ENSG00000228140,0.0028063870232139555,0.0029244468317596362,0.0
ENSG00000142634,0.04092068250784478,0.03588205396377164,0.0
ENSG00000142615,3.244682053605121e-05,8.502148905734872e-05,0.0
ENSG00000215704,0.000460983341766611,9.389635788365614e-05,0.0
ENSG00000271742,0.001144626854177787,0.0016929577672814239,0.0
ENSG00000224621,0.0016910150418451419,0.00240486845638067,0.0
ENSG00000261135,0.0035825546198372314,0.00633372070284138,0.0
ENSG00000271732,0.0013050239844104498,0.00045841388420706734,0.0
ENSG00000280226,3.0778052942859375e-06,5.703147661548624e-06,0.0
ENSG00000230424,0.013224298890053894,0.006657452354069345,0.0
ENSG00000188257,0.000472077584450252,0.0008198231514834723,0.0
ENSG00000117215,0.0001908110551943572,0.0006575352313834573,0.0
ENSG00000187980,0.00021007127616635575,0.00011851278755102128,0.0
ENSG00000117242,0.001086231948813638,0.0008638348904365241,0.0
ENSG00000236936,0.0030029178500071076,0.001703005270891289,0.0
ENSG00000142789,0.00332965838002602,0.0024717041405233936,0.0
ENSG00000070831,0.54557488342596,0.6043692865538908,0.0
ENSG00000162552,6.340536823957255e-05,0.00018424915205934888,0.0
ENSG00000173369,0.002856786914603015,0.0019754960000052703,0.0
ENSG00000249087,0.0008783477218975955,0.0019602330141028144,0.0
ENSG00000235052,0.000627447530589396,0.0006248071973380517,0.0
ENSG00000117318,0.04252636326856131,0.02371097501725872,0.0
ENSG00000197880,0.0009780833520768605,0.0009127986040863962,0.0
ENSG00000117305,0.007002912099261665,0.008023788051975548,0.0
ENSG00000179163,0.015494361846960507,0.012327461284415966,0.0
ENSG00000188822,0.0016185698965644863,0.0008572461904659249,0.0
ENSG00000142677,0.0005571716531566265,0.0007094964575246818,0.0
ENSG00000230023,0.00883209429929616,0.006549853735749301,0.0
ENSG00000020633,0.0001351778241021844,0.00018603626871291622,0.0
ENSG00000233755,0.004960733511623381,0.0030463701456161178,0.0
ENSG00000231953,0.00012676937476845205,6.063598405923947e-06,0.0
ENSG00000117614,0.35958244383110244,0.32870544704005245,0.0
ENSG00000117616,0.1869430125010047,0.13066484340081552,0.0
ENSG00000233478,5.2107429901811437e-05,0.00019989576270012708,0.0
ENSG00000182749,0.003291466778893062,0.004488888710206038,0.0
ENSG00000117632,3.662440880937489,3.9118845922992795,0.0
ENSG00000158008,0.001377081891963157,0.0014547707076835172,0.0
ENSG00000158022,8.653026737601724e-05,0.0007101760637775898,0.0
ENSG00000142669,0.30046460934940256,0.5991817799706091,0.0
ENSG00000169442,0.015750649463863654,0.0319996911409553,0.0
ENSG00000176083,0.0002873044403514431,0.00019815201041214244,0.0
ENSG00000198830,5.23139952041604,5.1852530331365765,0.0
ENSG00000117713,0.061296164434484636,0.12041234010141813,0.0
ENSG00000226698,0.0011061991138418838,0.000731562111986135,0.0
ENSG00000090273,1.9415538260924783,1.5751793953922673,0.0
ENSG00000142765,0.0012304464327499269,0.0010481757901947186,0.0
ENSG00000000938,4.055791205543141e-08,5.739663244345696e-07,0.0
ENSG00000126709,9.132256722041779e-05,0.00032471091024199254,0.0
ENSG00000130775,0.01301769109308323,0.004188847220559638,0.0
ENSG00000227050,0.0027487160725225097,0.0031994468070611643,0.0
ENSG00000169403,0.0012761426813814578,0.0018593750547400403,0.0
ENSG00000271398,0.0001389046662819743,0.0005835688273803175,0.0
ENSG00000130766,0.011901707002509393,0.004484098170356237,0.0
ENSG00000116329,0.001111468402412578,0.0006972530070734318,0.0
ENSG00000233427,0.0013482287902038333,0.004063915634160832,0.0
ENSG00000162511,0.6602330799448282,0.5456464871231096,0.0
ENSG00000121769,0.006892599448258294,0.004179504950233761,0.0
ENSG00000223907,0.0031095145883969955,0.004710517694853913,0.0
ENSG00000235790,0.002386386468606589,0.0020967011679183397,0.0
ENSG00000134668,0.0010520515673661727,0.0017365119489643535,0.0
ENSG00000224066,0.0003137173565107978,0.00032898072575162615,0.0
ENSG00000222046,0.0011517395946271602,0.0006769638162482034,0.0
ENSG00000183615,0.0016363982283988407,0.0004838526970427836,0.0
ENSG00000182866,8.256297028944997e-05,6.472232649320821e-05,0.0
ENSG00000175130,3.1245589294994307,2.7443486765004526,0.0
ENSG00000162526,0.01079331833592212,0.004225336276725292,0.0
ENSG00000160058,0.1847649041351367,0.15795939019836824,0.0
ENSG00000224409,0.0016876793891131398,0.0010926115377408391,0.0
ENSG00000121900,0.20895380999816002,0.42485547655917455,0.0
ENSG00000255811,0.00014692768485791326,4.75117116815344e-05,0.0
ENSG00000271741,0.008514855010838844,0.011334558547526163,0.0
ENSG00000126067,3.1820731769325348,2.729329947308268,0.0
ENSG00000092853,0.6476535429062895,0.364425203474002,0.0
ENSG00000232335,0.0018277671418518843,0.0025034447673431526,0.0
ENSG00000116871,0.19513661866077883,0.16465820796922043,0.0
ENSG00000214193,0.0011842665987331733,0.0013452239850711332,0.0
ENSG00000119535,0.0005599273751439821,3.018809017358033e-06,0.0
ENSG00000233621,0.001348202886463399,0.0017170621934305174,0.0
ENSG00000134690,0.09870975701050416,0.053127184158577444,0.0
ENSG00000158315,0.00042510063306021783,0.0010003507618532993,0.0
ENSG00000127603,0.2674970935758807,0.3643987837378058,0.0
ENSG00000226438,0.000270228763026,0.0009712423966462653,0.0
ENSG00000183682,0.003737286014077787,0.0055050929727062485,0.0
ENSG00000168389,0.000649943837219807,0.0009890883315648148,0.0
ENSG00000131236,0.9607540584023112,1.125109881016481,0.0
ENSG00000049089,0.002990228791913005,0.00148459003936355,0.0
ENSG00000179862,0.0009294618368083438,0.0006577000591410963,0.0
ENSG00000229528,0.00011713039026154504,0.0003990345324355362,0.0
ENSG00000171790,0.008337174467658068,0.006685413376931314,0.0
ENSG00000044012,0.0066961067622803025,0.004627356584785761,0.0
ENSG00000197273,0.00042489703965019657,0.0002743154357079619,0.0
ENSG00000066185,0.0035767617687156553,0.00299162813766584,0.0
ENSG00000127125,0.007681461596444395,0.06360302374208732,0.0
ENSG00000186409,0.0011082812904659345,0.0042408099967660914,0.0
ENSG00000065978,15.801641140320514,15.938043160228473,0.0
ENSG00000164007,6.814201373801822e-06,0.00019110025206613745,0.0
ENSG00000117394,0.09495401049499122,0.05486404659415384,0.0
ENSG00000227533,2.725744913982889e-05,6.111550925091969e-05,0.0
ENSG00000186973,0.004299762587870827,0.0025461614158112118,0.0
ENSG00000243710,1.9948236837183985e-05,8.455529468389342e-06,0.0
ENSG00000179178,0.0009445996135289676,0.0006838272607400148,0.0
ENSG00000253313,0.004189819927339113,0.0042956450964619294,0.0
ENSG00000117399,0.11725247858811252,0.1304571731183265,0.0
ENSG00000229444,0.002283867240974035,0.0024441082082884797,0.0
ENSG00000117410,3.3029088305678083,2.2360766626811666,0.0
ENSG00000196517,0.0006895748130482306,0.0014082548428145355,0.0
ENSG00000198520,6.610812879658868e-09,0.00020930168053765036,0.0
ENSG00000142945,0.16923696612228625,0.062194715733674084,0.0
ENSG00000222009,0.000936223735849181,0.001153335464648595,0.0
ENSG00000070759,0.00416265085807075,0.0025817374135905457,0.0
ENSG00000117450,6.148662667143565,5.449957253434898,0.0
ENSG00000226957,0.000362203133747332,0.00038143642614076685,0.0
ENSG00000117480,0.001102553028682464,6.675647656766202e-10,0.0
ENSG00000269956,0.0028560813897350453,0.0027198821535802547,0.0
ENSG00000186118,0.0019116149511352184,0.003890969861543303,0.0
ENSG00000162366,0.0006371594986298934,7.2783862343576e-05,0.0
ENSG00000123473,0.0407231586843299,0.00916211822004921,0.0
ENSG00000123080,0.1150931085406587,0.22200591681243853,0.0
ENSG00000203356,0.0003388645833257742,0.0007569055640080725,0.0
ENSG00000261664,3.0383193836684402e-05,0.0008955931546636488,0.0
ENSG00000169213,0.004722977248877392,0.0006505388041200821,0.0
ENSG00000223390,0.00024372672219016942,0.0003111621036949822,0.0
ENSG00000228369,0.00010856190226303771,0.0001494557587657102,0.0
ENSG00000116157,0.009217868368777138,0.0030202381021358134,0.0
ENSG00000182183,0.000658625874798677,0.00033559167778462627,0.0
ENSG00000226754,0.0012689907225983278,0.0020332356278496256,0.0
ENSG00000230138,0.0025564105076772373,0.0034023987326409193,0.0
ENSG00000116209,0.37487838299160253,0.4353623817811384,0.0
ENSG00000225632,1.8687506685432454e-05,6.394545524187637e-05,0.0
ENSG00000143001,4.061372248286609e-05,1.0115123377960023e-05,0.0
ENSG00000162399,0.007513333389930991,0.006012941076793347,0.0
ENSG00000162407,0.0026712957542407295,0.0034538051440024843,0.0
ENSG00000177606,0.00663645228310007,0.0013065537560838089,0.0
ENSG00000232453,0.0005400463156765087,0.00025717575502406145,0.0
ENSG00000237352,0.0038917243755677354,0.0019732680334993004,0.0
ENSG00000132849,0.0007754849579068067,0.00036654661870281374,0.0
ENSG00000132855,0.0012386379411613061,0.0024833053970465015,0.0
ENSG00000228734,0.0007412926530682836,0.00046063185442633847,0.0
ENSG00000079739,0.0005125245622651456,0.0005419158200546445,0.0
ENSG00000118473,0.00300102793514241,0.0038385301896677465,0.0
ENSG00000203963,6.116200007731034e-06,9.925432633192066e-05,0.0
ENSG00000116717,0.5591047635442126,0.4944477720410511,0.0
ENSG00000237919,0.004063434485651243,0.0058712165709292295,0.0
ENSG00000229051,1.6290991258473492e-05,8.197989360852566e-05,0.0
ENSG00000235782,0.0005593356984708109,0.00018734123084970618,0.0
ENSG00000259030,0.0010822247701172947,0.00047107865549066526,0.0
ENSG00000137968,0.0004055767502808268,3.897194184432438e-05,0.0
ENSG00000178193,0.013299036063401052,0.010712682411811676,0.0
ENSG00000057468,0.00014187607278646,0.001569799642578765,0.0
ENSG00000233099,0.00019065741007218153,5.162792291272522e-05,0.0
ENSG00000235927,1.6855920096814665e-06,0.000341066112224611,0.0
ENSG00000137960,0.0009887865040215155,0.0009955035780937537,0.0
ENSG00000137959,0.00012251809051243916,0.0006301215838560925,0.0
ENSG00000137941,5.844414953750689e-06,6.044291401012788e-06,0.0
ENSG00000137976,0.00205856349060762,0.0015688673730107172,0.0
ENSG00000171502,0.014866048974666446,0.007770704332569865,0.0
ENSG00000016490,0.002299509585882797,0.0023212805456225972,0.0
ENSG00000267272,0.0015231403242644418,0.00027851295860332554,0.0
ENSG00000143013,0.6697675251202282,0.6177890342704406,0.0
ENSG00000117226,0.0038300221797159563,0.005073249389844797,0.0
ENSG00000117228,0.001968534217145901,0.0015667445571941043,0.0
ENSG00000162645,0.00614772848887165,0.004167463134675931,0.0
ENSG00000231999,0.004162315215298362,0.006410257850084129,0.0
ENSG00000189195,0.0007662990866389928,0.00022986165155148894,0.0
ENSG00000069712,0.006426159152357894,0.00460957607397021,0.0
ENSG00000198691,0.001758753506380971,0.002433198447991567,0.0
ENSG00000117525,0.0045581484007967705,0.0032446561386832223,0.0
ENSG00000235501,0.00016265577447897563,4.9425813905709683e-05,0.0
ENSG00000156869,3.739122175454769e-05,2.22051845527815e-05,0.0
ENSG00000122477,0.0006332139297811058,0.0009018287818476648,0.0
ENSG00000181656,0.00011363249506912137,1.2387422589577067e-05,0.0
ENSG00000170989,0.000243355678168091,0.00012411647448243236,0.0
ENSG00000260879,0.000827528940166283,0.00012093061526942576,0.0
ENSG00000238122,0.0019218252628388204,0.0033259074917697477,0.0
ENSG00000143107,0.00019958749155912873,0.00050557756879456,0.0
ENSG00000203897,1.6706756534366714e-05,1.7761937059516097e-05,0.0
ENSG00000273382,0.029626342446710432,0.01875802796064949,0.0
ENSG00000270066,0.0005509009602984697,0.0006626192046388923,0.0
ENSG00000179902,0.0014334592738471743,0.003007747781394254,0.0
ENSG00000221986,6.2566910258688564e-06,9.738083046345893e-06,0.0
ENSG00000156097,0.005650701937495448,0.003756996523338399,0.0
ENSG00000213366,0.0004374981952193409,0.0010435695281163812,0.0
ENSG00000134202,1.758558508271794e-05,0.012612316660365587,0.0
ENSG00000198758,0.0017332422585875312,0.0034390778664277503,0.0
ENSG00000261055,0.0004155798491336615,0.0007707979661322066,0.0
ENSG00000143125,0.00043480993067341033,8.913582995644879e-05,0.0
ENSG00000143119,0.06443487253088238,0.11018004651019604,0.0
ENSG00000232811,0.0002799321646910183,0.00027267262177642923,0.0
ENSG00000064886,0.03554774538377868,0.0066737266553981685,0.0
ENSG00000143110,0.001470943872079683,0.0011846223337836383,0.0
ENSG00000121933,0.006981258486889255,0.007419822994705556,0.0
ENSG00000282608,0.0015064996904129513,0.0016256696205588467,0.0
ENSG00000197852,1.717854928081332e-05,2.2504703233837312e-06,0.0
ENSG00000116489,0.7101507060951353,0.44819916604168286,0.0
ENSG00000155366,0.24847164999209567,0.4705844301239159,0.0
ENSG00000215866,0.0006926537416855778,0.00013214958726823786,0.0
ENSG00000134242,0.0024257771692343406,9.388633415655396e-05,0.0
ENSG00000235527,0.001537215517851271,0.0007972009647673954,0.0
ENSG00000116774,1.381005857122253e-05,0.0001478322886338716,0.0
ENSG00000233154,7.945081537125427e-05,5.35951925626535e-06,0.0
ENSG00000224950,0.011606285324708768,0.007385984328590369,0.0
ENSG00000116824,0.0012578326206165154,0.00219235630217029,0.0
ENSG00000134256,7.862149614699636e-06,0.00038503177425912847,0.0
ENSG00000236866,0.0030894116085073333,0.0053205191109901885,0.0
ENSG00000183508,0.0041241384754992306,0.0017693783950359597,0.0
ENSG00000155761,0.0010143497555341662,0.0007811719773225698,0.0
ENSG00000092621,0.0012193524554719585,0.00485963373276409,0.0
ENSG00000198019,0.004938676654529154,0.005767075036974784,0.0
ENSG00000233029,0.0063802206524369515,0.010205487472161379,0.0
ENSG00000230806,0.0022937877394295213,0.002574958758876616,0.0
ENSG00000263590,0.00024081373189164528,7.124495194855571e-06,0.0
ENSG00000234571,2.338676961292365e-06,9.052889208803006e-06,0.0
ENSG00000277199,0.0008779007717722018,0.0006390680732110444,0.0
ENSG00000236140,0.0002133060446678995,0.0002871394394814998,0.0
ENSG00000174827,0.0029833624913387594,0.004519447289690837,0.0
ENSG00000117281,0.0009421609038257345,0.0009211484136462697,0.0
ENSG00000198483,0.0012718497736424533,0.0010520809370740403,0.0
ENSG00000121851,0.3014212012626418,0.3308184220803608,0.0
ENSG00000265972,0.10286143001097417,0.046034184203310145,0.0
ENSG00000168509,7.552564297647404e-05,5.953235105263169e-05,0.0
ENSG00000276509,0.0006104694704261603,0.0002370268795022951,0.0
ENSG00000131781,0.0020994169038116278,0.0028709212359297465,0.0
ENSG00000227733,0.0005723475035258267,0.0004417704556831666,0.0
ENSG00000234283,0.004940480407301808,0.004340347226125391,0.0
ENSG00000231551,0.003348101841329395,0.0021332349793534385,0.0
ENSG00000280649,0.00996843225090805,0.004204220211292021,0.0
ENSG00000236334,0.003385138859646996,0.003509515209812388,0.0
ENSG00000178104,0.8331215847182099,0.8579045819647355,0.0
ENSG00000274265,0.0004929815746613914,5.503582420993884e-06,0.0
ENSG00000150337,0.002562951143379184,0.0028428244358222336,0.0
ENSG00000233030,0.00048385452797884655,0.0013861536821358012,0.0
ENSG00000184260,0.09161873789049278,0.07332212874771206,0.0
ENSG00000014914,0.00268715758858057,0.0013180905446987384,0.0
ENSG00000023902,0.01201935991953544,0.014320692096565361,0.0
ENSG00000143401,0.9720887628912338,0.6094575585947452,0.0
ENSG00000276110,0.002589363164677877,0.002706401694820169,0.0
ENSG00000143369,0.0016093173195210143,2.482674228562623e-06,0.0
ENSG00000143382,0.030815939573870087,0.16963027507000442,0.0
ENSG00000163131,0.023489383686065984,0.04571262161057125,0.0
ENSG00000143387,0.002839526433330257,0.0010723685091969597,0.0
ENSG00000143409,0.00826152701854144,0.003542018052936622,0.0
ENSG00000163141,0.0004600166134672022,0.0008554002876840704,0.0
ENSG00000143443,0.08555648725999204,0.029396656488170924,0.0
ENSG00000197622,0.09448835400262548,0.10549298294169297,0.0
ENSG00000213190,0.26695465398521206,0.15491115587458507,0.0
ENSG00000143458,0.0026024316476229315,0.00016510652301104885,0.0
ENSG00000163155,0.018305130011687012,0.01005517127329837,0.0
ENSG00000224645,0.0006760691405499137,0.0005713127155863971,0.0
ENSG00000250734,0.0013233644945799567,0.0017886018735007556,0.0
ENSG00000159409,0.00043086864805536224,1.0877512158244513e-05,0.0
ENSG00000178796,1.8588672745512863e-06,0.00011565412195582004,0.0
ENSG00000225556,0.004935556685416289,0.0030363489120713567,0.0
ENSG00000197747,0.2310589446661435,0.1888692381417162,0.0
ENSG00000163191,0.8975236773204547,1.1794904709792964,0.0
ENSG00000163216,0.0004441283821471294,0.0005698892581711838,0.0
ENSG00000244094,0.006555336347960793,0.00671072267845218,0.0
ENSG00000203783,0.0005214117934216875,0.00030596577596513086,0.0
ENSG00000203782,2.224319495135253e-05,1.6274665256399935e-05,0.0
ENSG00000163218,0.0046064516128062555,0.0019694778659696916,0.0
ENSG00000163220,0.00044486424121639164,0.00018203232207706364,0.0
ENSG00000143546,0.01563551581851469,0.01262439208193369,0.0
ENSG00000184330,2.278594323601049e-05,0.00033089528895375664,0.0
ENSG00000143556,0.00026711263975494955,0.00019507216413356846,0.0
ENSG00000197956,0.0016819535449713386,0.0007698005271574162,0.0
ENSG00000196420,0.00048513754599215444,0.0002589943109997542,0.0
ENSG00000196154,0.04066334755282574,0.0701643248804592,0.0
ENSG00000188015,0.0002783257234838188,0.0008354803872484564,0.0
ENSG00000189171,0.40811893309046143,0.401281514972606,0.0
ENSG00000160678,0.02259624621610989,0.00439527832982013,0.0
ENSG00000279767,0.003070961579069291,0.0032645263957988262,0.0
ENSG00000282386,0.0004786257191897823,0.000143772167789979,0.0
ENSG00000160712,0.0016104419483506645,0.0033821099621936758,0.0
ENSG00000169291,0.0028116602950048982,0.0031491608126889854,0.0
ENSG00000143603,6.102903277576812e-05,2.6871160336988353e-05,0.0
ENSG00000163346,0.005188163076956202,0.003979743579405947,0.0
ENSG00000173207,2.6388550339420234,2.9694238975443166,0.0
ENSG00000163357,0.002724401209793037,0.003030184019716306,0.0
ENSG00000169231,0.0017686037621827985,0.005984681380951313,0.0
ENSG00000236263,0.0021840128162628008,0.0011658264835033997,0.0
ENSG00000132718,0.0003871517972532527,0.0007862023901531769,0.0
ENSG00000143622,0.010055441729126207,0.015347641169404312,0.0
ENSG00000116584,0.052374778868394554,0.07095850067519234,0.0
ENSG00000132698,0.0010415147587857785,0.001225764928410681,0.0
ENSG00000160789,0.20796962809049468,0.03736456921324592,0.0
ENSG00000183856,0.0023043105553275482,0.0008490109095058523,0.0
ENSG00000143320,0.0008229706550707866,0.001344306561709383,0.0
ENSG00000027869,0.019120868467032953,0.04887598942431824,0.0
ENSG00000198400,0.00020647645333923467,0.001161107678065835,0.0
ENSG00000027644,5.84098403637375e-05,1.9456504048835115e-05,0.0
ENSG00000160838,0.0018660692808875631,0.0023648726403555777,0.0
ENSG00000229961,7.352083562321556e-05,9.959823906813354e-05,0.0
ENSG00000132704,0.0011086039315653096,0.0019274318938158682,0.0
ENSG00000176320,0.0014475766679293979,0.000632275861926338,0.0
ENSG00000163563,0.0010703373102346498,0.0002953811528848446,0.0
ENSG00000163565,0.0018072399809135437,0.001189731472763426,0.0
ENSG00000213088,1.374138322379592e-05,7.67472434620441e-05,0.0
ENSG00000188004,0.010277231900364767,0.009037247318133127,0.0
ENSG00000243284,0.00015395143836128053,0.00023223340918265478,0.0
ENSG00000132681,0.0020027495285749133,0.001987725023044441,0.0
ENSG00000143318,0.0005214160068024882,0.00036019953283722086,0.0
ENSG00000258465,0.0002150598748610546,0.0004959650703005749,0.0
ENSG00000162739,0.002190781872611991,0.001919765547138842,0.0
ENSG00000066294,0.005478391300913769,0.00617108951170248,0.0
ENSG00000117090,0.00031968494376772866,0.00016875985157700755,0.0
ENSG00000228863,0.0020327473223616466,0.0021212581172217197,0.0
ENSG00000117091,2.9795477104789837e-05,0.00010141847843141063,0.0
ENSG00000122224,0.001108037949280739,0.001700018696729381,0.0
ENSG00000122223,0.0030796188154225373,0.0019362928714864202,0.0
ENSG00000179914,0.0015456399928219515,0.0017498205140105288,0.0
ENSG00000232188,0.0008509668596379289,0.0009374567924206899,0.0
ENSG00000158764,1.5579142078294057e-10,1.7953452595807046e-05,0.0
ENSG00000186517,0.003998282612742474,0.0038274773561340937,0.0
ENSG00000143217,0.005740138670791595,0.004713863012587694,0.0
ENSG00000228917,8.352202162172006e-05,8.069306841633411e-06,0.0
ENSG00000162755,6.181780818138656e-06,2.0770305504594e-05,0.0
ENSG00000158793,2.0772383976294103e-06,0.0017920920694472267,0.0
ENSG00000158859,0.006931859627194909,0.009486998179512979,0.0
ENSG00000158869,0.1268723998715536,0.10122889689010837,0.0
ENSG00000188931,0.0015900882847050982,0.001594773300333474,0.0
ENSG00000143226,0.0007044960566653885,0.00788278565652803,0.0
ENSG00000173110,0.003080811583186157,0.001612880158496575,0.0
ENSG00000203747,0.004946289514412136,0.0041075474092216345,0.0
ENSG00000072694,0.0017841731159955409,0.0016968408958431974,0.0
ENSG00000132185,0.0016477383167884665,0.0014599422190199431,0.0
ENSG00000198929,0.0005305520735693244,0.0003194215332495557,0.0
ENSG00000227094,0.0014727494808911687,0.003450917488799252,0.0
ENSG00000185860,0.0035633676799712894,0.0036595873165999084,0.0
ENSG00000185630,0.0001340543777497065,0.0003177856213373195,0.0
ENSG00000233693,0.0001023533868605743,0.00039864058856229137,0.0
ENSG00000234142,0.0007770637161511357,1.6400259973214203e-05,0.0
ENSG00000143194,0.010855643015418644,0.008247205896214187,0.0
ENSG00000143162,0.17223619640873106,0.16597076237228198,0.0
ENSG00000198771,0.264410217133767,0.14633746929623986,0.0
ENSG00000197965,0.5508207975348415,0.3465932306078254,0.0
ENSG00000143158,0.3970307385993426,0.4517525801443673,0.0
ENSG00000143184,9.914132336783735e-05,0.00020905369838451434,0.0
ENSG00000235736,0.0013110562253046965,0.0022444442516255207,0.0
ENSG00000225826,0.0015048674617322956,0.0008549154071428944,0.0
ENSG00000143153,0.012911602031051813,0.01504419195558237,0.0
ENSG00000010932,0.0003834875553244412,0.00041724344343669565,0.0
ENSG00000117586,5.1376217969282323e-05,0.0001479567251533484,0.0
ENSG00000224977,0.008574343739135432,0.010574298693368851,0.0
ENSG00000152061,0.018945398836551566,0.025693171999823655,0.0
ENSG00000203737,0.001027588122831358,0.0006767964707505193,0.0
ENSG00000116161,2.8397435276133614,2.7237122661109017,0.0
ENSG00000236021,0.0017915193128519046,0.0003575655660908645,0.0
ENSG00000116194,0.0037180375138094073,0.004584885729233318,0.0
ENSG00000186283,0.14097028246044377,0.04629813853585038,0.0
ENSG00000143322,0.10248734836911164,0.0537421532670879,0.0
ENSG00000229407,0.0037142798893209476,0.00346352196767322,0.0
ENSG00000169905,0.4373823532892112,0.3943627500701174,0.0
ENSG00000116260,0.0025487009270599528,0.0031609453991778176,0.0
ENSG00000153029,0.003961634105748556,0.002377562023321879,0.0
ENSG00000162783,0.017557250406431982,0.03338069547732413,0.0
ENSG00000198216,0.0028043581290841065,0.0018855648676584695,0.0
ENSG00000121446,0.0009798782861402992,0.0011902148138156383,0.0
ENSG00000135828,0.00027888496981840063,0.0030367715750755694,0.0
ENSG00000143333,0.013992187519995841,0.00045426724774103424,0.0
ENSG00000135824,0.000753657593349724,0.0006143127532096664,0.0
ENSG00000116701,0.0017986031821169287,0.003586368551820238,0.0
ENSG00000162704,0.8904886546482967,1.0200785733884308,0.0
ENSG00000143344,2.2926410169817806e-05,8.455038964298476e-06,0.0
ENSG00000198756,0.010553952082758654,0.006257957490600087,0.0
ENSG00000135842,5.431596318661389e-05,5.622020856408893e-06,0.0
ENSG00000261024,0.001720049258424348,0.002837876630483965,0.0
ENSG00000116703,0.00017170610426830253,0.0002488603043375966,0.0
ENSG00000273198,0.017789242335471907,0.018215050512042627,0.0
ENSG00000150681,0.0006085443779129135,0.00027907682701646617,0.0
ENSG00000232498,0.001364811667382222,0.0007676287074478256,0.0
ENSG00000090104,0.0050359440125901924,0.004429333715980443,0.0
ENSG00000116741,0.007536066045177883,0.010449485183546844,0.0
ENSG00000234871,0.0022928654598024937,0.0015725943548574118,0.0
ENSG00000227240,0.0019774116750213167,0.001925658391263547,0.0
ENSG00000227421,3.107288916052919e-06,3.590291292921963e-05,0.0
ENSG00000162687,0.002041328107012112,0.001960464935647011,0.0
ENSG00000000971,0.01062856011581946,0.007190911498441779,0.0
ENSG00000116785,0.005198099576380375,0.0027827814678720074,0.0
ENSG00000134389,0.0033911459041364865,0.0030521938678706533,0.0
ENSG00000143278,0.002347260794878641,0.0038790628769866825,0.0
ENSG00000066279,0.18167761568759558,0.10567780195155366,0.0
ENSG00000134376,0.0022169919489838015,0.001080777254128679,0.0
ENSG00000081237,0.0037309632270443164,0.008618797803289271,0.0
ENSG00000203721,0.003929330778792707,0.004210715247455762,0.0
ENSG00000118193,0.06073244340500195,0.08146469008720408,0.0
ENSG00000081248,0.004163684549762072,0.0029400614225295963,0.0
ENSG00000232237,0.010270644106330992,0.009717800325063754,0.0
ENSG00000118194,1.21974179621467e-05,0.00032718648789412195,0.0
ENSG00000159173,0.006315021366093187,0.0062958564376102075,0.0
ENSG00000174307,7.026914899752974e-05,1.642482238949134e-05,0.0
ENSG00000163431,0.0004017818265696278,0.0004986941330606055,0.0
ENSG00000234678,0.00012001419956110716,1.8228608141339498e-05,0.0
ENSG00000163435,0.00044206506714230913,0.0002052303318693651,0.0
ENSG00000143851,0.37339896176050896,0.32523225722841526,0.0
ENSG00000117139,0.023598914259829386,0.027068572588363846,0.0
ENSG00000260021,0.002232607996200561,0.0011251565127824632,0.0
ENSG00000143847,0.00014863302187963188,0.0003655675604107273,0.0
ENSG00000122180,0.000457331376098748,0.0006514123921897334,0.0
ENSG00000133063,0.004108944330838915,0.003782319356121489,0.0
ENSG00000231507,3.7678459182263455e-06,9.906434331668026e-07,0.0
ENSG00000159388,0.08087288944145968,0.07695249535079932,0.0
ENSG00000122176,0.007097523828370492,0.005456255736947004,0.0
ENSG00000058668,0.00123190199913719,1.3485512142806622e-07,0.0
ENSG00000122188,0.001132094762907591,0.0015212244748494567,0.0
ENSG00000257315,0.004325347981319703,8.207134656216392e-06,0.0
ENSG00000261065,0.002794544126724142,0.0023463169313672335,0.0
ENSG00000143839,0.0018292525306284582,0.0026030044793490053,0.0
ENSG00000170498,0.0016271974135809945,0.0008360033179324447,0.0
ENSG00000174567,0.00023264997171201676,0.0006720549236486653,0.0
ENSG00000226330,0.001722021465312672,0.0007048808957956114,0.0
ENSG00000198625,0.1105241966146339,0.08216866534005647,0.0
ENSG00000240710,0.00010947527672923063,0.000257511896894362,0.0
ENSG00000240219,0.006541729951561601,0.006064172245601851,0.0
ENSG00000163531,0.007584419166363853,0.0023000180222812064,0.0
ENSG00000184144,0.0031305370635572186,0.0031426289280631764,0.0
ENSG00000186007,0.007505361416580356,0.008676137422222622,0.0
ENSG00000117266,2.9761109500120575e-05,0.0006040817069150483,0.0
ENSG00000158715,0.0011443201994052223,0.0015112412656838057,0.0
ENSG00000069275,3.424742142794355,3.642030704744325,0.0
ENSG00000276600,0.0037394672080213057,0.0021278710460803847,0.0
ENSG00000196188,0.001279842053702212,0.0017198164819668274,0.0
ENSG00000263961,5.276045188609715e-05,7.557665963234127e-05,0.0
ENSG00000226780,7.681359395097717e-06,0.0001031255121348404,0.0
ENSG00000261000,0.0007858329321777646,0.0019061396370467429,0.0
ENSG00000162889,0.21993587068219408,0.14385839853479399,0.0
ENSG00000142224,0.0024717034112692613,0.004191480206464247,0.0
ENSG00000162891,0.00018347844453965383,0.0001383160367057683,0.0
ENSG00000162892,0.004927421758488199,0.002367271011954817,0.0
ENSG00000162894,0.00012588146592009506,0.0006581587640758452,0.0
ENSG00000196352,0.04093781615739065,0.058634171720452384,0.0
ENSG00000203710,0.001101825337667886,0.002630579656946761,0.0
ENSG00000236911,0.0003873575143046619,0.00021274014936074206,0.0
ENSG00000117335,0.018493388102098312,0.0731219021475616,0.0
ENSG00000203709,0.002407582317442789,0.011773877411199,0.0
ENSG00000076356,0.0026934579947106973,0.0009406462190404604,0.0
ENSG00000009790,0.0006823493814386974,0.0010947698463369582,0.0
ENSG00000143473,0.003192422391809514,0.001898386328323366,0.0
ENSG00000153363,0.19413781823964685,0.17553353133775315,0.0
ENSG00000229258,0.015149687066453598,0.010891644812449173,0.0
ENSG00000226251,0.0023646662348823407,0.0012710898401229742,0.0
ENSG00000117691,1.128047404809499,1.0766282755289562,0.0
ENSG00000162772,0.0002022735499028466,0.00019859677954282975,0.0
ENSG00000237980,3.724208646727783e-05,1.7922970031153525e-05,0.0
ENSG00000123685,0.01236745276206741,0.011191075608432959,0.0
ENSG00000143494,0.0014912540400138668,0.0013922813021044732,0.0
ENSG00000117707,0.0007756770219649909,0.0026392102261296744,0.0
ENSG00000152104,0.004000392838176812,0.004663898245939385,0.0
ENSG00000117724,1.13421873803868,1.0784633824147583,0.0
ENSG00000228063,0.00052500214239772,0.00019884807130079795,0.0
ENSG00000117791,0.008601225151408194,0.000742269878532994,0.0
ENSG00000186205,0.004742411415183747,0.0038303718853088028,0.0
ENSG00000272823,0.002984693792359109,0.0018254756080718154,0.0
ENSG00000238078,0.0008077355098366786,0.0004542855643162856,0.0
ENSG00000136630,0.015444283280607573,0.03671505437049232,0.0
ENSG00000234754,0.0019658831650110026,0.0012522003497285328,0.0
ENSG00000143498,7.635875677138646e-05,8.622932981326119e-05,0.0
ENSG00000197520,0.0002241119156567664,6.327346030231433e-05,0.0
ENSG00000242861,0.0014111576685066729,0.001207222840480275,0.0
ENSG00000243709,0.011256220499889467,0.009920713009595203,0.0
ENSG00000143768,0.0053418102154552255,0.00422929910922309,0.0
ENSG00000185155,0.0016204298732544857,0.00024397674155746119,0.0
ENSG00000143772,0.0007827378221657474,0.00043702418123616745,0.0
ENSG00000228548,0.00013737847450865832,1.9374872633892444e-06,0.0
ENSG00000185888,0.0007283968510480957,3.343938728844276e-06,0.0
ENSG00000143816,0.003592224043896278,0.0022470719409500156,0.0
ENSG00000270104,0.0006765215913455189,0.0007305101683228613,0.0
ENSG00000237481,6.171890152199275e-06,2.486556478705242e-06,0.0
ENSG00000177614,0.00044932193173886936,7.765127603793937e-05,0.0
ENSG00000135773,0.0012970051740202127,0.002102982007902444,0.0
ENSG00000182118,0.2473037533546608,0.28876460403869497,0.0
ENSG00000119283,3.239887765339912e-05,3.983289314532572e-05,0.0
ENSG00000143674,0.0022483046159277637,0.0019056084896103137,0.0
ENSG00000183780,1.947845555281295e-06,0.00043224660077357174,0.0
ENSG00000168264,0.033037596322337506,0.0308113504115496,0.0
ENSG00000228044,3.7524963067016274e-05,0.00018615046521319734,0.0
ENSG00000230628,0.00026780969060929364,6.971710133290643e-06,0.0
ENSG00000237520,0.001730677228411802,0.0018550604106030025,0.0
ENSG00000280587,0.0018570767089469554,0.001621284724790761,0.0
ENSG00000054267,0.28758020229381115,0.12460333435268621,0.0
ENSG00000086619,0.00021562986388046372,1.575914951000381e-05,0.0
ENSG00000215808,0.0006097166476735183,0.0008329143236479693,0.0
ENSG00000259776,0.0003855502009557528,0.00026033317263886394,0.0
ENSG00000117009,0.0007947405768346765,0.0007417311438424204,0.0
ENSG00000054282,0.025907213678772734,0.08112457201674554,0.0
ENSG00000117020,3.692003675389425e-05,0.001051647320536898,0.0
ENSG00000179456,0.0008026458748139112,0.0005297923721030904,0.0
ENSG00000185420,0.40506902959489316,0.5740606443163077,0.0
ENSG00000235096,0.0033076687858414264,0.0038368598004592126,0.0
ENSG00000235749,0.002760127712752661,0.0038537410790607683,0.0
ENSG00000196071,0.0005260552428228442,0.001899019745476186,0.0
ENSG00000203663,0.0004225700443195599,0.0007684564173977568,0.0
ENSG00000196944,0.007334467332594909,0.008291787911693929,0.0
ENSG00000233296,0.006365092039680082,0.006180841657638228,0.0
ENSG00000272342,3.3060393822276377e-06,0.00022081857575320164,0.0
ENSG00000235078,0.0007147424079676358,0.0015726237440166898,0.0
ENSG00000151360,0.007695914843558549,0.006644991222677125,0.0
ENSG00000231532,3.2021150675520804e-05,1.1189364793117474e-07,0.0
ENSG00000205837,0.00080174069533183,0.0010792678923239813,0.0
ENSG00000134321,0.0380690844930536,0.011091294206626605,0.0
ENSG00000231083,0.005094334795950667,0.004217751984668269,0.0
ENSG00000235092,7.300699391834881e-05,0.00020830636446650592,0.0
ENSG00000115738,0.003909595954127917,0.008018348638451387,0.0
ENSG00000143797,0.00016979626044145705,0.00013392726120161404,0.0
ENSG00000151693,3.720998152062526e-05,8.740442408980508e-05,0.0
ENSG00000134330,0.01299384249736354,0.008393523976105235,0.0
ENSG00000151694,0.017757824880052793,0.04439697557617266,0.0
ENSG00000240687,0.0009341187943690053,0.0016286312092583565,0.0
ENSG00000134317,0.002649567532295249,0.0006888111686100241,0.0
ENSG00000171848,0.17951044732876442,0.12242300383985469,0.0
ENSG00000115758,2.351698507447312,2.2063605459878572,0.0
ENSG00000243819,0.002939089343972124,0.003988483515301308,0.0
ENSG00000224184,0.00546685156869338,0.0016253338984470122,0.0
ENSG00000223850,0.0006929906075541837,0.0018551817326831828,0.0
ENSG00000197872,0.0028113358426582686,0.001564527749174316,0.0
ENSG00000236204,0.004490567844855846,0.006759273903840624,0.0
ENSG00000219626,1.603718519917975e-05,0.00020942763109486838,0.0
ENSG00000157856,0.002155336655376377,0.0031987358775146836,0.0
ENSG00000115155,3.6829965986861203e-07,2.5792163984662885e-07,0.0
ENSG00000171303,0.005251016207951599,0.004774028153405718,0.0
ENSG00000115163,0.1889214256822026,0.09875690296234571,0.0
ENSG00000084764,0.0007066742079523617,0.00016156706284330504,0.0
ENSG00000231636,0.0016331130547295968,0.0014213960357387615,0.0
ENSG00000143994,0.006819545717974707,0.0018362429092238742,0.0
ENSG00000163792,0.007825573807565742,0.005761379197126723,0.0
ENSG00000163793,0.000575516643284737,0.0008592139496220582,0.0
ENSG00000157992,0.011483090678318224,0.004983838404789709,0.0
ENSG00000075426,0.001692359116505353,0.0006340687724053815,0.0
ENSG00000270210,0.004966842187279157,0.005210807125855813,0.0
ENSG00000163803,0.006539934221318667,0.007037917027099953,0.0
ENSG00000213639,0.2281768237667073,0.19903985712422598,0.0
ENSG00000163811,1.3268747031670665,1.1314671687213893,0.0
ENSG00000233862,0.002960440319750136,0.0031581912827334784,0.0
ENSG00000119801,0.0002944423569769107,0.021751246022139112,0.0
ENSG00000213626,0.03050931058956341,0.025860808779946096,0.0
ENSG00000158125,0.0020863438285594017,0.0026113566922862435,0.0
ENSG00000091106,0.00044764545095325476,0.000593266676644257,0.0
ENSG00000152689,0.013615364016851952,0.0163878242253951,0.0
ENSG00000237133,1.8258038761982705e-05,1.3894737759121562e-05,0.0
ENSG00000228262,0.0027530432128882337,0.002475745106594927,0.0
ENSG00000150938,0.0026313690321462025,0.0008240350616021792,0.0
ENSG00000115828,0.0029959076098299295,0.0015034295771770327,0.0
ENSG00000163171,0.0018892300470995061,0.001341228374958198,0.0
ENSG00000235848,0.00039249578747480756,0.0005335461277726842,0.0
ENSG00000138061,0.00019707554600185344,0.0001511622120354853,0.0
ENSG00000232973,0.004896936143579259,0.005884590443436689,0.0
ENSG00000214694,0.005233276094131222,0.005024509411629107,0.0
ENSG00000011566,0.018741733939641503,0.020669741339486115,0.0
ENSG00000231312,0.03839722644497686,0.0937628293266653,0.0
ENSG00000152154,4.955706041496653e-06,2.0660230511120752e-06,0.0
ENSG00000183023,0.0022848321594382288,0.001705268458500745,0.0
ENSG00000234362,0.0007983206717759319,0.001131265392162442,0.0
ENSG00000205086,0.000753201408319118,0.00018348697248478038,0.0
ENSG00000162878,2.5717359100105725e-05,0.001251308281524009,0.0
ENSG00000162881,0.005233673098038794,0.003765759778172546,0.0
ENSG00000162882,0.0002123017076750272,4.021820989644751e-05,0.0
ENSG00000231826,0.001315958875121211,0.0015299136509591626,0.0
ENSG00000230587,0.0018390249647172313,0.0023134293737690002,0.0
ENSG00000152518,0.08629918063585741,0.10139028984774064,0.0
ENSG00000152527,0.026748851139535613,0.03294332386947503,0.0
ENSG00000138079,0.000678615075592275,8.478356425464881e-05,0.0
ENSG00000236502,0.0028046450760870817,0.0014984492823638155,0.0
ENSG00000225156,0.0012668353297313403,0.0019570001137487626,0.0
ENSG00000116016,0.008424199853345075,0.00018643601756296313,0.0
ENSG00000187600,4.481155982567482e-05,6.501869443302067e-09,0.0
ENSG00000260977,0.000973326525461355,0.0015856967857408278,0.0
ENSG00000222005,0.0013893727552054475,0.0030111260075079958,0.0
ENSG00000273269,0.004859106381627164,0.005626738184745537,0.0
ENSG00000143933,3.1853172893583848,2.873685563601726,0.0
ENSG00000236824,0.643586491398392,0.212945547416245,0.0
ENSG00000230773,0.0027698943580964754,0.003550487836089555,0.0
ENSG00000282828,0.0015732858992475072,0.0004796509785868089,0.0
ENSG00000272156,0.001530271429830186,0.000397497839433705,0.0
ENSG00000234943,0.0007225286964451337,0.001575074480137244,0.0
ENSG00000214595,8.385405962432944e-05,1.1626587205501553e-05,0.0
ENSG00000115310,1.5148878054866464,1.2420382870648616,0.0
ENSG00000272180,0.0015340277244000598,0.0010877406418608217,0.0
ENSG00000222030,0.007832533258456611,0.0054926863060286496,0.0
ENSG00000270820,6.333649057760163e-05,0.0017024177466681656,0.0
ENSG00000226622,0.0015776364789974054,0.0015040925883203667,0.0
ENSG00000231609,0.006086066615945433,0.004821584525922573,0.0
ENSG00000169764,0.10722193506799613,0.20278535051175364,0.0
ENSG00000225889,0.0012433429676967662,1.1126530383574057e-05,0.0
ENSG00000119862,0.013196471325672194,0.00975403611693806,0.0
ENSG00000260101,0.0005607132501123885,0.0008588589151373918,0.0
ENSG00000234572,0.0012033386174529715,0.0007589564863331807,0.0
ENSG00000143995,0.011374178343954659,0.020876882686705133,0.0
ENSG00000230749,0.00210691557989811,0.0007326037966663663,0.0
ENSG00000232046,0.0028140560883600264,0.0033097229735381682,0.0
ENSG00000236780,0.0037837176708504995,0.0023718091316695658,0.0
ENSG00000115956,0.00013160951210208814,0.0006957009400726471,0.0
ENSG00000163219,0.00033072939563079027,0.001705927370640609,0.0
ENSG00000163217,0.0007614966561013181,0.00015677127429742388,0.0
ENSG00000183607,0.00046384783324831006,0.0009872508939400405,0.0
ENSG00000115977,0.14219788793854368,0.27071896287522873,0.0
ENSG00000231024,0.004113593013741531,0.0033088744946659903,0.0
ENSG00000059728,3.278277282900456e-06,0.001279132725321954,0.0
ENSG00000116039,0.0037461117243887815,0.0014483614615288952,0.0
ENSG00000124357,0.01666236099230846,0.01385163567413866,0.0
ENSG00000272735,0.005588368603844518,0.004976144660296279,0.0
ENSG00000187833,0.0002705778558666698,3.769504207173582e-05,0.0
ENSG00000235499,0.011387490941301575,0.009926146702997287,0.0
ENSG00000144045,0.0011400995054632406,0.0006122334925832277,0.0
ENSG00000159374,1.040389979584653e-09,3.291769680815494e-08,0.0
ENSG00000159399,0.002431317841740075,0.00022678298632537817,0.0
ENSG00000270571,0.0066063334521352214,0.0027657367132523925,0.0
ENSG00000115363,0.0011577567099788166,0.0008654733364042586,0.0
ENSG00000176204,0.0044627896203152185,0.004963078166548854,0.0
ENSG00000066032,0.0009183526562616052,0.0003217545379558186,0.0
ENSG00000034510,4.5815538823610495,5.30395113902507,0.0
ENSG00000042493,0.06809495269864124,0.04669650555693958,0.0
ENSG00000118640,1.1136734113224789,1.1024771185987412,0.0
ENSG00000168899,0.0012000488052546394,0.00126867953039064,0.0
ENSG00000115525,0.015875396298559778,0.004488781448961532,0.0
ENSG00000232504,0.00018840948303000646,7.479862768075638e-07,0.0
ENSG00000272564,1.9185564996460004e-05,9.9425229501573e-07,0.0
ENSG00000068615,0.0001331860982064874,7.493537913420152e-05,0.0
ENSG00000273445,9.215091405494973e-05,0.00044029630408736473,0.0
ENSG00000172086,6.641390063495582e-05,0.0006293333400328422,0.0
ENSG00000211592,0.00163293590492576,0.0008875004214455228,0.0
ENSG00000233757,0.0027135913971767104,0.004379075471849371,0.0
ENSG00000274286,0.018052628376727303,0.017039104305901682,0.0
ENSG00000158158,0.0006157937588043939,3.0083043490781604e-05,0.0
ENSG00000273265,0.0002879139833932206,0.00033837376867669553,0.0
ENSG00000168754,0.06538645596016467,0.020501827474144595,0.0
ENSG00000168658,0.0002154535369314405,0.0004693425301419319,0.0
ENSG00000196872,0.000751958043269145,0.0005106438444605942,0.0
ENSG00000185674,0.002309846579104103,0.001503471060180729,0.0
ENSG00000230393,0.0007457551049705832,0.0009418040659433626,0.0
ENSG00000196460,0.0003388347919217076,0.00025000964414530994,0.0
ENSG00000281162,2.4533409611223656e-05,1.8295749685600156e-05,0.0
ENSG00000115590,0.0003701653323240503,0.0005831959413032235,0.0
ENSG00000224850,0.002522124868738546,0.001233437035128138,0.0
ENSG00000224509,5.363928832264945e-07,7.182147352703482e-05,0.0
ENSG00000233339,0.0022093957528142587,0.0038728770505642826,0.0
ENSG00000232001,0.001111801141455654,0.0005442945409128345,0.0
ENSG00000144057,0.0014298393733467587,0.0016762404999434884,0.0
ENSG00000198203,6.370910438282607e-06,1.2814593096518447e-05,0.0
ENSG00000198075,0.0051977772453112156,0.004774670990587149,0.0
ENSG00000169756,0.27173541993084377,0.28898080754085287,0.0
ENSG00000282033,0.003000158997761371,0.0011775969128012737,0.0
ENSG00000015568,0.0007770143350694094,2.8507064380213295e-07,0.0
ENSG00000256977,0.004499887106794616,0.00473805330671663,0.0
ENSG00000144061,0.0031837066962453137,0.0012409914884752072,0.0
ENSG00000261760,0.0007587726895737144,4.598235773050178e-05,0.0
ENSG00000153094,0.38977300195711645,0.32357774813898726,0.0
ENSG00000225744,0.00025644437217643083,1.6090533640321795e-05,0.0
ENSG00000188177,0.0017802343439309472,0.0010263239465542879,0.0
ENSG00000169629,0.001577640594320172,0.003214970207962021,0.0
ENSG00000228251,0.0020414058050375857,0.0035587275380848118,0.0
ENSG00000144136,0.08631096608395328,0.1095884738946347,0.0
ENSG00000125538,0.004308208176523418,0.004240378443736343,0.0
ENSG00000136689,0.0014739288960815917,0.0011954440243133401,0.0
ENSG00000234997,0.0006767185566910426,0.0010726103800416385,0.0
ENSG00000272563,0.0032410532085699545,0.005463236485486677,0.0
ENSG00000227359,0.00034032343651481823,0.0001598175307694424,0.0
ENSG00000244063,2.052173882777102e-05,0.00030319182339938775,0.0
ENSG00000228857,3.7029344616675095e-08,0.00015640738539714167,0.0
ENSG00000259094,0.00012042538197668387,0.00024235814486726648,0.0
ENSG00000229867,0.00410013212200433,0.004715886013932171,0.0
ENSG00000155368,1.2057094213289419,1.1416177254351487,0.0
ENSG00000080293,0.002712821015930392,0.0036016371225962053,0.0
ENSG00000074047,0.00026224686598998355,0.00023050935633306716,0.0
ENSG00000265451,0.0021071779586868252,0.0007845768741189009,0.0
ENSG00000224655,3.0096885691097565e-05,1.2456484169955888e-08,0.0
ENSG00000136732,3.1216529017712564,2.8747435740139915,0.0
ENSG00000186684,0.0008674071338410335,0.0010836615356702656,0.0
ENSG00000115718,0.0010892854456284688,0.0005282010839837968,0.0
ENSG00000272789,7.22932379901356e-05,0.00014110282215443458,0.0
ENSG00000152076,0.003786659036225659,0.0048370068719065335,0.0
ENSG00000178171,0.0034517070142079027,0.0018812096251808398,0.0
ENSG00000183840,0.0003933918382592228,0.0005899038797313785,0.0
ENSG00000226806,0.001406794604011828,0.0013922347191734534,0.0
ENSG00000121966,0.0006658569407173931,0.0010045637017247777,0.0
ENSG00000144229,0.001628533368263318,0.0016786199203636144,0.0
ENSG00000150540,0.0026172907743751157,0.001960029288054132,0.0
ENSG00000115919,0.00019989310123664543,9.755966867803671e-05,0.0
ENSG00000169554,0.026203451097668293,0.031006548854621535,0.0
ENSG00000226674,1.0910267769733326e-05,0.00013488246538045082,0.0
ENSG00000168280,0.01151093920228835,0.011863429767248499,0.0
ENSG00000231969,0.0007950012878701637,0.0008681084903209724,0.0
ENSG00000123610,0.0057594277287130995,0.003101188137248649,0.0
ENSG00000183091,0.001427795225838547,0.002502238403775184,0.0
ENSG00000162989,0.0006448656566528251,0.000709071473967588,0.0
ENSG00000226383,0.0005543349066137592,0.002278208764580392,0.0
ENSG00000153234,0.0075583175887031446,0.0056949447540490285,0.0
ENSG00000136541,0.0013871850137661713,0.002177718623591164,0.0
ENSG00000115165,0.0006229313623410152,0.0019875210929635742,0.0
ENSG00000271320,0.000784495841374129,0.0009696916594741716,0.0
ENSG00000153237,0.003897779953924932,0.003796898397457723,0.0
ENSG00000123636,0.025222628529395722,0.00581356897410798,0.0
ENSG00000224152,0.0073689994792895406,0.009273088523453717,0.0
ENSG00000115271,0.00036566082906046434,0.014630022622648458,0.0
ENSG00000184611,0.005715523820224971,0.005319940580199173,0.0
ENSG00000115339,0.005799487800673864,0.005937711711580721,0.0
ENSG00000169432,0.004900991084244848,0.002275377582503483,0.0
ENSG00000235335,0.0004428793196519022,0.0008552898250969779,0.0
ENSG00000152253,0.15917068824777797,0.16870017384259006,0.0
ENSG00000073734,0.008629686674527967,0.007237155702298145,0.0
ENSG00000073737,0.006607505676783775,0.007821960652365512,0.0
ENSG00000235321,0.008924462456629055,0.007712819505284728,0.0
ENSG00000154479,0.0001581031922953916,4.0466688411226416e-05,0.0
ENSG00000231898,0.005372124022072192,0.004881344525739718,0.0
ENSG00000213981,0.0036534137578468732,0.002363524566629711,0.0
ENSG00000222033,0.0031735705482972133,0.0024224309621564953,0.0
ENSG00000128683,0.08058903243417864,0.07731236369981502,0.0
ENSG00000071967,0.0019710567776673395,0.0016721852138376642,0.0
ENSG00000115844,0.0005625959445923077,0.00014306746651522262,0.0
ENSG00000232788,0.008970358201142496,0.00954309444960068,0.0
ENSG00000224638,0.0025162341858511786,0.0008635794069616577,0.0
ENSG00000271151,0.004089106111009127,0.005643994655824622,0.0
ENSG00000231453,0.000730818532665706,0.002798311467963702,0.0
ENSG00000115935,0.013173517690005614,0.011588082719148473,0.0
ENSG00000128645,0.0005542483407968812,0.0016164101860051438,0.0
ENSG00000116044,0.20435268913480553,0.21333817128798427,0.0
ENSG00000237655,0.000472458254321687,0.0004681510145931651,0.0
ENSG00000128655,0.0013638672950664903,0.0007522311905321954,0.0
ENSG00000229941,0.002060423814030622,0.0011668934736345084,0.0
ENSG00000271011,0.0011797062573354316,0.0010061449788875273,0.0
ENSG00000163492,0.0008413172857998751,0.0006016272546339777,0.0
ENSG00000115232,0.00822730673840064,0.005575571869289862,0.0
ENSG00000162992,0.0007882179619940222,5.038192219156138e-06,0.0
ENSG00000162998,0.0027388413789880997,0.0027074340142673073,0.0
ENSG00000188738,0.0011466434472614444,0.0012309606464463978,0.0
ENSG00000231646,3.925405527830224e-05,0.0029675775271800217,0.0
ENSG00000237877,6.48812585463372e-09,0.0003333883157119367,0.0
ENSG00000144369,0.004062630604114352,0.005213936538706374,0.0
ENSG00000003436,0.031070039120000892,0.02646931738865345,0.0
ENSG00000138449,0.022379491755919828,0.034925698867267894,0.0
ENSG00000235852,0.0024416321438296877,0.0023046822545372916,0.0
ENSG00000138378,0.0003094502031893532,0.000562616770262618,0.0
ENSG00000128641,0.0026345364948908165,0.002207588356469622,0.0
ENSG00000173559,0.009774712479051532,0.000492766876842275,0.0
ENSG00000235056,0.005240442907510522,0.00363975651928429,0.0
ENSG00000223466,0.00015289331070615024,0.0003545285758470926,0.0
ENSG00000272211,4.813807211918303e-05,2.5603350491203645e-05,0.0
ENSG00000138411,0.0005098222591026004,0.0006432591900102434,0.0
ENSG00000229056,0.004321662006474505,0.0012441097962611514,0.0
ENSG00000187944,0.00013417984602918015,5.402532753901151e-05,0.0
ENSG00000065413,2.8023340729679107e-05,8.83691613900729e-05,0.0
ENSG00000225979,2.40942440291728e-05,1.3992724178406643e-07,0.0
ENSG00000144381,4.038163460963341,2.953032913467582,0.0
ENSG00000270757,0.0035227766074419136,0.003779934508782951,0.0
ENSG00000115896,6.609274004783361e-06,2.9397761003987304e-05,0.0
ENSG00000163535,0.09450107265501892,0.14731966673961572,0.0
ENSG00000232719,5.821195888817656e-05,0.00020856816664792545,0.0
ENSG00000003402,0.06628630592327453,0.033609359236496786,0.0
ENSG00000226312,4.145532730940846e-05,0.0009072972243787808,0.0
ENSG00000155749,0.006119510168246907,0.0043344190908650975,0.0
ENSG00000155754,0.003625469457659553,0.003747475836409357,0.0
ENSG00000138395,0.000847032215417992,0.0004220448209046488,0.0
ENSG00000273209,0.0023531910722760074,0.0019776494614705386,0.0
ENSG00000155760,0.00025476876039051417,8.206292946518466e-05,0.0
ENSG00000182329,0.0012862800866544214,0.00044231488736726617,0.0
ENSG00000222035,0.0009368617541703724,0.0006215556937394214,0.0
ENSG00000272966,0.00017490726385047052,4.1171927072421736e-05,0.0
ENSG00000138380,0.00018873018930169527,0.0006596725843467175,0.0
ENSG00000178562,0.0002422409851007838,0.0011616384722586215,0.0
ENSG00000204186,0.007760064519278966,0.00381551358869367,0.0
ENSG00000260171,2.730998221993573e-05,3.1488819936923785e-05,0.0
ENSG00000144410,0.0006562679138277163,2.7017237664946977e-05,0.0
ENSG00000118263,0.0014710593178574364,0.0033692840657589852,0.0
ENSG00000234902,0.0004799155390701129,0.00016442656802038083,0.0
ENSG00000224137,9.864855150382114e-07,0.0001917589170035613,0.0
ENSG00000144407,0.00900999569053729,0.002643146596307219,0.0
ENSG00000144406,8.752147779948248e-05,0.00021039562865294453,0.0
ENSG00000229127,0.0037047383637490087,0.003985755645111754,0.0
ENSG00000030419,0.003048796609938243,0.0029402660711930688,0.0
ENSG00000144451,0.003981605037832651,0.004166228944093797,0.0
ENSG00000115414,0.0038977937487244853,0.003640337263790641,0.0
ENSG00000163449,0.004448088553998558,0.006264725394078082,0.0
ENSG00000241520,0.0009461126246869962,0.00019952565621509584,0.0
ENSG00000115457,0.16684628459009507,0.21443565590229743,0.0
ENSG00000115461,0.003689757632592815,0.003280559996858822,0.0
ENSG00000118245,0.0002637106436940294,1.7051208229051254e-05,0.0
ENSG00000259855,1.635589876492643e-07,2.371442766958876e-05,0.0
ENSG00000079308,0.001121944721262662,0.001545543780302043,0.0
ENSG00000180871,0.0013748103815562013,4.706000760918233e-05,0.0
ENSG00000179921,8.411436470569766e-05,1.663761922588651e-05,0.0
ENSG00000127831,0.0013962160423190448,0.00216033833759716,0.0
ENSG00000144580,0.06800394338603885,0.09063697553856995,0.0
ENSG00000115596,0.00014439847266620295,4.909920254208725e-05,0.0
ENSG00000135925,0.0005896020557301667,0.0016554340365724375,0.0
ENSG00000171450,0.005429705406660324,0.006929991352641305,0.0
ENSG00000163497,0.06203567174159257,0.0817393274968863,0.0
ENSG00000163499,0.0019410316064124911,0.0002643106644866878,0.0
ENSG00000135924,0.0019348426410152368,0.0017001577734141815,0.0
ENSG00000230432,0.001124769884652146,0.0008193944592774532,0.0
ENSG00000144591,0.850148118409273,0.41799833512701046,0.0
ENSG00000072182,0.030354193627154396,0.28155603512731703,0.0
ENSG00000114923,3.856838030599828e-06,7.979225633537977e-05,0.0
ENSG00000163082,0.0001216892028645594,0.0010280889742697414,0.0
ENSG00000152049,0.006614063308401524,0.008297232812084495,0.0
ENSG00000144460,1.4371487222789056e-05,0.00015784956706684953,0.0
ENSG00000232023,0.0008463436569334419,0.0005775123479680438,0.0
ENSG00000226125,7.96430114720437e-05,0.00043392330293111066,0.0
ENSG00000232520,0.008248730809897027,0.006785204108017179,0.0
ENSG00000115053,5.426074415644876,6.404522906744792,0.0
ENSG00000187514,13.886519626070271,13.214107585984395,0.0
ENSG00000196811,0.0016302102916968995,0.0013832145444829073,0.0
ENSG00000115474,8.442591048233157e-05,3.883268841718832e-06,0.0
ENSG00000072080,1.0402349232507272e-05,0.0002733932031034831,0.0
ENSG00000232893,0.00010426018788939275,0.00010963228896780621,0.0
ENSG00000124835,0.001984101825636201,0.0013541570015547406,0.0
ENSG00000163359,2.051997744246583e-05,0.000141136160712457,0.0
ENSG00000234949,0.005072063189013134,0.005527241907468065,0.0
ENSG00000132329,0.002069928046600115,0.0031527038944065477,0.0
ENSG00000168427,0.00461757079240227,0.003026925557124542,0.0
ENSG00000280260,0.0012794787721902368,0.0011862228062224606,0.0
ENSG00000063660,0.0007192549437309553,0.000329918602316615,0.0
ENSG00000178623,0.0010115580790684682,0.0015119409696273687,0.0
ENSG00000185176,0.0010830869388233368,0.00013010070279481086,0.0
ENSG00000219159,0.008267076630967873,0.008717331711036239,0.0
ENSG00000172482,0.0001582974976453691,0.0015377918465544439,0.0
ENSG00000091181,0.0027983091401411106,0.003070750354189939,0.0
ENSG00000223727,0.0005047981975385142,0.00066552224654228,0.0
ENSG00000231249,0.0010190648997471339,0.003828745152871123,0.0
ENSG00000150995,0.00035734899101179564,0.00016501741666467699,0.0
ENSG00000235947,0.0032765107840129204,0.002028874986540563,0.0
ENSG00000235978,0.002028911849914759,0.001050670015819262,0.0
ENSG00000134107,0.014773229757560461,0.00862993322594798,0.0
ENSG00000233912,0.00020739522015773314,0.0002106535840822634,0.0
ENSG00000268509,0.005577553286211495,0.0057098955848181405,0.0
ENSG00000196277,0.0006619959254030458,0.0007024346393308153,0.0
ENSG00000071282,0.004521483372756049,0.00364691346130358,0.0
ENSG00000196220,0.0007991359135550026,0.0006318686587410611,0.0
ENSG00000206573,0.909729969802967,0.6893268563931129,0.0
ENSG00000269886,0.0008215076595581485,0.003010838650153461,0.0
ENSG00000163703,0.00638117273867162,0.013636373423142778,0.0
ENSG00000206567,0.003461169103836077,0.005947564630486844,0.0
ENSG00000163705,0.0027246040434827125,0.003609436074438898,0.0
ENSG00000157017,0.0006576679828025958,0.0004982687607478743,0.0
ENSG00000132164,0.004804872697134984,0.0031541151860234352,0.0
ENSG00000157150,0.008117909751722656,0.0065352991969724,0.0
ENSG00000132170,0.0011882949524658496,0.0008985137918490491,0.0
ENSG00000163520,0.001177262357724495,0.0003469443699347859,0.0
ENSG00000224514,0.0013208134723432833,0.0008562975172642643,0.0
ENSG00000251576,0.002892118166437972,0.004476285849866785,0.0
ENSG00000144596,0.004585479504134673,0.005904272816642163,0.0
ENSG00000154783,0.012391386601767038,0.00932983112738033,0.0
ENSG00000249786,2.120773326007089e-06,9.4140769529857e-05,0.0
ENSG00000206561,0.00034787133017024393,0.0011335244265706717,0.0
ENSG00000206560,0.004964003322694036,0.009050804308140791,0.0
ENSG00000233153,0.0010968049095191174,0.00137744641703394,0.0
ENSG00000224074,0.0027464103937000473,0.002274143225245981,0.0
ENSG00000077092,0.0005037121056768201,0.0008836046878093988,0.0
ENSG00000163491,0.013661902634147835,0.012634024316357597,0.0
ENSG00000225548,0.0008719043505945407,0.0003281340846679726,0.0
ENSG00000144642,0.002255804081339921,0.0013475490661534828,0.0
ENSG00000163513,0.03189074968921705,0.0017530968671760098,0.0
ENSG00000144645,0.0062216670257513405,0.006098290641629834,0.0
ENSG00000091317,1.0963431893735633,1.107848021512844,0.0
ENSG00000183813,0.0001783287056867716,4.092681290617496e-06,0.0
ENSG00000236452,0.007832368783149468,0.007618349137946432,0.0
ENSG00000172995,4.30688804050714e-07,9.656471125849608e-05,0.0
ENSG00000163673,0.003240825754934354,0.003498537199492232,0.0
ENSG00000279727,0.00500656814077654,0.007436167640127572,0.0
ENSG00000168016,0.005415493503634029,0.013888132341528525,0.0
ENSG00000271993,0.0005208065567383644,0.001630456656747041,0.0
ENSG00000271653,0.00044743221612910804,0.0009099215117518288,0.0
ENSG00000060971,0.10089709041740999,0.06452911104725281,0.0
ENSG00000172940,5.28245861507364e-07,0.00046492572693654984,0.0
ENSG00000168356,0.003535414366342339,0.0040955831373902605,0.0
ENSG00000144655,0.0007492913161585477,0.002274686430103318,0.0
ENSG00000168334,0.00016753290047969043,0.000463667657086576,0.0
ENSG00000168314,0.0023804720547833643,0.0031359534898038645,0.0
ENSG00000114784,0.3887865910463645,0.2157520751954388,0.0
ENSG00000177842,0.007011580111321607,0.010164716588289577,0.0
ENSG00000168036,0.2434859730083572,0.25478017954368926,0.0
ENSG00000157093,0.0012693566266843185,0.00022087507880495105,0.0
ENSG00000280571,0.0007110539014057902,0.001147155271785142,0.0
ENSG00000225611,0.00013560351345790275,0.0004541810144357861,0.0
ENSG00000234617,0.0014786943869309693,0.00255342938815023,0.0
ENSG00000225873,0.0026181210115683723,0.006617322178349897,0.0
ENSG00000163815,0.001627272466294703,0.0007972720237918409,0.0
ENSG00000163814,0.00515436312266002,0.005377433826893146,0.0
ENSG00000249992,0.009867290129792015,0.0033089782784144314,0.0
ENSG00000163817,0.0003854489254934442,0.0007280970648399443,0.0
ENSG00000173585,0.007005471983452059,0.007776700828485571,0.0
ENSG00000163823,0.005123452910788305,0.0023696215003725435,0.0
ENSG00000223552,0.0003549824775743006,3.666132812445234e-08,0.0
ENSG00000121797,6.45113228918288e-05,0.00023459675498742815,0.0
ENSG00000178038,0.013814169777625887,0.0173734304137482,0.0
ENSG00000160801,0.000745449447070196,0.0009128194049526257,0.0
ENSG00000260236,0.0013687936857258417,0.002810456195820746,0.0
ENSG00000164047,0.003021321922879473,0.0006910128375642956,0.0
ENSG00000145040,8.055872478339173e-05,4.476905657294824e-06,0.0
ENSG00000221883,0.0023613821925434963,0.019722242421827026,0.0
ENSG00000235236,0.0001947414767666121,0.0005377975588836645,0.0
ENSG00000272434,0.0028457811746846135,0.003723971662064878,0.0
ENSG00000226913,0.003736049263396881,0.0037955578373277832,0.0
ENSG00000187492,0.0006008540172774642,0.0011396295318057475,0.0
ENSG00000182179,0.0017886089139998763,0.0020042176668333238,0.0
ENSG00000228008,0.0009691314721900551,0.0012914031535916353,0.0
ENSG00000281691,0.0035188814185155323,0.0018183080372252056,0.0
ENSG00000235016,0.006931118172116483,0.0040331388400072395,0.0
ENSG00000001617,0.0030263844714057972,0.0025754772170861738,0.0
ENSG00000114353,0.11760893311559097,0.16363306640939698,0.0
ENSG00000230454,2.852126766080401e-05,0.00021339239699078374,0.0
ENSG00000012171,0.00343628012226505,0.001871284451337022,0.0
ENSG00000186792,0.0035060207043057334,0.02446042906949523,0.0
ENSG00000114735,0.004644346075817885,4.711602378023576e-05,0.0
ENSG00000114737,0.04281820174755175,1.478290731610866e-05,0.0
ENSG00000145050,0.2874456524404204,0.29413812563126746,0.0
ENSG00000184345,0.0003000983325491766,0.0007691042405622726,0.0
ENSG00000023330,0.04632203892488241,0.015539384180043237,0.0
ENSG00000055955,0.0001244624444967898,0.0005125846593154737,0.0
ENSG00000272305,0.011551484247051172,0.010122392355660134,0.0
ENSG00000163931,0.8076751558378745,0.6432219152449167,0.0
ENSG00000157388,0.0011911193289432436,0.0011556184359541,0.0
ENSG00000186451,0.006081697680710044,0.006456291537331967,0.0
ENSG00000163666,0.0005736358273251141,2.055192087984368e-05,0.0
ENSG00000163687,0.00014201974596252803,5.369963226302304e-06,0.0
ENSG00000273493,1.5794387383513642e-05,0.00018735338396498038,0.0
ENSG00000168297,0.0007708388361675776,0.002152159200396329,0.0
ENSG00000272182,0.0015004784233251002,0.006228381651242926,0.0
ENSG00000168309,0.0019633174831585644,0.0021336973183898682,0.0
ENSG00000163632,0.0014149830952495221,0.000687559791598587,0.0
ENSG00000243410,0.0019349391477385392,0.0018991838542120523,0.0
ENSG00000144746,0.17604376633140412,0.07969270588725413,0.0
ENSG00000163380,0.00576486283972865,0.005622416742641052,0.0
ENSG00000114541,0.00022355949280400446,5.559917474228139e-05,0.0
ENSG00000270562,0.0002901590643010814,0.0005580123620215002,0.0
ENSG00000241163,0.002369241818377597,0.002602625222448658,0.0
ENSG00000172969,0.003043807340888426,0.0036725703723265316,0.0
ENSG00000169855,0.007131518333900423,0.007688446765840088,0.0
ENSG00000175161,0.000727656097810305,0.003286208766543142,0.0
ENSG00000184500,0.0009200991027972583,0.015535592456759326,0.0
ENSG00000064225,0.005187116245816222,0.005195086484833692,0.0
ENSG00000144810,0.0018544258558780007,0.0016228959224758445,0.0
ENSG00000168386,0.005250836220965969,0.01825117130184475,0.0
ENSG00000154175,0.0024086444859128253,0.0016417155239211705,0.0
ENSG00000081148,4.6235064789319736e-05,2.0686211870872773e-06,0.0
ENSG00000144815,0.012981518295614529,0.006480007522876425,0.0
ENSG00000144802,0.0035032433001178608,0.007668148051717987,0.0
ENSG00000170017,0.002703451284018536,0.0034375080086213594,0.0
ENSG00000114423,5.093849115818795e-06,0.0003720939215206174,0.0
ENSG00000239828,9.631425362530965e-05,1.2257631921170029e-07,0.0
ENSG00000273125,0.0026275758777235224,0.0015154118993816615,0.0
ENSG00000241469,0.0003057591200614151,0.00028874559410135153,0.0
ENSG00000196776,0.13780488328697282,0.1620111140653503,0.0
ENSG00000144821,9.301243786737746e-05,4.112069886062017e-05,0.0
ENSG00000228980,0.00301430559901293,0.001928081721150289,0.0
ENSG00000206532,1.7116373370607628e-05,4.961312803197186e-06,0.0
ENSG00000239482,0.0027296971921352054,0.004177963497111562,0.0
ENSG00000243081,0.006356625653611763,0.009149692538531914,0.0
ENSG00000186265,0.014592206731138644,0.009488365394035421,0.0
ENSG00000091986,0.0016811599167432302,0.003558870712786263,0.0
ENSG00000206531,0.011360910261647776,0.009341430017443045,0.0
ENSG00000273394,0.0013217733206484698,0.002104817607696957,0.0
ENSG00000241490,0.0034494888143466428,0.005177178728721792,0.0
ENSG00000259976,8.894415347761109e-07,2.1184707871023522e-06,0.0
ENSG00000181722,0.007198826995731934,0.006004009623050092,0.0
ENSG00000242767,0.000894484444133035,0.0011364964874766687,0.0
ENSG00000185565,0.004693696556172567,0.0064364753394195034,0.0
ENSG00000240922,0.005028639176244743,0.006500227713848923,0.0
ENSG00000243276,0.00028655389189877455,0.0004559821379346847,0.0
ENSG00000144837,0.0011499294636650118,0.0032853802826622574,0.0
ENSG00000121577,5.107919294239756e-05,0.00011660944532834186,0.0
ENSG00000138495,3.492248864985769,3.179412049049182,0.0
ENSG00000282950,0.003952772042690409,0.0046212871178995555,0.0
ENSG00000163430,0.0011449251833372384,0.0012595820633998544,0.0
ENSG00000186103,7.142733137427328e-05,0.0005420768491740992,0.0
ENSG00000180353,0.0033362154478165044,0.0026729381687768325,0.0
ENSG00000163406,0.0036888531917729315,0.003357726343616856,0.0
ENSG00000114013,0.002504581181727229,0.003285230214880761,0.0
ENSG00000121552,0.0006031962242572926,0.00021801597151857013,0.0
ENSG00000065534,0.005341652332398869,0.005243726032727871,0.0
ENSG00000221955,0.00024164251265634788,6.400249739192354e-07,0.0
ENSG00000248787,0.0003470578842904957,0.00035844885661123646,0.0
ENSG00000144908,0.0005410083550963749,0.0001331734252164296,0.0
ENSG00000159650,0.0004949762374837146,0.0007941698059876533,0.0
ENSG00000163870,0.012448034193963021,0.022482655273554406,0.0
ENSG00000114626,0.0009854923184709485,0.006697922833626954,0.0
ENSG00000074416,8.738370328362787e-07,7.915864314250929e-06,0.0
ENSG00000179348,0.07947393586008963,0.033903917587295336,0.0
ENSG00000184897,0.28800548071136045,0.5835944167600083,0.0
ENSG00000172771,8.559206104788618e-06,2.116556003692856e-05,0.0
ENSG00000129071,0.1591326700312886,0.12676642644325375,0.0
ENSG00000172752,0.017306575005985873,0.014884139350554175,0.0
ENSG00000014257,0.0005198680124869876,0.0009083338788385505,0.0
ENSG00000170819,0.001187594701884459,0.0007722387543409501,0.0
ENSG00000249993,0.0033021428126140525,0.002903041807215137,0.0
ENSG00000272832,0.00019117609046161364,0.0005145599118403178,0.0
ENSG00000091513,0.0007040619258181441,1.4527963814658636e-05,0.0
ENSG00000174640,0.0038380381465606605,0.005132488391163429,0.0
ENSG00000243832,0.0026999768995446824,0.005121049943332526,0.0
ENSG00000154928,0.004690260943695526,0.005415642604864171,0.0
ENSG00000261758,0.006110202678208058,0.004086565793125242,0.0
ENSG00000273486,0.00024366075696873746,3.7270301677685146e-06,0.0
ENSG00000066405,0.0028441539300489067,0.0019831295046530474,0.0
ENSG00000272609,0.0010664869942631947,0.0004437725223345931,0.0
ENSG00000183770,0.03216920498780967,0.029390499530074148,0.0
ENSG00000206262,9.90661765073623e-06,7.899120192556225e-06,0.0
ENSG00000114113,0.001118198558029429,0.0002163967678409276,0.0
ENSG00000158258,2.8136631510392136e-05,0.0003381118233600395,0.0
ENSG00000177311,0.012361862319654172,0.012256347129590414,0.0
ENSG00000114124,0.004233451888573672,0.00456025277189585,0.0
ENSG00000243733,1.2658237879783078e-05,2.0631380104354615e-07,0.0
ENSG00000174963,0.0002549688613063617,0.00023496499868289695,0.0
ENSG00000242440,0.0004184939266360525,0.00021971428520565573,0.0
ENSG00000047457,0.0014958112626020058,1.7497528787719258e-06,0.0
ENSG00000169908,0.003514072913425125,0.005767619886121751,0.0
ENSG00000240541,0.0005867532658436908,0.0009907769728568834,0.0
ENSG00000206199,0.005242915666492435,0.004449932618958158,0.0
ENSG00000070087,0.0005144647407889655,0.0002614098669370956,0.0
ENSG00000243944,0.0012411444129554452,0.00028176984852236204,0.0
ENSG00000244541,1.6473700074909206e-05,0.0002205828893224975,0.0
ENSG00000174944,0.0011839713786908049,0.0017463747583606787,0.0
ENSG00000198829,0.0007625791383171613,0.0007104613364422046,0.0
ENSG00000239941,7.555586428731331e-08,0.00014911207758260616,0.0
ENSG00000221962,0.0021071833667473286,0.0023880704369706024,0.0
ENSG00000241220,9.468597753486811e-05,1.8229808003368594e-05,0.0
ENSG00000114790,0.0038116723848870705,0.004148573581060559,0.0
ENSG00000196549,0.000559544147539555,0.0002061441430199128,0.0
ENSG00000169282,0.0012837356145440173,0.0015905554138535881,0.0
ENSG00000240875,0.0018172679408961336,0.0037987086324131206,0.0
ENSG00000241544,0.00038046009694347517,4.445449252154637e-07,0.0
ENSG00000163660,0.049733817679420964,0.2651268361617685,0.0
ENSG00000163661,0.008423203698996346,0.006770843374072607,0.0
ENSG00000242536,5.148535819228737e-06,0.00023790314670408934,0.0
ENSG00000243150,0.010813593391677465,0.005750203640425661,0.0
ENSG00000272247,0.004732920271088182,0.0038673922529349775,0.0
ENSG00000113810,0.8718322939745919,0.47079336720436205,0.0
ENSG00000244128,0.0001070522544203121,0.00014662368802905923,0.0
ENSG00000174776,0.0008110505748755787,0.00025533708320876265,0.0
ENSG00000173905,0.15999203630853853,0.2313740639552843,0.0
ENSG00000269889,4.2709303058238024e-05,7.653975115014223e-05,0.0
ENSG00000269984,6.892494660773568e-05,0.00018881131148133757,0.0
ENSG00000270135,0.0002842640742476973,0.00034910471786904945,0.0
ENSG00000187033,0.005040163368444762,0.005534521727993286,0.0
ENSG00000240373,0.0023240577461772147,0.004190594785826899,0.0
ENSG00000136603,0.0033940344638842793,0.01187945943226307,0.0
ENSG00000163584,0.8276387931169864,0.8083085109355752,0.0
ENSG00000075651,0.0001620087600800215,0.002877032575688407,0.0
ENSG00000075420,0.0006535507084036317,0.0003359111238026172,0.0
ENSG00000121858,0.007827777771430173,0.005299860029958338,0.0
ENSG00000228221,0.0025019402793357783,0.0025696727108371884,0.0
ENSG00000172667,0.005716712746741162,0.01505792781599094,0.0
ENSG00000242522,4.711442561833888e-05,0.0003477629821452842,0.0
ENSG00000114796,0.001353553536996921,0.00031403221987996293,0.0
ENSG00000238020,0.007919753279326832,0.009796343516073513,0.0
ENSG00000175182,0.0014890387390445814,0.0028378396067843623,0.0
ENSG00000272970,0.010486261776480045,0.004466496794316299,0.0
ENSG00000073803,0.00821343746044285,0.004321242077557735,0.0
ENSG00000163898,0.0091511503349502,0.006854626263615959,0.0
ENSG00000058866,0.00024192799829273942,0.000552395101046331,0.0
ENSG00000263826,0.0016316493262887668,0.004866042308128532,0.0
ENSG00000156976,0.7922892848974497,0.4855937299284175,0.0
ENSG00000127241,0.00810152584477307,0.006587690003037874,0.0
ENSG00000136514,0.0018304230647573578,0.001105873810983694,0.0
ENSG00000113916,0.007727331139757701,0.00803022264956986,0.0
ENSG00000224855,0.00010674513029896337,0.00037223310239383416,0.0
ENSG00000114315,0.1489106743155378,0.052068454824640176,0.0
ENSG00000238097,0.00029849749276020883,0.0008202557200500622,0.0
ENSG00000178772,0.010525471231757094,0.008179691509487726,0.0
ENSG00000172061,0.0007201145928636092,0.0014913653976680482,0.0
ENSG00000185112,0.0004356355884987395,4.5249521846018085e-07,0.0
ENSG00000230401,2.429892975425261e-05,0.0003694867822663513,0.0
ENSG00000114331,0.022504576060271297,0.010377437962395611,0.0
ENSG00000223711,0.004538933124071391,0.003621603315220403,0.0
ENSG00000189058,0.0017492136298994689,0.0006504497415493941,0.0
ENSG00000176945,0.0008486038436119651,9.116866129800028e-05,0.0
ENSG00000145113,0.0001253110446054914,2.3217342086557947e-06,0.0
ENSG00000223783,0.0010501491725998112,0.0011766654090043273,0.0
ENSG00000226155,0.0012235542376566428,0.0009691522348332204,0.0
ENSG00000072274,1.2378603272783297,1.1089658401491402,0.0
ENSG00000163961,0.06978003805415212,0.01762435525332129,0.0
ENSG00000232065,0.0007490705894115945,0.0019746908637669775,0.0
ENSG00000225578,0.0019220834671723297,0.0009363474748556823,0.0
ENSG00000161267,0.005023538335203337,0.006133947029277443,0.0
ENSG00000236833,0.0008266954758131414,0.0017358248350007768,0.0
ENSG00000133256,0.0034942220945896312,0.004919808053940215,0.0
ENSG00000272927,0.0002604432316885947,0.00023851144440431332,0.0
ENSG00000272588,0.000404190330428544,1.2352231400830605e-05,0.0
ENSG00000127415,0.0010938386778054784,0.0005034084116183673,0.0
ENSG00000280927,0.0003065426506763663,3.135626762939815e-06,0.0
ENSG00000272783,0.00034108717351176004,2.618693678587632e-06,0.0
ENSG00000244459,0.00420213923376723,0.003136603566925758,0.0
ENSG00000068078,0.0021360868717264473,0.0019170942693763641,0.0
ENSG00000243449,2.935333166479964,2.9156937235757496,0.0
ENSG00000130997,9.28559461237124e-06,0.000329407965915041,0.0
ENSG00000175920,0.0011637469765008466,0.00106589991169456,0.0
ENSG00000163956,0.1486892658744129,0.11436635881997213,0.0
ENSG00000270090,4.9394333926921184e-05,1.4760249958047297e-06,0.0
ENSG00000248516,0.0004212987406056838,3.530624498732237e-05,0.0
ENSG00000163132,0.007097242519230989,0.02874211290711291,0.0
ENSG00000170891,0.0008323145033750995,0.0017029058837245504,0.0
ENSG00000072840,0.0020232756058609826,0.00110548300132024,0.0
ENSG00000074211,0.008107603136877209,0.006737097938189026,0.0
ENSG00000246526,0.008905193974955001,0.010449857856390188,0.0
ENSG00000163993,0.000781282523954987,0.0008061170544020019,0.0
ENSG00000245468,1.1942443236433933e-05,0.0001144756540333002,0.0
ENSG00000178597,0.0001464881149949999,0.00021463398310272424,0.0
ENSG00000163995,0.010235601283803011,0.007888245487255478,0.0
ENSG00000125089,4.426083080732394e-05,4.950122919653875e-05,0.0
ENSG00000248986,0.008826723358473981,0.007679140658730249,0.0
ENSG00000251615,3.3893926260045886e-06,0.000226995568684558,0.0
ENSG00000205959,0.0010080301786164648,0.0002758814163574642,0.0
ENSG00000109625,9.804454160339834e-05,7.438665670739734e-05,0.0
ENSG00000109684,0.000469473898210504,0.0005708139558549499,0.0
ENSG00000251210,0.0017237390035633009,0.0011586221799140429,0.0
ENSG00000248360,0.00303183245265699,0.0013228591251079154,0.0
ENSG00000247624,6.198475950114456e-05,5.80479783997011e-07,0.0
ENSG00000249252,0.003388034279285901,0.005209896187543524,0.0
ENSG00000273133,0.0009993791725433237,0.0014131280648923864,0.0
ENSG00000137440,0.0011325167316468792,0.0009626185298080507,0.0
ENSG00000137441,0.0019843622716238275,0.0010797600316518967,0.0
ENSG00000263327,0.0025025834271270226,0.002694925139777602,0.0
ENSG00000248138,0.0001502951136670423,0.00029009390178870117,0.0
ENSG00000047662,0.0013435101812934638,0.0016032408102449995,0.0
ENSG00000145147,0.0013415589664415328,0.0023093625456390987,0.0
ENSG00000185774,0.00622258917206359,0.004399423171884486,0.0
ENSG00000272995,0.0007130120328820156,0.00021173969736222598,0.0
ENSG00000251292,0.0044437015574029775,0.004265466197633879,0.0
ENSG00000109610,0.00026911010285617185,6.0863283783536116e-05,0.0
ENSG00000181982,5.729250946115246e-05,1.1139328436744723e-09,0.0
ENSG00000153012,0.00897540128578379,0.007751370654633184,0.0
ENSG00000271172,0.0060973524446555506,0.006958790436489595,0.0
ENSG00000109689,0.1544747776196497,0.014754503106920183,0.0
ENSG00000047365,0.0031137393861750164,0.003653107815202569,0.0
ENSG00000154274,0.0047617769366756265,0.005780186346514036,0.0
ENSG00000248227,0.015604848082869762,0.014617719792238503,0.0
ENSG00000174125,5.4509008572943695e-05,0.0007010134747323779,0.0
ENSG00000121895,0.000320618702065116,2.9713126911614337e-05,0.0
ENSG00000134962,0.014475379473941003,0.01097369865456034,0.0
ENSG00000163683,0.005481070671780047,0.0033544340083601284,0.0
ENSG00000168421,0.028558527478199442,0.04973650347157179,0.0
ENSG00000249241,0.006680488052647751,0.006697704483530277,0.0
ENSG00000174343,0.0015172709263154129,0.0029965108372332246,0.0
ENSG00000124406,0.0011597809219501321,0.0010391896844981058,0.0
ENSG00000260519,0.0018790917996325419,0.0019248132192153785,0.0
ENSG00000251350,0.00012889456959764987,6.058598884563862e-07,0.0
ENSG00000151834,0.002649535629085497,0.0022421839909961493,0.0
ENSG00000145246,0.002500034184311957,0.0023998555355225007,0.0
ENSG00000250302,0.0071083324838209375,0.004260224101099944,0.0
ENSG00000248115,0.00022136016373600412,0.00020298496645387778,0.0
ENSG00000072201,0.0008099688435139319,0.0005730729274603075,0.0
ENSG00000134853,0.0032972137663274024,0.001904407884390294,0.0
ENSG00000251264,0.0015163823327584332,0.0009643675435006595,0.0
ENSG00000157404,0.005636785597676441,0.003928843472087514,0.0
ENSG00000270147,0.00017142383647027334,0.0006302892785517008,0.0
ENSG00000163453,0.00490071995723426,0.0029846266815653517,0.0
ENSG00000249892,0.0033465903604574633,0.005014187492585665,0.0
ENSG00000205682,3.6390101265281664e-05,0.00029085437994560634,0.0
ENSG00000250125,0.006249667344921965,0.005325239083403822,0.0
ENSG00000249413,0.002698582848588266,0.0033411571035971816,0.0
ENSG00000035720,2.4820628911698716e-05,1.2983605351103331e-05,0.0
ENSG00000187054,0.0012820517454215886,0.0017485390298459444,0.0
ENSG00000198092,0.003873409852212424,0.002376880161449781,0.0
ENSG00000185873,0.0024303179236656626,0.0012825482842204593,0.0
ENSG00000213759,0.0022948091689600648,0.0016371166044984074,0.0
ENSG00000250696,7.765018248423225e-05,3.413062021390915e-05,0.0
ENSG00000178522,0.001203322900241965,0.0009086059484341704,0.0
ENSG00000132464,0.00019467423253893755,1.2056643290573292e-05,0.0
ENSG00000132465,0.004149925504520242,0.00356081962237085,0.0
ENSG00000080493,0.001486769306177607,0.001177110429306279,0.0
ENSG00000169429,0.0010957401776771148,0.0007471147067033381,0.0
ENSG00000109321,0.004327520554079379,0.0008279825567746989,0.0
ENSG00000260265,0.0015101477776951345,0.0002485211729785898,0.0
ENSG00000250735,0.013806634744655419,0.014131031233575314,0.0
ENSG00000174792,0.0009213473678279459,0.00037956566888337463,0.0
ENSG00000229717,0.00019369948792058068,4.643964638258166e-05,0.0
ENSG00000169245,0.0007027035093059405,0.0015647058826387247,0.0
ENSG00000138764,0.0027555015860439257,5.998143421350739e-05,0.0
ENSG00000138772,0.000662533100479615,0.015806980048772814,0.0
ENSG00000251442,0.0007574198142109468,0.0006502645159195968,0.0
ENSG00000138756,0.06458895522103544,0.17276487825739606,0.0
ENSG00000248408,0.002123533944815685,0.0015601511691087154,0.0
ENSG00000163297,0.0007236318051458699,4.829360464217295e-05,0.0
ENSG00000197826,0.0011807105822792092,0.0015697739420779569,0.0
ENSG00000249242,0.0012019453779360352,0.00015825231210344647,0.0
ENSG00000145287,0.0005096890229690505,0.0002560946265639833,0.0
ENSG00000173083,0.00022344039294329882,7.749284238120098e-05,0.0
ENSG00000138678,0.003526823323929982,0.001869535477367547,0.0
ENSG00000163623,0.001366021080276801,0.002467621957671464,0.0
ENSG00000273389,0.0011609010934159926,0.00047936095139299815,0.0
ENSG00000163629,0.00015292744258342588,0.0005872525752801875,0.0
ENSG00000145283,0.00015695249602629146,0.00011513051872822582,0.0
ENSG00000198189,0.006097749499598307,0.0703089105677612,0.0
ENSG00000152583,0.01078056841312475,0.009383611190421543,0.0
ENSG00000152591,0.002667350621990091,0.0029575352671034373,0.0
ENSG00000118777,5.707828385545642e-05,7.435196576781097e-06,0.0
ENSG00000138642,0.007551688746068424,0.006688195846626509,0.0
ENSG00000138646,0.0002804573002803205,0.0006734399234092368,0.0
ENSG00000145335,2.8072334799863377e-06,6.166249829869248e-05,0.0
ENSG00000163106,0.0034303498780741846,0.0033577292443070146,0.0
ENSG00000260641,2.2044245059973664e-05,0.00043933155040619767,0.0
ENSG00000172955,3.7468572450059104e-05,6.150252592394853e-06,0.0
ENSG00000196616,0.0007410431501695881,0.00033449474619397983,0.0
ENSG00000070190,0.00012790342620900015,0.0001326074814736859,0.0
ENSG00000138814,0.0132642130738043,0.053527446599293475,0.0
ENSG00000109323,0.0003044190188003062,0.0019442604068794626,0.0
ENSG00000138778,0.10142353118560803,0.05315976683173755,0.0
ENSG00000168772,0.0021962746967512797,0.0011284010587996446,0.0
ENSG00000248242,0.0010975659218285748,0.002526836325275622,0.0
ENSG00000248373,0.015732143058284357,0.014940156815604566,0.0
ENSG00000168743,0.0005908570289296956,0.00031835940730804205,0.0
ENSG00000246774,0.0009521464943494548,0.00027260312196736,0.0
ENSG00000138792,0.0002105593227712317,3.576016305243684e-06,0.0
ENSG00000073331,0.0004061330142033318,6.857444455502572e-05,0.0
ENSG00000145362,0.000358155027267088,0.0005762603310430638,0.0
ENSG00000145349,0.007531169315950629,0.0075373350172941896,0.0
ENSG00000250791,4.82118264656336e-06,2.5646552590464155e-05,0.0
ENSG00000236922,0.001631324036889112,0.002373866304253438,0.0
ENSG00000150961,0.00431657505626524,0.003271402059588857,0.0
ENSG00000172403,0.0030333428402860995,0.003324232460734377,0.0
ENSG00000172399,0.001039928850926382,0.0005706032065201657,0.0
ENSG00000145390,0.08447209521214429,0.032260268518449535,0.0
ENSG00000145384,2.4963304278785787e-05,0.00020945799607276227,0.0
ENSG00000250938,0.0019424034261432644,0.0016820111627037322,0.0
ENSG00000050730,0.0013205928241519181,0.0008452208536054563,0.0
ENSG00000164111,0.20242881179697858,0.12120196646551852,0.0
ENSG00000145386,0.5166989970338387,0.35521714693401946,0.0
ENSG00000138688,0.0008643941853384344,0.006149018008338623,0.0
ENSG00000227145,0.004299718129594067,0.002322252515520611,0.0
ENSG00000181004,0.0040818258434062275,0.004135344914848294,0.0
ENSG00000251526,0.0016034560868509527,0.0015243985807979223,0.0
ENSG00000249464,0.0007642974234543566,0.0014248267893236819,0.0
ENSG00000196159,0.001932561725686625,0.0017181985190105374,0.0
ENSG00000250945,0.0004001623001636851,0.001517909677810391,0.0
ENSG00000142731,0.0075342729893780915,0.023910092106850172,0.0
ENSG00000273077,0.006961411411396265,0.007558131120855616,0.0
ENSG00000248187,0.003844652718671555,0.0008218197431801566,0.0
ENSG00000077684,0.17368152484544352,0.1772062386776487,0.0
ENSG00000138650,0.0046522947911556535,0.003984109571468448,0.0
ENSG00000151012,0.0012134253517297204,0.0002085292927494403,0.0
ENSG00000249381,0.004127371383110299,0.003767634646948111,0.0
ENSG00000250977,4.8658341055754894e-05,1.692563278740449e-06,0.0
ENSG00000250501,0.011705164529263531,0.010629449157737829,0.0
ENSG00000137463,0.0013152355069540782,0.0002702429571930338,0.0
ENSG00000273247,0.038540357276287907,0.0429565547941646,0.0
ENSG00000261268,0.006315423836233323,0.0040520634761904385,0.0
ENSG00000197465,0.3203971643880387,0.2715895301670168,0.0
ENSG00000250361,3.742263549139349,3.110582509663157,0.0
ENSG00000170180,2.1826768762563096,2.095919059428742,0.0
ENSG00000251298,0.0005962604540101177,0.00033011965904980185,0.0
ENSG00000250252,0.0006892077391599812,0.0018405377043837331,0.0
ENSG00000249690,0.0006998747790665203,0.001480816828814918,0.0
ENSG00000181541,0.0006132919333394111,0.0007116519680295083,0.0
ENSG00000145425,18.582897408480914,18.0544513157436,0.0
ENSG00000251611,3.302193514927964e-06,8.291857420580126e-05,0.0
ENSG00000245954,0.00031711687334155304,0.00038248987621605963,0.0
ENSG00000270883,0.003955077942429867,0.003011372556533462,0.0
ENSG00000170006,0.00538736902261882,0.008431193909489492,0.0
ENSG00000109654,0.005882070498312837,0.0014094588476204623,0.0
ENSG00000145428,0.0017276693514157104,0.002463415591398962,0.0
ENSG00000256043,0.0038015081556609905,0.004264156123926016,0.0
ENSG00000109738,0.0014977609975420586,0.0014400222813823684,0.0
ENSG00000248429,0.022648232239947753,0.021214703111504977,0.0
ENSG00000052795,0.1022818717954711,0.01358147629572444,0.0
ENSG00000164123,0.0003935586645999614,3.190393524463934e-05,0.0
ENSG00000249419,0.0016288379130733907,0.0013143864179899945,0.0
ENSG00000248431,0.0038933594771116704,0.003109761575382562,0.0
ENSG00000164128,0.0048601035386522115,0.003241826305728849,0.0
ENSG00000109472,0.000983216651359102,0.0009696997435939827,0.0
ENSG00000248601,0.008175085852970467,0.010139585579233617,0.0
ENSG00000181381,0.00031558622243452904,0.0002633955122199656,0.0
ENSG00000129116,0.0034087564170674073,0.0015911621620513842,0.0
ENSG00000109572,0.24281754035608646,0.20038830444772246,0.0
ENSG00000251061,4.778146870304622e-05,4.7712655306365385e-05,0.0
ENSG00000174473,0.0005816890594672221,0.0009729007154388727,0.0
ENSG00000164104,3.2170586821661007,3.0850848670330775,0.0
ENSG00000164106,1.0405757939330709e-05,0.00011743934166638436,0.0
ENSG00000164120,0.00010043583299134533,7.570138455001789e-05,0.0
ENSG00000251584,0.0001879019707300518,2.5741109210218044e-05,0.0
ENSG00000168594,0.006053382510386266,0.006064667889475551,0.0
ENSG00000150628,0.0014760319581575518,0.0016779366519776209,0.0
ENSG00000249008,0.003674069664228917,0.0017567423749628181,0.0
ENSG00000248197,0.011096271026216985,0.007069983185394035,0.0
ENSG00000177822,0.0017626632656725422,0.0012013103468273877,0.0
ENSG00000248694,0.007304292374024666,0.003679948832847176,0.0
ENSG00000251128,8.50947236107362e-05,0.0002625161314261929,0.0
ENSG00000173320,0.0003327522336539631,0.001330785194102467,0.0
ENSG00000164303,3.466591807399775e-05,5.5892438267712174e-05,0.0
ENSG00000180712,0.004772005456560911,0.004547116050615384,0.0
ENSG00000168310,0.00016859270486192522,0.003913782876383718,0.0
ENSG00000271646,9.807748708848345e-06,0.0002661330000551074,0.0
ENSG00000271538,0.0024892155710097507,0.0017265941272733847,0.0
ENSG00000151725,0.2987093748286292,0.34057806266474805,0.0
ENSG00000151726,0.00043691501575292795,0.0017266382246102481,0.0
ENSG00000251139,0.0030671922990595703,0.003339963799857098,0.0
ENSG00000251230,0.0009751531138291268,0.0004745319584770966,0.0
ENSG00000250410,0.0005572294077629348,0.0013911583944958821,0.0
ENSG00000249679,0.0010967960728503854,0.001755788108629697,0.0
ENSG00000154553,0.005365928624915028,0.00395393965145539,0.0
ENSG00000164342,0.0003758860535754558,0.0008005979713429881,0.0
ENSG00000179046,0.001819614276952583,0.0023548823049384473,0.0
ENSG00000184108,0.0038581959942023945,0.004612263739247951,0.0
ENSG00000247130,2.6725890037700393e-05,5.6455297930637484e-05,0.0
ENSG00000248370,0.00033897692897066575,2.8654667115760803e-05,0.0
ENSG00000245685,0.0013780578286830573,0.001750134179088963,0.0
ENSG00000109536,1.0153115517368392,1.2141629352785384,0.0
ENSG00000205097,0.0035524994367423226,0.0031228323139683234,0.0
ENSG00000249430,0.001305288289299916,0.0014454573623582136,0.0
ENSG00000248925,0.0016083727892104438,0.0010417161444905162,0.0
ENSG00000171368,0.0017660209174308835,0.0008897523336051327,0.0
ENSG00000249201,0.00026235994320916554,2.304112900969622e-05,0.0
ENSG00000174358,3.9539880614231365e-06,0.0017914494104793804,0.0
ENSG00000250584,0.017051288080321067,0.01453217745667236,0.0
ENSG00000142319,0.0006618992352215441,0.00027055088454076327,0.0
ENSG00000260763,5.783012269222703e-05,0.000279853089071801,0.0
ENSG00000215218,1.837853858930992e-05,2.5427642995206347e-05,0.0
ENSG00000250060,0.0007097308663616575,0.0003539625992043906,0.0
ENSG00000223597,0.00014975608835881215,0.0008242369532825275,0.0
ENSG00000078295,0.0012534911148884046,0.0015525596597588045,0.0
ENSG00000272049,0.001623403315421608,0.0039230878934971925,0.0
ENSG00000247516,0.38514139572657796,0.4053918310038312,0.0
ENSG00000271715,7.572931198138657e-05,0.0002269250151262695,0.0
ENSG00000249166,0.005780063498476951,0.002436812194326043,0.0
ENSG00000249396,0.006657451708157754,0.006422387166830353,0.0
ENSG00000250576,2.182132230194867e-05,1.3005978241669346e-06,0.0
ENSG00000154153,0.0001744791602202563,0.0010423155925460214,0.0
ENSG00000271892,1.2180615991104052e-06,6.254988309880723e-05,0.0
ENSG00000249937,0.0011757713495583247,0.0011407508228168536,0.0
ENSG00000251629,0.001645819349013305,0.002019175391311994,0.0
ENSG00000245662,0.0004081419183338659,0.0005865324271067008,0.0
ENSG00000273294,0.00046922796003223157,0.0013673311293955635,0.0
ENSG00000245711,0.007096223436931406,0.007138282539070972,0.0
ENSG00000079215,0.004551044770380181,0.0020276430825238176,0.0
ENSG00000272103,0.00016480025004686317,4.456275352199279e-09,0.0
ENSG00000168621,0.0005384239802404032,0.0003060835580121602,0.0
ENSG00000113594,5.129812601055114e-05,0.00019583479677343172,0.0
ENSG00000249740,0.0053412211013041146,0.004754360612555113,0.0
ENSG00000145623,0.004099190365234346,0.005274119508687891,0.0
ENSG00000164327,0.05075628933991635,0.036669144470862974,0.0
ENSG00000082074,0.01252908226549549,0.007602945109520911,0.0
ENSG00000153071,0.016668721851699913,0.015994755146764537,0.0
ENSG00000198865,5.772096247459035e-05,4.969301468562962e-07,0.0
ENSG00000250722,0.7184564490730514,0.950966073837839,0.0
ENSG00000272234,0.0001464104484694812,0.00019976256232312245,0.0
ENSG00000251131,0.0015343083350170693,0.0009183071893936535,0.0
ENSG00000177721,0.00595311812958619,0.016023942972926652,0.0
ENSG00000272144,0.006862643634228569,0.005430065287017446,0.0
ENSG00000164588,0.010276895315807383,0.008248233203455007,0.0
ENSG00000151883,0.0004996360753391235,0.0008855844831065805,0.0
ENSG00000251573,0.013181630025294882,0.013292194127675227,0.0
ENSG00000016082,0.005298481533838776,0.007215509361415829,0.0
ENSG00000248898,0.006698544862231263,0.006234591087316625,0.0
ENSG00000134363,0.00027404632387352263,9.808090505605848e-05,0.0
ENSG00000250447,0.005053282018439938,0.0028366218043541875,0.0
ENSG00000164287,0.007192910446715316,0.003449393393015461,0.0
ENSG00000067113,0.0001638716738665285,0.00034420061464479195,0.0
ENSG00000152670,0.00029934371764111394,0.0015079995290655046,0.0
ENSG00000134352,0.025604841440318337,0.03459757922799007,0.0
ENSG00000262211,0.005300365561881452,0.00371890645024739,0.0
ENSG00000164512,2.1091838310074616e-05,0.0001185086281813968,0.0
ENSG00000169067,0.0013176467131033182,0.001091745062520578,0.0
ENSG00000145632,0.003281340205335021,0.002109935975682558,0.0
ENSG00000175857,0.00027997189076629564,0.00014773997743635167,0.0
ENSG00000248733,5.431521871596687e-06,9.93497491312263e-06,0.0
ENSG00000113448,0.001117114641695406,0.00040773211153796306,0.0
ENSG00000152931,0.0008194486915935315,0.0014281961732196856,0.0
ENSG00000134061,0.00407000463876665,0.00472106343103117,0.0
ENSG00000145675,5.823923283086286e-05,0.004324627282676275,0.0
ENSG00000134057,0.028026159159615448,0.05206209620247433,0.0
ENSG00000164326,0.001170563875688641,0.0009352307644823586,0.0
ENSG00000131711,0.1174819159846355,0.11882111819674775,0.0
ENSG00000178175,0.0005935988182252622,0.0008481899452434498,0.0
ENSG00000249085,4.327266012807483e-05,6.551197554914356e-05,0.0
ENSG00000157111,2.4428713746711674e-06,0.0001561813504418752,0.0
ENSG00000214944,0.005916687782302586,0.004434783128990491,0.0
ENSG00000049860,0.0815853586859398,0.00498894178307001,0.0
ENSG00000198780,0.00015657742384255242,5.211382166416383e-06,0.0
ENSG00000249856,0.0003218540735307743,8.806490699104849e-06,0.0
ENSG00000122012,0.0005877761731768482,8.776972643722737e-05,0.0
ENSG00000250348,0.006068462440782978,0.01006097687965514,0.0
ENSG00000145703,0.0918675593013123,0.06511585557154871,0.0
ENSG00000164220,0.0015428226949781554,0.0030981914201637685,0.0
ENSG00000171643,0.007494595294020771,0.005265199143117797,0.0
ENSG00000145708,6.665602451902939e-05,0.0007719809556163871,0.0
ENSG00000113273,0.011301000715117221,0.012171748962643981,0.0
ENSG00000164309,0.0025144076228088654,0.0016108517084856416,0.0
ENSG00000249655,0.005927333039538852,0.004785148486996517,0.0
ENSG00000113319,0.00024167909811306535,0.0002853132581115571,0.0
ENSG00000131730,0.003933630588219876,0.0025540882977907846,0.0
ENSG00000172497,5.05006974923147e-05,0.0003342692930680326,0.0
ENSG00000281327,0.0014416687635227052,0.0019290034867270748,0.0
ENSG00000250874,1.1218109976412132e-06,3.801490153894482e-05,0.0
ENSG00000249153,0.00014075871959401236,0.00033497344005445156,0.0
ENSG00000250544,0.0030635935726467337,0.001366431913644551,0.0
ENSG00000245526,0.00035777028739180283,0.001020780166832172,0.0
ENSG00000081189,0.7350263113207203,0.847307022197449,0.0
ENSG00000113369,0.003472124401667165,0.0014187762652650988,0.0
ENSG00000251361,0.006827521986665242,0.005203892495207753,0.0
ENSG00000237187,0.002922184393116596,0.0017293852589951903,0.0
ENSG00000164292,0.7473934955723893,0.7643540081706885,0.0
ENSG00000173221,0.02643470426134125,0.025525383364221502,0.0
ENSG00000251314,0.004644424873053735,0.004561831683443697,0.0
ENSG00000250955,0.010138270029164806,0.009226889433211372,0.0
ENSG00000248734,0.0031386561017148107,0.0012148757383440706,0.0
ENSG00000272109,5.9724495372072734e-05,1.1051487477637727e-09,0.0
ENSG00000164308,0.0011092274249690935,0.00011608614437147957,0.0
ENSG00000145721,5.714213692277138e-06,0.00043848681364277005,0.0
ENSG00000174136,0.0023877181319998195,0.0005350717936992314,0.0
ENSG00000113532,0.00044924897278767205,0.00014038254523438754,0.0
ENSG00000205359,0.00209962858676002,0.0026519116731423898,0.0
ENSG00000249017,0.0035114267465220094,0.002553910222258212,0.0
ENSG00000198961,0.06153134723573737,0.04275091226707393,0.0
ENSG00000250882,0.0008296490729285464,0.0011764211169349897,0.0
ENSG00000171444,0.0025958089103499463,0.0023100186739612536,0.0
ENSG00000080709,0.0007386464407942465,0.00028738659049605124,0.0
ENSG00000152503,0.0029190172975592206,0.0030002355927532054,0.0
ENSG00000249249,0.0008968981756126793,0.002850154564942242,0.0
ENSG00000092421,2.6834553243205287e-05,0.0002455488487149675,0.0
ENSG00000249167,0.0014645501228067496,0.0014630882810414284,0.0
ENSG00000145779,0.00014010824741612096,0.0008122321509861285,0.0
ENSG00000133835,0.010048522855510599,0.01684554280110892,0.0
ENSG00000164334,0.001785496937331649,0.0035220523945667585,0.0
ENSG00000184838,0.00017866998624322625,6.604806952925127e-05,0.0
ENSG00000168938,0.06971849722744185,0.13218047427355606,0.0
ENSG00000253807,0.002061648022064948,0.0018181040665029768,0.0
ENSG00000155324,5.016950130238429e-05,0.00010375047950392544,0.0
ENSG00000250602,0.0002889584805493371,0.0006531944147582811,0.0
ENSG00000164904,0.0005390572423028423,0.0002538547098752337,0.0
ENSG00000251072,0.002651327324076167,0.001985300317483566,0.0
ENSG00000138829,0.004513138824845649,0.002530703585017628,0.0
ENSG00000186367,0.0072140419379526505,0.006397388738072383,0.0
ENSG00000217128,0.1578192710289182,0.03201612085094682,0.0
ENSG00000234758,0.002324439447975762,0.002531153481999334,0.0
ENSG00000231585,0.0013184087362057288,0.002461420891524064,0.0
ENSG00000164400,0.00010821015136961759,4.53942230903894e-06,0.0
ENSG00000131435,0.004106954991343767,0.0035480417596711416,0.0
ENSG00000125347,0.0031291083431640365,0.010636580985203828,0.0
ENSG00000223442,2.5221570244045476e-05,8.047165784078048e-08,0.0
ENSG00000072364,0.03269201492755705,0.08339690580354914,0.0
ENSG00000053108,3.705111284636487e-07,7.59985385421843e-06,0.0
ENSG00000249478,0.0023244995375749926,0.0030439025005933795,0.0
ENSG00000248559,0.0001321011591227962,2.4122211862696016e-06,0.0
ENSG00000069011,2.057703027241427,2.024011966103692,0.0
ENSG00000270021,0.0006966624579860066,1.4541396989406125e-05,0.0
ENSG00000249639,0.0007476455056843913,0.001056842198597025,0.0
ENSG00000152377,0.00017967760621378945,5.729983132585433e-05,0.0
ENSG00000078795,0.00022293417212299396,9.464696228243371e-05,0.0
ENSG00000061492,0.003188361489415217,0.0010784186913189052,0.0
ENSG00000120738,0.0005816288464134931,0.0013876895046735886,0.0
ENSG00000184584,0.01189787752816349,0.013412761500613376,0.0
ENSG00000271792,0.002011843206286357,0.0013388540351678686,0.0
ENSG00000170458,0.0005580337324445818,5.887950411751138e-05,0.0
ENSG00000255408,0.0010558368352162689,0.00022021342714561792,0.0
ENSG00000251664,0.0026252856572954336,0.0016446805062507379,0.0
ENSG00000272108,0.0008703335060876382,0.0005672626693346817,0.0
ENSG00000272070,0.007769570688522953,0.006807799182173602,0.0
ENSG00000204956,4.624068143166196e-05,1.6277001570317275e-05,0.0
ENSG00000254245,0.0013476278105842734,0.003219880816112721,0.0
ENSG00000253485,0.0006796370922350605,9.581276029245497e-05,0.0
ENSG00000253731,2.9726039258974316e-05,0.00015210577394362428,0.0
ENSG00000253537,0.0008894645023712397,0.0005676617997798168,0.0
ENSG00000253767,0.0009775308242704125,0.0008689375465798077,0.0
ENSG00000276547,5.6397486310202796e-05,0.00031559205447159223,0.0
ENSG00000253305,1.311147206111902e-06,0.0002954492917206508,0.0
ENSG00000253846,0.00248895872751265,0.0033703453432905512,0.0
ENSG00000253159,0.00028832649480288355,8.683492157934467e-06,0.0
ENSG00000120318,0.00048040989805640203,4.367106633062862e-05,0.0
ENSG00000113555,1.5010523797740242e-05,6.837542071499494e-05,0.0
ENSG00000236714,4.406364400444947e-06,2.4725293866055728e-06,0.0
ENSG00000250842,0.0006267552527243631,0.0011210146929120034,0.0
ENSG00000156463,0.0029702882422331434,0.0025246826208344024,0.0
ENSG00000091010,0.00383806379301102,0.0035883691598382244,0.0
ENSG00000176049,0.0005769628277476622,0.0014146271661282103,0.0
ENSG00000164266,0.0006467182576529402,0.001862826137861118,0.0
ENSG00000164265,0.001029354031357497,0.0008521048898919025,0.0
ENSG00000133710,0.007851162233384843,0.004460203139773575,0.0
ENSG00000178172,0.0058762451743472905,0.00847809058918264,0.0
ENSG00000247199,0.004612426386808542,0.004511091861079127,0.0
ENSG00000169252,0.000794044320799646,0.0011163251146061779,0.0
ENSG00000173210,0.003264074122101188,0.00544258977098994,0.0
ENSG00000249669,0.0037014491428536737,0.002564261056168647,0.0
ENSG00000132915,0.00022988422727042825,0.0020126364207576153,0.0
ENSG00000155850,0.002899667874537007,0.002081000408155636,0.0
ENSG00000182578,0.00024448438576259895,0.0006566580173139532,0.0
ENSG00000011083,2.7568028883479546e-05,0.0010105034271430306,0.0
ENSG00000070808,0.007473633668999126,0.005279439913413729,0.0
ENSG00000183876,5.9957173223729166e-05,8.645015675144773e-05,0.0
ENSG00000019582,0.0019745868216354124,0.002444997476397424,0.0
ENSG00000254333,0.0025095261077729553,0.0023118332161110944,0.0
ENSG00000171992,0.0002534071935209899,0.0004363713164755813,0.0
ENSG00000164591,0.0008063674228999758,0.0010621735216374602,0.0
ENSG00000256235,0.0012230710455676923,0.000997829461001075,0.0
ENSG00000186335,3.886998682038795e-05,0.00019677401498178595,0.0
ENSG00000113140,0.017337355354947657,0.021571984173487525,0.0
ENSG00000272112,3.399508878713086e-05,0.00013455740716398836,0.0
ENSG00000113196,0.006832990284176597,0.005128449748560423,0.0
ENSG00000170271,0.0009484500560823863,0.0015981101907157397,0.0
ENSG00000135077,0.005379387987053891,0.005378799570661295,0.0
ENSG00000113263,0.0012600936216889931,0.0010044852735788044,0.0
ENSG00000170613,0.0004027694485189443,0.00016529611540774697,0.0
ENSG00000055163,0.005461057066500747,0.005451221041759165,0.0
ENSG00000248544,0.006713154929374757,0.0058279960112430414,0.0
ENSG00000135074,0.004541834871084052,0.0017457279640551958,0.0
ENSG00000247699,0.003952731509306162,0.0023265810611757857,0.0
ENSG00000135083,0.0009209963027110744,1.869084843051054e-05,0.0
ENSG00000164611,1.6021024691949968,1.2537686400279588,0.0
ENSG00000280776,0.003254311321460603,0.0033719582113973315,0.0
ENSG00000113327,0.0002104498465510178,0.0001661058972648907,0.0
ENSG00000250061,0.0001540486780855164,0.0001506935191113274,0.0
ENSG00000072571,0.10911908029336423,0.06840305183929371,0.0
ENSG00000241956,0.0002862181452488076,2.3630974515236603e-05,0.0
ENSG00000254297,0.0007639825731092925,0.00017018368909003283,0.0
ENSG00000253978,0.0010840186260608212,0.00025720089555112736,0.0
ENSG00000043462,0.00011031190117904733,0.006499347771603735,0.0
ENSG00000250274,0.0012600511731347772,0.0010560963332201987,0.0
ENSG00000145936,0.00016162486680921818,1.1965213325266074e-06,0.0
ENSG00000094755,0.0028613786801864106,0.0020033833752456333,0.0
ENSG00000181163,7.043786155804606,6.622655082668851,0.0
ENSG00000214357,0.0003927643378577079,1.018648277926886e-05,0.0
ENSG00000120129,1.4210821151544847e-05,0.00016982221814046576,0.0
ENSG00000113732,0.7475670545237596,0.9363242699037578,0.0
ENSG00000164463,0.005281592417363491,0.007625445490879739,0.0
ENSG00000253686,0.0013873157696695864,0.0008141899921084009,0.0
ENSG00000113742,0.02017071534004688,0.025940359547696194,0.0
ENSG00000170091,4.863296099224296e-06,6.003852486887895e-05,0.0
ENSG00000182230,0.009347883466917402,0.009677312048481016,0.0
ENSG00000160883,2.3313919784040234e-05,7.40395945525984e-06,0.0
ENSG00000196570,0.004523633258663649,0.0035157174755206626,0.0
ENSG00000146094,0.0016621418846696219,0.004607739552034237,0.0
ENSG00000175309,0.016691300554505614,0.011047700226981032,0.0
ENSG00000178187,0.005056840701288548,0.004829811062041393,0.0
ENSG00000113262,0.021811494048900072,0.01774713780418381,0.0
ENSG00000234284,0.004488321352384084,0.0032303652563826315,0.0
ENSG00000169045,1.014160861322029,0.8825971385191231,0.0
ENSG00000213316,0.002496367676836002,0.0037617381409291795,0.0
ENSG00000161011,0.2104530205183246,0.31682440955689334,0.0
ENSG00000113269,0.12845285789558036,0.08772322542030053,0.0
ENSG00000250509,1.8019755013642214e-06,2.066762521024695e-05,0.0
ENSG00000113303,0.0024007315492569625,0.0010862154889180414,0.0
ENSG00000165810,8.267000012468712e-06,0.00011739954766891615,0.0
ENSG00000238035,0.001007092452773254,0.002529073952573846,0.0
ENSG00000112679,0.022971568901871436,0.035894696828710736,0.0
ENSG00000271727,3.714501779139161e-05,3.294825678979243e-05,0.0
ENSG00000272485,7.667964964035375e-05,1.4403972258792512e-05,0.0
ENSG00000272465,0.0032505650959511953,0.005471645707790529,0.0
ENSG00000021355,0.07798284537416746,0.05293159468497209,0.0
ENSG00000170542,0.003974891911407493,0.015496628619439401,0.0
ENSG00000228170,0.005606285593417093,0.005420557720090143,0.0
ENSG00000137267,0.00016488201253089682,0.0010036655219216699,0.0
ENSG00000137285,0.00772562172533246,0.015750213027761594,0.0
ENSG00000230648,1.115695931766525e-06,0.000835052390488798,0.0
ENSG00000145975,1.3315538440601805e-05,3.119586846657757e-06,0.0
ENSG00000260239,0.0016923611614634432,0.0013727061089879712,0.0
ENSG00000124782,0.16090457896763138,0.14112501191652138,0.0
ENSG00000238221,0.000620079865460252,0.00068840156582991,0.0
ENSG00000261189,0.0014702423560076804,0.0014292036224929918,0.0
ENSG00000230939,0.0031829654663079053,0.00027142456475018686,0.0
ENSG00000181355,0.0012412408773531715,0.0018374287616298656,0.0
ENSG00000137203,0.005754322221625795,0.0004150913243427092,0.0
ENSG00000229950,0.006970305408093831,0.007966153781949906,0.0
ENSG00000229401,0.0014595461928202003,0.0006995945313474207,0.0
ENSG00000111846,0.020320969483125183,0.022692797272390406,0.0
ENSG00000237685,2.8102026532393087e-05,6.533092411213379e-05,0.0
ENSG00000272097,1.28028662876881e-07,6.239675954522098e-05,0.0
ENSG00000124827,0.00250143207739557,0.0002915638280439824,0.0
ENSG00000244476,0.0011270305956394384,0.0010561899473579008,0.0
ENSG00000111863,0.0005622080092614367,0.001704087658412922,0.0
ENSG00000112137,0.06379073574084783,0.0320764967015141,0.0
ENSG00000180537,0.0005438930269460979,0.0009257562577798177,0.0
ENSG00000237346,0.0008530093253295313,0.0015508420889352554,0.0
ENSG00000007944,0.0630908956035919,0.047993072346607935,0.0
ENSG00000124788,0.002798661268182224,0.00394924089955106,0.0
ENSG00000124795,3.438567675515854,3.291117186428942,0.0
ENSG00000228412,0.0004135098698736888,0.0004014560165944821,0.0
ENSG00000227803,0.0002983763473514442,0.0001559851731548412,0.0
ENSG00000124766,0.2689832390252134,0.14578706233952404,0.0
ENSG00000272168,5.336830650805294e-05,4.3852294002017176e-05,0.0
ENSG00000172179,2.349008795469155e-06,0.0006469822769429451,0.0
ENSG00000137261,7.198099615468877e-05,0.0004774773058843466,0.0
ENSG00000111913,0.004545289597487701,0.0037534084729641723,0.0
ENSG00000272053,0.009183126422703726,0.004853424721764776,0.0
ENSG00000079691,0.007748489481772567,0.0061964124897950475,0.0
ENSG00000164508,0.00023160759810047414,0.0002788663338113164,0.0
ENSG00000112343,0.01862043254311618,0.02317995985440259,0.0
ENSG00000187837,3.64167092540924,4.030311353636317,0.0
ENSG00000197061,12.837564169442997,11.18211895266364,0.0
ENSG00000180573,0.1738983590690679,0.17978264348532727,0.0
ENSG00000158373,0.0015989460684526441,0.0023292590261784056,0.0
ENSG00000274290,0.0032260047641979196,0.0013944823427319382,0.0
ENSG00000282988,0.002837224608384833,0.0025101871734822382,0.0
ENSG00000276966,0.00835809087055466,0.024423047242382565,0.0
ENSG00000273802,0.017224069105441067,0.02042128414489959,0.0
ENSG00000158406,0.002480662286575946,0.00295019958751617,0.0
ENSG00000275846,0.0009521153537132205,0.0003258393099322597,0.0
ENSG00000272312,0.00024768286001167596,5.247467888681254e-05,0.0
ENSG00000124635,0.5806779607436817,0.6972430327894819,0.0
ENSG00000271755,0.0004554393809630755,0.001207444828745599,0.0
ENSG00000278828,0.025743226445191867,0.03619132653068507,0.0
ENSG00000198704,0.0012704064393520853,0.0017370873778569523,0.0
ENSG00000204709,2.5447966206250647e-05,0.0006553379744496853,0.0
ENSG00000243729,0.0043126515169723476,0.003283596065884902,0.0
ENSG00000204655,0.0007488412491626637,0.0004666927577307875,0.0
ENSG00000204642,0.00027706772793108106,0.0006337070249956865,0.0
ENSG00000206503,6.419645332789338e-05,5.634875341661384e-05,0.0
ENSG00000204625,0.0011256555517294698,5.343739289622815e-05,0.0
ENSG00000204616,0.0005779503081317991,3.6780936734207194e-06,0.0
ENSG00000204592,0.0027678009423788667,6.553932277106409e-05,0.0
ENSG00000235781,0.0009056457557293544,0.0018525868993827211,0.0
ENSG00000146112,0.47105874330580544,0.8664693762877242,0.0
ENSG00000196230,3.830807866519832,4.2281167568883795,0.0
ENSG00000137331,0.006958462630825994,7.094872919689205e-05,0.0
ENSG00000168631,0.0016321443806218768,0.0017062289789848215,0.0
ENSG00000204544,0.0005886223192106874,0.0004976781822632201,0.0
ENSG00000228789,7.716653187624938e-06,3.758350803984056e-05,0.0
ENSG00000204539,0.00021294974808601358,0.00016480972964731194,0.0
ENSG00000271821,0.00038003890310969973,6.014794032113282e-05,0.0
ENSG00000204525,0.04231801531129573,0.023989264513311452,0.0
ENSG00000234745,0.009696011506693423,0.016911922573525532,0.0
ENSG00000254870,0.004800271393358079,0.004663329815292547,0.0
ENSG00000226979,0.0059602188640429515,0.003980792692311301,0.0
ENSG00000232810,0.001230003922288285,0.0006781491923646218,0.0
ENSG00000227507,0.0003154305724590206,0.0001143263569002599,0.0
ENSG00000204482,0.01216945109490879,0.02482860611462668,0.0
ENSG00000204472,0.01963591036365333,0.134775046263038,0.0
ENSG00000204428,0.003928069637435874,0.002992790929996344,0.0
ENSG00000213722,0.005117507251406063,0.012202624898288588,0.0
ENSG00000213719,2.7617065007244896,3.2901860017726654,0.0
ENSG00000204396,0.00025234641502316484,5.742171309094025e-05,0.0
ENSG00000204389,0.03839110075564722,0.04252578695664991,0.0
ENSG00000204388,0.0016105527789702185,0.016755518936383676,0.0
ENSG00000204387,3.284550020167243,3.0181782440542073,0.0
ENSG00000204386,0.019720821140275163,0.0356516326936809,0.0
ENSG00000204385,0.0012775618149680776,0.001315497229498419,0.0
ENSG00000166278,0.001684890191970724,0.0011140931391760641,0.0
ENSG00000213676,0.14175494865846092,0.1196490644281928,0.0
ENSG00000213654,0.5346946260241369,0.6203416114159835,0.0
ENSG00000204287,0.020358899021009735,0.019716598796192062,0.0
ENSG00000196126,0.006894991974229701,0.005490300274701099,0.0
ENSG00000196735,0.005018424545231619,0.0030023988037456285,0.0
ENSG00000204264,0.00015610748006059707,7.307114430897912e-05,0.0
ENSG00000204261,1.2639598966212199e-05,0.00013011906632043015,0.0
ENSG00000240065,0.0033166486862545343,0.0011969069208420807,0.0
ENSG00000168394,0.012739938502207363,0.008226632429327986,0.0
ENSG00000242574,0.0009022212372424948,0.0007585782250781727,0.0
ENSG00000204252,0.00539805400137837,0.0025561591080263215,0.0
ENSG00000231389,0.0003543870146444912,0.0012276982182661633,0.0
ENSG00000223865,0.00012309185579857912,3.644891227426244e-06,0.0
ENSG00000235863,0.0020787958956629076,0.0009808057229382739,0.0
ENSG00000231925,0.0017682955152234646,0.017226211953130423,0.0
ENSG00000030110,0.04128450659916108,0.03200193872915601,0.0
ENSG00000161896,0.0019451898820309701,0.004776330552910415,0.0
ENSG00000124493,0.006025512580433306,0.004240978891097716,0.0
ENSG00000186577,0.026817695520142588,0.058207575677879736,0.0
ENSG00000146197,0.0017416291820212067,0.0005805084408308844,0.0
ENSG00000023892,7.70946786059284e-05,0.001356502615087373,0.0
ENSG00000180316,0.0029641214901307143,0.0046115389599112894,0.0
ENSG00000010030,0.003395225787635652,0.00019690922282723788,0.0
ENSG00000112081,3.644923468762887,3.7483737161535853,0.0
ENSG00000124762,0.012808470863105199,0.01310256731001,0.0
ENSG00000255587,0.0014766900373184397,0.0012955019422675419,0.0
ENSG00000124772,0.0032682343478185293,0.0028659852514021696,0.0
ENSG00000164530,0.0019658384653305824,0.0024621778178488536,0.0
ENSG00000146192,0.00173353959264155,0.00236002660834318,0.0
ENSG00000137193,0.06589023518425151,0.11297351392090835,0.0
ENSG00000172738,0.005047220738240347,0.004370994964631713,0.0
ENSG00000112139,0.0002442542741290523,0.00020077631892733062,0.0
ENSG00000124780,0.0029343923072677183,0.002830650056888381,0.0
ENSG00000164627,0.003256359053222579,0.0022091602437703493,0.0
ENSG00000146122,8.68610553816611e-05,1.5025465904852485e-08,0.0
ENSG00000235033,0.004863284003043484,0.0050208277658523185,0.0
ENSG00000124701,0.0006642808681151023,0.0002254145217342202,0.0
ENSG00000112559,0.0022408539755993176,0.001785658908800506,0.0
ENSG00000112561,0.004498680185534001,0.005895500769444652,0.0
ENSG00000096088,0.0018233840803356083,0.003118400181552128,0.0
ENSG00000278224,0.0028620799637563677,0.0036686156449938973,0.0
ENSG00000112576,0.5309114130052406,0.399577226984762,0.0
ENSG00000171611,0.0001173142893279007,7.803220880879064e-07,0.0
ENSG00000171467,0.006885225802233665,0.04122235020862311,0.0
ENSG00000272114,0.003779505681138149,0.004064214222524732,0.0
ENSG00000237686,0.001143006307422724,0.001050278673332867,0.0
ENSG00000181577,0.000560798039391418,0.0004966946422602217,0.0
ENSG00000262179,0.0032946410360846917,0.004628145679000606,0.0
ENSG00000096384,8.341706034138866,8.106260898051787,0.0
ENSG00000272442,0.0011465414524086176,0.0004516014755673249,0.0
ENSG00000146221,0.00047748055943666503,6.767338990643825e-05,0.0
ENSG00000124813,0.008449367391070354,0.04118133389541083,0.0
ENSG00000112796,3.493016003026556e-05,0.00042720312119930024,0.0
ENSG00000172348,0.0008336115322722139,0.0027321375885816703,0.0
ENSG00000146233,0.00543938899648925,0.005123845060364889,0.0
ENSG00000153291,1.5716629806039016e-05,0.0001428514832283357,0.0
ENSG00000236164,0.0024927358740162962,0.0015503240538631345,0.0
ENSG00000112818,0.0023055080122959867,0.0017390236912981382,0.0
ENSG00000153292,0.0011967369000678003,0.0005254028112831774,0.0
ENSG00000153294,0.005079125791267778,0.002168540609640731,0.0
ENSG00000124818,0.004158161269527984,0.004749743480732347,0.0
ENSG00000124490,0.0005870646665941712,0.000690049530442471,0.0
ENSG00000096006,0.0022349247352238793,0.0009236319070315187,0.0
ENSG00000233470,0.006057773159120519,0.004794771988295626,0.0
ENSG00000170927,0.0026530767028045393,0.0037579588349779293,0.0
ENSG00000170915,0.005362037435778459,0.023596038549269012,0.0
ENSG00000096093,0.0007878010266864135,0.0010921458515360631,0.0
ENSG00000243955,0.0019093316265662223,0.0013041002295029363,0.0
ENSG00000137270,0.00024183181564730815,0.00015175941744551043,0.0
ENSG00000271367,0.00031075801995898933,0.0001478230189915757,0.0
ENSG00000236740,0.0003358982879117878,0.0001393730164695045,0.0
ENSG00000124749,0.004991173015015962,0.002969421318228528,0.0
ENSG00000151914,0.01629642502552989,0.01275748282752792,0.0
ENSG00000226803,0.000452924086468918,3.14208114735444e-05,0.0
ENSG00000272541,6.462652764582891e-05,9.988773290925542e-06,0.0
ENSG00000271761,0.002770436739024365,0.0034164813384369034,0.0
ENSG00000146166,0.0006170053476605065,0.0010864324088872548,0.0
ENSG00000188107,9.73556021781732e-07,8.933032180460846e-05,0.0
ENSG00000227706,2.764860389239149,2.835795024976686,0.0
ENSG00000230910,1.938368269179992e-05,0.00014324090661634736,0.0
ENSG00000237643,0.013972374510194268,0.012060775572905766,0.0
ENSG00000223765,0.010527658531141236,0.007282648988289706,0.0
ENSG00000079841,0.0005765343880279262,0.0003685806264801229,0.0
ENSG00000203907,0.0007020487197065967,0.0010803927109038908,0.0
ENSG00000164430,5.748650319984469e-05,3.044347540966207e-05,0.0
ENSG00000223821,0.0015551968603896875,0.0019164702339989086,0.0
ENSG00000229862,0.001594153797468982,0.002794661363850231,0.0
ENSG00000272243,0.004763292750575619,0.007543392829137349,0.0
ENSG00000238156,3.532136779969906e-05,0.00017502921776302148,0.0
ENSG00000135338,0.0027963519811456065,0.0028995849138584613,0.0
ENSG00000112773,1.4592819457826165e-05,1.0825238855327507e-05,0.0
ENSG00000146250,8.832954668838177e-05,1.8956644880573413e-05,0.0
ENSG00000228290,0.0001440638307831168,0.00020346203966623388,0.0
ENSG00000135346,0.0007672228682923694,0.0010660676678304333,0.0
ENSG00000213204,0.003735962310287012,0.004733037138180623,0.0
ENSG00000271931,0.00013756014573885957,7.57605387173939e-05,0.0
ENSG00000146278,0.09704114935117773,0.054289520583305516,0.0
ENSG00000260271,0.00040278306723388944,0.0006927324237212807,0.0
ENSG00000235099,0.001034141803768834,0.0009711867902308051,0.0
ENSG00000184486,0.0028959850601633147,0.00018880959346440074,0.0
ENSG00000132424,1.1022809965422087,0.8740303592199432,0.0
ENSG00000152034,0.0023624425412109864,0.0012563319602693376,0.0
ENSG00000203809,0.0029777559565806098,0.0046115320030139855,0.0
ENSG00000231628,0.00047557207982014773,0.00031173258824512503,0.0
ENSG00000057657,0.0005046002876842059,0.0009511787145380697,0.0
ENSG00000112297,0.015091923003691662,0.00711416619560968,0.0
ENSG00000235142,0.0009322032766253153,0.000493802623668171,0.0
ENSG00000272398,0.0008654630585679757,0.0006121189748073948,0.0
ENSG00000272476,0.00047310876960285315,0.0038733581788460425,0.0
ENSG00000271734,0.00729984071195798,0.005077992560433148,0.0
ENSG00000135535,0.16630698135140962,0.06310764592122549,0.0
ENSG00000135596,0.004073476236633443,0.005301236772812101,0.0
ENSG00000272356,0.0027841624029980136,2.5989882285988122e-05,0.0
ENSG00000112761,7.456178690459337e-08,6.585835211065588e-05,0.0
ENSG00000237234,0.0002257756996393436,0.000447170268132375,0.0
ENSG00000277443,0.01042702342442312,0.008100871421177375,0.0
ENSG00000111816,0.0006568614562576897,0.0002961438876465794,0.0
ENSG00000111817,1.0096631341946664e-05,0.00036349074684954787,0.0
ENSG00000189241,0.04991175619877349,0.03819945617102466,0.0
ENSG00000188820,4.020997618104955e-09,3.1220893968807493e-06,0.0
ENSG00000234117,7.930394586475318e-06,0.0006702499705485831,0.0
ENSG00000173626,0.0029870887396502665,0.0021946670324364363,0.0
ENSG00000196376,0.0017778721056801417,0.0011190011854708883,0.0
ENSG00000198523,2.2018804496940153e-07,0.00038679062285994426,0.0
ENSG00000164434,0.019285739274947054,0.017305882899487045,0.0
ENSG00000172594,0.00221920340454872,0.0065667936815630434,0.0
ENSG00000236548,0.00462385275502006,0.004228000597040868,0.0
ENSG00000237742,0.0027455301552998745,0.004583535744683734,0.0
ENSG00000224506,0.0005421318644687759,0.0008023625216500264,0.0
ENSG00000135547,0.0008809079961269772,0.0010185611948955009,0.0
ENSG00000255330,0.002644609581901343,5.329812953761698e-06,0.0
ENSG00000196569,0.0002556537295400664,0.0005214376295557812,0.0
ENSG00000233351,0.010546234788450445,0.009638677373210438,0.0
ENSG00000236673,0.005216355245548489,0.004777580531547225,0.0
ENSG00000112299,0.005107504375829804,0.005531981783276765,0.0
ENSG00000093134,0.008383637596595996,0.010023330761657788,0.0
ENSG00000112303,0.00013784471151297184,2.3100780844878413e-05,0.0
ENSG00000112319,0.0008401860290623183,0.001828671849548859,0.0
ENSG00000146411,0.003533769950665875,0.004041736341556424,0.0
ENSG00000118515,0.0018475618516651143,1.7344634848748663e-05,0.0
ENSG00000236700,0.002051200405909677,0.004267127342856534,0.0
ENSG00000232310,0.0005959799257569704,0.0013334506612141222,0.0
ENSG00000227723,0.0033145549512731934,0.0026163173863831377,0.0
ENSG00000118514,0.00035314657370954546,0.001076206938789676,0.0
ENSG00000118513,0.11713336414337967,0.10387752803107207,0.0
ENSG00000236703,0.00019450999675430306,0.00015312646506165456,0.0
ENSG00000234084,0.0003448187623254252,2.47919149289199e-05,0.0
ENSG00000234263,0.0056393017187712745,0.007765648067947322,0.0
ENSG00000164485,0.0006199686800511391,0.0005929459868782177,0.0
ENSG00000027697,0.010529640994376043,0.00433964034842048,0.0
ENSG00000164440,0.0009417580114803744,0.0012960314464763,0.0
ENSG00000164442,0.11862319800408352,0.07315247332321786,0.0
ENSG00000238099,6.106580006236387e-05,0.0001918778912012869,0.0
ENSG00000010818,7.357130553104944e-05,2.5394317585977245e-05,0.0
ENSG00000135604,0.00010785765099406709,3.40284680258303e-05,0.0
ENSG00000152818,0.0013925543430948345,0.001790053927426046,0.0
ENSG00000118492,0.0020063507105370936,0.002227480547306436,0.0
ENSG00000233452,0.0009965645828892522,1.5510189097672246e-05,0.0
ENSG00000228408,0.00358793937414227,0.004510189531541118,0.0
ENSG00000273132,0.002250347296654201,0.0007282282186221742,0.0
ENSG00000131015,0.0003971558653654341,1.1417973015200763e-05,0.0
ENSG00000198729,0.0019650757379397624,0.0017144035363508344,0.0
ENSG00000131016,0.0021295007875649138,0.0029280697565240593,0.0
ENSG00000131018,0.0009462097782006592,0.0005260647644051031,0.0
ENSG00000213121,1.3614859728199787e-05,0.00032473394210505153,0.0
ENSG00000074706,0.008860500663824974,0.009999862881847378,0.0
ENSG00000164674,0.002876977438939394,0.003003881055281373,0.0
ENSG00000164691,5.076415194428898e-05,9.164211201788042e-06,0.0
ENSG00000175003,0.0032514607777723646,0.0056716597130906194,0.0
ENSG00000071242,0.00012153810786857803,0.001267403852327413,0.0
ENSG00000026297,0.12159654937792808,0.06832798030667452,0.0
ENSG00000234647,0.0018327897867014438,0.001681477295914266,0.0
ENSG00000227704,0.000498417043563898,0.00047852859128086117,0.0
ENSG00000231690,0.007211610575737876,0.006740082518954973,0.0
ENSG00000198719,0.00541444454146203,0.0035608692088400975,0.0
ENSG00000271234,0.002889968827749314,0.001538788570869858,0.0
ENSG00000008018,2.923037604980385,2.6073228954545153,0.0
ENSG00000197461,0.002291742040314816,0.0010484066735702827,0.0
ENSG00000273151,0.004745996764331939,0.0017372187822613538,0.0
ENSG00000105963,0.0029743769519807255,0.0025552639709172653,0.0
ENSG00000073067,3.8770757438826215e-05,1.1849855800827314e-05,0.0
ENSG00000225146,0.008904921924589693,0.010645089812821307,0.0
ENSG00000225981,0.00029684973296536995,0.0006385259869121719,0.0
ENSG00000225968,0.005222581424806642,0.0028299668166980292,0.0
ENSG00000176349,0.0011699601741974085,0.0030164117791013543,0.0
ENSG00000188365,0.004992772651106967,0.003787790701040229,0.0
ENSG00000075624,6.016287658795227,5.954279310334288,0.0
ENSG00000272719,0.007311423931927367,0.00496790754509466,0.0
ENSG00000157999,0.002929748781095998,0.0014006638757061503,0.0
ENSG00000231704,0.0003673795149922779,0.0004709583282078711,0.0
ENSG00000272894,0.002037188141243229,0.001459092393055962,0.0
ENSG00000233108,0.0001564902952508668,0.00019697950452277847,0.0
ENSG00000225606,0.002119655352089564,0.0003538730859677249,0.0
ENSG00000136267,0.0018875143398331845,0.002285422194347243,0.0
ENSG00000106546,0.0037124062297906888,0.0019176504705621386,0.0
ENSG00000048052,0.0006025816400671429,0.0006778133289764188,0.0
ENSG00000105855,0.005117664676314977,0.0023195722467530384,0.0
ENSG00000136244,0.002089695185542034,0.001139309652667783,0.0
ENSG00000105928,0.003012268718266407,0.0005017774985670766,0.0
ENSG00000086300,0.018971908755905653,0.0332363163941132,0.0
ENSG00000225792,0.006471807877939769,0.006844355898651096,0.0
ENSG00000214870,0.0035261200974185773,0.007910678152937004,0.0
ENSG00000005020,0.020158350651662122,0.07562963023534693,0.0
ENSG00000233429,0.08361635781911081,0.026890879201176866,0.0
ENSG00000253508,0.00047804900221079814,7.84845386385142e-05,0.0
ENSG00000106031,2.731573174305556e-06,0.00041780971641871574,0.0
ENSG00000243766,0.0007395404043654738,2.980522447640409e-06,0.0
ENSG00000106052,0.311438521562409,0.27821806256427256,0.0
ENSG00000234336,0.0031572227195979206,0.00231288791390224,0.0
ENSG00000146592,0.005406401696331189,0.0030465779086683914,0.0
ENSG00000106066,0.06004836620816894,0.0395415654455693,0.0
ENSG00000235669,1.974677842831072e-05,0.0002286701884217178,0.0
ENSG00000176532,0.0002165668595765025,7.83756533900929e-06,0.0
ENSG00000180354,0.0004682209658028866,0.001080372920370783,0.0
ENSG00000281039,1.9641857766888524e-05,6.0224300470876815e-05,0.0
ENSG00000263683,0.003738583558393112,0.006048574865299843,0.0
ENSG00000106113,0.002762092272881231,0.0017835386805268379,0.0
ENSG00000241644,0.0010780505911563362,0.001245066756338336,0.0
ENSG00000240583,0.0009848866987873617,0.0003588034962586826,0.0
ENSG00000228878,0.007440060218393522,0.004247534205506621,0.0
ENSG00000227191,0.00011673440327903735,0.00039671261816246357,0.0
ENSG00000211689,0.006053694890094185,0.0095921579518532,0.0
ENSG00000211695,0.0004783730640305472,0.0005769172377419001,0.0
ENSG00000225992,0.0015460590112471731,0.0019693901109481514,0.0
ENSG00000272908,4.2386091967551335e-05,0.0004459778859319678,0.0
ENSG00000211697,0.002160935430468706,0.0009228734311283048,0.0
ENSG00000078053,0.0056494996739295715,0.005170230268973588,0.0
ENSG00000106536,0.002702003894931439,0.0018764121129182163,0.0
ENSG00000227172,0.010068516804421971,0.006663624785597481,0.0
ENSG00000122641,3.842096359974914e-05,0.0001248603895084169,0.0
ENSG00000136197,0.004042111998665882,0.00285198379723409,0.0
ENSG00000002746,0.00555522867141049,0.002824787582930724,0.0
ENSG00000235314,0.002861910538807349,0.0036604021357152547,0.0
ENSG00000164708,0.00024344387144712646,0.00024208551742156326,0.0
ENSG00000015520,0.0023262000594782475,0.0017895472952546604,0.0
ENSG00000136286,0.006720491813390554,0.005525029543794859,0.0
ENSG00000183696,6.915676299200558e-05,0.00012485407728240048,0.0
ENSG00000179869,0.002824575720465996,0.0032733865433842617,0.0
ENSG00000188730,0.0006477804743547913,0.0003891028832596911,0.0
ENSG00000228005,0.0005166093178568575,0.00012889786127130926,0.0
ENSG00000132437,0.0004410392732171379,0.0007150790019450158,0.0
ENSG00000129103,0.14791684872850402,0.2220984472570072,0.0
ENSG00000164776,0.006090348957444843,0.01564964383182262,0.0
ENSG00000152926,0.000386452039775897,0.0018893517729942915,0.0
ENSG00000213462,0.1480906690043179,0.1800374384265616,0.0
ENSG00000169902,4.001831874466672e-05,2.2243659721214327e-05,0.0
ENSG00000229180,0.0032733520818926886,0.0002057877240989681,0.0
ENSG00000243335,0.004218171663481286,0.0019487920375672314,0.0
ENSG00000155428,0.002498903655529936,0.002195860811265436,0.0
ENSG00000225969,0.005226392619479912,0.0031174211000391285,0.0
ENSG00000189143,0.0001365239784725594,4.995359095093686e-06,0.0
ENSG00000175877,0.0022381371894215304,0.0018305686420426286,0.0
ENSG00000261467,0.00011166724171479205,2.8764791840454884e-07,0.0
ENSG00000106665,0.011669445387201244,0.008673659490347527,0.0
ENSG00000158517,0.0001375395339132854,0.0004688663464287047,0.0
ENSG00000196275,0.011237378898037553,0.0008022465004601314,0.0
ENSG00000263081,1.7449354077180026e-05,1.975815254376122e-05,0.0
ENSG00000127946,0.002303487856003054,0.006081316309632736,0.0
ENSG00000135205,0.005139678553405835,0.006616957520988911,0.0
ENSG00000127947,0.15981003803896443,0.19553654384724378,0.0
ENSG00000127955,0.0011622712339589773,0.0006115599421399921,0.0
ENSG00000135218,0.0005431000664329594,8.282221554613847e-05,0.0
ENSG00000186472,0.0011586915265836984,0.0007965929049277002,0.0
ENSG00000170381,0.0003127384612279436,0.00017049955292608248,0.0
ENSG00000075213,0.00030038783954572303,0.00034828715807666577,0.0
ENSG00000153993,0.0013691398732178306,0.0017253898143856,0.0
ENSG00000198822,0.0008327242585312284,6.644757014477894e-06,0.0
ENSG00000231255,7.492500821504692e-05,0.00043959420707750637,0.0
ENSG00000085563,0.004506634665045676,0.004396070345440227,0.0
ENSG00000105784,0.00035834760035352293,0.00032990144102640687,0.0
ENSG00000058091,1.0189689034092746e-05,0.0001780083145199351,0.0
ENSG00000223969,0.0024787257840874844,0.002430507201951855,0.0
ENSG00000177409,0.0008551160049864275,0.0004644831249077175,0.0
ENSG00000188175,0.001025184441146904,0.0015572354243992223,0.0
ENSG00000004948,0.00034340069246390956,0.0005475695456100903,0.0
ENSG00000105825,0.0004698343492890325,0.002103998761629173,0.0
ENSG00000236861,1.171696881240438e-05,0.00011967977116326305,0.0
ENSG00000236453,0.000976914680818865,0.00016014716943011124,0.0
ENSG00000105852,0.0019813948411178807,0.00246116108521435,0.0
ENSG00000005981,3.970047801651714e-05,4.093764625920029e-05,0.0
ENSG00000004799,0.0019631187084842763,0.0012055064752017298,0.0
ENSG00000231170,0.0006192834095624087,0.0011508424432638451,0.0
ENSG00000158560,0.003335497966136943,0.004179434475711695,0.0
ENSG00000164713,0.17822885148170065,0.21796420808869568,0.0
ENSG00000272950,0.001732090377235145,0.0014612520970721562,0.0
ENSG00000130429,1.6025536256920017,1.565189560167574,0.0
ENSG00000106258,0.012288064590842144,0.001064365056195649,0.0
ENSG00000160868,0.01472410276493957,0.015095950410942355,0.0
ENSG00000237640,0.00010170577890534504,0.00029861323715971524,0.0
ENSG00000239521,0.00027887353463153654,0.002315693451274952,0.0
ENSG00000085514,0.004017589215345765,0.0042846899824915165,0.0
ENSG00000185955,0.01980094128208583,0.015746099265957183,0.0
ENSG00000166925,0.13347254035639303,0.16212532213020425,0.0
ENSG00000146830,0.013586468974128841,0.00977429764111744,0.0
ENSG00000205277,0.0010996787435186355,0.0009722381358222231,0.0
ENSG00000227053,0.007088603975009024,0.005587017647734394,0.0
ENSG00000169876,0.00041511595547970477,0.0001898732015133051,0.0
ENSG00000169871,0.04887024800279768,0.0946054804045038,0.0
ENSG00000106366,0.001147069995252153,0.0010744902781231872,0.0
ENSG00000128564,0.024136773469636788,0.004311241244042059,0.0
ENSG00000106436,0.0018282978018274235,0.001992852233557972,0.0
ENSG00000261535,0.0037010979506948744,0.0019697020825739106,0.0
ENSG00000239480,0.0037676170399738164,0.004013704591688486,0.0
ENSG00000160991,0.07850755417611538,0.11917327435980993,0.0
ENSG00000168255,0.6122898977861067,0.7429175394239635,0.0
ENSG00000105808,0.0045137176429165355,0.0014509643809503545,0.0
ENSG00000205236,0.00036005700508063437,0.0010657762391470477,0.0
ENSG00000279168,0.0010647898521759652,0.0007496093433388337,0.0
ENSG00000128606,0.0006330228418442715,0.0004570804237836695,0.0
ENSG00000170615,0.0009526420434682208,0.0008850135107339952,0.0
ENSG00000189056,0.018775211059592872,0.040368811210688575,0.0
ENSG00000005483,0.181226695922831,0.34449274072160563,0.0
ENSG00000105851,0.001270246246812168,0.006033652364018941,0.0
ENSG00000105856,0.0009077967436761682,0.0002870161681265031,0.0
ENSG00000233705,1.1010597286298265e-05,2.9947796072545486e-06,0.0
ENSG00000273055,0.00014497295354467895,0.0005834036325866589,0.0
ENSG00000135241,0.02121686698173203,0.01694797767300844,0.0
ENSG00000226965,0.0008343437819238122,0.0004232935463118015,0.0
ENSG00000223646,0.00942529039927977,0.008377808302408238,0.0
ENSG00000164603,0.0021314042364049567,0.0037102658744531418,0.0
ENSG00000164604,0.012065917854753253,0.011418964594810708,0.0
ENSG00000225535,0.0011599829582519287,0.0004407616941659294,0.0
ENSG00000135269,0.02783791267339925,0.011766298307889266,0.0
ENSG00000105971,0.022633639258446414,0.01684576446328444,0.0
ENSG00000105974,0.0022560194923280466,0.0027195619722084835,0.0
ENSG00000077063,0.0007014243146181697,0.00013210439247425564,0.0
ENSG00000106013,0.003029765672955626,0.0035905509394636866,0.0
ENSG00000008311,0.0035147833715998686,0.0052117584171948025,0.0
ENSG00000230316,0.005961993138141054,0.008338408957637676,0.0
ENSG00000275356,3.479152398850897e-07,1.0675521029364298e-05,0.0
ENSG00000224899,0.0019440125740869073,0.005137421109528656,0.0
ENSG00000237764,0.0028753027699305093,0.004222470301023034,0.0
ENSG00000273270,3.192512740497053e-06,0.000146731418689464,0.0
ENSG00000271553,0.0034668591326878486,0.002328236877913587,0.0
ENSG00000271344,0.0012261772066161694,0.0016178623351805685,0.0
ENSG00000128617,2.169657213080446e-05,0.0005088392880907262,0.0
ENSG00000128596,0.021835949713879185,0.03851322014567145,0.0
ENSG00000186591,0.03575839603207261,0.03500668661603229,0.0
ENSG00000244036,0.00038770146556617394,0.00020804066066745113,0.0
ENSG00000165120,0.0065044746113898525,0.006997127726431128,0.0
ENSG00000213265,1.041829681090405e-06,1.7517415971457873e-05,0.0
ENSG00000226380,0.010653211863839926,0.004874330238090936,0.0
ENSG00000271204,9.247222875342434e-05,2.8462599997914816e-06,0.0
ENSG00000273319,4.4097259672124835e-05,4.8230345019752694e-06,0.0
ENSG00000231721,0.002241663765846901,0.023774051391688953,0.0
ENSG00000221866,3.1587341062320334e-07,2.494362979916457e-05,0.0
ENSG00000155530,0.004237273025628804,0.0030903844052178886,0.0
ENSG00000085662,0.006950388084029661,0.0038825731319863986,0.0
ENSG00000172331,0.05513178556234533,0.013228654091790006,0.0
ENSG00000273219,1.6487552912411893e-05,0.0007570655831831411,0.0
ENSG00000157680,0.003480993214910431,0.0019681939941137987,0.0
ENSG00000182158,0.03464376725798037,0.033846217918638,0.0
ENSG00000157703,2.7186901384389747e-05,0.0001931996540945735,0.0
ENSG00000105939,0.267449874408196,0.2379066467950612,0.0
ENSG00000064393,0.07608468878067137,0.10890980891283233,0.0
ENSG00000146966,7.434779530293333e-05,5.925557684639894e-05,0.0
ENSG00000228775,1.587147644333823e-05,6.026800587812291e-05,0.0
ENSG00000211751,0.005592429904243079,0.009106838059803111,0.0
ENSG00000275896,0.0014871235667897017,0.0011970562024005429,0.0
ENSG00000211772,0.001630853722888383,0.0014191346499586369,0.0
ENSG00000237254,0.009910123169362645,0.006673806038132744,0.0
ENSG00000106123,3.4203244058789736e-05,0.00036809364699209266,0.0
ENSG00000231840,0.005381416731745134,0.004150048946635177,0.0
ENSG00000178826,0.002101680165991047,0.002629056058009378,0.0
ENSG00000159784,1.6119184624039051e-06,0.00046565923213501455,0.0
ENSG00000232533,0.004205228159536688,0.0010730483804642893,0.0
ENSG00000159840,0.02624297880228692,0.07548017487834195,0.0
ENSG00000185899,4.05600560089846e-05,8.612184573062378e-05,0.0
ENSG00000170379,0.0023907071490275856,0.0012830382305609178,0.0
ENSG00000174469,0.003408871502420029,0.004259394205826741,0.0
ENSG00000281189,4.367173217965475e-05,0.00036478183413420095,0.0
ENSG00000204947,0.004896038959063962,0.0027536470829572024,0.0
ENSG00000181444,0.005261217436914604,0.0024117421115798284,0.0
ENSG00000197558,0.007204979417707303,0.006117820926607367,0.0
ENSG00000106479,0.0005619797212601004,0.0006610301764397025,0.0
ENSG00000273293,0.0026311660505848877,0.002361955924459591,0.0
ENSG00000240449,0.006622478296499094,0.006452514270908839,0.0
ENSG00000242258,0.000469417626796966,0.0002798866453272014,0.0
ENSG00000171115,0.000528483577422121,0.00024043940517697808,0.0
ENSG00000179144,5.50395084854402e-06,0.00031959430403121045,0.0
ENSG00000106560,0.008799385791491086,0.007846462677348174,0.0
ENSG00000106565,0.001332516914889634,0.0022124824748476885,0.0
ENSG00000002933,0.004287199031055519,0.0036568119190596438,0.0
ENSG00000055118,0.8213547901230839,0.8239997852468729,0.0
ENSG00000272661,0.0021851882173715325,0.0037883535874177355,0.0
ENSG00000187260,0.0008351931127427306,0.0013868913687709742,0.0
ENSG00000239911,0.0003638744057447656,0.0006343559640740265,0.0
ENSG00000261455,0.1355373858424157,0.0672953027806393,0.0
ENSG00000130226,1.263454152083938e-05,1.469172696134146e-06,0.0
ENSG00000214106,0.015212402132558093,0.01777758479998559,0.0
ENSG00000273183,0.004628397721821626,0.0043178638586619245,0.0
ENSG00000227365,0.003990985636565192,0.004608350436707015,0.0
ENSG00000228569,0.0011216243162581795,0.0008788851129669754,0.0
ENSG00000235029,0.00022217288369650679,0.00036144016439986556,0.0
ENSG00000269446,0.0012745687418487983,0.0007524316320229844,0.0
ENSG00000222012,0.0024648531873733264,0.0009090362593055382,0.0
ENSG00000233038,0.007390813780251808,0.0102023757311298,0.0
ENSG00000272839,5.014527904500095e-05,1.4563889898116675e-06,0.0
ENSG00000106018,0.005407290994795039,0.004319491471184329,0.0
ENSG00000226179,0.00041852796405034923,0.0004757920160255617,0.0
ENSG00000205755,0.00238813023980668,0.0014820839129359529,0.0
ENSG00000198223,0.008148855510114808,0.008078220720759234,0.0
ENSG00000185291,0.0028444121598457787,0.002006559244240775,0.0
ENSG00000182162,0.0014103764895395665,0.000464272616245863,0.0
ENSG00000002586,0.45599744040977314,0.9866705340992299,0.0
ENSG00000006756,0.0003722388051132406,0.00037745936908272,0.0
ENSG00000205662,0.008469849203116182,0.0061248200338410675,0.0
ENSG00000205642,0.0018540016432518054,0.002583208746030662,0.0
ENSG00000196664,0.0016960768053880942,0.0015507299994309705,0.0
ENSG00000205542,10.010182916007905,10.820625608954789,0.0
ENSG00000187268,0.004025006119962462,0.004985032557404027,0.0
ENSG00000212663,2.908717351682713e-05,1.1471328422135022e-06,0.0
ENSG00000102048,0.001900816165162714,0.004284666420676971,0.0
ENSG00000102010,0.0008140361570143437,0.00023911806604027554,0.0
ENSG00000147003,0.00046253832120240264,0.0005354282334851378,0.0
ENSG00000182287,0.017185802562342277,0.013231357458537174,0.0
ENSG00000238178,0.0002611126035132048,0.00024649152306235975,0.0
ENSG00000131831,0.0028458563195189585,0.0006418331480291874,0.0
ENSG00000177324,0.006843145051754165,0.008609445494739024,0.0
ENSG00000008086,0.0037821670441556855,0.004451162622149591,0.0
ENSG00000173698,0.007072530127053565,0.007753500999958028,0.0
ENSG00000102174,0.0017611757286416926,0.0016515186235544622,0.0
ENSG00000165186,8.719197821229002e-05,0.00025092873951141275,0.0
ENSG00000123131,1.1768687594217624,0.9392045656681366,0.0
ENSG00000233785,0.0007382671455662248,0.0012487105568415738,0.0
ENSG00000130066,0.01536526251554829,0.05219833417268486,0.0
ENSG00000130741,1.0475155046261584,1.0134436927878767,0.0
ENSG00000102230,2.7129925752259072e-05,0.00019275579341280995,0.0
ENSG00000004848,5.267449036852075e-05,9.506039356346636e-06,0.0
ENSG00000099399,0.004170545035270941,0.00490478243190887,0.0
ENSG00000120280,0.007708931231653008,0.007713271531113958,0.0
ENSG00000198947,0.005470070296277695,0.004298250982757227,0.0
ENSG00000047597,0.005725498786491039,0.0002185525880568189,0.0
ENSG00000165168,0.010275386748281932,0.008145814762036642,0.0
ENSG00000165169,0.00026441296577338103,0.0017301858035666333,0.0
ENSG00000101955,0.0009613875178149355,0.0008052725897092503,0.0
ENSG00000165175,0.04320517705550389,0.09442983965074687,0.0
ENSG00000235304,0.0013385034610721496,0.0010926261912429106,0.0
ENSG00000236393,0.005273913966212747,0.005461415334535136,0.0
ENSG00000223714,0.002348045179947718,0.0014025808417681572,0.0
ENSG00000171659,4.224322421415364e-06,2.1090268481216693e-05,0.0
ENSG00000171657,0.0074659903508477315,0.011959896944930125,0.0
ENSG00000069535,0.0032590571697782337,0.0030746659489667766,0.0
ENSG00000147113,0.0005624853971665287,0.0004344342755664725,0.0
ENSG00000102265,0.16145867221955634,0.33351007325410864,0.0
ENSG00000126759,0.0003114110673518542,0.0014649909662688943,0.0
ENSG00000267064,0.0059434920260704625,0.005596181912349021,0.0
ENSG00000232828,0.0014373881700789981,0.0008395305428082213,0.0
ENSG00000187682,0.00016139328703889327,0.0005103707051864931,0.0
ENSG00000102096,0.19747174924129537,0.363552495965168,0.0
ENSG00000102007,0.13725082112829204,0.10552488658171338,0.0
ENSG00000102003,0.010462564608733172,0.015080651572203365,0.0
ENSG00000224659,0.002371097926277583,0.0042350161798614915,0.0
ENSG00000158352,0.007313684610814417,0.006923666319173732,0.0
ENSG00000226530,0.00016112894912601947,0.00024709129484197864,0.0
ENSG00000179222,0.00167781784725741,0.0020231189340558244,0.0
ENSG00000204363,0.0015683031558842092,0.002354533010287343,0.0
ENSG00000268350,1.5576032110464733e-05,0.000361321365271151,0.0
ENSG00000102316,0.0059416532773078,0.013362763071841687,0.0
ENSG00000067445,0.00413644816650468,0.003633625499272101,0.0
ENSG00000158578,0.08809855626350527,0.07158886726798341,0.0
ENSG00000158639,0.0011425905029860857,0.0023038826502007207,0.0
ENSG00000204272,0.22093596311279803,0.12438476505059742,0.0
ENSG00000147065,0.30803680838566655,0.44498677808785964,0.0
ENSG00000274536,0.03853636057341311,0.08326274359267027,0.0
ENSG00000155659,0.01635655403480687,0.009297906460815852,0.0
ENSG00000089472,0.0548710209464642,0.12043198087787711,0.0
ENSG00000169083,0.00045131793816878784,0.0001471478918455173,0.0
ENSG00000089289,0.24944251515448085,0.09008686500327853,0.0
ENSG00000184481,0.0005350069626812102,5.492062133389988e-05,0.0
ENSG00000147168,0.0008880581588621378,0.00023309167602960623,0.0
ENSG00000147174,5.8001856239856296e-06,3.822762967117815e-05,0.0
ENSG00000281852,0.00015072267023997425,0.00024650254254677075,0.0
ENSG00000242732,0.007579771219615061,0.005923317668572405,0.0
ENSG00000198034,14.005727854892955,14.021867428083592,0.0
ENSG00000125931,0.006706086390075048,0.0067434302457729245,0.0
ENSG00000229807,0.5494279471048523,0.698025390538883,0.0
ENSG00000230590,0.0011470596020463977,9.013798561469558e-06,0.0
ENSG00000050030,4.242996342070895e-05,1.9477171205217887e-05,0.0
ENSG00000226784,0.005064406005165145,0.005405246320210405,0.0
ENSG00000173198,0.0027713887790106503,0.0037363167323827815,0.0
ENSG00000147145,0.001731937297420812,0.0020892723221741663,0.0
ENSG00000131171,0.17153899005476664,0.08762485829071695,0.0
ENSG00000072133,1.2173054354007115e-05,1.2660890888381281e-05,0.0
ENSG00000184788,0.0014218758050276638,0.0006695563839173938,0.0
ENSG00000102271,0.00033067200497365436,8.742747512458336e-05,0.0
ENSG00000153779,0.0005722183548089335,0.0016056806930001414,0.0
ENSG00000204086,0.004386019904728874,0.00323487845095233,0.0
ENSG00000007952,0.0002860643095841407,0.000188653159523318,0.0
ENSG00000126950,0.0005178521273406556,0.00023501897427771762,0.0
ENSG00000010671,0.06248772105679507,0.1647824868642324,0.0
ENSG00000102401,0.03825812645927402,0.032235074369109065,0.0
ENSG00000166432,0.0027106284259336734,0.003869844995770313,0.0
ENSG00000147206,7.574205397774787e-05,4.005348815776552e-05,0.0
ENSG00000204065,0.0002843855890634303,1.678513043792447e-05,0.0
ENSG00000133134,0.16929678765377867,0.2208495719604801,0.0
ENSG00000185222,1.3962108803136686,1.0203007446307968,0.0
ENSG00000172476,0.004648973777153726,0.004546182181478655,0.0
ENSG00000123570,2.405831303394549e-05,0.00022882278546829018,0.0
ENSG00000123569,0.00907187808515137,0.008087860572141703,0.0
ENSG00000269226,0.00018131848242798328,0.0002571428068503269,0.0
ENSG00000080572,0.01002131126687126,0.00884446327957121,0.0
ENSG00000147234,9.827114048505896e-05,0.0003477107204182062,0.0
ENSG00000157514,0.000487811107788432,2.466388516028553e-05,0.0
ENSG00000068366,0.0022553671202442914,9.816869944661227e-05,0.0
ENSG00000243978,3.717899063711418e-06,5.273672810612465e-05,0.0
ENSG00000230392,0.003081291339811462,0.003585105282663965,0.0
ENSG00000258545,0.006723809757147814,0.0038699471806901884,0.0
ENSG00000203989,0.00013943797888824614,0.0011620686492424105,0.0
ENSG00000228139,0.00615916151244239,0.006507632680678049,0.0
ENSG00000125355,0.00426062418533076,0.0033103403682723195,0.0
ENSG00000101892,0.0013528337549902356,0.0008914774972799185,0.0
ENSG00000005893,0.006303100234994527,0.016398456038864785,0.0
ENSG00000282419,0.001996649147285521,0.0022087436795870585,0.0
ENSG00000009694,0.004279134328236106,0.004779005245699455,0.0
ENSG00000225689,0.0010337056870988203,0.001056799433519268,0.0
ENSG00000122122,0.0031372381142579435,0.003377667071727072,0.0
ENSG00000085185,0.008183412650270807,0.017857735337070246,0.0
ENSG00000134594,0.004380236316807473,0.004889030462911058,0.0
ENSG00000165694,0.0018081410797038595,0.0021433606429435204,0.0
ENSG00000232160,0.00017666201757127902,1.4218958663107873e-05,0.0
ENSG00000183434,0.005227944765507692,0.006622445858531237,0.0
ENSG00000227060,0.004317878943890862,0.003080887766384651,0.0
ENSG00000229015,0.0011695157194246057,0.002999776585812134,0.0
ENSG00000178947,0.0009261319087604659,0.0004285751999414908,0.0
ENSG00000268940,0.0002692041478183855,0.0009228095477869597,0.0
ENSG00000269096,5.207973230102024e-07,3.1945545750493266e-05,0.0
ENSG00000022267,0.0006130793395925988,0.0009891126349963406,0.0
ENSG00000129675,0.0023914394211292608,0.02178594967286758,0.0
ENSG00000232611,0.0008302946494619708,6.320952103985054e-05,0.0
ENSG00000134595,0.012150051986994917,0.009489848381834167,0.0
ENSG00000196406,0.005992049308709106,0.0055465681647763965,0.0
ENSG00000046774,0.004499547878098044,0.002071754677521201,0.0
ENSG00000010404,0.012564527382663216,0.003475392650717036,0.0
ENSG00000238039,0.0003245346834295476,0.00012725587173842464,0.0
ENSG00000241769,6.12626241403854e-05,0.00023479016465124264,0.0
ENSG00000267978,0.00014493311799679875,4.478238930243233e-05,0.0
ENSG00000185247,0.0004261900127303204,2.1963705932973738e-05,0.0
ENSG00000224871,0.0006975032754964999,0.0003511618911149358,0.0
ENSG00000214915,0.000784245227529724,0.0011041311884282172,0.0
ENSG00000166049,0.000336240517815823,0.00012341856891608251,0.0
ENSG00000229967,0.0003211773298843987,0.0007884331704671003,0.0
ENSG00000102287,0.0008008884584553879,0.0013008442937389685,0.0
ENSG00000268089,0.003036940684440218,0.0024408846631268893,0.0
ENSG00000268606,0.0007270536902800689,0.0005185656407285053,0.0
ENSG00000198883,0.004558746730034233,0.0036222081971899397,0.0
ENSG00000273877,7.2986533829997096e-06,7.704832922660594e-05,0.0
ENSG00000214897,0.0007501127398089517,0.0005969719049255101,0.0
ENSG00000130829,0.011617788796609888,0.028308290683513263,0.0
ENSG00000089820,0.007336959521659682,0.005329222365650064,0.0
ENSG00000102032,0.03029527475637792,0.04565418693073808,0.0
ENSG00000007350,0.00034268441531570674,0.00035421323601722587,0.0
ENSG00000231830,0.005250026857551307,0.004404399520696655,0.0
ENSG00000196924,0.008264154825950698,0.036507608970539326,0.0
ENSG00000147403,16.43609856558852,15.971363773759306,0.0
ENSG00000280195,0.0004272703018619494,0.0007061799518404284,0.0
ENSG00000197180,0.0004736033531054374,9.665854804161465e-05,0.0
ENSG00000071553,0.034437351591794334,0.031799143843825706,0.0
ENSG00000160211,0.002210778067414313,0.0019282112049224301,0.0
ENSG00000160219,0.0009612731184756812,5.6485385291344306e-05,0.0
ENSG00000203870,0.0002261190636920792,0.00011890253471024728,0.0
ENSG00000155962,0.0007922381627686293,0.0018069106197183679,0.0
ENSG00000224533,0.0001969519075901505,0.0006702488885596512,0.0
ENSG00000124334,0.0008451479732316672,0.0005197563291315156,0.0
ENSG00000253896,0.004935955743041589,0.0030222434161819756,0.0
ENSG00000282021,0.0013635074858718507,0.0007899433316116051,0.0
ENSG00000036448,0.00028710023381157106,0.00016505937074518705,0.0
ENSG00000253444,0.0008895822229994606,0.001410784765366693,0.0
ENSG00000091879,0.0004531794782140899,0.00041051744487048734,0.0
ENSG00000173281,0.006334004178782666,0.0024352392249402405,0.0
ENSG00000171060,0.011973304247187594,0.01298115664326279,0.0
ENSG00000253695,0.0006698215983512673,0.0003401586915696877,0.0
ENSG00000154319,0.0025385588528157536,0.00366905693465009,0.0
ENSG00000255394,0.0009138544328657451,0.0003951364769391114,0.0
ENSG00000255046,0.004208153647696521,0.0036966235620419135,0.0
ENSG00000164733,0.19449958300371903,0.10686223890725298,0.0
ENSG00000250305,0.006802401734405525,0.005442647794465887,0.0
ENSG00000185053,0.008956967805625644,0.007203753204981097,0.0
ENSG00000104723,0.1387726293749519,0.06960374747465169,0.0
ENSG00000003989,0.0025268744916699722,0.0014737179304693871,0.0
ENSG00000129422,0.0012068937283301186,0.001152029247482493,0.0
ENSG00000104763,0.1361120863528745,0.18820614327306934,0.0
ENSG00000147443,0.021880561736475772,0.002397442704905242,0.0
ENSG00000158856,0.0006013787651541495,0.0005065275140106211,0.0
ENSG00000168490,0.000366332984130962,0.00013737165556815159,0.0
ENSG00000179388,0.00039137393122008545,0.0004823509998420504,0.0
ENSG00000134020,0.004634738081977966,0.003767287645650636,0.0
ENSG00000173530,0.0001715205759288714,2.7173687953485105e-05,0.0
ENSG00000134013,0.0004295576064236931,0.0002821258463807764,0.0
ENSG00000147454,0.41146923382800626,0.8586313989818171,0.0
ENSG00000167034,0.018456607089245312,0.003798683490894092,0.0
ENSG00000159167,5.772904979418543e-05,5.7384978800368215e-06,0.0
ENSG00000042980,0.0006436934770750642,0.0006257542331511911,0.0
ENSG00000104722,0.00024577235652583165,0.0004990344560008096,0.0
ENSG00000221818,0.007369772311179856,0.009627387089977327,0.0
ENSG00000104765,0.42029011203022437,0.23877161614860884,0.0
ENSG00000240694,0.0015307801463773736,0.001653915530050324,0.0
ENSG00000092964,0.004061043703630804,0.05104920356362187,0.0
ENSG00000015592,0.007256097548403772,0.00671202399519061,0.0
ENSG00000120899,0.001727579321298356,0.007876448611494427,0.0
ENSG00000120903,0.006212956493350822,0.006086123795956273,0.0
ENSG00000120885,0.4958689102004445,0.4630056243474411,0.0
ENSG00000168081,0.004226628688259173,0.0049642092636854535,0.0
ENSG00000254034,0.0005381434006658433,0.0002843106332427632,0.0
ENSG00000253490,0.00012979252354696,0.0002922200640409845,0.0
ENSG00000271869,0.014777945726400978,0.005218219470056818,0.0
ENSG00000133874,0.0025856195097145084,0.0020473805777647433,0.0
ENSG00000133878,0.0008066507350415206,0.0012033582600726898,0.0
ENSG00000254194,0.005576789192344089,0.003330495867549404,0.0
ENSG00000253108,0.00016390772747774262,0.00055795416812465,0.0
ENSG00000183154,0.0009348408714655904,0.0019037491065789012,0.0
ENSG00000156675,0.25098929314222135,0.027014591763605312,0.0
ENSG00000188778,0.002296210727066551,0.0017930907600481106,0.0
ENSG00000196166,0.004322670555928065,0.00414979819457563,0.0
ENSG00000147526,0.049105849505396586,0.05885700511825942,0.0
ENSG00000169499,0.0031210670594655505,0.03197999660225828,0.0
ENSG00000169495,0.0013628466725283707,0.0009062146670508602,0.0
ENSG00000176907,0.0017979882907747779,0.0017202316996667855,0.0
ENSG00000165061,0.00047347552991707295,0.0011702561950730239,0.0
ENSG00000104332,0.0017899805985357327,0.002291390282841335,0.0
ENSG00000104368,0.0005210151579482651,4.1991897959126894e-05,0.0
ENSG00000253408,0.0005650127879185382,0.0010559038516187338,0.0
ENSG00000254165,0.003902497162503022,0.004739342185601514,0.0
ENSG00000147434,0.00484407019866541,0.003810960081333365,0.0
ENSG00000221869,0.01860650467144072,0.004488550574884639,0.0
ENSG00000168333,0.0012114890679293714,0.0005281651468792473,0.0
ENSG00000253474,1.763646416045491e-06,0.000325314090185733,0.0
ENSG00000272076,0.0013177514137716689,0.0006369076891183495,0.0
ENSG00000168300,0.00023848163261153675,5.4008299088483176e-06,0.0
ENSG00000272024,0.003778633872449594,0.0033346447510000645,0.0
ENSG00000206579,0.004516389158585395,0.006519200051594393,0.0
ENSG00000253614,0.0036365796660743216,0.004612398303571668,0.0
ENSG00000253376,0.0013010478164161158,0.0009364571251986148,0.0
ENSG00000137575,0.15277906249634157,0.09888007506955009,0.0
ENSG00000198846,0.002015475860556284,0.0019758616197608305,0.0
ENSG00000228862,1.0963493123002742e-05,3.535011594753455e-05,0.0
ENSG00000254432,8.773064542445808e-05,0.00018090965489139907,0.0
ENSG00000254777,0.005231822753745175,0.003931590925445907,0.0
ENSG00000254802,5.1851402844353194e-05,2.967891878519232e-07,0.0
ENSG00000198363,1.5447681848416205e-05,7.189710233320969e-05,0.0
ENSG00000246145,0.0002583897164264266,0.0014733373867649518,0.0
ENSG00000147576,0.0011080233865503452,0.0010502222633622695,0.0
ENSG00000169085,0.003106954541171659,0.00433967711353828,0.0
ENSG00000278888,4.0518321381030804e-05,8.244836381107822e-07,0.0
ENSG00000182674,0.0004685511722880711,0.0009687683739075147,0.0
ENSG00000274443,0.011425868195771162,0.015418385252946696,0.0
ENSG00000147604,16.299095054548776,16.15054674941546,0.0
ENSG00000121039,0.002661741107104745,0.0037098237372356303,0.0
ENSG00000104343,0.014398600059501564,0.03638345278736343,0.0
ENSG00000154589,0.003659225693704801,0.0023574390136431606,0.0
ENSG00000254288,0.001134564151148276,0.0008546946878645323,0.0
ENSG00000249395,0.018736384166412635,0.03569214243341876,0.0
ENSG00000164749,0.00015224175392179588,3.631943916393047e-05,0.0
ENSG00000104435,0.0006573591388023044,0.0005402727898485642,0.0
ENSG00000164683,0.0010435393824138129,0.0034363077468524215,0.0
ENSG00000272138,0.002855287779961972,0.002154556488869603,0.0
ENSG00000205189,0.023292007884016717,0.0012621897423554097,0.0
ENSG00000076641,0.0006414196056249294,0.0018887441541335166,0.0
ENSG00000253214,6.83196567286016e-05,0.0005622848259331029,0.0
ENSG00000164687,0.6769058804520028,0.34475753847594903,0.0
ENSG00000254689,0.003814530705810693,0.003286470255262085,0.0
ENSG00000184672,0.0037056652160606524,0.002358465459596724,0.0
ENSG00000260493,0.006217718456031416,0.0029457775081385236,0.0
ENSG00000104267,0.0005909138436149278,0.0005507769811410141,0.0
ENSG00000170289,9.409847664979896e-05,0.0002579997554756591,0.0
ENSG00000253171,0.0010603359807444524,0.001336554490656778,0.0
ENSG00000271156,0.0016201154834438465,0.0016915109964605022,0.0
ENSG00000104327,0.0005254509269041678,0.0005205707078161806,0.0
ENSG00000123119,1.1033153980244114e-05,0.0001519279219088871,0.0
ENSG00000155099,0.006520265769702463,0.005793726306361717,0.0
ENSG00000079102,0.001446264115951419,0.0025982442490708937,0.0
ENSG00000253848,8.204481419061266e-05,0.00033597156417356725,0.0
ENSG00000264448,0.0005939988562549672,8.576687297790789e-05,0.0
ENSG00000261437,0.0009190810274312257,0.0009055079758797381,0.0
ENSG00000164938,0.008016017007353542,0.003868514122399003,0.0
ENSG00000253872,0.0012575414347329584,0.001249325790770522,0.0
ENSG00000169439,0.001592628656743064,0.0007010480707685295,0.0
ENSG00000104324,0.012255144240161539,0.005289489335817434,0.0
ENSG00000104341,3.100871631774122,2.8704044399712303,0.0
ENSG00000132561,0.0004081021654207201,0.0027582580190183732,0.0
ENSG00000164920,1.9140794951464773e-06,0.0031251094786690125,0.0
ENSG00000229625,0.00320735898279702,0.002747408784482128,0.0
ENSG00000156509,0.00014213872183989102,0.0003467848631761309,0.0
ENSG00000248599,0.0007688828159180955,0.0024873794853539355,0.0
ENSG00000271882,0.0015017484220016602,0.0011351358945392584,0.0
ENSG00000104490,0.00017292802910314964,0.0006042553895602072,0.0
ENSG00000246263,0.0013812676140666246,0.0018573351924848994,0.0
ENSG00000272037,0.0014298010582662892,0.0011361581267444892,0.0
ENSG00000155090,0.0009228270673893767,0.0006626538288740714,0.0
ENSG00000253669,0.0010883624736495528,0.0008744601223121777,0.0
ENSG00000254281,0.0002565280088138606,0.00014028867991291657,0.0
ENSG00000164929,0.00012567080323413267,0.00068958930654158,0.0
ENSG00000164930,0.0016040378749220272,0.0014169318036669192,0.0
ENSG00000164934,0.04617437533721737,0.022790671447002454,0.0
ENSG00000147647,0.003626126173299853,0.002592121182866346,0.0
ENSG00000147650,0.0050928846956543785,0.0004178143209091678,0.0
ENSG00000253582,0.00010843340344538112,0.0001851263435306773,0.0
ENSG00000104408,2.8037975356183016,3.4762968178302764,0.0
ENSG00000164841,0.0012256939940710392,0.0014743884658062305,0.0
ENSG00000164796,0.0021122132243346792,0.0022035509856450086,0.0
ENSG00000225885,0.0005071027075831392,0.0001724511023991514,0.0
ENSG00000254343,0.0014158990640463622,0.0014815742844562672,0.0
ENSG00000187955,0.004449635721394425,0.005249682440665595,0.0
ENSG00000253619,0.0011363360951800333,0.0006078022031506523,0.0
ENSG00000253819,0.002443895564918511,0.001767726040845059,0.0
ENSG00000147689,0.16106525012886622,0.19912646799649847,0.0
ENSG00000156802,0.4513412415152528,0.2787030288017009,0.0
ENSG00000156804,0.0029076880080410746,0.0012023022848016698,0.0
ENSG00000253227,0.00021930902864741685,5.281282034022313e-05,0.0
ENSG00000253513,0.0015949656724896272,0.0010459234015740082,0.0
ENSG00000104549,0.5558143198341875,0.6281289068845187,0.0
ENSG00000173334,0.001142517996038109,1.5471879420638187e-05,0.0
ENSG00000253111,0.0034776943295461785,0.002375790202959754,0.0
ENSG00000244791,3.200300632678972e-05,1.977646531244852e-05,0.0
ENSG00000168672,0.0007365565652732565,0.00032106420245351167,0.0
ENSG00000246228,0.000992238055262341,0.0028871605827555666,0.0
ENSG00000136997,0.7784253081821846,0.40039846533953366,0.0
ENSG00000165071,0.004293269840744188,0.006138004335481452,0.0
ENSG00000155926,0.0038001633228664468,0.004306294037657907,0.0
ENSG00000104419,2.537172943403124e-05,6.559323880826512e-05,0.0
ENSG00000253988,0.0025280435458552,0.001335716203577538,0.0
ENSG00000147724,0.0016816956618523856,0.0006946430278224159,0.0
ENSG00000254258,7.201034380193132e-05,3.4024614263643895e-05,0.0
ENSG00000105339,0.0016245307054669447,0.0015443227887013376,0.0
ENSG00000254291,0.0014037612211267227,0.0010914240612086578,0.0
ENSG00000204882,0.0003916807894685827,2.1132021738315023e-05,0.0
ENSG00000271959,0.003903321030438952,0.003873688729147933,0.0
ENSG00000261693,0.00029009344177871946,2.2422233873774003e-06,0.0
ENSG00000198576,0.00019658216774104474,0.0008458090746909251,0.0
ENSG00000160932,1.7680157741413205,2.2757115929239307,0.0
ENSG00000254859,0.0010862110535922133,0.0005828602422403552,0.0
ENSG00000254812,0.0004393002128534916,0.001457456859068707,0.0
ENSG00000254548,0.0016636347034163597,0.0018036077322675147,0.0
ENSG00000254973,2.5724285329255943e-05,4.679566256931245e-05,0.0
ENSG00000214733,0.0013688178397257608,0.0017984312444465807,0.0
ENSG00000261150,0.000959284545156778,0.0007135620360902292,0.0
ENSG00000178685,0.0033655021247220723,0.001374670539210109,0.0
ENSG00000265393,0.00015230059908181501,0.000989204044640357,0.0
ENSG00000227155,0.001470839940821222,0.0014843704540548372,0.0
ENSG00000173253,7.710809412428921e-05,1.0463345527458057e-05,0.0
ENSG00000254017,0.00026526291174248646,9.324836788979912e-06,0.0
ENSG00000225489,5.8337956691126934e-05,0.0003282935421233609,0.0
ENSG00000273056,0.004237888197935623,0.002391172217082434,0.0
ENSG00000231902,0.001835205894124656,0.002413113289195935,0.0
ENSG00000044459,0.009160493553530805,0.014610611742675358,0.0
ENSG00000273226,0.002737233506899822,0.0025620663553636886,0.0
ENSG00000137154,16.19279596840171,16.617281786102577,0.0
ENSG00000233906,0.0125942483948951,0.010932840075691704,0.0
ENSG00000237414,0.0004417771307325595,0.00014073672390650535,0.0
ENSG00000107201,0.008329307417059603,0.0024312061147450806,0.0
ENSG00000086061,1.363095536709862,1.2855914571578368,0.0
ENSG00000086062,0.004240072080643868,0.014144162031473645,0.0
ENSG00000122711,0.005107632834831757,0.005449357757131923,0.0
ENSG00000260947,0.0003657120406112095,0.00020266755799216567,0.0
ENSG00000010438,1.7310779454788144e-07,1.3165041421687413e-05,0.0
ENSG00000228352,0.0019113532164128698,0.000845308805657482,0.0
ENSG00000122733,0.005542653177360166,0.005478347907728655,0.0
ENSG00000005238,0.000204047370353564,1.9174548471346956e-05,0.0
ENSG00000215187,0.0008446142086292662,0.000988965354482173,0.0
ENSG00000137101,0.0007654672316511337,9.927222814476845e-05,0.0
ENSG00000227933,0.0003151636921267679,0.00015838225476962802,0.0
ENSG00000137076,0.27822475696328136,0.25813744440053676,0.0
ENSG00000137098,0.0034181847986503627,0.005029334597771852,0.0
ENSG00000204930,0.000240181335500856,0.00020646683732963847,0.0
ENSG00000122707,0.0023961005365331395,0.00492940807602427,0.0
ENSG00000122705,1.003924189127587,1.032655978776665,0.0
ENSG00000196092,0.0027003952467333867,0.0008172874549793791,0.0
ENSG00000276500,0.006081219606983754,0.005453893932913346,0.0
ENSG00000277260,0.005891249648881981,0.0037430765668665087,0.0
ENSG00000229311,0.004857838382518125,0.005411825184019847,0.0
ENSG00000274516,0.002989910528983879,0.002893335323721829,0.0
ENSG00000231248,0.003970660492298295,0.00298849219999997,0.0
ENSG00000235659,0.00073740271946049,0.002108595439254841,0.0
ENSG00000231212,0.0005928970994557849,0.0004728922189937816,0.0
ENSG00000226007,0.0005076572906891836,0.000645133233164688,0.0
ENSG00000278849,0.0008146941361350532,0.0015717913790456357,0.0
ENSG00000274349,0.0055844406292391985,0.008525713258038041,0.0
ENSG00000276348,0.00015576531121364043,1.767316425320138e-05,0.0
ENSG00000233178,0.0010236867200172396,0.00013983770210886147,0.0
ENSG00000236733,0.004090655328880628,0.003165293229725274,0.0
ENSG00000278910,0.0017722414133174902,0.001273512391306221,0.0
ENSG00000165072,8.474452213241574e-05,0.0011635225577377112,0.0
ENSG00000235523,0.0037539819374103308,0.005214889763384412,0.0
ENSG00000165092,0.0014440939936659412,0.0019150147010228678,0.0
ENSG00000135046,8.214099242692636e-07,3.2386748453211434e-08,0.0
ENSG00000119121,0.00033668152740019884,0.000171531594703129,0.0
ENSG00000135002,0.006518769754113059,0.0144969087554473,0.0
ENSG00000156049,0.0009463818707967358,0.001369267966619195,0.0
ENSG00000106829,1.137881802670826e-05,0.012322399924221567,0.0
ENSG00000267559,0.0037758009097238303,0.003240846498481194,0.0
ENSG00000229109,0.00045382644134339255,0.0005869723692603302,0.0
ENSG00000148057,0.0006821306673681388,0.0009930914646675987,0.0
ENSG00000227463,0.0012057371786067658,0.0008884680692732486,0.0
ENSG00000197506,0.002336852020869737,0.0038482201244096105,0.0
ENSG00000180447,0.005035753375671489,0.006189442647978583,0.0
ENSG00000135047,0.15599636043812762,0.49270589353404687,0.0
ENSG00000156345,0.0003834104446339923,5.3063271402356565e-06,0.0
ENSG00000130045,0.002262723487868986,0.0009293650039719102,0.0
ENSG00000123975,1.1425509275662815,0.8910700113062615,0.0
ENSG00000130222,0.004373788531248353,0.0070947870408668845,0.0
ENSG00000165025,5.4169764342516135e-05,3.916510634326863e-05,0.0
ENSG00000230537,0.0007220777475640161,0.000688654203101675,0.0
ENSG00000233081,4.092332767935129e-05,0.0003507603118813556,0.0
ENSG00000279007,5.552043737750853e-05,9.046595735471263e-05,0.0
ENSG00000106809,0.001295921284127451,0.0014936830923987935,0.0
ENSG00000127084,0.0005923686226375345,0.0004707423612934431,0.0
ENSG00000157303,0.013231237073905534,0.0168764224791302,0.0
ENSG00000223446,0.00012966159711358226,0.0009800769971203924,0.0
ENSG00000131669,0.011965376857931562,0.0056507550041311454,0.0
ENSG00000227603,0.002558787831733385,0.0014098069836231998,0.0
ENSG00000231990,1.6970348779366454e-05,2.7609411867477172e-05,0.0
ENSG00000131668,0.00044363677796261004,9.94334031722158e-05,0.0
ENSG00000235601,0.0038793866082358673,0.0033672304026605496,0.0
ENSG00000269946,0.00010318983890462016,0.0002861958133830603,0.0
ENSG00000165140,0.013497622608769685,0.01484069725974112,0.0
ENSG00000271384,0.00043861334908894094,3.8621353881566413e-05,0.0
ENSG00000188152,0.017352767878658543,0.017270128083559447,0.0
ENSG00000203279,0.002459087919914304,0.00484528076131853,0.0
ENSG00000136929,0.06533324648600237,0.03444120128901115,0.0
ENSG00000267026,9.39614766282582e-05,4.83399219702056e-05,0.0
ENSG00000204291,0.0035950269540452467,0.0048454722475839915,0.0
ENSG00000270412,0.001462700261049472,0.000570621401753505,0.0
ENSG00000271086,0.0026065042990229634,0.001520938489226403,0.0
ENSG00000198785,2.5860944907301336e-05,0.00020418741445228525,0.0
ENSG00000165028,0.007059362680591483,0.0017685555778535222,0.0
ENSG00000165029,0.0025598278417225456,0.0026928312201802643,0.0
ENSG00000226334,0.001083193902624364,0.0008557164072504656,0.0
ENSG00000070214,0.014101008736377155,0.03207719716755951,0.0
ENSG00000228317,0.00014304161470208502,7.242309613270754e-05,0.0
ENSG00000186051,6.16379167868599e-05,7.453965946194393e-05,0.0
ENSG00000234323,2.558863085344486e-05,1.7694957999630115e-05,0.0
ENSG00000234229,0.0005991480519814999,0.0004712271826549113,0.0
ENSG00000136826,0.0018356829960186833,0.0018367949947532213,0.0
ENSG00000260230,0.00042511067575490643,2.841413038137846e-05,0.0
ENSG00000165124,0.0003352810210977971,0.000185558941050377,0.0
ENSG00000173258,0.00011096184253010463,0.0003433726092948631,0.0
ENSG00000225684,1.936964136633726e-05,0.0007061807004981638,0.0
ENSG00000136867,4.225967085774808e-06,0.0012114759718870071,0.0
ENSG00000227482,0.005745243124674763,0.004014103903262561,0.0
ENSG00000196739,0.005265679163019726,0.003183471582032135,0.0
ENSG00000229314,0.0003778729557106808,9.73208142138562e-06,0.0
ENSG00000228278,0.0020674234082991593,0.001751378938179657,0.0
ENSG00000106948,0.005394781494817143,0.007309804933264818,0.0
ENSG00000235119,0.0006947629985752031,0.00037758346359435905,0.0
ENSG00000181634,0.00011967501254148704,2.7198632352901632e-05,0.0
ENSG00000041982,0.0005031422622110195,0.0014741365960263854,0.0
ENSG00000182752,0.0005029142047052747,0.0024105875505182547,0.0
ENSG00000136869,0.0008559109208325066,0.0035016663721821857,0.0
ENSG00000228512,0.0012743050058734032,0.0010027273221286529,0.0
ENSG00000106780,0.006464977525104476,0.0012953390764034456,0.0
ENSG00000226752,0.2559975374289468,0.15901070460784578,0.0
ENSG00000119403,1.8070236496000536,1.5328075700841264,0.0
ENSG00000056558,0.003951943499054819,0.003832782592071789,0.0
ENSG00000119397,0.027346545503151094,0.012867190891437449,0.0
ENSG00000148180,0.0019799259394739244,0.00039845787634161625,0.0
ENSG00000235865,0.005508994847628729,0.005605206424097953,0.0
ENSG00000148175,0.004077054748127466,0.004588355241545163,0.0
ENSG00000185681,0.0014884268327822127,0.0013884553186333374,0.0
ENSG00000095303,6.723579331532125e-06,0.003266234687030737,0.0
ENSG00000233616,7.826585922311572e-05,0.0001237901665836589,0.0
ENSG00000229245,0.0011119291951733005,0.002167219950820241,0.0
ENSG00000188394,1.9873441028807683e-05,0.00018999797829721154,0.0
ENSG00000044574,0.489417554854239,0.21280934612441071,0.0
ENSG00000167094,0.002295152030982626,0.003121018008618129,0.0
ENSG00000095370,0.0003033920661649724,6.588038356603696e-05,0.0
ENSG00000106991,0.0017129785905389161,0.0008825969171424686,0.0
ENSG00000167103,0.0009692092761666693,0.0010683761783794742,0.0
ENSG00000197694,0.01652658966021856,0.0024988148276294947,0.0
ENSG00000234705,7.737265652642208e-06,0.00012077133453461999,0.0
ENSG00000119335,7.5796310491797785,6.781064013137127,0.0
ENSG00000160446,0.34901814897975597,0.13572813978340006,0.0
ENSG00000095321,0.0011781502747044076,3.432786903018707e-05,0.0
ENSG00000188483,4.1068001788453616e-06,7.088989100682015e-06,0.0
ENSG00000268050,3.171609256410949e-05,3.824845781789639e-06,0.0
ENSG00000179082,0.0026739572483033412,0.002950920752815647,0.0
ENSG00000230676,0.0023742192762545326,0.002891582606708384,0.0
ENSG00000261334,0.004306883487083277,0.0018165918532697702,0.0
ENSG00000239353,0.0006006943940797899,0.00011090068185540714,0.0
ENSG00000227619,0.00022132191484447992,0.00012772870371544388,0.0
ENSG00000179058,0.00039920293928292225,4.253185277376724e-05,0.0
ENSG00000236024,0.0028776353928144922,0.0024341997625154277,0.0
ENSG00000148344,0.0004004721482410193,0.0008601629220268843,0.0
ENSG00000136878,0.7377391800295372,0.3346636181445163,0.0
ENSG00000187239,0.04797215221068654,0.02382549879386917,0.0
ENSG00000270755,0.0002122355145880514,5.2038987432990536e-05,0.0
ENSG00000148357,3.874270918007712e-05,1.2099893426076919e-05,0.0
ENSG00000050555,2.2898893866142278e-05,0.00013260865046584605,0.0
ENSG00000246851,0.3411219577916196,0.5209243121248565,0.0
ENSG00000230289,0.0008244659887387231,0.0014942055720918628,0.0
ENSG00000196358,1.8928374291682818e-05,2.9813896093621256e-05,0.0
ENSG00000125492,0.0044470126558791,0.002911409862159485,0.0
ENSG00000165695,0.08588977001418162,0.04259205983377492,0.0
ENSG00000171102,4.819078647358105e-05,5.8705425894992736e-05,0.0
ENSG00000160323,0.00040599536915693975,0.0005377528712611948,0.0
ENSG00000160326,0.00398576859517039,0.008151667942098593,0.0
ENSG00000123453,0.0014986839405700377,0.00044877627122516875,0.0
ENSG00000273473,0.00016854722314406053,0.00017383381953120768,0.0
ENSG00000228877,0.0007161803709734224,0.0005394614831731465,0.0
ENSG00000085265,0.002839059394984737,0.0039571770153429935,0.0
ENSG00000122136,0.00517981591752337,0.004900270562069674,0.0
ENSG00000122133,0.015935598378321716,0.014786591189105268,0.0
ENSG00000237886,0.012118733328805878,0.011954840543270687,0.0
ENSG00000213213,0.0011706342957653814,2.222858476666392e-05,0.0
ENSG00000169583,0.015133176569051318,0.013139772935891643,0.0
ENSG00000180539,0.00019007088526331757,0.00035285825223940943,0.0
ENSG00000180549,0.004057805188047874,0.003841909854862759,0.0
ENSG00000236394,0.0004445173497143558,0.0001828534401714659,0.0
ENSG00000198569,1.8406358179968947e-05,0.0001290602039391298,0.0
ENSG00000188229,0.471251663146724,0.4982778506661294,0.0
ENSG00000197768,0.0005058842493413052,0.0003396825557007172,0.0
ENSG00000188747,0.0018299365375511272,0.0006839447503026756,0.0
ENSG00000188833,0.006513031981676302,0.004756308978214545,0.0
ENSG00000177947,0.010848231252210211,0.007298383355535449,0.0
ENSG00000254559,0.0019791726960254052,0.0021409300876999372,0.0
ENSG00000185201,0.5707346974729949,0.9080920387831161,0.0
ENSG00000142089,6.485577464878734e-06,5.662476684046083e-05,0.0
ENSG00000255237,0.000815405881087023,0.0009408868293891856,0.0
ENSG00000185507,0.0004023323281232153,0.0004872186099681174,0.0
ENSG00000099834,0.0002708965351875439,0.00011785970173774719,0.0
ENSG00000255108,0.0004941407225211842,0.0001288840115455885,0.0
ENSG00000254872,0.0010063890126608885,0.0006127554735887025,0.0
ENSG00000184545,0.0010455428516970003,0.0011824721595541559,0.0
ENSG00000233930,0.00012551453940918753,2.303481762347217e-06,0.0
ENSG00000244242,0.00010046136114898642,3.6899884486429424e-05,0.0
ENSG00000149043,0.0015382856389488692,0.0023786492199461672,0.0
ENSG00000130598,0.00308686333152031,0.006145072066574124,0.0
ENSG00000130592,0.004258314476766543,0.0001096840478695041,0.0
ENSG00000130595,0.00016280514126188776,0.00010890133387356331,0.0
ENSG00000167244,0.0032353361270337382,0.004137830313594135,0.0
ENSG00000110665,0.0013031231063536988,0.00011501496634063976,0.0
ENSG00000064201,0.0037588634836625335,0.0009227279055916748,0.0
ENSG00000070985,0.00014632178456667032,0.0004379831616213148,0.0
ENSG00000053918,0.0001558809410715882,3.91397029857161e-05,0.0
ENSG00000269821,0.025558944599718074,0.009115007229296888,0.0
ENSG00000229414,0.003990272963300807,0.0028548550015372954,0.0
ENSG00000237941,0.003418346721261096,0.006078065626659595,0.0
ENSG00000129757,0.06185869945001484,0.020437693231016133,0.0
ENSG00000110628,1.4503625350262282e-05,4.2538240516163435e-05,0.0
ENSG00000181649,0.005889650857416129,0.012103320918260968,0.0
ENSG00000236301,0.0019787326236281335,0.001300201767087077,0.0
ENSG00000177105,0.08323368930693917,0.0909639523302311,0.0
ENSG00000180785,0.0003835879138711745,0.0003930481018546249,0.0
ENSG00000167332,0.0001210500023714895,0.0006802482064827537,0.0
ENSG00000244734,0.0057260448747128495,0.005600790314430853,0.0
ENSG00000223609,0.025792244214867137,0.1036348592813623,0.0
ENSG00000213934,0.8889241336762771,0.8508527553787555,0.0
ENSG00000196565,3.6923654696210515,3.5604620919186054,0.0
ENSG00000213931,0.00963098617990539,0.01073087487353988,0.0
ENSG00000183251,0.0009375208742013077,0.00027368194993350866,0.0
ENSG00000175518,9.744192167702011e-05,0.0002808124058468892,0.0
ENSG00000239920,0.00011082704192384351,2.6504065106269946e-05,0.0
ENSG00000121236,0.004416971275474344,0.000996367746081023,0.0
ENSG00000132256,1.7875079713747397e-06,1.359385067137613e-05,0.0
ENSG00000132274,0.0005482611647935137,0.0015771238812302502,0.0
ENSG00000166311,0.012952961505597846,0.0014171787120269444,0.0
ENSG00000254400,0.0010805391175000832,0.0009002271760637226,0.0
ENSG00000166340,0.044343029536635103,0.029352194594796564,0.0
ENSG00000166387,0.0003490611619702501,0.0001557944460571541,0.0
ENSG00000254860,0.004057686180783813,0.003582524922391414,0.0
ENSG00000133789,0.000735277475592662,0.009297405229966858,0.0
ENSG00000254554,4.29106016616412e-05,1.2757376541220052e-05,0.0
ENSG00000148926,0.0009367673478913011,0.0012575925023277246,0.0
ENSG00000255823,0.5247458565097531,0.3778139002954909,0.0
ENSG00000177112,3.2869136852465317e-06,2.3768101903938765e-08,0.0
ENSG00000133800,3.017619088718938e-06,5.3408167805349546e-05,0.0
ENSG00000247271,0.00136433001902272,0.00285566636201414,0.0
ENSG00000050165,0.005537079269090508,0.004028066299056036,0.0
ENSG00000254486,3.268072533192192e-05,0.00010604214469229482,0.0
ENSG00000110693,0.004798108766288709,0.004730454769493708,0.0
ENSG00000070081,0.02527077334622458,0.061328499802816044,0.0
ENSG00000006611,0.0010983482866574507,0.0007989289496277268,0.0
ENSG00000188162,0.001957031405154204,0.002481569047168588,0.0
ENSG00000129159,0.0047520093938060145,0.004899870798284659,0.0
ENSG00000134333,1.7891185810438148,1.7623851593439785,0.0
ENSG00000166796,3.068923180382734e-05,2.7418921350694588e-05,0.0
ENSG00000129170,0.0076179954546019505,0.00551864306863624,0.0
ENSG00000270607,0.00023967891258816848,1.2186431035054459e-05,0.0
ENSG00000148935,0.0018213603559264083,0.0041401867796660025,0.0
ENSG00000198168,0.6382227187506804,1.0672072265665726,0.0
ENSG00000246225,3.2632084629379915e-06,6.248748504162599e-05,0.0
ENSG00000255418,0.0017946247344213303,0.0012817993316384469,0.0
ENSG00000255243,7.925638791519236e-05,1.1644348818197244e-06,0.0
ENSG00000148942,0.00080308069095317,0.0006401463557106357,0.0
ENSG00000245573,0.00026903339390865245,0.0006932777412904363,0.0
ENSG00000255029,0.0037146428033046747,0.002622558992622119,0.0
ENSG00000066382,0.0005817879632090911,0.001331891882764355,0.0
ENSG00000228061,0.00989010130312474,0.013869705640427568,0.0
ENSG00000135378,0.007896962951206314,0.005913733504868811,0.0
ENSG00000280798,0.00030896974306643117,0.0011722249154908634,0.0
ENSG00000255202,0.004344261319132508,0.002709518731883823,0.0
ENSG00000085063,0.10725428401192044,0.0994290630702527,0.0
ENSG00000135363,0.26892702526256934,0.37327580534494936,0.0
ENSG00000121691,0.00236662339559947,0.008994388738119306,0.0
ENSG00000135373,0.0011143402532368023,0.0012754011977167267,0.0
ENSG00000026508,0.006578558635285753,0.006925200010768632,0.0
ENSG00000110436,0.00038984078173864,7.306875749114811e-05,0.0
ENSG00000149090,4.526832171864096e-05,0.0001826931006842603,0.0
ENSG00000175097,0.00039456796166233697,9.688178962717633e-05,0.0
ENSG00000187479,0.0031892639050447764,0.003351405318933594,0.0
ENSG00000085117,1.5215192695853925e-05,0.0002414622010906299,0.0
ENSG00000255092,0.007045784611941618,0.00502281968487974,0.0
ENSG00000019505,0.002692883403296889,0.0017406441906751538,0.0
ENSG00000205106,0.0026284464555287584,0.0033036145280808077,0.0
ENSG00000255447,2.615958453122374e-05,5.875078190669143e-06,0.0
ENSG00000255007,0.0006523631800404252,7.712515985852922e-06,0.0
ENSG00000110492,0.42494937093678103,0.7319882371394472,0.0
ENSG00000134571,0.0015894822147197007,0.000639014568455986,0.0
ENSG00000066336,0.0019804608787427178,0.040667518873819454,0.0
ENSG00000165917,0.0003687605431115262,0.0005688649090276829,0.0
ENSG00000196666,0.013788401858281889,0.012922503084225927,0.0
ENSG00000172247,0.00037390949211576477,0.0008949998126239304,0.0
ENSG00000165923,0.0010007131129205447,0.0006095912017727073,0.0
ENSG00000183908,0.02162587289362302,0.021551429392381628,0.0
ENSG00000109991,3.8717742371725334e-05,0.00032373863099617345,0.0
ENSG00000156575,7.534872979364127e-05,3.540271776631246e-06,0.0
ENSG00000186652,0.0005757596868046259,0.0016490705542215609,0.0
ENSG00000214872,0.0005273937519460737,0.0014788824016148533,0.0
ENSG00000149131,0.04349218729782212,0.08402737437447672,0.0
ENSG00000166793,0.00015933202885242198,0.0003267717498907236,0.0
ENSG00000110031,5.625122964911324e-06,1.9880161807918334e-05,0.0
ENSG00000149124,0.0020277041535325907,0.001163180602189078,0.0
ENSG00000245571,0.000660119903133895,5.537822466666942e-05,0.0
ENSG00000166801,0.0005549363423965854,0.004029735764148725,0.0
ENSG00000134827,3.5530206112411325e-06,1.270834366048718e-07,0.0
ENSG00000149516,0.0029693268288251574,5.978755352816783e-06,0.0
ENSG00000149534,0.0003009604379139398,8.476453912013176e-05,0.0
ENSG00000214787,0.006319687750461631,0.005397839215493146,0.0
ENSG00000110079,0.04458928924364787,0.05698980583886665,0.0
ENSG00000183134,0.0023460696443881185,0.0037844701645949226,0.0
ENSG00000110446,0.00013926297146218426,0.0035555750600555036,0.0
ENSG00000229859,1.3085152362851403e-05,1.6901486447011906e-05,0.0
ENSG00000229183,0.0015653655952313486,0.0030705728488498625,0.0
ENSG00000256713,0.003214011297532748,0.004060397944573316,0.0
ENSG00000149476,0.021021404958841968,0.0429625471683945,0.0
ENSG00000162148,0.00010512596026464117,4.506589898500741e-06,0.0
ENSG00000149485,0.24673729755595533,0.267450688016902,0.0
ENSG00000167996,17.845787080008858,19.07484487055853,0.0
ENSG00000124935,0.002032874101464822,0.0016786959398741104,0.0
ENSG00000255118,0.00025688462911545,6.37243675133382e-05,0.0
ENSG00000256690,0.002102532894907209,0.0005955235291449521,0.0
ENSG00000168003,0.07259353186280985,0.1032883867041145,0.0
ENSG00000257002,0.0065313580988620975,0.006114011737082081,0.0
ENSG00000184999,0.003529236114035179,0.004445790522709204,0.0
ENSG00000196600,0.0006293646243351655,0.0011561920866586537,0.0
ENSG00000168004,0.002858524698774744,0.0035208734503304217,0.0
ENSG00000133317,0.003116852721118696,0.004024713502666111,0.0
ENSG00000133321,0.0007018331283298199,0.0013682933909557825,0.0
ENSG00000133328,0.0027848024694937636,0.002979679340237172,0.0
ENSG00000176485,0.0172967443242229,0.0208000437547572,0.0
ENSG00000110011,0.014708194041997427,0.05178145656936861,0.0
ENSG00000182450,0.0015149226169516418,0.0006587851141503267,0.0
ENSG00000126432,2.482382513233599,3.116181659810554,0.0
ENSG00000236935,5.234870833509278e-06,3.9875491639068344e-05,0.0
ENSG00000168065,3.818686584439274e-06,0.00019898033179561927,0.0
ENSG00000110046,0.050633430963495124,0.08189226332319069,0.0
ENSG00000068971,1.666540165902405e-05,0.0008031256808148474,0.0
ENSG00000149735,0.0013128025673416707,0.00026716636453935774,0.0
ENSG00000168060,0.001582999693993347,0.00023596650744799844,0.0
ENSG00000149809,0.02971606321599703,0.005757844276755242,0.0
ENSG00000254614,0.006076605328003839,0.004962938974098983,0.0
ENSG00000173825,0.005521495790278347,0.008720391298595176,0.0
ENSG00000255478,0.00027622786462410304,0.0006647862425387017,0.0
ENSG00000162241,0.006715503515884617,0.00815679374346994,0.0
ENSG00000245532,2.9252484226832505,3.977614987918398,0.0
ENSG00000173727,0.011674369277689261,0.00027585501146016786,0.0
ENSG00000251562,26.418354913034616,25.974815032064264,0.0
ENSG00000279576,0.007184083658829919,0.004080983287212965,0.0
ENSG00000172818,0.0005210559664086751,0.0002624316948512498,0.0
ENSG00000255120,0.006162085698667866,0.007884067551311935,0.0
ENSG00000255404,0.001283068079174355,0.0005033960648495486,0.0
ENSG00000172638,7.039922347751755e-05,5.273734736984554e-05,0.0
ENSG00000172543,0.003332701191520849,0.004955703000795393,0.0
ENSG00000175294,0.0072467142680125675,0.009832914955148037,0.0
ENSG00000174807,0.00435903521363951,0.0039609500386202,0.0
ENSG00000182791,7.456029087180532e-08,8.32424678383191e-05,0.0
ENSG00000173992,0.038405044684167396,0.07346798258323323,0.0
ENSG00000173227,0.00021487199181497948,0.00022166783723089582,0.0
ENSG00000175482,0.0006711499420919431,0.0009007438431594334,0.0
ENSG00000175463,0.005549175854331726,0.007700538129287054,0.0
ENSG00000172725,0.07311799177754941,0.1002419041030297,0.0
ENSG00000175544,0.0024902525003636967,0.0017820946976186346,0.0
ENSG00000084207,5.945994169578639,6.069429083557593,0.0
ENSG00000132746,5.869040120982643e-07,8.438752027134513e-05,0.0
ENSG00000006534,0.0020757318558799974,0.0009191669252384421,0.0
ENSG00000255306,0.014089993177546755,0.009223976003176681,0.0
ENSG00000255236,0.010262156716012733,0.010298076458408611,0.0
ENSG00000069482,2.100010788232729,1.4642043369612283,0.0
ENSG00000250508,0.0013525997015759903,0.0007126722740976503,0.0
ENSG00000259799,0.001148765577292202,0.0019879984133038945,0.0
ENSG00000172927,0.002987182257787496,0.0006979658923746693,0.0
ENSG00000162344,5.240654842168145e-05,0.00011634961576355655,0.0
ENSG00000226627,0.005751587125845316,0.004028053132693993,0.0
ENSG00000204571,0.00310668672006946,0.0029975918968775197,0.0
ENSG00000110203,1.6124052933123823e-05,3.677017958040159e-05,0.0
ENSG00000204971,1.9550077332269197e-05,0.0001089311844566529,0.0
ENSG00000110195,0.0009624408698234239,1.9212477649138563e-05,0.0
ENSG00000227467,0.0014669767688450849,0.002055265183374374,0.0
ENSG00000186642,0.0010377881794310416,0.0016148613342473169,0.0
ENSG00000256007,0.0011206212869037564,0.0014106674944630165,0.0
ENSG00000168010,0.0009238698856749636,0.000950311413913382,0.0
ENSG00000256568,0.0018108583958202065,0.0009792818004831457,0.0
ENSG00000175591,0.0007038297893202676,8.114929001239453e-05,0.0
ENSG00000171631,0.00010933989059839564,0.0002601241306264389,0.0
ENSG00000257038,0.0022116370763106998,0.0014396653103800096,0.0
ENSG00000110237,0.00021694247527348585,0.0016705369837739857,0.0
ENSG00000021300,0.0013287040800100617,0.0015690388317202279,0.0
ENSG00000175567,0.23130769646934332,0.19806819747820084,0.0
ENSG00000175538,0.0026583774893414484,0.021799175973176717,0.0
ENSG00000254928,0.0002519966264125918,0.0003927454217479927,0.0
ENSG00000054938,0.005569401410449378,0.00655175470591364,0.0
ENSG00000137491,0.0035043548533363923,0.00419706846242238,0.0
ENSG00000261594,0.0007527839070146416,0.00021367041405401536,0.0
ENSG00000149273,19.33942721867133,19.531826957470248,0.0
ENSG00000255326,0.00040529116545029117,0.0005557961396819643,0.0
ENSG00000166391,0.00030451246380103463,1.4712445245651943e-07,0.0
ENSG00000236304,0.0013074032877487042,0.002860124906592426,0.0
ENSG00000178301,1.7461563919328383e-05,1.578738939207741e-05,0.0
ENSG00000254459,0.0026656124104746954,0.003966714793431366,0.0
ENSG00000254649,0.0001148361363505109,0.00054902724137048,0.0
ENSG00000255084,0.0008674854799890254,0.0028607274816257588,0.0
ENSG00000150687,0.003922305293546587,0.007876276412573071,0.0
ENSG00000269895,0.0026150054583376353,0.0037066220372155047,0.0
ENSG00000246523,0.008763488996725976,0.008432670954552857,0.0
ENSG00000109861,0.45966211389457506,0.4618176368067386,0.0
ENSG00000255082,1.8705131586578573e-06,6.578225063688617e-05,0.0
ENSG00000077616,0.0016330529405180214,0.0034255596417631855,0.0
ENSG00000181333,0.0007234208057547563,0.00127948015468943,0.0
ENSG00000134627,0.00029922821033490175,0.0007449790238910583,0.0
ENSG00000255666,0.0032595444015304934,0.0030382488749231616,0.0
ENSG00000256469,0.006611607767426782,0.007086895410125804,0.0
ENSG00000149212,0.004708058930626354,0.005173701470512938,0.0
ENSG00000184384,0.0033006128230116563,0.0017839395311820654,0.0
ENSG00000149972,0.006111898512821825,0.005512578949154776,0.0
ENSG00000165895,0.0010105140961703498,0.000689561640334365,0.0
ENSG00000137691,0.0016389522810588925,0.0007560296732312558,0.0
ENSG00000023445,9.638425552458267e-06,7.112744812904369e-05,0.0
ENSG00000255337,0.0003504912430822533,0.00016309747112824282,0.0
ENSG00000149968,0.005809318132062214,0.00827451020270939,0.0
ENSG00000170962,0.002354388581876602,0.0031206318848585753,0.0
ENSG00000196954,0.00033868799484661644,0.0002636345003262306,0.0
ENSG00000137752,0.006462733099918575,0.004482045661034929,0.0
ENSG00000204397,0.00017820016670013289,0.00023516490831989377,0.0
ENSG00000110675,0.0033271661168628153,0.003047484980748677,0.0
ENSG00000196167,0.0006245711715974775,0.0012265465728995494,0.0
ENSG00000109846,0.028433062025842566,0.0278344303010901,0.0
ENSG00000150782,0.002181223499537797,0.001112609616812332,0.0
ENSG00000268472,1.2849971356069125e-06,0.00018964219400179148,0.0
ENSG00000254968,0.0003122990239650648,2.4845177611023352e-05,0.0
ENSG00000170209,0.0011386716004262182,0.0015882704955570049,0.0
ENSG00000109906,0.012845336239700415,0.0078017067081213,0.0
ENSG00000166741,7.49172343808472e-06,0.00010802041097191965,0.0
ENSG00000110245,0.002741263940372841,0.0026022649254809713,0.0
ENSG00000224077,9.260808830707939e-07,8.020400528251618e-05,0.0
ENSG00000137726,3.300154331302601e-05,8.63891096924155e-05,0.0
ENSG00000137747,0.0009235754058042915,0.0008122822837209665,0.0
ENSG00000110324,0.001045864074214363,0.001796219172829372,0.0
ENSG00000177098,0.008069820219347787,0.010549661108166415,0.0
ENSG00000160593,0.0006592901248083918,0.0015327110577720122,0.0
ENSG00000160588,0.004752549271597196,0.005118917649378377,0.0
ENSG00000149573,0.0020985804754478626,0.002040161793965947,0.0
ENSG00000167286,0.0010330386026100996,0.00015051044420263018,0.0
ENSG00000160654,0.0006232955580993994,0.0009868280242018666,0.0
ENSG00000118058,0.3218702471031001,0.3295167469088031,0.0
ENSG00000110375,0.0004897271873982174,0.002045152358862714,0.0
ENSG00000254428,0.0007810733496733944,0.0008827157112144274,0.0
ENSG00000160703,0.0006552394786602894,0.0013526730530322303,0.0
ENSG00000172367,0.005550976901219654,0.007090077445322491,0.0
ENSG00000110395,0.047301331488176994,0.0349576031721888,0.0
ENSG00000154096,8.661811998487946e-05,9.283544394183384e-06,0.0
ENSG00000110400,0.005327810858973871,0.005392291776248462,0.0
ENSG00000137699,0.0021959882907779775,0.0009366444077247014,0.0
ENSG00000137709,1.4320515480031244e-05,2.4783383952470484e-05,0.0
ENSG00000255219,0.00026457031673319197,0.0003501528003348031,0.0
ENSG00000154127,0.005152007263879336,0.0013494179456575162,0.0
ENSG00000109944,4.2782573777983864e-05,0.0002269425023227566,0.0
ENSG00000109971,2.2323294750664187,1.987053466692067,0.0
ENSG00000110002,1.8539033801404289e-06,9.920887878922759e-05,0.0
ENSG00000197849,0.0011528920526399109,0.0020243347658054894,0.0
ENSG00000197125,0.0003024012770983915,0.0005026864807884529,0.0
ENSG00000149564,0.017575956330903995,0.02029542443438139,0.0
ENSG00000245498,0.0002889545385575195,5.0861053514308e-05,0.0
ENSG00000149557,0.024684326514325887,0.01603576893923667,0.0
ENSG00000255537,1.0157878532007489e-05,0.00012861378168349996,0.0
ENSG00000196844,0.00031407395969252234,0.0005392494507820447,0.0
ENSG00000149571,0.00025012741828927485,0.00021500299742069378,0.0
ENSG00000134954,0.00019025773004492674,0.00030772596835583656,0.0
ENSG00000245008,0.002661786951915188,0.0014522345486133595,0.0
ENSG00000120471,0.0008518784618452501,0.0010570958700622214,0.0
ENSG00000281097,0.00045029499313456206,0.0007204544866139392,0.0
ENSG00000151715,0.005637165736829212,0.006628920550139233,0.0
ENSG00000084234,0.45254936297687043,0.5361633519578161,0.0
ENSG00000134917,0.0012780600223367003,0.0009574505024602248,0.0
ENSG00000182667,0.0006925363673021489,9.545740756327126e-05,0.0
ENSG00000204241,9.882085639411566e-06,8.773085750736793e-05,0.0
ENSG00000149328,0.0018623838689357602,0.0017638065606900366,0.0
ENSG00000109956,0.0002841075956648383,0.000873503204111448,0.0
ENSG00000185736,0.007795814917812065,0.005781239671548737,0.0
ENSG00000273001,0.0021374380925430524,0.0016295572784272073,0.0
ENSG00000227338,0.0002168919363844386,8.406174168760931e-05,0.0
ENSG00000067082,0.013384693631162408,0.0031459214272470124,0.0
ENSG00000198610,0.0007624757798928835,0.0005070516358364097,0.0
ENSG00000224034,0.0001886544155217489,0.0005135412355871121,0.0
ENSG00000242147,0.001170117585931742,0.00021429828791585948,0.0
ENSG00000226647,0.004159059864338646,0.0027181451388134806,0.0
ENSG00000134460,0.002236220862076083,0.0019854420933840917,0.0
ENSG00000212743,0.005042370940358742,0.0070013008503815605,0.0
ENSG00000234248,8.094194984543051e-05,1.2667390691289398e-05,0.0
ENSG00000123243,0.0023101746603966036,0.0013827180796646002,0.0
ENSG00000048740,0.9394419242800632,0.5663029666804041,0.0
ENSG00000230322,0.0021453573673761946,0.001949683775081554,0.0
ENSG00000228302,1.0507040756245695e-07,0.00018301833374716978,0.0
ENSG00000183049,0.0032669314924397078,0.0024430266363999645,0.0
ENSG00000123240,0.005564157556578074,0.002837642808479266,0.0
ENSG00000165623,0.0010957025825114736,0.00027970820679596386,0.0
ENSG00000065809,1.6771360397704895e-06,0.0011083954346385856,0.0
ENSG00000232739,0.0060165556097828005,0.003119241550769092,0.0
ENSG00000107611,0.00011175136580643272,0.00023758879839244976,0.0
ENSG00000026025,0.7753723079647828,0.7383126664944747,0.0
ENSG00000260589,0.027860034267680765,0.03676117798429274,0.0
ENSG00000233968,0.0015712462943851897,0.0008545324000459434,0.0
ENSG00000148450,0.02398959498570162,0.004808518419008064,0.0
ENSG00000165312,7.70569711800999e-06,1.7940466669558287e-05,0.0
ENSG00000077420,0.003014392217440624,0.0025344833341777993,0.0
ENSG00000236894,0.0011956359640420263,0.0006921466990727653,0.0
ENSG00000231976,0.0021722462459275362,0.0012406808865550417,0.0
ENSG00000232224,0.001656295990815495,0.0017513515386052012,0.0
ENSG00000262412,6.712400242561139e-05,3.349553328200055e-05,0.0
ENSG00000254635,0.03943684637466761,0.05958756332098065,0.0
ENSG00000204365,0.0008947185334539851,0.0013397117819719522,0.0
ENSG00000151033,0.0016749361123089695,0.0019091975389694282,0.0
ENSG00000148516,0.011711794680978013,0.007749193655932837,0.0
ENSG00000230534,0.0010212231244628742,0.0007803072575391585,0.0
ENSG00000095794,0.10860103288952946,0.09260239323409648,0.0
ENSG00000273312,0.0008777925631962629,0.0006541374830173015,0.0
ENSG00000280719,0.009472166588789827,0.012600117228505956,0.0
ENSG00000227313,0.005429311672506291,0.0070647120825914405,0.0
ENSG00000148513,0.0004269600814921793,0.00013316030414142646,0.0
ENSG00000236514,0.0005435612497933754,0.0025042611353217827,0.0
ENSG00000273008,0.0022165645622054288,0.0015052932926597142,0.0
ENSG00000150201,0.012142621823614773,0.01464329024309,0.0
ENSG00000230555,0.0019541310511422935,0.0041011639865374165,0.0
ENSG00000223910,0.002353795595136755,0.001304664445887449,0.0
ENSG00000107551,0.0003183710664879901,0.00027194327143486576,0.0
ENSG00000165507,0.00043969270464694257,0.002223080410541471,0.0
ENSG00000012779,0.0020586105422693546,0.001366518071871455,0.0
ENSG00000266412,0.19747428874125977,0.13596996282348342,0.0
ENSG00000204179,0.0009935016313025779,0.00042130799276189184,0.0
ENSG00000128815,0.005755543482622846,0.004096073196499721,0.0
ENSG00000243251,6.34595723455128e-05,1.7967460970640422e-05,0.0
ENSG00000178645,0.00036083665595425414,0.0006094415096951152,0.0
ENSG00000223502,0.004344314631657972,0.005336078266136909,0.0
ENSG00000165449,0.00042258642998315896,0.0013428193191906356,0.0
ENSG00000170312,0.41882402168922406,0.222514064942635,0.0
ENSG00000150347,0.0187774663557281,0.002115337992339913,0.0
ENSG00000122877,0.0002613103726744183,0.0011157228049785478,0.0
ENSG00000171988,0.03710721222878756,0.0750176750307915,0.0
ENSG00000272767,0.002292115405345812,0.0022852535447499683,0.0
ENSG00000224714,0.0003203297203264483,0.0008921179501352036,0.0
ENSG00000233590,0.00794842951741229,0.004327022192294225,0.0
ENSG00000165732,3.3640543613755973,3.146582700372448,0.0
ENSG00000122862,0.0019276863854846918,0.0008641143390229851,0.0
ENSG00000148734,0.0007676513177810551,0.000810325125138109,0.0
ENSG00000180644,0.0005295695207131919,0.00043493910772912804,0.0
ENSG00000107731,0.0022901930720117753,0.0035982250502074754,0.0
ENSG00000237512,0.005592121652295157,0.007065592361611521,0.0
ENSG00000107738,0.0011987310135066504,3.865351599032147e-09,0.0
ENSG00000197746,0.3662337408241967,0.4694084285846034,0.0
ENSG00000122863,0.0023220814241029755,0.0017084247178839192,0.0
ENSG00000107742,0.0030933039601898286,0.0025508862752022,0.0
ENSG00000168209,0.0002845172621981397,0.003704556742739207,0.0
ENSG00000269926,5.026567468594673e-06,0.00013573022932192937,0.0
ENSG00000138308,0.0003560913317375755,0.00010417580366757065,0.0
ENSG00000156042,3.5279688977256254e-05,0.00026892060941612853,0.0
ENSG00000233144,0.0005244569042485691,0.000577243207847308,0.0
ENSG00000177791,0.011020581213202579,0.012939909015214947,0.0
ENSG00000271848,0.0013315188573590935,0.0018562159192201198,0.0
ENSG00000214655,0.0033151317078039667,0.00262535563123969,0.0
ENSG00000122861,0.0016648144973503058,5.334163434388412e-06,0.0
ENSG00000035403,0.16544451949995387,0.10360856891528697,0.0
ENSG00000079393,0.009030291569415573,0.0028201233870083302,0.0
ENSG00000226051,0.001863274966851458,0.0010094049336488659,0.0
ENSG00000165655,0.0004976775226064609,0.0008844076755591505,0.0
ENSG00000272692,0.0006077045991309676,0.0023563057597843317,0.0
ENSG00000236842,0.0010651016394010856,0.000403716617725724,0.0
ENSG00000148655,0.03803468329413152,0.04645093791193093,0.0
ENSG00000228748,0.0038723397940911546,0.00494761237107301,0.0
ENSG00000224596,0.0010626092267390687,0.0009282235668314192,0.0
ENSG00000188199,4.306294568599565e-05,4.278120850209106e-05,0.0
ENSG00000178217,0.008649720309140642,0.0054331363186825195,0.0
ENSG00000271933,5.2137668383416395e-05,9.036480035242841e-06,0.0
ENSG00000229404,0.002594553131150595,0.0008319247840745553,0.0
ENSG00000122367,0.0015521596664895589,0.001510537904956459,0.0
ENSG00000173269,0.0017167351835133018,0.0023407792810081424,0.0
ENSG00000173267,0.015828922662133958,0.00834973793403665,0.0
ENSG00000148671,0.0019260442714734427,0.0017804795638029333,0.0
ENSG00000152766,0.0026701521164972726,0.003549698661578675,0.0
ENSG00000107796,0.001008232884422344,0.0022046321694844575,0.0
ENSG00000026103,0.006285075512903583,0.004951710877349087,0.0
ENSG00000119922,0.00572089285112346,0.003838715440652137,0.0
ENSG00000119917,0.006419630072994247,0.006770961812442795,0.0
ENSG00000204010,0.0003534603769805179,0.00040874203125393236,0.0
ENSG00000148680,0.0013850768342464482,0.001441554786244489,0.0
ENSG00000152804,0.3305489982411343,0.2650921373723366,0.0
ENSG00000186188,7.037325101168232e-05,0.0012945554354795636,0.0
ENSG00000119969,0.3263275281559835,0.18890634128031092,0.0
ENSG00000108242,1.9753597537487452e-05,3.238415521968774e-05,0.0
ENSG00000138185,6.0438663885560715e-06,2.434709791219688e-05,0.0
ENSG00000095585,0.00011934893671045971,0.0003407171304998179,0.0
ENSG00000241935,0.002552856180852625,0.001847564153465207,0.0
ENSG00000120057,0.000958473473704659,0.0007743220717611777,0.0
ENSG00000095713,0.0023075166617099576,0.0009212149637008167,0.0
ENSG00000119943,0.004162866695659514,0.006744268134327274,0.0
ENSG00000172987,0.00013534181756047017,5.799517287481706e-05,0.0
ENSG00000119946,1.9524633989081866e-05,5.406676812234418e-05,0.0
ENSG00000227695,0.0004579105977542661,0.00036159565674508245,0.0
ENSG00000107593,0.00017090152351318443,4.924927709766899e-06,0.0
ENSG00000119906,0.00023398447045417368,0.03172267039687372,0.0
ENSG00000237579,0.00022443362364125294,0.00046289391131418327,0.0
ENSG00000229649,0.0042869187108793205,0.007333224367618111,0.0
ENSG00000234699,0.0005656855069938714,8.367056459865764e-05,0.0
ENSG00000185933,0.0013658736142718303,0.0006765899070078004,0.0
ENSG00000183128,5.636884485764538e-05,0.0003872946160905218,0.0
ENSG00000231233,0.0003888534407316086,0.00013105038841237433,0.0
ENSG00000229981,0.0006306462750392701,0.0007321225046970565,0.0
ENSG00000148700,0.002202902900940837,0.001254112958898805,0.0
ENSG00000138166,1.5830934894968613e-05,0.0009298075361113051,0.0
ENSG00000232470,0.0005422084980510814,0.0011040172621078989,0.0
ENSG00000108061,0.06976246085271356,0.00862593710031341,0.0
ENSG00000197142,0.00746849053802904,0.00730990191763565,0.0
ENSG00000232934,0.005345218764338412,0.005973728756781053,0.0
ENSG00000043591,1.1631096541792936e-06,4.4329532124161875e-05,0.0
ENSG00000099204,0.0026819240832220365,0.002484605475707396,0.0
ENSG00000236799,0.002900887171048135,0.001477923570234115,0.0
ENSG00000225302,0.0027777646674757416,0.0014382224519240302,0.0
ENSG00000188316,0.0008206664250284216,0.0020464376615522174,0.0
ENSG00000229847,0.00010770912617085615,8.471532613392127e-05,0.0
ENSG00000231104,0.0015771864430457372,0.0009608034393091686,0.0
ENSG00000119979,0.08162055221777494,0.03992491598139469,0.0
ENSG00000203805,0.004757123893944288,0.006816619486044581,0.0
ENSG00000271670,0.00016561385239192118,5.15469162715721e-07,0.0
ENSG00000066468,7.707207654737914e-05,3.4497747199262245e-06,0.0
ENSG00000226864,0.0019636295202704367,0.003596344399782393,0.0
ENSG00000276742,0.0013136087907092081,0.0012837739219772216,0.0
ENSG00000138162,0.0006505115823220256,0.0006561918764322442,0.0
ENSG00000138152,0.0006078177876871919,0.0010581728061877884,0.0
ENSG00000188620,0.0005143513951843423,0.0005262203847967036,0.0
ENSG00000230131,0.00109014558628107,0.0024615193447409846,0.0
ENSG00000182022,5.9975152186200685e-06,0.00031486278371460104,0.0
ENSG00000233334,4.905378677638218e-06,4.614477153765267e-06,0.0
ENSG00000236991,0.0005084349827240673,0.000993118803540304,0.0
ENSG00000154493,0.0004181668217556985,2.9599415645032284e-05,0.0
ENSG00000186766,0.000257283501455685,0.000559044585165692,0.0
ENSG00000132334,2.316179643634662e-05,6.862642499398541e-06,0.0
ENSG00000148773,0.33849472248768053,0.17289544175135263,0.0
ENSG00000280953,0.0033778959893704386,0.004047311855996747,0.0
ENSG00000176769,0.003583190754466489,0.003109424965045164,0.0
ENSG00000283095,5.978813600047816e-06,2.4379292965341103e-07,0.0
ENSG00000226900,2.4457511365286473e-05,0.00011685867810050645,0.0
ENSG00000171811,2.4177597494917166e-05,2.2559491583319e-05,0.0
ENSG00000171798,0.00026804408929491776,0.0003708378600712415,0.0
ENSG00000166917,2.141235634975674e-05,0.0009614101284981417,0.0
ENSG00000273980,0.0007848225086907918,6.915631475494761e-05,0.0
ENSG00000151651,0.003915783647291806,0.00921336749186609,0.0
ENSG00000165828,0.0032931097258799835,0.0036614684381642143,0.0
ENSG00000130643,3.94588011135412e-07,8.816525747313794e-05,0.0
ENSG00000256948,0.0019074921481523658,0.002785599433400806,0.0
ENSG00000249695,8.377007430056561e-05,0.00037570518754310187,0.0
ENSG00000010379,0.0010981690824573866,0.00014838722142435028,0.0
ENSG00000171823,0.0016532848233801053,0.0014262368342366739,0.0
ENSG00000151062,0.006792394996365996,0.005147128716487721,0.0
ENSG00000256706,0.002676811995794145,0.0037191636210634907,0.0
ENSG00000203593,0.0003530710868017708,0.00033852115093103985,0.0
ENSG00000256271,0.0005613638604182992,0.0012843282424396273,0.0
ENSG00000011105,0.0039815645478736995,0.003656118543899917,0.0
ENSG00000118972,0.0016377676441623184,0.0016873793769972057,0.0
ENSG00000111254,0.014453975485350485,0.00661045327622861,0.0
ENSG00000256790,0.0012117263406030401,0.0005927567726251752,0.0
ENSG00000256417,0.0020099214949320637,0.0017738513852023768,0.0
ENSG00000256146,0.00459227650345908,0.0014492721435016846,0.0
ENSG00000110799,0.0014871949752818395,0.0009826700360222385,0.0
ENSG00000010278,0.0033380895793681037,0.0016382812014036476,0.0
ENSG00000111319,0.0008096406074530188,5.02031792871116e-05,0.0
ENSG00000139192,0.0013274153868631134,0.0010740564168129942,0.0
ENSG00000276718,0.0018852812965827492,0.0022455661699053073,0.0
ENSG00000111640,9.962395801721321,9.772453041512845,0.0
ENSG00000010295,0.004110409677801439,0.005150711998343912,0.0
ENSG00000245667,9.252323475321168e-05,6.829886889474737e-05,0.0
ENSG00000184574,0.004349031982117364,2.2627753316908865e-05,0.0
ENSG00000111644,0.003983400833478767,0.00023651375525891188,0.0
ENSG00000269892,0.0016425278036174117,0.0003321255560872856,0.0
ENSG00000010610,0.003913304836845953,0.0018288135138083356,0.0
ENSG00000275703,0.0010518995220574758,0.0012524920043020043,0.0
ENSG00000111679,0.0065100192816300185,0.0034601176566261493,0.0
ENSG00000257084,0.0017962847448778655,0.0013240163190834167,0.0
ENSG00000139178,0.003343822122673374,0.00035349366526360237,0.0
ENSG00000276144,5.000520099128493e-05,0.0006361219287601451,0.0
ENSG00000111704,0.004978602694706596,0.002211913046935262,0.0
ENSG00000059804,0.04311589346177282,0.09472677833218338,0.0
ENSG00000171860,0.0023668997306769968,0.001373711819266218,0.0
ENSG00000111729,0.0026209735892446847,0.001772950666947327,0.0
ENSG00000205846,0.006179969906062236,0.011959664217303548,0.0
ENSG00000166527,0.00031804373513082655,0.00021232438698788578,0.0
ENSG00000166523,0.00036398876640276854,0.00036979809057205703,0.0
ENSG00000249790,0.0015919414760689342,0.0009109595093219601,0.0
ENSG00000166535,0.0007449072909384832,0.0009425845907269689,0.0
ENSG00000245105,0.005815001038895765,0.005541344848989787,0.0
ENSG00000175899,4.313319627699942e-06,4.915772555122423e-06,0.0
ENSG00000111796,0.00041359447672653936,0.0007480115816634988,0.0
ENSG00000110848,0.013409093334990574,0.010786138159679187,0.0
ENSG00000110852,0.01565812262570387,0.0010878472285374982,0.0
ENSG00000231560,0.0015357923773226259,0.0024200312832819157,0.0
ENSG00000173391,0.0014566367612683419,0.0011750932361583113,0.0
ENSG00000165685,0.0020707895142034662,0.0029930524203118725,0.0
ENSG00000139112,0.04967708660980807,0.05201225593577916,0.0
ENSG00000205810,0.0002858743067125536,0.0006989745428635053,0.0
ENSG00000134545,0.0002317830990314278,0.00044798946788357556,0.0
ENSG00000121381,0.00305953183144539,0.0011056653483744842,0.0
ENSG00000226761,0.0008168736969258085,0.0004548632394042239,0.0
ENSG00000247157,0.004765568418514604,0.005015876426444105,0.0
ENSG00000275963,0.006680543621060157,0.002491524574434619,0.0
ENSG00000111276,0.003910500351188934,0.004539756528689488,0.0
ENSG00000111305,0.010981472381391653,0.015766368464985813,0.0
ENSG00000134531,6.220119714573845e-05,4.0689525675029225e-05,0.0
ENSG00000214772,0.005374306311415777,0.004814420685837156,0.0
ENSG00000111339,3.603711128254448e-05,0.00029439438437544306,0.0
ENSG00000111341,0.00047698480170650805,0.00032991325258117325,0.0
ENSG00000139055,3.179259994046509e-05,0.0001711448605114333,0.0
ENSG00000111348,0.032203241648154704,0.02251684732733827,0.0
ENSG00000139053,0.0014414022106698384,0.0032181722759305424,0.0
ENSG00000151491,0.0024456375354804227,0.004054049114340567,0.0
ENSG00000111404,4.880695640885174e-05,0.00014654083892414946,0.0
ENSG00000139151,0.007586984997695654,0.006207759746394836,0.0
ENSG00000084453,0.0020506276868358453,0.0025752650304554222,0.0
ENSG00000121351,0.00015591235290930076,8.46395860586161e-05,0.0
ENSG00000111716,3.7574109902232964,3.7746052660375202,0.0
ENSG00000134532,0.00943408056604332,0.013901676594774419,0.0
ENSG00000226397,0.0004678452982208632,0.0009568941076326541,0.0
ENSG00000118308,0.0010096344995115837,0.012421277856569345,0.0
ENSG00000276842,0.0011083875377801778,0.0016503945806494867,0.0
ENSG00000274987,0.0016470326567279549,0.0014707412367605008,0.0
ENSG00000278743,0.00773299126969375,0.0060352745154215355,0.0
ENSG00000246695,0.0007303065352609971,7.369098394553183e-05,0.0
ENSG00000123095,0.0021079971344815126,0.00021574397238268634,0.0
ENSG00000123096,0.0045349439402297955,0.00469199769895313,0.0
ENSG00000123104,0.03255624153852615,0.0036375670493482073,0.0
ENSG00000247903,0.004970256652232623,0.006277458983032117,0.0
ENSG00000211455,0.0024924381534778767,0.0014124537671189488,0.0
ENSG00000248100,4.947167260811212e-08,0.00010318475271319672,0.0
ENSG00000256747,0.0018345697184317376,0.000737059330990785,0.0
ENSG00000087494,8.745538957857325e-05,0.0005165340945692663,0.0
ENSG00000257258,0.009318103781828013,0.006417014461436296,0.0
ENSG00000275278,6.67526519723401e-05,4.510222962285025e-05,0.0
ENSG00000275476,0.00735580794979454,0.006368588890595874,0.0
ENSG00000256232,0.001058586925880312,0.0008938840802637414,0.0
ENSG00000276900,0.0006170831110609396,0.002082257024345224,0.0
ENSG00000174718,0.041060766063297165,0.027126276547886633,0.0
ENSG00000276136,0.00019013211272063803,0.0005731948952857893,0.0
ENSG00000139132,0.0001474301879734291,5.5338002549000546e-05,0.0
ENSG00000110975,7.943001767206066e-05,5.0420832770994906e-06,0.0
ENSG00000245482,0.0008524518298295563,0.0003417834345829325,0.0
ENSG00000257239,0.0034265972390914263,0.00352015940686087,0.0
ENSG00000139174,2.7342421959883408e-06,4.202393147016557e-05,0.0
ENSG00000257225,0.00013524786332853872,0.00013614160373255798,0.0
ENSG00000257849,0.001972416105656443,0.0024345955393193677,0.0
ENSG00000257373,0.0008265084677416986,0.001100427575466057,0.0
ENSG00000173157,0.0016194567747285556,0.0014896984529108005,0.0
ENSG00000257657,0.0012023763981353773,0.00010959828158165478,0.0
ENSG00000134294,0.11575460731003132,0.20062999919186986,0.0
ENSG00000257261,0.0016867161442727303,0.004354116034277806,0.0
ENSG00000257496,7.50240537537028e-05,0.00014668185184897936,0.0
ENSG00000275481,3.9183884438722565e-07,2.4339563468114946e-05,0.0
ENSG00000139211,0.00016201265195970346,0.00018364454725219504,0.0
ENSG00000179715,0.0004977479421344901,0.00012162380296812741,0.0
ENSG00000205537,0.0035538710834087505,0.003951891436204982,0.0
ENSG00000139219,0.03997634676814658,0.04707138917314363,0.0
ENSG00000274124,0.001753352719266227,0.0025050134967671694,0.0
ENSG00000269514,8.843395832611924e-05,0.00018522643482700056,0.0
ENSG00000275228,0.0014875549619592027,0.0009366076537266221,0.0
ENSG00000187166,0.000218594290572061,0.00021908907068115765,0.0
ENSG00000273765,0.002504259929396937,0.0019475745941995566,0.0
ENSG00000177627,0.0008690061742986878,0.0002664375485835886,0.0
ENSG00000197376,1.3713457630752136e-05,8.644342071772066e-06,0.0
ENSG00000167531,0.002257587307071495,0.0024779026773004663,0.0
ENSG00000257660,0.0022745476336922038,0.0010273572374384764,0.0
ENSG00000172602,8.26645877603506e-08,3.4915048291740077e-07,0.0
ENSG00000123416,9.745916672405453,9.333292892566192,0.0
ENSG00000167552,0.009686003407810331,0.00797509661025041,0.0
ENSG00000167553,2.1815984361119205,1.6299145913124296,0.0
ENSG00000178401,0.004726804127162972,0.004249379843263464,0.0
ENSG00000135519,0.00012692639654966384,0.00026873629724892333,0.0
ENSG00000257964,0.00026569585270811596,0.0012051803250784326,0.0
ENSG00000135472,0.007668930745621991,0.007392272127989128,0.0
ENSG00000257771,7.977367548955716e-05,0.00018886559060363517,0.0
ENSG00000167580,0.0010514636855100891,0.00036952793992381947,0.0
ENSG00000086159,0.0010777520638635633,0.0014764844836569829,0.0
ENSG00000050405,0.011383410571953113,0.029459553750102993,0.0
ENSG00000185432,0.00559207329282068,0.011150883076335117,0.0
ENSG00000274797,0.004832608481332925,0.0018044899244682108,0.0
ENSG00000183283,0.15746123721538333,0.14805695117217346,0.0
ENSG00000110934,0.007189206697253782,0.004959949202582079,0.0
ENSG00000139610,0.00052611319070101,0.00023604630363435828,0.0
ENSG00000050438,0.00472463241288009,0.00202162983899645,0.0
ENSG00000260122,0.0006674160144963859,0.0001546072149374811,0.0
ENSG00000167612,0.0016708003482767046,0.0012839941424088613,0.0
ENSG00000139567,0.0010714830437624713,0.0009066141290932416,0.0
ENSG00000123358,0.0028634112488469185,0.0024232427641656985,0.0
ENSG00000259884,6.832252134430216e-05,0.000323921465673053,0.0
ENSG00000135480,0.0007634456963098095,0.000854549133158961,0.0
ENSG00000170442,0.0031251475761975324,0.002119265342607883,0.0
ENSG00000205426,0.0025708776652293296,0.003214240844296593,0.0
ENSG00000185640,0.0011927156432240322,0.0010063601326918195,0.0
ENSG00000170421,0.8637640833984807,0.63023381031793,0.0
ENSG00000111057,1.2891738431741069,1.2508774200477069,0.0
ENSG00000167779,0.0010145777545135827,0.005486806793197187,0.0
ENSG00000167780,0.004604286431096352,0.005084374899898791,0.0
ENSG00000139631,0.007684995733748653,0.008618208750191154,0.0
ENSG00000139626,0.0001082564146970633,0.00013626295008287468,0.0
ENSG00000123349,3.4723103987531934,4.067614882897222,0.0
ENSG00000257605,0.0011096298626176596,0.00224299620483458,0.0
ENSG00000135409,0.058265105665862287,0.12490028481213589,0.0
ENSG00000257550,0.0003491461229616149,0.0009637820254337938,0.0
ENSG00000012822,0.0009649308076529646,0.004607903913661514,0.0
ENSG00000260030,0.0012523595414400132,0.0007376190899462909,0.0
ENSG00000123364,0.007765644600453889,0.0032894247150986214,0.0
ENSG00000248265,0.001996074764883669,0.0020423770919846818,0.0
ENSG00000250432,0.0009375775793854833,0.0006644225387905863,0.0
ENSG00000283073,0.00032529519717099814,0.000490531965876701,0.0
ENSG00000260470,5.261610196133728e-05,6.356125273133778e-05,0.0
ENSG00000257596,0.0003252961336200191,0.0006745031582333202,0.0
ENSG00000258137,0.005922814682634323,0.005480714034888701,0.0
ENSG00000139572,0.001246208190094594,0.0025178707875705966,0.0
ENSG00000123338,0.08188793038053267,0.09152751781100889,0.0
ENSG00000123360,0.0012327905003471059,0.001173542062414617,0.0
ENSG00000172551,0.00011013402427317883,4.18136816720059e-06,0.0
ENSG00000185821,0.0007834048553410786,0.0016411158309438461,0.0
ENSG00000179695,0.00018975115417992338,9.579264141998814e-07,0.0
ENSG00000135404,3.234517309116736,3.714823603056999,0.0
ENSG00000123342,0.004859067137582436,0.005295586448768159,0.0
ENSG00000111540,0.05401171981234756,0.04431972157770942,0.0
ENSG00000092841,3.4390438431983394,4.240524295787022,0.0
ENSG00000170581,0.018232267656223173,0.002323882157599966,0.0
ENSG00000175336,0.006202893005071224,0.002569014637943244,0.0
ENSG00000166863,0.10242442539535877,0.04362628501833441,0.0
ENSG00000123384,0.0008693691109776193,0.0002733019848043745,0.0
ENSG00000185482,0.008770555319162827,0.03755570905386585,0.0
ENSG00000258001,0.0001927685476089159,0.00022676913939938492,0.0
ENSG00000139269,0.004301893511082924,0.0016882699457935416,0.0
ENSG00000123329,9.679689434441728e-05,0.0002570240222119208,0.0
ENSG00000175197,0.003705152611219461,0.02612205318818995,0.0
ENSG00000178498,0.0023271338481656656,0.0015016249121714827,0.0
ENSG00000135506,0.09189334632546238,0.03429672398924095,0.0
ENSG00000257953,0.00030380263169846366,0.0003782694114052318,0.0
ENSG00000245651,1.2577216435665297e-05,0.00029339857657903967,0.0
ENSG00000257698,0.14900182717244215,0.3316036785174073,0.0
ENSG00000139263,0.0016662262952705728,0.0014890004743732827,0.0
ENSG00000198673,0.010269140681175428,0.020055962989805554,0.0
ENSG00000249753,0.007766243585521541,0.004290434596329959,0.0
ENSG00000185306,0.0009878399990360992,0.0008172486530155071,0.0
ENSG00000256670,0.0009687188313547465,0.0016947909841864366,0.0
ENSG00000135677,0.0001417910939942145,0.0062960164074262115,0.0
ENSG00000215159,0.00013190668025652818,4.6578929136374624e-05,0.0
ENSG00000174099,0.010121771318550507,0.010840080610651729,0.0
ENSG00000250748,0.004828849085100854,0.002461050072214534,0.0
ENSG00000149948,0.0032848860794954414,0.003994687827847489,0.0
ENSG00000256248,0.005409947683822745,0.00514758902450456,0.0
ENSG00000251301,1.329414413488844e-06,0.0002394302653758668,0.0
ENSG00000247363,0.015208299152281002,0.01251135164456224,0.0
ENSG00000274979,0.007278186368312283,0.006785435559838138,0.0
ENSG00000090382,0.029894273089817236,0.028462755391933832,0.0
ENSG00000257764,0.006056850116007162,0.005592262579351395,0.0
ENSG00000247131,0.0003896529554459642,0.0003501136402142219,0.0
ENSG00000257454,0.008873552257207722,0.00855435977853484,0.0
ENSG00000139287,0.002013861083495334,0.002749972439450472,0.0
ENSG00000258123,0.00023984972185245486,0.0002521744949444234,0.0
ENSG00000257183,4.181289879433763e-07,4.373281129673474e-06,0.0
ENSG00000139278,0.0011140957581492065,0.000354109826137059,0.0
ENSG00000139289,0.00044451845912724455,0.00013579726888185764,0.0
ENSG00000257839,0.005008870277594759,0.006212308785953637,0.0
ENSG00000067798,0.004895465480496229,0.008018204344043003,0.0
ENSG00000258084,0.0002176272946249479,0.00021331318746052586,0.0
ENSG00000257474,3.49962322697407e-05,0.0001684885780022531,0.0
ENSG00000058272,0.12993641423049762,0.12464173425379896,0.0
ENSG00000257431,0.013182995349580404,0.012579923995820723,0.0
ENSG00000179104,0.009672834679184845,0.006549850796201754,0.0
ENSG00000133636,0.0012010007169374636,0.002392843305904807,0.0
ENSG00000259075,0.0010183889495451463,0.0008473978137929473,0.0
ENSG00000271614,0.022446894269701298,0.025865006443915692,0.0
ENSG00000139329,0.0012409675794974786,0.0011485290201084378,0.0
ENSG00000011465,0.004509021081366011,0.000251467572221337,0.0
ENSG00000277738,0.006969288998276428,0.0158298413081002,0.0
ENSG00000133639,0.7931633171134796,0.6001175018764244,0.0
ENSG00000245904,0.0009361590002781898,0.00573425535843462,0.0
ENSG00000257127,0.0013892912383384134,0.001350562241113757,0.0
ENSG00000205056,0.0011369129402210442,0.0019214309161438787,0.0
ENSG00000187510,0.004218094875547144,0.004565327954276013,0.0
ENSG00000257345,0.000703257259459875,0.0013974048642013313,0.0
ENSG00000257322,0.011806147105316382,0.0083095460216359,0.0
ENSG00000257746,0.008006657456199459,0.009721356495378336,0.0
ENSG00000257252,0.0012698921031220648,0.000596138833257834,0.0
ENSG00000120833,0.6613812556949019,0.63093280083254,0.0
ENSG00000258274,0.002656679208786826,0.003128729819801589,0.0
ENSG00000139344,0.005350481265536056,0.004149661107586997,0.0
ENSG00000084110,2.882274847930394e-05,6.0032316522816e-05,0.0
ENSG00000257878,0.0006057061558976866,0.0009029553788502385,0.0
ENSG00000257715,0.002156819611673089,0.0016459370720839554,0.0
ENSG00000245017,0.0019935028395830444,0.0009518126418289084,0.0
ENSG00000179520,0.011626015240909946,0.009926950771215064,0.0
ENSG00000274560,0.006438806671713922,0.008076864694250289,0.0
ENSG00000183395,0.003976933215363613,0.003562043976999684,0.0
ENSG00000017427,5.083063418523186e-05,3.730759379954201e-05,0.0
ENSG00000139352,0.00024656897812992055,3.940225848024384e-06,0.0
ENSG00000166598,1.2768043757106777,1.0579186490274681,0.0
ENSG00000120820,0.0013414392877566926,0.000465626793405285,0.0
ENSG00000257732,2.13448302032351e-05,8.081543212437282e-07,0.0
ENSG00000257886,2.044458546151773e-06,0.0005836184395951569,0.0
ENSG00000136026,0.00040769211297149677,0.00017371440257530607,0.0
ENSG00000277715,4.617969339956221e-05,9.284819646030131e-06,0.0
ENSG00000166046,0.003576822912235945,0.004416683138929898,0.0
ENSG00000110876,0.015527521700961541,0.006012573061066621,0.0
ENSG00000256262,0.0004593950366412331,0.0010961468678746388,0.0
ENSG00000277299,0.0019414781358860868,0.0019671677701224807,0.0
ENSG00000111229,1.714017951339285,2.898504395319539,0.0
ENSG00000122986,0.034828911917274635,0.007894466254652666,0.0
ENSG00000257595,0.0006488380114948512,0.00039687796933940574,0.0
ENSG00000111344,5.36027525529973e-06,0.00013557674623512035,0.0
ENSG00000139410,0.00023984317724782715,0.0016885994382032457,0.0
ENSG00000257935,0.002334068691386363,0.0014232345588926715,0.0
ENSG00000135111,0.004854331879497577,0.003951587950427613,0.0
ENSG00000275898,0.007009961247344127,0.007711781282412327,0.0
ENSG00000274554,0.00018526541520639693,1.0026357261292417e-06,0.0
ENSG00000088992,0.8691273016554006,0.8976046376163148,0.0
ENSG00000274859,0.0060918024471981825,0.00656814331310398,0.0
ENSG00000135090,0.8668067833600426,0.6384081828880777,0.0
ENSG00000270482,0.00011711838473710268,9.832885818451321e-05,0.0
ENSG00000139767,1.7948229746537063e-05,3.351468926042164e-05,0.0
ENSG00000152137,0.002977493115276448,0.001775577923751188,0.0
ENSG00000183273,0.0013327431298929822,0.002119835260544727,0.0
ENSG00000224982,1.9697037772408314e-07,7.627902649700201e-06,0.0
ENSG00000255692,0.003717916996330917,0.0017837463081487037,0.0
ENSG00000170890,0.0037551906342359748,0.0019544808336846927,0.0
ENSG00000257218,0.0043426505957010215,0.056137583070076776,0.0
ENSG00000088986,2.824735808598159,3.3835887191056906,0.0
ENSG00000135100,0.0025179491231424973,0.003213095383282802,0.0
ENSG00000135114,0.0017782384753317918,0.002238247670977759,0.0
ENSG00000089041,0.000516441045411173,0.001118556979687605,0.0
ENSG00000135124,0.009564712094414028,0.025540270096572712,0.0
ENSG00000258435,0.012555714546741262,0.009623823801996549,0.0
ENSG00000139714,0.0029415945542951094,0.006552893354705783,0.0
ENSG00000272849,0.004551816995023609,0.0037091120461779214,0.0
ENSG00000158113,0.0012238604322068088,0.00143486947280621,0.0
ENSG00000182782,8.693574318898792e-06,0.00016114723367547637,0.0
ENSG00000251497,0.0002362005143791857,0.0002452985956050253,0.0
ENSG00000255839,0.0026044896533504334,0.0012919201452212764,0.0
ENSG00000270028,0.0012437655978012419,0.0005559131231740876,0.0
ENSG00000250091,8.631644064068463e-07,0.00016427638376395338,0.0
ENSG00000150991,0.48193957836921136,0.5812824365855285,0.0
ENSG00000280634,0.0028545123302810282,0.00012503634136527852,0.0
ENSG00000249267,0.002128001176459694,0.0022154153705475667,0.0
ENSG00000256128,0.0010951413598413201,0.0004945587089246371,0.0
ENSG00000256193,0.00019094811528736123,6.4383446834005266e-06,0.0
ENSG00000249196,0.004409664091316518,0.0016068155582714574,0.0
ENSG00000111452,0.00020614499880764167,2.1721907836403594e-05,0.0
ENSG00000256204,8.465093839465044e-06,1.5143979147555427e-05,0.0
ENSG00000230294,0.0022443437650454074,0.0034854280904441405,0.0
ENSG00000256955,0.0011517555480953336,0.0011614278491822105,0.0
ENSG00000276693,0.001655032757774336,0.0013508446297659073,0.0
ENSG00000256576,0.0018102315662221202,0.0014256892953292627,0.0
ENSG00000182870,0.000806670077486918,2.0837933865473813e-06,0.0
ENSG00000277011,0.00036977871950736577,8.380047691881888e-05,0.0
ENSG00000274373,2.659147239356207e-05,6.648729327440959e-05,0.0
ENSG00000256632,0.0003447666012563011,5.476865251643652e-06,0.0
ENSG00000250790,0.004603196827749319,0.0028228197866582917,0.0
ENSG00000231358,0.0003705527454793249,0.0001075192372598771,0.0
ENSG00000198033,0.015645453993016558,0.012053591522183348,0.0
ENSG00000165475,0.0005521619781733863,0.0014555937355776021,0.0
ENSG00000224429,0.0028189779881047407,0.002998037707681832,0.0
ENSG00000276476,0.006320171442465959,0.004874631780391596,0.0
ENSG00000232977,0.0028529757376168402,0.0031030951374573373,0.0
ENSG00000127863,0.002041473352816602,0.002068564076848265,0.0
ENSG00000260509,0.00456605415921638,0.004278142048772797,0.0
ENSG00000132932,0.00014781200591895295,4.20731812283279e-06,0.0
ENSG00000132975,0.009626289913511171,0.008992028483120836,0.0
ENSG00000230641,0.0036330432835650567,0.003627664574815609,0.0
ENSG00000275294,0.0027144392437075562,0.0033437010084448916,0.0
ENSG00000165556,0.00341063350510207,0.001932461798306581,0.0
ENSG00000102755,0.0013513247179940907,0.002129672560514784,0.0
ENSG00000139508,0.00026806049602995363,0.00010619311264582613,0.0
ENSG00000236463,0.005010319278414816,0.005517233811496621,0.0
ENSG00000132965,0.004782616990013533,0.005799025489953495,0.0
ENSG00000224743,2.1463246834518802e-07,6.57918674406001e-05,0.0
ENSG00000236094,0.0011496667661609675,0.0006254406787948016,0.0
ENSG00000073910,0.0044463120023711155,0.00658704050844005,0.0
ENSG00000139597,0.00022800754834137514,0.0008246824055526897,0.0
ENSG00000244754,0.6214212006604247,0.5344112115176356,0.0
ENSG00000172915,0.0009518323238041451,0.000300590894373881,0.0
ENSG00000120693,0.003066698774954469,0.004160083619170099,0.0
ENSG00000133107,0.0018331673041851436,0.0023631333193321136,0.0
ENSG00000274317,1.8084693301975297e-05,8.513752367132082e-05,0.0
ENSG00000223685,4.5081638526794106e-05,1.8166831167129028e-05,0.0
ENSG00000236354,0.003107589677748134,0.003101175339873526,0.0
ENSG00000188811,0.004663787609925303,0.0828963824384338,0.0
ENSG00000278772,0.007327048351665555,0.007533879693943718,0.0
ENSG00000120690,0.1302615404515153,0.12102390830180905,0.0
ENSG00000102760,0.09646566070350857,0.05987002458698932,0.0
ENSG00000133106,0.0034038602254717154,0.0014713836850835695,0.0
ENSG00000120675,0.002326652644956609,0.002231472151270416,0.0
ENSG00000151773,0.0003778939995677071,0.0001877878651176941,0.0
ENSG00000227258,0.001430944903438325,0.0005242050772890798,0.0
ENSG00000151778,0.0007516254718233787,0.0005243261196329249,0.0
ENSG00000237361,0.0007547958216045859,0.0008814366304330839,0.0
ENSG00000102804,0.03466598821526478,0.10151712222118528,0.0
ENSG00000278156,0.0002321319820786833,0.00036723649717583404,0.0
ENSG00000170919,0.00020215272226535423,0.00018147598055779876,0.0
ENSG00000228886,0.004488119323223607,0.007199380178191883,0.0
ENSG00000251015,0.0002709495631642206,0.0004132907320213953,0.0
ENSG00000102445,0.000495075450398202,0.0003495168682590967,0.0
ENSG00000228573,0.0062534330124291975,0.007656948945603679,0.0
ENSG00000136156,0.5329558073418692,0.6560156766789091,0.0
ENSG00000139679,0.0002704315212105554,0.0003279214928194182,0.0
ENSG00000233610,0.00174199059817742,0.0027310861388696425,0.0
ENSG00000152207,0.0017542469443349341,0.0017464285846423063,0.0
ENSG00000102531,0.020252516356088494,0.0026571707837253584,0.0
ENSG00000136169,0.0014331823661153343,0.0009061260019423661,0.0
ENSG00000152213,0.00044588202017042337,0.006442220964342485,0.0
ENSG00000237152,0.0002814650350958793,0.00015741710042218053,0.0
ENSG00000150510,0.002822431024928303,0.0017973199648797628,0.0
ENSG00000253309,0.00013906965159512415,9.358295396101394e-09,0.0
ENSG00000102786,0.06823842512797602,0.08092842736800707,0.0
ENSG00000236778,0.0018761163071747623,0.002133713499173847,0.0
ENSG00000123171,0.0017404918115300344,0.002038281430269615,0.0
ENSG00000136108,0.30536945373733376,0.4004159326325167,0.0
ENSG00000136110,0.001740008160971204,0.0002819619759425359,0.0
ENSG00000136099,0.005329530831517077,0.008527405564574556,0.0
ENSG00000118946,0.002572835350103911,0.0012141926617453497,0.0
ENSG00000184226,0.0012830420752496785,0.0006794889077159625,0.0
ENSG00000188243,2.299850456664688,1.6869377852053864,0.0
ENSG00000178734,0.0009630274598119073,0.002471992470570657,0.0
ENSG00000271776,1.4807664189204797e-05,0.00035577689168307517,0.0
ENSG00000184564,3.467525713790739e-05,2.2463692160227864e-06,0.0
ENSG00000165300,0.00028946105719465686,0.0003623568710072225,0.0
ENSG00000229557,0.0010586433782319208,0.0019610647222331272,0.0
ENSG00000125285,0.002116688527210275,0.0009555808347731754,0.0
ENSG00000247400,0.03642763819793277,0.02432191524559694,0.0
ENSG00000102580,0.14444640482718177,0.06953764297506956,0.0
ENSG00000185352,0.0008676256478454493,0.0011649473439646018,0.0
ENSG00000272329,0.0032156748588840905,0.0032640117488613746,0.0
ENSG00000152767,0.0020549501699857788,0.0008640199765284472,0.0
ENSG00000231194,0.0008823045400768476,0.0014168341891641313,0.0
ENSG00000224418,0.0006116291763773743,6.765094477396062e-05,0.0
ENSG00000088386,0.0003328918828272439,0.0013889811697843058,0.0
ENSG00000169508,0.00025560254215368735,0.000557414269003049,0.0
ENSG00000280710,0.004854841166878614,0.0033499704442201206,0.0
ENSG00000203441,0.0009982825433593097,0.0007413717114362439,0.0
ENSG00000234650,0.0036850114667324936,0.0015078064177363381,0.0
ENSG00000276957,9.916590302215872e-08,2.450316243315802e-05,0.0
ENSG00000151287,1.1725296117346025,1.1487120322618638,0.0
ENSG00000233532,0.0005116074457764824,0.0010373619355858827,0.0
ENSG00000125266,5.674010058517209e-05,4.885737640952249e-06,0.0
ENSG00000134884,0.8025609634290866,0.8012667922297779,0.0
ENSG00000041515,0.00467858245366764,0.004857961228313022,0.0
ENSG00000275216,0.0006536580940393285,0.0003507155649228424,0.0
ENSG00000223617,0.00012451812342013208,6.098940041943401e-05,0.0
ENSG00000255874,0.00288517679157283,0.002331414077631952,0.0
ENSG00000088448,0.057450805424453556,0.03126657986342121,0.0
ENSG00000225760,0.0010060564084690686,0.0004448105356702878,0.0
ENSG00000126217,0.0020286612380084725,0.0026705620705483055,0.0
ENSG00000231882,0.0004648287920028561,0.00025070011905863434,0.0
ENSG00000225083,0.008378869798030602,0.008552119179040755,0.0
ENSG00000184497,8.161635927847813e-05,0.0005063950758855136,0.0
ENSG00000260910,0.00020018033365779638,0.00026295509434018393,0.0
ENSG00000258314,0.0006387502235121399,0.0013201295457861,0.0
ENSG00000129566,0.009424227945399455,0.008401729986658522,0.0
ENSG00000169413,0.0001798273073257725,6.341723653268745e-05,0.0
ENSG00000169397,0.0025684111284309287,0.001702759056599413,0.0
ENSG00000258918,0.0025939112916771763,0.002669474695884543,0.0
ENSG00000169385,0.0002790858003355785,0.00034537900200194043,0.0
ENSG00000165794,0.0007719884953633384,0.001188033839031892,0.0
ENSG00000165799,0.000524999274929904,0.0018844598504321147,0.0
ENSG00000092200,0.0006464152722901617,0.001684670041903386,0.0
ENSG00000211821,7.258705951075653e-05,1.88817972470064e-06,0.0
ENSG00000211829,0.000979781470762442,0.0007178667577537641,0.0
ENSG00000277734,0.00118949823452353,0.00023482247513290804,0.0
ENSG00000259003,0.0009763136199009287,0.0018662839109595682,0.0
ENSG00000100439,0.0018007325999532748,0.0034452643966291392,0.0
ENSG00000197324,0.04377015001933057,0.030348343038082176,0.0
ENSG00000092067,0.001039505804681646,0.008191982667246925,0.0
ENSG00000092068,0.12599843676994538,0.03686264452845145,0.0
ENSG00000235194,0.03685612600630225,0.0024393895131701432,0.0
ENSG00000166091,0.0006456709872240678,0.0007713355073949719,0.0
ENSG00000197616,0.003985091339735326,0.0028963377549676345,0.0
ENSG00000092051,0.0010655549690863388,0.001947850645261691,0.0
ENSG00000100867,0.005051630485862235,0.005268242736933133,0.0
ENSG00000092010,0.14249971839793757,0.09682692430565551,0.0
ENSG00000259321,0.00022099659868727998,0.0002864557453098973,0.0
ENSG00000259529,0.0020263673491148835,0.0005825199110273567,0.0
ENSG00000213928,0.0010758585147125374,0.0014794694883228997,0.0
ENSG00000100918,0.005237963519630894,0.0036794464978430943,0.0
ENSG00000276698,0.0047246365418712405,0.0031804436452971298,0.0
ENSG00000139908,7.626290030249999e-05,6.1664351200135825e-06,0.0
ENSG00000136305,0.003012618973704535,0.0025364686492384317,0.0
ENSG00000129467,0.004328800978498391,0.003333534867419231,0.0
ENSG00000258744,0.0001796347596553855,7.385985269054424e-05,0.0
ENSG00000100453,0.0002355318242477665,3.321862044822398e-06,0.0
ENSG00000258548,0.00012745874799374135,0.00015201345398748681,0.0
ENSG00000257831,0.003532462453984978,0.003742846831242172,0.0
ENSG00000257155,0.0008144037205540557,0.0002439593854406156,0.0
ENSG00000151322,0.005067126222408005,0.004031498813298453,0.0
ENSG00000100906,0.00415013870205471,0.009176440245740575,0.0
ENSG00000258844,0.0048303273790113125,0.0037911158188009275,0.0
ENSG00000136327,0.0008149613962316448,0.0022775311133006854,0.0
ENSG00000129514,4.953499167352561e-05,0.0001798868637499437,0.0
ENSG00000139865,0.008285282483135925,0.00964783682432073,0.0
ENSG00000258526,5.208151114627046e-06,0.00032932325920320747,0.0
ENSG00000258480,0.0012175162112083432,0.0005833880971273177,0.0
ENSG00000179454,0.0029585872883854626,0.0037224804046264927,0.0
ENSG00000258700,0.00011531252668953707,0.0007153277848991511,0.0
ENSG00000139915,0.0008862208059494843,0.0004911045033015613,0.0
ENSG00000258400,0.001467227714100029,0.0031621395802798194,0.0
ENSG00000012983,0.0023144339671053705,0.005547093872495004,0.0
ENSG00000198513,0.008080467595101995,0.0062760213958844,0.0
ENSG00000258843,0.0007954464133943541,0.0007588311210094317,0.0
ENSG00000100504,2.059958303038391e-05,0.0001278298873418055,0.0
ENSG00000131969,0.0011146708954710783,0.0009062839347567019,0.0
ENSG00000277050,0.009765453961596301,0.01035109564704051,0.0
ENSG00000186469,0.00029386056163860006,0.00032339359491413407,0.0
ENSG00000258757,0.019881540519651717,0.0006853269808175829,0.0
ENSG00000258698,5.533207726467399e-05,0.0001800279515646985,0.0
ENSG00000020577,0.0002944506511040647,0.0001799051659840524,0.0
ENSG00000131981,0.0004594658503133278,0.00035088725144937616,0.0
ENSG00000258413,0.0006764155803581998,0.0003569389508145368,0.0
ENSG00000258791,0.006522021238422322,0.006286149471792478,0.0
ENSG00000275569,0.002229074526396094,0.0009761331456502,0.0
ENSG00000259133,0.006461539426642352,0.005982543913990938,0.0
ENSG00000248550,7.193699009552389e-05,1.7998184500594557e-05,0.0
ENSG00000259008,0.0030613389228713143,0.002165711871306134,0.0
ENSG00000100557,0.003466109094784139,0.0066308837701138735,0.0
ENSG00000259039,0.004698317397386708,0.0020348241127260084,0.0
ENSG00000139971,0.001541448288251216,0.00028664577768266575,0.0
ENSG00000196860,0.004117506961532933,0.0020942582878284463,0.0
ENSG00000258553,3.882095220879503e-06,0.00013826388646158465,0.0
ENSG00000254718,0.000230222267451827,0.0005614690150439731,0.0
ENSG00000258777,0.0006721345245259817,6.981592844951759e-06,0.0
ENSG00000258667,4.766484962269847e-05,0.00011354452047823099,0.0
ENSG00000261242,0.0009730681405259486,0.0002574168286904974,0.0
ENSG00000258809,0.0007758315567574987,0.0013247040989263952,0.0
ENSG00000089775,0.00038688782678011403,0.0012045403752488294,0.0
ENSG00000126804,0.0007297331943663563,0.0035648105125833975,0.0
ENSG00000126803,0.0012112943850507447,0.0004960724305332559,0.0
ENSG00000176153,0.0029543775415262993,0.0032458513566027474,0.0
ENSG00000272158,3.5823520985203016e-05,2.2315093155633322e-05,0.0
ENSG00000072415,1.5508997994179838e-05,0.0003492973643105387,0.0
ENSG00000100554,0.05628340738599721,0.042346208683658855,0.0
ENSG00000198133,0.0017989430036258777,0.0019493805065459579,0.0
ENSG00000258837,0.0017563391177774276,0.001881137098141436,0.0
ENSG00000185650,0.12214448287510246,0.12443703072755051,0.0
ENSG00000276063,1.055812716489594e-05,0.00024909544861166514,0.0
ENSG00000267909,4.273362554145705e-05,3.792366023446124e-06,0.0
ENSG00000100652,0.00015214833511258455,0.0005136199158434526,0.0
ENSG00000198732,0.00461887716890066,0.003317508540974874,0.0
ENSG00000258422,0.00028593862154498314,0.0010162295965489454,0.0
ENSG00000259158,0.002744884286279001,0.00250144831618759,0.0
ENSG00000134007,0.00029217492535840977,1.1469324211731092e-05,0.0
ENSG00000258689,0.0023001071741589716,0.003916952061081128,0.0
ENSG00000275630,0.0024145396462834545,0.0036965695568257776,0.0
ENSG00000182732,4.647554957332473e-06,0.0001385128103285969,0.0
ENSG00000280188,9.24199122838888e-05,3.5699783090864924e-05,0.0
ENSG00000258376,0.002933323424379956,0.002826729103522963,0.0
ENSG00000133961,0.011911843509705896,0.011696062794264772,0.0
ENSG00000258660,3.313715897949063e-06,0.0001495988845659315,0.0
ENSG00000156030,0.000642028894266298,0.01098452824024906,0.0
ENSG00000259065,0.000360619755559625,0.0007355470366528054,0.0
ENSG00000258891,0.0010253020975699726,0.00017901519965186663,0.0
ENSG00000156050,0.0011950636520963642,0.001188669277130137,0.0
ENSG00000270000,0.00020956456226292695,1.3877901432434708e-05,0.0
ENSG00000119655,0.045575053793346545,0.06578512458372633,0.0
ENSG00000273565,0.001051828124816218,0.0012198156807252264,0.0
ENSG00000170345,0.006421718035178061,0.0065676202974429675,0.0
ENSG00000259687,0.0019058952522600639,0.0011046573867305497,0.0
ENSG00000071246,0.0016505744910958208,0.0007453633064417822,0.0
ENSG00000100565,0.0010589110852896437,0.00022105503450211333,0.0
ENSG00000273729,0.004088424062176067,0.0018208442752267883,0.0
ENSG00000246548,0.0015761813785498545,0.0012775818712232826,0.0
ENSG00000063761,0.0023960134638214186,5.62715259752985e-06,0.0
ENSG00000258743,0.0015366909470614586,0.0033433068529092245,0.0
ENSG00000185070,0.0003169360482818978,5.242566965013968e-06,0.0
ENSG00000258807,0.0005557093967222345,0.00022584661491602801,0.0
ENSG00000140030,0.002891344892377204,0.000588517436408592,0.0
ENSG00000258867,0.0003065576910434029,0.00018493342232723145,0.0
ENSG00000258983,0.0026896042563302504,0.0017948806299159653,0.0
ENSG00000258699,0.0007295216153893444,0.0002334553271825325,0.0
ENSG00000258730,0.0047814517777204964,0.003925557808757651,0.0
ENSG00000119632,0.014670155307493257,0.003747398884277246,0.0
ENSG00000119698,0.00014658281164689208,0.00016861367558585963,0.0
ENSG00000235706,3.392357970892192e-05,0.0006824853625862861,0.0
ENSG00000100721,0.0038504258497813917,0.004879096575165028,0.0
ENSG00000257275,0.005899562891989687,0.004466231118226434,0.0
ENSG00000258702,0.00041714036753031774,8.311687369709229e-06,0.0
ENSG00000258979,0.0006795392769257153,0.0005531649984771561,0.0
ENSG00000246223,0.005065890028037527,0.0059283646575926646,0.0
ENSG00000258749,0.0031673969421275156,0.00331029993914442,0.0
ENSG00000247970,0.007976294972501118,0.006960554857042164,0.0
ENSG00000182218,0.001791246363068525,0.0024447789576353346,0.0
ENSG00000140107,0.002999848840125716,0.003039118497175376,0.0
ENSG00000258521,3.5231549027644334e-06,0.00046295463407106547,0.0
ENSG00000185559,0.001348844440598327,0.0013748798780523256,0.0
ENSG00000259004,0.011998317659089548,0.006887342963803538,0.0
ENSG00000259088,6.232298525018592e-05,1.0365921676694035e-05,0.0
ENSG00000272444,0.0024296259326492455,0.0009260298718617532,0.0
ENSG00000080824,4.885676830273076,4.915785056722838,0.0
ENSG00000259515,0.0022871379720909683,0.0048695411117171995,0.0
ENSG00000185215,0.007238686041502412,0.02361763872013624,0.0
ENSG00000259775,0.0068422557453911,0.005718311757872408,0.0
ENSG00000166165,1.3619070084429212,1.4556989724265668,0.0
ENSG00000258735,0.0012444931061713037,0.001306041758067874,0.0
ENSG00000184601,4.511415650000535e-06,9.776993042144366e-05,0.0
ENSG00000258811,0.005767615253363287,0.004903295004721222,0.0
ENSG00000166428,0.004913965264712537,0.006387943056788991,0.0
ENSG00000183484,0.00030531060227008617,0.0005594754156053615,0.0
ENSG00000211956,4.9428786935162204e-05,0.0005449482407306449,0.0
ENSG00000260986,0.00041724064695811277,1.1815773249437599e-05,0.0
ENSG00000247765,0.00011322852611630671,1.1269783981785052e-05,0.0
ENSG00000277865,0.004862444182094526,0.002717965717880714,0.0
ENSG00000273976,0.0015407199005882182,0.0011410998080990968,0.0
ENSG00000185823,6.3502276941439165e-06,0.00017405490013633717,0.0
ENSG00000182256,0.0010703424290594253,0.0011698274914582355,0.0
ENSG00000261480,0.003651180150577851,0.002707610518815352,0.0
ENSG00000104059,0.010956277163774663,0.009477466748003774,0.0
ENSG00000259523,0.0016734349540501342,0.0017180589669403968,0.0
ENSG00000166664,2.204881625115043e-05,0.00021441451960132118,0.0
ENSG00000260693,1.771614679176855e-05,0.00019394211667537765,0.0
ENSG00000178115,0.007068680229899201,0.005631854704991764,0.0
ENSG00000247728,0.0002074180516762097,0.0005975489578257265,0.0
ENSG00000259448,0.0013993639840787714,0.00017356545326147204,0.0
ENSG00000262728,0.0027825245772206586,0.004056744002674659,0.0
ENSG00000232653,0.0018021635140611472,0.0038739397632021706,0.0
ENSG00000244952,0.0013632417005242723,0.001241745571932462,0.0
ENSG00000166922,0.0029259140621225666,0.0034855417411691304,0.0
ENSG00000276702,0.0030166603986880665,0.0040587673956104,0.0
ENSG00000184984,0.0034678600224223523,0.003340608365991243,0.0
ENSG00000140199,0.002160736448066263,0.00612823724489359,0.0
ENSG00000259468,0.0018453882616777334,0.004037927734181074,0.0
ENSG00000159251,0.0007991975804497566,0.001179641418552725,0.0
ENSG00000259460,0.00013792773733597652,1.4508041192687982e-05,0.0
ENSG00000175779,0.001084355488275257,0.0007784068097208346,0.0
ENSG00000137801,0.003482337468372222,0.0038414728936352715,0.0
ENSG00000275636,3.282063213262843e-05,6.652155840401263e-05,0.0
ENSG00000104081,6.445221858007328e-05,0.0005411796000374479,0.0
ENSG00000137843,0.005110248225231888,0.00408113330594893,0.0
ENSG00000137841,0.001435364179642761,0.0015275855952749141,0.0
ENSG00000259198,0.0021119821293255404,0.002305335794887845,0.0
ENSG00000166143,0.005090417809435924,0.0057152689425021335,0.0
ENSG00000166145,0.005322258187355124,0.00016392583364942346,0.0
ENSG00000187446,0.08420701312221196,0.10152599926329511,0.0
ENSG00000137804,0.3588889437753307,0.2093990390756941,0.0
ENSG00000260926,0.0002476731433644875,5.4089952027654874e-05,0.0
ENSG00000168970,0.002847680618738202,0.0026393752582899908,0.0
ENSG00000246740,0.0020913046435763853,0.003990265168283226,0.0
ENSG00000092529,0.0019087129807689844,0.0012066086211698463,0.0
ENSG00000261822,0.012491452601535386,0.009697346513627692,0.0
ENSG00000166947,0.000933598239820444,0.0007339724208866694,0.0
ENSG00000104055,4.946843404888526e-06,2.9215736397307947e-05,0.0
ENSG00000166963,0.13756377498906835,0.04249069167600877,0.0
ENSG00000242866,0.0002930224990054973,4.533131134905163e-06,0.0
ENSG00000229474,0.001718406545112912,0.0016171918751745873,0.0
ENSG00000166710,3.7512957140925796,5.011016850045355,0.0
ENSG00000167014,0.0016824204641629698,0.0004603972459719494,0.0
ENSG00000140274,0.0008812428592731852,0.0007177037929906574,0.0
ENSG00000140254,1.1522675321330082e-05,0.0003478916125618765,0.0
ENSG00000259519,2.1039615854302305e-05,7.863280401651465e-07,0.0
ENSG00000137860,0.005376304392576119,0.004602646451092657,0.0
ENSG00000185634,0.001007686885680875,0.0015884827046813072,0.0
ENSG00000259602,0.004861544432376776,0.0035718131751392083,0.0
ENSG00000138593,0.006218979490449302,0.008437819324123788,0.0
ENSG00000104043,0.0030454659377515386,0.0021237250264934567,0.0
ENSG00000259188,0.0054924251613957305,0.0021437327365746196,0.0
ENSG00000140287,0.004255956803605588,0.0018515007763553202,0.0
ENSG00000244879,0.3931561222295071,0.3926883181609336,0.0
ENSG00000273674,0.0007210597282961383,0.0002706034650299361,0.0
ENSG00000137869,0.0006479481495578269,0.0001502229641856534,0.0
ENSG00000259306,0.009817822666705304,0.006235510072509249,0.0
ENSG00000259668,0.0021333663920663592,0.0015016847401356326,0.0
ENSG00000104112,3.271419584812591e-05,0.0002566211662780149,0.0
ENSG00000128872,0.005500807766801591,0.007071080056988604,0.0
ENSG00000259201,0.005814046581659186,0.0038397792994438983,0.0
ENSG00000069966,0.0006966707850506397,0.0038967269405820433,0.0
ENSG00000259709,0.00017704672251438611,0.0002725152218964025,0.0
ENSG00000260916,0.002354250857064008,0.01749441227996103,0.0
ENSG00000166450,0.0032948450576953565,0.0029014680511120065,0.0
ENSG00000263155,0.00016694188438663092,0.0006017650520519359,0.0
ENSG00000166035,0.00020771942703902923,0.0001822839978239891,0.0
ENSG00000259250,0.0012306035945002392,0.003043245379173166,0.0
ENSG00000157456,0.3028206815399415,0.10628596076734324,0.0
ENSG00000182718,0.47925669648615044,0.5063889140624203,0.0
ENSG00000259697,0.0005667896933588498,0.0005185123752732262,0.0
ENSG00000140416,0.02429359704738522,0.008294637410583791,0.0
ENSG00000259627,0.005301196595927017,0.004874503034505534,0.0
ENSG00000259672,2.192686026705694e-05,2.177746846586412e-06,0.0
ENSG00000103642,0.00014647546596051217,0.03051364093920021,0.0
ENSG00000259268,0.0004770354269364912,0.0006352732876667956,0.0
ENSG00000035664,0.0005299329375860429,4.514918746453327e-06,0.0
ENSG00000166794,1.2454968571146374,0.8384640994017458,0.0
ENSG00000166803,2.253641153592509,2.3524115360082782,0.0
ENSG00000180304,0.39802836185691176,0.381929579062388,0.0
ENSG00000140451,0.10579903744227795,0.017220945531297906,0.0
ENSG00000275332,0.00024735538667833745,0.0005669884523547622,0.0
ENSG00000103710,0.0018733930568523526,0.003044575764594025,0.0
ENSG00000278737,0.0021789385201259597,0.0026988177397589577,0.0
ENSG00000174498,0.0004978467466831288,3.5471100238730004e-06,0.0
ENSG00000259347,3.428084248683647e-06,1.7432935515242467e-05,0.0
ENSG00000245719,0.0023960554727882177,0.0022697286854072396,0.0
ENSG00000255346,0.0007339899567599887,0.00046224691462903574,0.0
ENSG00000212766,0.00040500733289827815,0.0015690091302304789,0.0
ENSG00000259641,8.737664563455103e-05,9.58754264540461e-05,0.0
ENSG00000166173,0.0001477172384115894,5.636207236854538e-05,0.0
ENSG00000260672,0.002257327506270615,0.0014884808907867928,0.0
ENSG00000175202,0.0004805782687398535,0.0018369333808611846,0.0
ENSG00000260898,4.1674897238316665e-05,0.001905626377976033,0.0
ENSG00000167178,0.0006822578966261679,0.0005330092656925856,0.0
ENSG00000137868,0.00195460023812269,0.0018717218880715514,0.0
ENSG00000140459,0.0103703265102595,0.006414920774558123,0.0
ENSG00000261821,7.666550797473168e-05,6.522351200752341e-07,0.0
ENSG00000138623,0.0033186524644868913,0.0011663370766040913,0.0
ENSG00000275527,0.006337420633775023,0.009262719061482192,0.0
ENSG00000260919,0.0025431672819843563,0.003785467474796283,0.0
ENSG00000140465,0.0007179366620507457,0.0005751274130185103,0.0
ENSG00000169410,0.006393544073613009,1.7100050098489934e-06,0.0
ENSG00000275454,0.0149209381768502,0.0023377556584150624,0.0
ENSG00000246877,0.006242890147081036,0.0064473562333727166,0.0
ENSG00000169752,0.00024328433119513541,0.0003605063210815005,0.0
ENSG00000169758,0.0018266544564779531,0.0013581962121490378,0.0
ENSG00000259422,0.00027055043838103795,0.0006212859812597958,0.0
ENSG00000159556,0.001285064119932851,0.000745244767123821,0.0
ENSG00000259666,1.0430629907174293e-05,0.00010371458303076655,0.0
ENSG00000259792,0.008434582971382967,0.0052703825619903975,0.0
ENSG00000183476,0.0015702723811263986,0.0031605180817256538,0.0
ENSG00000259474,0.000999951063144427,0.0009599942110773724,0.0
ENSG00000041357,2.242119748669447,2.6407966120401336,0.0
ENSG00000080644,0.00018923347968463644,0.0001230354184778132,0.0
ENSG00000177699,0.004315196757760216,0.002360901273650449,0.0
ENSG00000140379,4.4906561576884245e-06,4.073907548585817e-05,0.0
ENSG00000258010,9.997426707089359e-05,0.00020763748976299773,0.0
ENSG00000136379,0.0014729399230964653,0.002786461514973557,0.0
ENSG00000172349,0.0005790757485015475,0.0007142754799095777,0.0
ENSG00000172345,0.00021305619023779892,7.27442200222743e-05,0.0
ENSG00000259518,0.0036296323403482607,0.0026628205799832934,0.0
ENSG00000259462,6.13197230636014e-06,0.00021111223996776276,0.0
ENSG00000259442,0.00022639200775926102,4.6875481343748674e-05,0.0
ENSG00000136404,0.0013899365653830106,0.0017613045037373418,0.0
ENSG00000256278,0.0003614663917598527,0.00028035872592355963,0.0
ENSG00000170776,0.010705559007772755,0.002947063148372198,0.0
ENSG00000259367,0.00047920937405259855,0.0006626755526421684,0.0
ENSG00000259762,0.000442553436659823,1.3372243126763081e-06,0.0
ENSG00000140538,3.6825574527568966e-05,5.0731586024065455e-05,0.0
ENSG00000172183,2.7086184197918587e-06,0.0002410203998381435,0.0
ENSG00000157766,0.0014787791572513087,0.003156948711315773,0.0
ENSG00000140545,0.03799701338343067,0.043885630939441214,0.0
ENSG00000242498,0.002564059730625863,0.0032709414533472372,0.0
ENSG00000182054,0.23832401694696304,0.42401502327307844,0.0
ENSG00000182768,0.027505465803191242,0.025158717659592128,0.0
ENSG00000275345,0.016308908693894467,0.017054494913246718,0.0
ENSG00000259314,0.0037620042001187144,0.0015391339400903912,0.0
ENSG00000140564,0.10602857364420921,0.15665853173176497,0.0
ENSG00000182511,0.0001589767666679981,0.0015194021877857657,0.0
ENSG00000259661,0.0013829133283394185,0.0012647945782457099,0.0
ENSG00000198901,0.21424048823737082,0.32408737673993876,0.0
ENSG00000185518,0.0022108083371992016,0.0016937585253520148,0.0
ENSG00000258551,0.0008417159063147629,0.0006781726753885063,0.0
ENSG00000140557,1.183254238859558e-05,2.9059790791224388e-05,0.0
ENSG00000173575,0.00987176433099677,0.028460385689054735,0.0
ENSG00000182175,0.005695908222173154,0.0038934455407775292,0.0
ENSG00000259123,0.0005597500712101883,3.5014478953111865e-05,0.0
ENSG00000258476,0.0014371312898951339,0.0010456002877564687,0.0
ENSG00000247809,9.08022032445203e-07,5.260010608080048e-05,0.0
ENSG00000278146,0.006248020633809742,0.0053193489373761305,0.0
ENSG00000185551,0.22804145080530647,0.1458109323160583,0.0
ENSG00000140450,0.00019222049415634684,1.8409509234951756e-05,0.0
ENSG00000278090,0.00011880616393062109,0.00010104837193222876,0.0
ENSG00000254744,0.0035878359343033397,0.002952236927667877,0.0
ENSG00000154227,0.0010062956158946807,0.0007623602493340847,0.0
ENSG00000259376,0.002313470708417289,0.002838763944368423,0.0
ENSG00000259755,0.01868149438325688,0.01263788506492333,0.0
ENSG00000259182,6.696501039931824e-05,9.391217629151755e-05,0.0
ENSG00000259553,1.96523213804822e-05,0.0011613530886529252,0.0
ENSG00000130656,4.428934755804336,3.869650937976628,0.0
ENSG00000188536,0.012980772898832486,0.01970088785663634,0.0
ENSG00000206172,0.17857749585994598,0.12260182904786653,0.0
ENSG00000167930,0.15006390637865938,0.0408880284437181,0.0
ENSG00000269881,0.0003898359410093469,0.00022215493142657125,0.0
ENSG00000257108,0.0003382068929982385,0.0007664516241262737,0.0
ENSG00000262528,0.0003818505747076597,0.0001502371902165143,0.0
ENSG00000260022,0.0014700037042280213,0.00044989218626596914,0.0
ENSG00000260710,0.0009655727224876156,0.0001942345997346711,0.0
ENSG00000261505,0.0006207485910920028,0.0021961826703339148,0.0
ENSG00000260051,0.001126532049049837,0.0010204705329870446,0.0
ENSG00000063854,0.04608728350943764,0.04480703534493915,0.0
ENSG00000259947,0.0043791378723284785,0.0029360044871826873,0.0
ENSG00000162040,0.0010137110128478934,0.0011219119198942105,0.0
ENSG00000198736,0.21596779735062444,0.1819815476805535,0.0
ENSG00000140986,0.0005941901926190029,0.00021853616286725107,0.0
ENSG00000255198,1.5995903232631459,1.8462566308638373,0.0
ENSG00000196408,0.0008479188770936967,0.00023677636528331527,0.0
ENSG00000183971,0.056701092150875654,0.03024430651284266,0.0
ENSG00000260095,0.0006288786255889235,0.0009616389683380888,0.0
ENSG00000260176,6.568861670313672e-06,1.5482074212491348e-07,0.0
ENSG00000005001,0.0003673613163306561,0.0008197404018604472,0.0
ENSG00000262482,0.0034659578879568907,0.004165294021913937,0.0
ENSG00000270168,0.0003762640529183514,0.0005210598089754506,0.0
ENSG00000213937,0.0006897967321177238,0.00036808107798126676,0.0
ENSG00000184697,0.00205224641818853,0.00040522679248657236,0.0
ENSG00000006327,0.03265680375044142,0.004390986486318869,0.0
ENSG00000162069,0.00012386642962587511,7.246174412134295e-05,0.0
ENSG00000008516,0.0004927965985013878,0.0008583557389686973,0.0
ENSG00000008517,0.0016748730606802864,0.0025558328578352747,0.0
ENSG00000261889,2.144826917501763e-05,0.005205652102550723,0.0
ENSG00000262521,0.00021866432463564706,4.8809969123488626e-05,0.0
ENSG00000168124,0.0020892447266436976,0.002259041217334771,0.0
ENSG00000281005,0.001055652532163537,0.0004854199173858415,0.0
ENSG00000262899,0.0009154594344535235,0.00023212697320611892,0.0
ENSG00000232196,3.0104989257742555e-05,0.00014773761296601751,0.0
ENSG00000261938,0.0036218911351013974,0.0033256597052655984,0.0
ENSG00000213918,0.0009806132302440937,0.0022375953791047487,0.0
ENSG00000276754,0.0011124687026107466,0.0019359481317075254,0.0
ENSG00000168140,0.004946084534948277,0.004172169819037343,0.0
ENSG00000267077,6.432471204019329e-05,8.547856252869729e-05,0.0
ENSG00000067836,0.01321367359267652,0.0036096333238257415,0.0
ENSG00000267072,5.5948118565550885e-05,8.409156999828152e-05,0.0
ENSG00000153446,7.475333717243115e-07,2.634998934400696e-05,0.0
ENSG00000078328,0.000312766499790452,0.00040914398095720473,0.0
ENSG00000183044,0.00022261434086222597,9.001876403581072e-08,0.0
ENSG00000153048,0.35496872158849835,0.44739303079565595,0.0
ENSG00000259939,0.005130996779398681,0.009388892475255307,0.0
ENSG00000166669,1.000157481787552,0.9296182915104527,0.0
ENSG00000260756,0.0006989508747585879,0.0007289237351583541,0.0
ENSG00000262151,2.949003969227997e-07,3.491125470353641e-07,0.0
ENSG00000263033,0.002460534046528012,0.0019523477530439064,0.0
ENSG00000185338,0.019914831051022673,0.011365054383842658,0.0
ENSG00000277369,0.00023699198484726606,0.0010227735924950058,0.0
ENSG00000259876,0.0004570978014088649,0.00032790443835995484,0.0
ENSG00000103381,0.009680738701468298,0.026480920360168986,0.0
ENSG00000237515,0.008736453125764949,0.011199799517340833,0.0
ENSG00000262732,0.00047718271075285884,0.00252049782585553,0.0
ENSG00000262097,0.008041944526701879,0.00926684260719621,0.0
ENSG00000069764,0.00219466160051434,0.0026264941883873396,0.0
ENSG00000275910,0.002550772480620211,0.0012898301302002365,0.0
ENSG00000166780,0.004142034062689717,0.0034361994874939307,0.0
ENSG00000133392,0.0003668651258844542,0.0008984561135921825,0.0
ENSG00000170540,0.24000206101548607,0.14762650864554575,0.0
ENSG00000205730,0.019715522684708112,0.0060726750817252035,0.0
ENSG00000261759,2.267351116100276e-06,0.000130332220584046,0.0
ENSG00000183549,0.0005707291608557223,0.0002414728461741782,0.0
ENSG00000005187,0.1886437584273299,0.1601135838749862,0.0
ENSG00000166743,0.0044420662869101265,0.000524763686524596,0.0
ENSG00000175311,0.0007036309766642044,0.00037109417212048056,0.0
ENSG00000103316,0.00018462391059573637,0.007399390858517726,0.0
ENSG00000197006,0.7087843234015647,0.4771002419304567,0.0
ENSG00000140749,0.00548467099248486,0.00468072957369876,0.0
ENSG00000260790,0.005172788623821811,0.006144550881711543,0.0
ENSG00000166851,0.21118923585784471,0.06493728085495772,0.0
ENSG00000261266,0.0013429501600199685,0.0006967771085255855,0.0
ENSG00000134398,0.0019888753384893444,0.001414604029920572,0.0
ENSG00000166501,0.013748544315300114,0.0077460385719123,0.0
ENSG00000006116,0.004591636740377031,0.004012692078507572,0.0
ENSG00000259888,0.005770336806605717,0.004624685061226232,0.0
ENSG00000262155,0.0004124376090007326,2.913679475542055e-05,0.0
ENSG00000260034,0.0016687356150851857,0.001000817041076914,0.0
ENSG00000103375,0.0008605545276948903,0.0007643353046069715,0.0
ENSG00000236481,0.006775365266785992,0.006227793444090302,0.0
ENSG00000103522,0.0006791817135590949,0.0005634908845302016,0.0
ENSG00000184730,0.01273581215533118,0.05497439752117694,0.0
ENSG00000197272,0.0008774410210424279,0.0009414520642387046,0.0
ENSG00000176046,0.004569176050638569,0.0019199689399256416,0.0
ENSG00000255524,0.009321626565714747,0.009415338717774063,0.0
ENSG00000260796,0.004109225725728203,0.004702372612894426,0.0
ENSG00000260517,0.0009018552013596902,0.0008874671728666757,0.0
ENSG00000103485,1.0590046121165748,1.6046351269105996,0.0
ENSG00000185905,0.002201760807357515,0.0020809296552040113,0.0
ENSG00000260719,0.0018896226848695722,0.0013788407272743658,0.0
ENSG00000167371,9.68308010241927e-05,7.661100244306314e-05,0.0
ENSG00000013364,4.234692238001555e-05,0.0002757743940456272,0.0
ENSG00000174939,8.256683976036863e-05,3.798036225875931e-05,0.0
ENSG00000149932,0.40773515812644323,0.49671023904059314,0.0
ENSG00000090238,0.008938681853592081,0.022957565923697625,0.0
ENSG00000102879,0.001227538603199291,0.0036052742799226874,0.0
ENSG00000261416,0.0001381297765504913,0.0001622916012585929,0.0
ENSG00000005844,0.0015962592903234689,7.666263505083102e-05,0.0
ENSG00000260487,0.0009406414560624116,0.0011395608129502954,0.0
ENSG00000196118,0.005026826275396352,0.00477970354134111,0.0
ENSG00000175938,0.024908758148780095,0.02280989979700032,0.0
ENSG00000099377,0.0002184562073080047,0.00046299456703359195,0.0
ENSG00000260911,0.0024129863009218953,0.0008746940040815145,0.0
ENSG00000261385,0.0018955984253324514,0.0018940087460290764,0.0
ENSG00000052344,0.0016664836549361557,0.0021233764422092915,0.0
ENSG00000103490,0.5188316307122605,0.6069017492611063,0.0
ENSG00000177238,0.0007193607192830595,0.002532135970432959,0.0
ENSG00000169900,0.006902451596944523,0.004704781374501692,0.0
ENSG00000169896,0.013249194867699403,0.010747587243062932,0.0
ENSG00000140678,0.004988694250027841,0.004373082138058303,0.0
ENSG00000156885,0.0047995202785478435,0.003368375028433748,0.0
ENSG00000176723,0.0008079495575787822,0.0006064618920539259,0.0
ENSG00000261474,0.0006097925647795416,0.00022545476574418265,0.0
ENSG00000169877,0.0012119475064279908,0.0009042892653678295,0.0
ENSG00000276867,0.004329306512728428,0.0024620628077336015,0.0
ENSG00000259303,0.0005372333590850033,0.0006197320166887882,0.0
ENSG00000261512,0.0003167200138405033,2.3317728063407764e-05,0.0
ENSG00000091651,0.5394746514330411,0.44178100320739433,0.0
ENSG00000260281,9.77117290505055e-06,1.2772709888749007e-05,0.0
ENSG00000260086,4.404894109232779e-05,0.000166796348441309,0.0
ENSG00000167208,0.0006372514464790302,0.0010477287090020996,0.0
ENSG00000167207,0.0008342450605769991,0.0004925147840158809,0.0
ENSG00000261644,3.078566094675064e-05,0.00011233059151269121,0.0
ENSG00000249231,0.00010755767443464194,3.011880519971421e-05,0.0
ENSG00000261630,8.86093483307922e-05,7.037625895264107e-05,0.0
ENSG00000275147,0.001075741123321778,0.001961974165233805,0.0
ENSG00000159387,0.007058535663799079,0.005629403344297943,0.0
ENSG00000087245,0.00028911096840124307,0.0006714213390538677,0.0
ENSG00000087253,0.020713577994425587,0.008169092555444594,0.0
ENSG00000261997,0.0001304455220745149,7.861542275574215e-06,0.0
ENSG00000103546,0.004903707168996518,0.0030151804051588033,0.0
ENSG00000274031,0.000559283921958457,0.0010345820714401013,0.0
ENSG00000125148,0.19897105402023052,0.44430371996476936,0.0
ENSG00000169715,0.021590523223061337,0.031592609383269014,0.0
ENSG00000205364,0.00021260458993662134,2.5394145698078776e-05,0.0
ENSG00000198417,0.08715813208246606,0.23261144661300856,0.0
ENSG00000125144,0.051051134048185065,0.07377658251602795,0.0
ENSG00000051108,0.04529820803946702,0.01807429338054063,0.0
ENSG00000140853,0.00024189066976501532,0.0002944135361928392,0.0
ENSG00000102962,0.004779516908355165,0.004952288460084878,0.0
ENSG00000159618,0.004029091967149966,0.002327056124497587,0.0
ENSG00000205336,0.006950307179821331,0.005530975104397984,0.0
ENSG00000182885,0.002277868959569314,0.0007931544318592758,0.0
ENSG00000260467,0.00029197917173335816,0.00020441292596256745,0.0
ENSG00000159625,6.84109971850564e-06,3.5067820457649453e-06,0.0
ENSG00000187185,0.0019088717603181551,0.0019923725433019248,0.0
ENSG00000070729,0.0039788585195073434,0.0035874432056269426,0.0
ENSG00000103034,0.0006542184662429628,0.0029875090801155827,0.0
ENSG00000261653,0.0006307572238104924,0.000903064700569735,0.0
ENSG00000260755,0.0019510412370200467,0.0028606584543646616,0.0
ENSG00000261519,0.0016958263176127932,0.0019639295717972212,0.0
ENSG00000140932,7.189563648136868e-05,0.00016575558026148368,0.0
ENSG00000166592,8.953747568490376e-05,0.0007449849340065949,0.0
ENSG00000172824,0.00026469287690636525,0.0016436447283271777,0.0
ENSG00000159708,0.004120941898851934,0.0035972902004988185,0.0
ENSG00000159713,0.013333501854148607,0.009332199631820734,0.0
ENSG00000159723,0.006100749328390012,0.0045082481652960185,0.0
ENSG00000261386,0.0037187266830175994,2.829899861035617e-06,0.0
ENSG00000038358,0.0009190193365201653,0.00010520555916802848,0.0
ENSG00000167261,0.00046882880900805734,0.00011923663125223857,0.0
ENSG00000263201,0.00016047777814980776,2.309948281422605e-06,0.0
ENSG00000103066,0.002925724824586818,0.00036058724093594215,0.0
ENSG00000260441,0.000324101447173621,0.0002808480446466878,0.0
ENSG00000103056,0.0009709296725283952,0.0004620907887151762,0.0
ENSG00000275383,0.0007019141805609697,0.0001879054168549234,0.0
ENSG00000260111,9.489930171123344e-05,7.083441015623407e-06,0.0
ENSG00000157368,0.002315621593725504,0.0029794592429859025,0.0
ENSG00000157423,0.0024205982923931864,0.0019413243457807989,0.0
ENSG00000180917,0.01881506967364034,0.020766236517757504,0.0
ENSG00000247324,0.012418503371806219,0.01285513469141303,0.0
ENSG00000198650,0.0034753090945630095,0.0040697227482191685,0.0
ENSG00000040199,0.001310216054768798,0.006394880512851536,0.0
ENSG00000277481,0.003124798199193108,0.0020535307508424854,0.0
ENSG00000257017,0.002334204013532637,0.0024016433910934954,0.0
ENSG00000261673,0.0021939554097296513,0.001776207281747364,0.0
ENSG00000260664,0.0005368186335588496,0.0009410427131846089,0.0
ENSG00000140836,0.013042721689288281,0.02483500002101689,0.0
ENSG00000271009,0.0011914827581875553,0.0009955891629273707,0.0
ENSG00000261170,0.0001472395107846976,7.008066308606469e-05,0.0
ENSG00000273659,0.002309869988730718,0.0027669771105543585,0.0
ENSG00000261063,0.000547744179775711,2.672195750251348e-05,0.0
ENSG00000178573,1.3348516897450947e-05,6.590543112901985e-05,0.0
ENSG00000278058,4.737996128156524e-05,0.00015455521420595315,0.0
ENSG00000168589,1.8033819454374215e-05,6.200757800955975e-05,0.0
ENSG00000260737,0.008987271952671969,0.006998948968929633,0.0
ENSG00000260213,0.00910156399542274,0.010972946471444145,0.0
ENSG00000260495,0.0004151855710477646,0.00034196281940546136,0.0
ENSG00000261218,0.0072983276811355345,0.007127113590199029,0.0
ENSG00000197943,0.016188636035893485,0.007522142188859401,0.0
ENSG00000086696,0.0009856777273863449,0.00047020591208948794,0.0
ENSG00000261235,0.003757668898259522,0.0027049243205279337,0.0
ENSG00000140961,0.009962907537230298,0.0019265672322130536,0.0
ENSG00000154099,0.00017534034316708507,4.090825658900019e-05,0.0
ENSG00000250685,0.00010869578346870184,2.374399345871722e-05,0.0
ENSG00000103175,0.005407704099012134,0.0031601073632235507,0.0
ENSG00000103187,0.014295733903410596,0.017558713133914626,0.0
ENSG00000103196,0.0011068306372747872,0.0015566466721085254,0.0
ENSG00000135709,0.006913857483427955,0.010906848088980162,0.0
ENSG00000153789,0.0007658878289853576,0.0020695586650130863,0.0
ENSG00000278214,0.005459304437662751,0.0035907693255039378,0.0
ENSG00000275088,0.00013850933986428324,0.0004925585351160931,0.0
ENSG00000270159,3.504039918557216e-05,9.805315026616831e-05,0.0
ENSG00000268388,0.00011678804555683271,0.0005848206041679898,0.0
ENSG00000103241,4.377646880575295e-05,9.069494779235177e-05,0.0
ENSG00000270020,0.012362025020121707,0.014163145243717444,0.0
ENSG00000261363,0.0005195061454880467,0.0016234991634440001,0.0
ENSG00000140941,0.23658098661950444,0.12387920284588168,0.0
ENSG00000124391,0.006341274976552027,0.006211897099879888,0.0
ENSG00000051523,0.8966892545224682,1.0021328048538019,0.0
ENSG00000259813,0.000319618210993744,0.0002195058437639763,0.0
ENSG00000224888,2.8648865056401566e-05,0.0009178925396225607,0.0
ENSG00000129993,0.0932596414747886,0.056535373081656376,0.0
ENSG00000180422,0.0004056387618219827,0.0001793595239051233,0.0
ENSG00000129910,0.0028208223422320705,0.002745362751989217,0.0
ENSG00000268218,0.0012937717469273,0.002069372090692551,0.0
ENSG00000261118,0.001062496195739037,0.0005123778029044594,0.0
ENSG00000075399,0.0018297427415312655,0.0006520761050631172,0.0
ENSG00000258947,0.0005189124804895345,0.0011764922400548914,0.0
ENSG00000261317,0.010936829192825513,0.011567072079609886,0.0
ENSG00000260507,0.0020464142158462227,0.0021047544142160537,0.0
ENSG00000241525,3.816937225053132e-06,4.325213368765074e-05,0.0
ENSG00000183688,0.00276815512694695,0.029380761168402464,0.0
ENSG00000262777,0.001392922048501056,0.0010304904397509611,0.0
ENSG00000167703,0.0016185537851661847,0.0033434321637667718,0.0
ENSG00000185561,0.007540533794161935,0.00394369724348465,0.0
ENSG00000186594,0.0015637547700211524,0.0014831192677885628,0.0
ENSG00000167711,0.0032481953318481624,0.001969539666599394,0.0
ENSG00000132386,0.1648980513726491,0.09577992126068934,0.0
ENSG00000262445,0.009074548927026568,0.006691148207910605,0.0
ENSG00000263050,0.0009667230271767723,0.0014680585843892618,0.0
ENSG00000274758,0.001334516592781328,0.00015761057170039528,0.0
ENSG00000263345,0.004819227441103092,0.00408853542049384,0.0
ENSG00000272770,0.0004410474903311022,0.00107970973623587,0.0
ENSG00000277200,0.00027356290292169144,1.6784150797707716e-05,0.0
ENSG00000180090,0.0011699653666645338,0.0012229677744669933,0.0
ENSG00000108381,0.0007137882512901647,0.0011716718591703828,0.0
ENSG00000262304,0.005397642087003122,0.005488392857795682,0.0
ENSG00000213977,0.00010745136393916694,0.00282705067329654,0.0
ENSG00000262692,0.006068038681633151,0.006768529531420809,0.0
ENSG00000108405,0.00446166370292642,0.0026680241410891557,0.0
ENSG00000167740,0.007221134579453721,0.004644461550649952,0.0
ENSG00000263165,0.0007123607683977448,0.0001895024303781644,0.0
ENSG00000182557,0.0010230329423184005,0.00014388673847248582,0.0
ENSG00000183018,0.014993986055645423,0.013529059847291422,0.0
ENSG00000167741,0.00012473436903092793,8.880428057620035e-05,0.0
ENSG00000188176,2.6418956388587578e-05,3.849789049318563e-05,0.0
ENSG00000161905,0.0011556836638563868,0.0008054142127507206,0.0
ENSG00000141497,0.001911402219053544,0.0021440884752576546,0.0
ENSG00000142484,0.0005001543788329489,6.503032451628829e-06,0.0
ENSG00000262165,0.0010229805156762063,0.0016644210500900403,0.0
ENSG00000108556,0.0007867048869416953,5.568333856596779e-06,0.0
ENSG00000234203,0.0003605239136960726,0.00022717048586882711,0.0
ENSG00000227495,0.005864646619162948,0.005146044611740227,0.0
ENSG00000132517,0.0028519890817206408,0.0015582214076471457,0.0
ENSG00000161929,0.00027948977819795487,7.998778062922485e-07,0.0
ENSG00000179314,4.142871920025198e-05,0.0001719189126501665,0.0
ENSG00000129221,0.0014331885097320061,0.0008796859193160758,0.0
ENSG00000282936,0.0008222385439681729,0.0008260474725878481,0.0
ENSG00000177294,1.1072330350603648e-05,5.1520128456881425e-05,0.0
ENSG00000108839,3.3861750866844877e-07,0.00018010684963168353,0.0
ENSG00000132514,0.0028468060494081363,0.0007902795515515821,0.0
ENSG00000161944,0.0016877013504315455,0.002487993490363384,0.0
ENSG00000181885,0.003572721801638103,0.006098777531796661,0.0
ENSG00000072818,0.0003310597538520451,4.495755509968312e-05,0.0
ENSG00000129226,0.004306971591678322,0.0014862268820809573,0.0
ENSG00000129214,0.0020695695324453142,0.0017220433590904177,0.0
ENSG00000141504,0.026060476392604982,0.010333206257392832,0.0
ENSG00000129244,0.0016326513261875183,0.0009314868024918469,0.0
ENSG00000183914,0.0022525065445565193,0.0009736498100526092,0.0
ENSG00000132510,0.004692642681243189,0.0015401506942332517,0.0
ENSG00000167874,0.017335111045566273,0.01080094874453863,0.0
ENSG00000132518,0.0013950182213634092,0.0016648091678612223,0.0
ENSG00000179593,0.0013808760045638214,0.000872991841318981,0.0
ENSG00000179111,0.0017694717212294027,0.001891060852864577,0.0
ENSG00000220205,0.08823700128376821,0.06421002852853351,0.0
ENSG00000184650,0.0009514389276432667,0.0021763643572244745,0.0
ENSG00000189051,0.002869371689242743,0.004231972130509054,0.0
ENSG00000166596,0.0022353352736270544,0.001008677252532689,0.0
ENSG00000007237,0.0025174352967232694,0.00197564038518536,0.0
ENSG00000007174,0.0001472470266729721,2.1603234143084414e-05,0.0
ENSG00000265494,0.000692111438270241,0.00026913586018920284,0.0
ENSG00000109099,0.003240887468838081,0.0008952106007307933,0.0
ENSG00000125409,0.0003808800631670138,0.00013515898316204139,0.0
ENSG00000239704,0.00020503802283957788,5.954922112112545e-06,0.0
ENSG00000251537,0.0001511878406125674,0.00010778385077490876,0.0
ENSG00000170315,3.8506254614022373,4.251417752572073,0.0
ENSG00000181350,0.0021183474586322975,0.00017061877077223508,0.0
ENSG00000170160,0.0009082808261898532,0.0005734253075505674,0.0
ENSG00000260328,0.0021708499968044297,0.002074454140208907,0.0
ENSG00000225442,0.0010183055033559196,0.0011756101012925571,0.0
ENSG00000108551,0.00031622358762042294,0.000645085743463177,0.0
ENSG00000237328,0.013828715438486046,0.009917131362551877,0.0
ENSG00000197815,0.0011479770823355573,0.001247698533559713,0.0
ENSG00000091536,0.00027195281565738587,0.0003480155453664083,0.0
ENSG00000171931,0.0039020978709365522,0.00265748080175106,0.0
ENSG00000154025,0.00048417756698833825,0.0003459018162180909,0.0
ENSG00000154016,0.0001442593490859259,0.00010146366350107689,0.0
ENSG00000189152,0.0020471724354497274,0.0019622108979375306,0.0
ENSG00000262319,0.001664136457248111,0.00027908049489670344,0.0
ENSG00000166482,0.002073931718963245,0.003052470469727,0.0
ENSG00000072210,0.002504931633710961,0.0012757801581730161,0.0
ENSG00000261033,0.0034799035444192205,0.0026993805888182883,0.0
ENSG00000263494,0.012725902540848575,0.008732885798061652,0.0
ENSG00000034152,0.004942342953113315,2.1334454029509735e-05,0.0
ENSG00000265265,0.0031693395243850894,0.0035940643240464087,0.0
ENSG00000276399,6.963171491571701e-05,0.00037078653520851597,0.0
ENSG00000261020,2.5626464771338445e-05,9.3964535900402e-05,0.0
ENSG00000109046,0.20015918322877774,0.20502329572798403,0.0
ENSG00000168961,0.000611823102329955,0.00026102540378658025,0.0
ENSG00000266527,0.0017360053849722632,0.000746891666479807,0.0
ENSG00000232859,0.01986557338995812,0.0028997286947335423,0.0
ENSG00000266830,0.0011511437694594487,0.00036729578167771367,0.0
ENSG00000260777,0.0006202695147173093,0.0007524058844314964,0.0
ENSG00000109072,0.005364113705805465,0.0058918516598322574,0.0
ENSG00000109101,0.00023693077844379515,0.0002451436634431042,0.0
ENSG00000267729,0.00013400304872350033,0.000535178668467182,0.0
ENSG00000265073,0.0008715724592012757,0.0003213466931897172,0.0
ENSG00000264066,0.002045485559001786,0.001516473260794765,0.0
ENSG00000179761,0.0010393094403852326,0.0015040117637979654,0.0
ENSG00000063015,0.0015351697883991785,0.0030520744478669906,0.0
ENSG00000167549,0.0003061492802047539,0.0014971821392183319,0.0
ENSG00000263657,5.741887785812392e-07,5.8482360325604965e-05,0.0
ENSG00000263477,0.0002745083284162392,7.898813128091407e-06,0.0
ENSG00000264125,0.004733475146326695,0.003603884641284047,0.0
ENSG00000266120,0.00029326407441818223,1.473829326879598e-06,0.0
ENSG00000108582,0.010734560149549264,0.03929685233266785,0.0
ENSG00000184060,0.0004096842277004663,0.00014506290727706386,0.0
ENSG00000265743,0.004520139687441126,0.004054410102764005,0.0
ENSG00000126861,0.0007246476798191372,0.001201255827252481,0.0
ENSG00000185862,3.513706932371169e-05,5.999014159958032e-05,0.0
ENSG00000126860,0.00728576985211501,0.003819046071497356,0.0
ENSG00000228768,1.1181297176224913e-05,1.814831775370775e-05,0.0
ENSG00000274341,0.0008177052825798281,0.0008321205944338858,0.0
ENSG00000278668,0.0015613497240491768,0.001328689439973,0.0
ENSG00000266385,0.0032946256271366775,0.0049309977844835895,0.0
ENSG00000266718,0.0059104272253168106,0.006310526458401351,0.0
ENSG00000264458,0.0001407276559851619,2.221916997359291e-05,0.0
ENSG00000108691,7.967725134918993e-05,0.00020315573050899238,0.0
ENSG00000166750,1.1951481749195773e-07,7.827021937817592e-05,0.0
ENSG00000154760,0.002935524547212767,0.001599274882891893,0.0
ENSG00000271447,0.003531304113555344,0.002186797349904172,0.0
ENSG00000270379,0.00010423729850108646,0.0008638692741422716,0.0
ENSG00000270240,0.002336671940090889,0.002211379506122519,0.0
ENSG00000271503,0.00021543252795458212,1.0650936760449936e-05,0.0
ENSG00000275152,0.00527690304548409,0.004870927016956157,0.0
ENSG00000277632,0.00020202649506270606,0.0003999691373102743,0.0
ENSG00000275302,0.005372792148149592,0.003217011059856508,0.0
ENSG00000274767,0.0004049656034074527,0.0002724135803097636,0.0
ENSG00000276085,0.00205947697418347,0.004706061791088419,0.0
ENSG00000276070,0.0013818518391650718,0.0018667694616079826,0.0
ENSG00000274933,0.0005324170844569452,0.0011255851073522886,0.0
ENSG00000275613,0.001703783404288537,0.0023424904115735357,0.0
ENSG00000277268,0.02118744738120987,0.01690539203689584,0.0
ENSG00000273706,0.008534736735933522,0.0182149524392566,0.0
ENSG00000276707,0.004100113337094608,0.003689005776744179,0.0
ENSG00000275066,0.0058484066454816555,0.0002459126504954397,0.0
ENSG00000277688,7.887941463861895e-06,0.0002999097984268801,0.0
ENSG00000277363,8.495679489392826e-05,7.88771193571947e-05,0.0
ENSG00000275665,0.0002530076896760594,0.00020778515714658775,0.0
ENSG00000279119,0.00014416840642814664,4.4910595174332706e-06,0.0
ENSG00000277791,1.8601980998344034,1.9894225864864084,0.0
ENSG00000263466,0.006790838706752054,0.005661609038324347,0.0
ENSG00000263874,3.492630163743306e-05,0.0004612341929893219,0.0
ENSG00000141748,0.0019729805794605204,0.0023332031948909066,0.0
ENSG00000141750,0.017129137074348932,0.012933651495098515,0.0
ENSG00000108306,0.020695547678436194,0.01589438221046311,0.0
ENSG00000171532,0.0010441936976273772,0.00033338215888624424,0.0
ENSG00000131771,5.568127321457887e-05,4.32004144154161e-05,0.0
ENSG00000141744,0.059926645874115496,0.09300107172352878,0.0
ENSG00000161405,0.061146347907906254,0.02520479604685772,0.0
ENSG00000073605,2.547319729274044e-06,9.125663469972779e-05,0.0
ENSG00000264968,0.0009865361108174415,0.002874110369518048,0.0
ENSG00000265666,0.0009645393631800932,0.0016699313784289949,0.0
ENSG00000131747,0.8515985821414935,0.5624424152452054,0.0
ENSG00000141753,0.0005069940187109551,0.0023844568281392725,0.0
ENSG00000266088,0.0002605478635894538,0.0007018764820556386,0.0
ENSG00000126353,0.0017522282071322812,0.0005784831118683477,0.0
ENSG00000198083,0.001257189604299178,0.0006363235329507542,0.0
ENSG00000131738,0.0026127876441635377,0.003012745759985007,0.0
ENSG00000171345,0.0035578294283847324,0.0056536902290760405,0.0
ENSG00000186847,3.90288141974638e-07,0.00014183922236363038,0.0
ENSG00000128422,0.011784573227325451,0.01234511947778328,0.0
ENSG00000173812,4.523316171491997,5.496413886279576,0.0
ENSG00000184502,3.281243484427292e-05,5.259545401928215e-05,0.0
ENSG00000173805,0.0006403650259738624,0.0015656893679203937,0.0
ENSG00000161594,0.006700983710916708,0.0026993367984086097,0.0
ENSG00000108771,0.003961719821628953,0.004050858497832854,0.0
ENSG00000267758,0.002477854776191538,0.0011231943064780106,0.0
ENSG00000177469,0.02143990348962718,0.022001958124512278,0.0
ENSG00000184451,0.00418347688308675,0.000864637931429751,0.0
ENSG00000267042,0.01035766325389708,0.008342581836388469,0.0
ENSG00000108828,0.04113315625151001,0.07090490614824013,0.0
ENSG00000188554,0.005737313883954945,0.011234003478917233,0.0
ENSG00000184988,6.685480492933691e-05,0.0005096514978423638,0.0
ENSG00000188825,0.0016222129419195704,0.0008754552021019548,0.0
ENSG00000167941,0.004049167787441685,0.0032762618992538566,0.0
ENSG00000161649,0.004945982816407735,0.005328289815515006,0.0
ENSG00000267394,0.005094764052998833,0.006434828589319021,0.0
ENSG00000260793,0.00941263386015179,0.007024720483210155,0.0
ENSG00000004939,0.001462252038778965,0.0008210903259336001,0.0
ENSG00000267750,0.0006085088942995028,0.0003606996445642415,0.0
ENSG00000030582,0.05341166558358921,0.0713306403639295,0.0
ENSG00000131095,0.0003255002843783022,0.0014899440004574873,0.0
ENSG00000186185,0.0031809544257648125,0.0002549745904378435,0.0
ENSG00000276728,0.008789467258906059,0.012086644831503339,0.0
ENSG00000224505,0.0022788315876686614,0.0017568798589178544,0.0
ENSG00000267288,0.007952390220545176,0.008042165224826195,0.0
ENSG00000267121,0.0008635581451757061,0.005894641575867129,0.0
ENSG00000184922,0.0008449815792226922,0.0003012956309057293,0.0
ENSG00000131484,0.003734938716292038,0.003088634092147599,0.0
ENSG00000264589,0.005687506661684588,0.005746506928804352,0.0
ENSG00000198336,0.9040233877523053,0.9261005237264419,0.0
ENSG00000253347,0.0022663420963959357,0.000979219516412182,0.0
ENSG00000189120,0.0023472366889304742,1.2727278935305357e-05,0.0
ENSG00000266821,0.003803006428119344,0.0034830485863495166,0.0
ENSG00000141293,0.0006191302639829971,0.0006636683300326358,0.0
ENSG00000264451,0.0021684118368144917,0.002787470784882704,0.0
ENSG00000173917,0.15382223189160577,0.22206827614197877,0.0
ENSG00000230148,0.0011642550485111564,0.03365489378970324,0.0
ENSG00000120093,0.009048402842733425,0.0076229392001568785,0.0
ENSG00000233101,0.002593625102621112,0.0027969866377658696,0.0
ENSG00000182742,0.44244730131585,0.2798338332830789,0.0
ENSG00000120075,0.0026489647085620373,1.8385010162062836e-06,0.0
ENSG00000108511,0.00913192008328036,0.016753065939988387,0.0
ENSG00000170689,0.10172475086071606,0.23807155895554152,0.0
ENSG00000242207,0.0002622336516077295,5.1612111418173034e-05,0.0
ENSG00000244649,0.00044788958458709784,0.0004544228709882497,0.0
ENSG00000170703,0.0030444133543099986,0.0016694161610545178,0.0
ENSG00000159224,0.006944701207277585,0.004780202226393201,0.0
ENSG00000167080,3.1931226992703296e-05,0.00023712210282300053,0.0
ENSG00000167083,0.007069747517701811,0.0034156193782918214,0.0
ENSG00000173868,2.0350777210991996e-08,0.0002792512316327918,0.0
ENSG00000248714,0.004286213926320281,0.004352430111099637,0.0
ENSG00000064300,0.0011141230826935413,0.0013745313772818646,0.0
ENSG00000182575,0.005751961298469752,0.005517924702392527,0.0
ENSG00000176358,0.00302976185385777,0.0017979004055533848,0.0
ENSG00000248954,0.0004646315020660724,0.0015963807438864465,0.0
ENSG00000108813,8.280751516537288e-05,0.00024165163161549678,0.0
ENSG00000005884,0.0022879471500223424,0.004327413331542549,0.0
ENSG00000108823,0.001190365284081758,0.0005514606411735889,0.0
ENSG00000108821,0.0008944439414912552,0.00044787811593100457,0.0
ENSG00000249406,0.0016323582495597856,0.0004902500883412134,0.0
ENSG00000049283,0.0005207666613012188,0.0008259628235470702,0.0
ENSG00000006283,0.00419816063678851,0.0015689007113424095,0.0
ENSG00000262967,0.025597479056792247,0.04370989036574475,0.0
ENSG00000173714,0.0005754804576063572,0.00078494677060326,0.0
ENSG00000251665,0.005076814763564496,0.0051226577248510855,0.0
ENSG00000239672,4.281136510821822,5.441941162964677,0.0
ENSG00000249383,0.0006054445424058565,0.0017930310335671081,0.0
ENSG00000153930,0.00516972924067606,0.004664899404110134,0.0
ENSG00000274213,0.009720861607844807,0.01407516157630649,0.0
ENSG00000121064,0.022097313307548983,0.003951618005757419,0.0
ENSG00000263004,0.0003281807224823907,0.000120110512253776,0.0
ENSG00000121053,0.0031498088989590123,0.002163370933387838,0.0
ENSG00000278627,0.00026601386824986865,0.0001424002315243452,0.0
ENSG00000265148,0.005483819078322409,0.009026766187672956,0.0
ENSG00000265206,0.3243723322135574,0.25386802741594994,0.0
ENSG00000108375,8.842165691444817e-05,0.0009045960045153693,0.0
ENSG00000264672,0.003286632885109563,0.004106829744795951,0.0
ENSG00000224738,0.0005275209345860399,0.0003192161177949167,0.0
ENSG00000175155,9.576518474325841e-06,0.00041411546419621256,0.0
ENSG00000265313,0.0004197083756138129,0.00016042718945820597,0.0
ENSG00000062716,0.13120423691745775,0.1284966229873804,0.0
ENSG00000267416,0.001143946616899091,0.0018500278510707275,0.0
ENSG00000167434,0.005625638747093557,0.003768459391140846,0.0
ENSG00000141371,0.0023392109429089293,0.002537246245382154,0.0
ENSG00000267667,3.432020836593568e-05,0.00036824863031045157,0.0
ENSG00000121068,0.0026556543684985758,0.0017868402446041334,0.0
ENSG00000277463,0.0001596960943250748,4.393577730636916e-07,0.0
ENSG00000011028,0.008236860915202825,0.0034960315052697368,0.0
ENSG00000265971,0.00084728679832826,0.0006417604937011784,0.0
ENSG00000159640,4.758653089186041e-06,0.000677994486204884,0.0
ENSG00000264813,0.00235637470259311,0.0015187277077980542,0.0
ENSG00000173826,0.002372011233415572,0.0029950359100256833,0.0
ENSG00000136490,0.3538395589204435,0.4422271267522318,0.0
ENSG00000136487,0.00364944442289375,0.0036839786112724104,0.0
ENSG00000259384,0.00018114766058576555,4.034445403390798e-05,0.0
ENSG00000264954,0.007273152325775987,0.005788200698143842,0.0
ENSG00000261371,0.0021804601229767637,0.0015677683286735226,0.0
ENSG00000271605,0.0034173687643437155,0.0005884129300601001,0.0
ENSG00000265912,0.001638239698457917,0.001198359669724078,0.0
ENSG00000266598,0.0014784939937537963,0.001191248319727515,0.0
ENSG00000263470,0.0016477213284056477,0.0012731669736504156,0.0
ENSG00000265664,0.0007059824128757609,0.001340356734217965,0.0
ENSG00000171634,0.350156882277759,0.41405077835340964,0.0
ENSG00000182481,0.3374946302774287,0.35053436151451456,0.0
ENSG00000265055,0.00042057208054475676,0.00032673969615326675,0.0
ENSG00000274561,0.0008098174517704077,0.0003960287634436068,0.0
ENSG00000278740,0.00012147309117131554,3.907465004763036e-05,0.0
ENSG00000267731,0.0023439665910973545,0.005205408170342843,0.0
ENSG00000274712,0.016165234581638897,0.011778438031980622,0.0
ENSG00000141337,0.006692190908874355,0.010162778945872454,0.0
ENSG00000070540,0.00026707625199096324,0.0024046302794129026,0.0
ENSG00000108950,0.00017392853821804842,2.8003051220557316e-06,0.0
ENSG00000154258,0.003982489330523957,0.0035148528725980617,0.0
ENSG00000154262,0.0021594747222178313,0.0010583681682985215,0.0
ENSG00000154265,3.2006282164861065e-07,0.00021961593979215872,0.0
ENSG00000108984,0.0007106932635260165,0.0009304556265578057,0.0
ENSG00000227517,0.001417174189285051,0.000694757702325566,0.0
ENSG00000180616,0.004730019206982996,0.0037536389176417474,0.0
ENSG00000171595,2.8102562515197087e-05,1.8380632766770296e-05,0.0
ENSG00000167851,0.0036505939135329803,0.006656397983114392,0.0
ENSG00000172794,0.0018358899955323166,0.0010545126498902359,0.0
ENSG00000186074,0.0042900730700164156,0.004736497288297354,0.0
ENSG00000167861,7.87786391526919e-06,0.0002841849130809254,0.0
ENSG00000189159,1.4426861381376823,1.3123781502950749,0.0
ENSG00000265342,0.0007405354728395701,0.0005273260133768539,0.0
ENSG00000266714,0.007606089670990271,0.007053620572465183,0.0
ENSG00000204323,0.001787523048796827,0.0024413087767382064,0.0
ENSG00000132471,0.06528462416806592,0.00815010612062739,0.0
ENSG00000267065,0.0002924471784445804,0.0003839478958740331,0.0
ENSG00000267535,0.00028660495810339933,4.8661154279632784e-05,0.0
ENSG00000267665,0.0018094795456275537,0.002119032608134936,0.0
ENSG00000267506,0.0003716207041806171,0.00017959917198284188,0.0
ENSG00000187997,2.53637394985645e-05,0.00037091645934209956,0.0
ENSG00000183077,0.11399975752804348,0.05439993566585444,0.0
ENSG00000089685,1.060085672046007,0.5673765797769329,0.0
ENSG00000267737,0.002164995024609693,0.0016338246957204074,0.0
ENSG00000184557,0.007847690360201444,0.006593888173198927,0.0
ENSG00000035862,0.0007175870171149513,0.00018443677859305633,0.0
ENSG00000108679,0.0046873802861045945,0.01911303126576841,0.0
ENSG00000265096,6.0970348318254537e-05,2.2269605437357393e-06,0.0
ENSG00000167281,0.0024986724991084386,0.0014401782563935876,0.0
ENSG00000267719,0.002755620861336105,0.0028019689210199766,0.0
ENSG00000262768,0.00045035495302477333,0.0035304390071520695,0.0
ENSG00000262580,0.0003962693820641855,0.0003987229769617878,0.0
ENSG00000173821,0.02507078825757651,0.024813450170280832,0.0
ENSG00000226137,4.43353504606712e-06,0.0030745711874897237,0.0
ENSG00000262223,0.0003119184508595945,0.0007142433809049668,0.0
ENSG00000184009,4.507372976752488,4.7724940549685995,0.0
ENSG00000182612,0.00033234553128379474,0.00176463146100899,0.0
ENSG00000215644,0.00016677893084933988,3.240727048372125e-05,0.0
ENSG00000182676,5.364614141372548e-07,2.670709297367997e-05,0.0
ENSG00000185624,0.3809057168125906,0.44280637446028226,0.0
ENSG00000263859,0.00013317889644025,2.4827435063636103e-05,0.0
ENSG00000187531,0.04293746901376111,0.01694569227279103,0.0
ENSG00000141526,0.004079076834819839,0.004494780288310833,0.0
ENSG00000265692,0.0031218279757908914,0.004585312397592606,0.0
ENSG00000173762,0.02271810874803029,0.12406425829626183,0.0
ENSG00000181408,0.00020993424720674937,0.00031850796824870104,0.0
ENSG00000262663,0.003624931379870825,0.004939530511102092,0.0
ENSG00000274370,0.0016479324205947463,0.0010958768914058345,0.0
ENSG00000261888,0.001262528435145011,0.0022347720147854362,0.0
ENSG00000262952,0.00043707346944550033,0.0008938301809230952,0.0
ENSG00000266456,0.0023464949923775063,0.0009240571687033214,0.0
ENSG00000264080,0.00025308396436334897,0.0014958755402160147,0.0
ENSG00000272625,0.0007406626095221787,0.0001364065159913339,0.0
ENSG00000101605,0.0038179698392437297,0.0019746143321114776,0.0
ENSG00000101608,1.2676027554892761,1.009877215647381,0.0
ENSG00000266835,8.170758857458846e-05,0.000726244266420958,0.0
ENSG00000177337,0.0006741603823843571,0.0010799024014191356,0.0
ENSG00000264707,0.0021446363714152654,0.0008659832943846867,0.0
ENSG00000101745,0.013607167035701542,0.02327367599599838,0.0
ENSG00000260913,0.0009080808252153948,0.0012268230082090358,0.0
ENSG00000154856,0.0028899924841904877,0.003424533701160085,0.0
ENSG00000273141,0.005972045076480846,0.006572831910819477,0.0
ENSG00000181626,0.00012535002318055522,8.549521175504489e-05,0.0
ENSG00000266969,0.0026022090551975066,0.0018411292175996158,0.0
ENSG00000265787,0.007157966782293527,0.0065605114037204214,0.0
ENSG00000265656,0.000331083782948192,0.00024972667990655643,0.0
ENSG00000264012,0.001322183490774854,0.00023884788922595184,0.0
ENSG00000134489,0.00568118403511826,0.004536485626629842,0.0
ENSG00000264695,0.005860302227090122,0.00688692386257039,0.0
ENSG00000134762,0.0031233533787603314,0.004224231523577497,0.0
ENSG00000134755,0.0004164376514340798,0.0005071290754735168,0.0
ENSG00000265888,7.044172981561537e-05,0.00023253570289865372,0.0
ENSG00000134765,0.002267186821504646,0.0014845625073303334,0.0
ENSG00000266729,4.662791404292452e-05,0.0012306789997663442,0.0
ENSG00000101695,0.006538866605154857,0.010114405335289978,0.0
ENSG00000263393,0.004808233362038197,0.004943128541303223,0.0
ENSG00000274400,0.0006471632496984142,0.00045257479169493104,0.0
ENSG00000186812,0.01684840515099877,0.06182214762589707,0.0
ENSG00000186496,0.00394008908822563,0.002145666951234906,0.0
ENSG00000267627,0.002991884011807555,0.0016499422466303617,0.0
ENSG00000260552,0.000624541822072146,0.00010912634330588361,0.0
ENSG00000134775,0.0011697297740506177,0.0009847865967754295,0.0
ENSG00000101489,2.2344840670270906e-05,5.579363794703274e-06,0.0
ENSG00000267313,0.0003326597110311775,0.0013980628851308907,0.0
ENSG00000132872,0.003258338850177808,0.003962789816732613,0.0
ENSG00000152217,0.00029776403849289925,0.0001270396613640729,0.0
ENSG00000197046,0.005524940242986985,0.006938046671896831,0.0
ENSG00000141622,0.009495237838166266,0.00946312340871465,0.0
ENSG00000267724,0.0019121067294266942,0.0011764766352698156,0.0
ENSG00000267764,0.005516103208289063,0.005846072302622175,0.0
ENSG00000215472,0.0042158718065481585,0.003186741416645358,0.0
ENSG00000265496,0.0012499890599730135,0.0016896645672039203,0.0
ENSG00000101670,0.00022872633412422737,0.001402255648781427,0.0
ENSG00000267322,0.0011102383301218035,0.0012002921019094856,0.0
ENSG00000172361,0.005124030990839749,0.003434993299895957,0.0
ENSG00000267699,0.0002821625579138926,0.0010063219947793812,0.0
ENSG00000187323,0.0022310802787433833,0.002116813805342171,0.0
ENSG00000196628,0.23841388800780974,0.17965492225671065,0.0
ENSG00000267172,0.0008765077153403697,0.0011669718721420445,0.0
ENSG00000198796,0.00011054870082053743,0.0015952295766055427,0.0
ENSG00000267257,2.6960880741577786e-06,2.7896612710968603e-06,0.0
ENSG00000141682,0.045008960895568134,0.018760329892744284,0.0
ENSG00000141655,0.001479359999571931,0.002280840127120388,0.0
ENSG00000267390,0.005371738200319237,0.0019082738918961117,0.0
ENSG00000206073,0.0045701642833262425,0.004287129300784041,0.0
ENSG00000166401,0.013265779448941592,0.007260812376123951,0.0
ENSG00000150656,0.0003728842356115508,0.001376320905798377,0.0
ENSG00000264278,5.867770947824522e-05,1.0861371507326075e-05,0.0
ENSG00000266844,5.477673801678259e-05,6.803672769955957e-05,0.0
ENSG00000197971,0.0005133568461703764,0.00041007505807721576,0.0
ENSG00000278075,0.0007903086326509028,0.0012135791901472116,0.0
ENSG00000267251,0.00021789982875883258,0.00041724451352026515,0.0
ENSG00000101255,0.021762339240779676,0.11413536127032278,0.0
ENSG00000101276,0.00016869261054183504,3.830819824498353e-06,0.0
ENSG00000101282,1.2661385966334081e-06,0.00025313002770758363,0.0
ENSG00000215595,0.0009976201739926392,0.0005424854660783497,0.0
ENSG00000101298,0.002398264220059528,0.0014191149677746367,0.0
ENSG00000196209,0.002673205226336081,0.0005936920520312081,0.0
ENSG00000125900,0.0011343391765895497,0.0013325943774486159,0.0
ENSG00000101307,0.005842362818309054,0.005838826229730778,0.0
ENSG00000088881,0.0015035957563895223,0.003621930061232699,0.0
ENSG00000088882,0.004006520085036991,0.001224494494132187,0.0
ENSG00000258713,5.62509387072223e-05,0.0008564012755443435,0.0
ENSG00000125787,0.0044286471310626034,0.00388751049719882,0.0
ENSG00000101200,0.02463505526074048,0.013332243121749594,0.0
ENSG00000277287,6.665221088793023e-05,1.6857079379117252e-06,0.0
ENSG00000088854,0.00030317464624599684,0.0031457459542331223,0.0
ENSG00000205300,0.00439636504919027,0.0062278929956285384,0.0
ENSG00000088826,0.0045073092924881476,0.006908952682931574,0.0
ENSG00000230176,0.0007123239586434983,0.0004100959311729323,0.0
ENSG00000238282,4.283107747106235e-05,5.932428189792165e-05,0.0
ENSG00000278595,0.004236400814883694,0.002299220678902439,0.0
ENSG00000101265,0.002072099009262048,0.0006787800403973468,0.0
ENSG00000132646,0.7008550592167904,0.7449800983473068,0.0
ENSG00000266908,0.0018589882827876052,0.0014143051852717869,0.0
ENSG00000235820,0.000542381556823545,0.0005514021010444581,0.0
ENSG00000089199,0.0006185117881412294,0.0006647798911925771,0.0
ENSG00000233048,2.9497130132537554e-05,1.7885136764222162e-05,0.0
ENSG00000172296,0.001479529159875445,0.0014726979162677095,0.0
ENSG00000275728,0.0008587987064803039,8.010510512991612e-05,0.0
ENSG00000185052,0.00031710183734048495,0.00040204891279994523,0.0
ENSG00000268628,0.0045244970584144145,0.0040746693550028764,0.0
ENSG00000232712,0.00020589967445267142,0.0007615140679912238,0.0
ENSG00000125816,0.0016037023427462778,0.0007984000897590644,0.0
ENSG00000125810,0.005910704980670244,0.0004873695288297485,0.0
ENSG00000233746,0.00028406858968499073,0.00035500193310901857,0.0
ENSG00000101435,2.4420155228671104e-05,5.333251766779409e-06,0.0
ENSG00000101439,1.1806310122886596,1.265461878228463,0.0
ENSG00000170373,0.0026789296256090906,0.0036992436213496706,0.0
ENSG00000077984,0.008244676384720711,0.004318659648105982,0.0
ENSG00000180424,6.353632458426989e-05,7.44018533594495e-05,0.0
ENSG00000233354,0.0010718156735858506,0.0019453228451676349,0.0
ENSG00000278276,0.0009392566089590224,0.001922309154985277,0.0
ENSG00000125968,0.016996020527678846,0.015229133922604481,0.0
ENSG00000131055,0.004058755410328304,0.004222836441902964,0.0
ENSG00000088325,0.716897202337667,0.3451763260105612,0.0
ENSG00000149599,0.0018316400792273363,0.00018863083766689588,0.0
ENSG00000101331,0.00236459822381775,0.0022186886270190026,0.0
ENSG00000226239,0.01493542191872763,0.008594519333489354,0.0
ENSG00000101336,0.003768633138317349,0.0032732630716432827,0.0
ENSG00000233293,0.0010962229606108426,0.001413003887499307,0.0
ENSG00000204393,0.0019063139036820122,0.0008062462566435016,0.0
ENSG00000125999,0.006875705889589591,0.004899641945421298,0.0
ENSG00000182584,0.008012464602372791,0.007115631517997743,0.0
ENSG00000101440,0.0007063556467045586,0.0010738249348103421,0.0
ENSG00000078804,0.006558612519865507,0.008916820835777727,0.0
ENSG00000078814,0.00714906606739848,0.00041816326515914647,0.0
ENSG00000101000,0.0005787333370547846,0.001129598109393011,0.0
ENSG00000126005,0.025234543322771356,0.02678869117149688,0.0
ENSG00000230155,0.009915710365872606,0.009960791661882585,0.0
ENSG00000234139,0.001219162645533399,0.0012529310374210928,0.0
ENSG00000232406,0.007602622316912806,0.0055584083169567845,0.0
ENSG00000101335,0.001589720558138521,0.012519055668446926,0.0
ENSG00000101082,3.497150044358779e-05,0.00045143967756893833,0.0
ENSG00000101353,0.030991906285077486,0.015865598437489883,0.0
ENSG00000204117,0.0031819919424874864,0.0041408453847215166,0.0
ENSG00000132821,0.001641528682350825,0.0012122398098837407,0.0
ENSG00000149633,1.0409557262120415e-05,3.920633603875958e-05,0.0
ENSG00000101425,0.0017271970944283798,0.001605285257486655,0.0
ENSG00000101438,0.0022176245377274507,0.0004910753254536993,0.0
ENSG00000229976,0.0033284529870559218,0.002706638331142222,0.0
ENSG00000204103,0.0005167354290328133,0.0007041024291508261,0.0
ENSG00000229771,0.0006974558235121904,0.0008157912500782218,0.0
ENSG00000226648,0.0002208579645027449,8.07633250137609e-05,0.0
ENSG00000277611,8.090180925266616e-08,1.2960924514255477e-05,0.0
ENSG00000101049,0.00029125946102241847,0.0005608640541452339,0.0
ENSG00000124196,0.000261370178943272,0.001026252221772342,0.0
ENSG00000233277,0.0038339302533468974,0.0012648873201736926,0.0
ENSG00000101074,0.000630754376074487,0.00012668687827673052,0.0
ENSG00000101076,0.003595092874347166,0.003915123975341895,0.0
ENSG00000168734,0.11152424256691933,0.11835057489479028,0.0
ENSG00000101109,0.1256453431181727,0.038425516494512445,0.0
ENSG00000168703,0.0016885631962914546,0.002938861499035398,0.0
ENSG00000124107,5.7054639976241095e-05,0.0005073325308051997,0.0
ENSG00000124145,0.0018639906966537662,0.001797175202480128,0.0
ENSG00000277022,0.002623035738583269,0.002018563958031905,0.0
ENSG00000101443,0.0003387601455844271,0.0006232376114063323,0.0
ENSG00000168612,0.0006124149173677892,0.0003953515424071036,0.0
ENSG00000064601,0.012550829974681639,0.00013628936908113327,0.0
ENSG00000100985,6.429850765133004e-05,3.330674437776546e-05,0.0
ENSG00000273828,0.006725223849726878,0.00499557286136465,0.0
ENSG00000197496,0.001016357820103805,6.424069012653419e-05,0.0
ENSG00000267882,0.00015162376562283632,0.0001573795239326616,0.0
ENSG00000196562,0.00017628145374375744,0.0010144712677553171,0.0
ENSG00000124212,0.005785606482876179,0.0068476332189674055,0.0
ENSG00000124216,0.014923183245652642,0.010733132172629561,0.0
ENSG00000234698,0.0003007874135680869,0.0003458887042369764,0.0
ENSG00000172216,0.03217206949401971,0.022605144767125555,0.0
ENSG00000224397,0.0002655105900314815,0.0010206323100124142,0.0
ENSG00000196396,0.13228815171177488,0.3047626523647843,0.0
ENSG00000234693,0.002649476161631706,0.0035197159480946597,0.0
ENSG00000054793,0.0023676377906838852,0.002259878703563056,0.0
ENSG00000227964,0.010263205813410003,0.010566486422533286,0.0
ENSG00000231703,0.002997047920278753,0.0038711237152489896,0.0
ENSG00000235415,0.002532474495476262,0.0021511017826482924,0.0
ENSG00000224008,0.005819279730842966,0.006271629044828564,0.0
ENSG00000124098,0.20386250663794997,0.17941162131740696,0.0
ENSG00000087586,0.09965554981944044,0.1495697624816536,0.0
ENSG00000124103,0.0009268779847493283,0.00037032162370240185,0.0
ENSG00000087510,5.880008532395215e-05,0.00024933697046449713,0.0
ENSG00000101144,6.420971982921545e-05,0.0001359501308280004,0.0
ENSG00000054796,6.727294909048779e-05,3.3469217780344296e-05,0.0
ENSG00000124253,0.0018555258544918458,0.001951315908617889,0.0
ENSG00000124225,0.00036005971111109,0.0004951451623272146,0.0
ENSG00000278709,3.577096543202169e-05,2.6990937892593715e-05,0.0
ENSG00000254995,0.001175030535516928,0.00020238451307363393,0.0
ENSG00000101160,0.0752563429355926,0.21054184893232722,0.0
ENSG00000101162,0.005933570778719734,0.0012607842136206592,0.0
ENSG00000176659,7.892848857753557e-05,5.597981425037145e-05,0.0
ENSG00000228340,0.019440551020195013,0.013989314568916271,0.0
ENSG00000225106,0.0013960221360030463,0.0014044613104694833,0.0
ENSG00000277496,0.001224124769001033,0.003461735340201536,0.0
ENSG00000276317,0.0014688595286263628,0.0007160077073409085,0.0
ENSG00000228705,0.0008095565813688853,0.0021400608177213534,0.0
ENSG00000229873,0.0011044437694285802,0.0017704261715380983,0.0
ENSG00000092758,0.0041380965949710646,0.009782837655207351,0.0
ENSG00000101197,0.0056219550502332565,0.007052790626694337,0.0
ENSG00000101210,0.012358469669944002,0.011921483187581242,0.0
ENSG00000130589,0.003710292437703126,0.0025037938466242462,0.0
ENSG00000273154,4.865014797226817e-06,3.157970930861996e-06,0.0
ENSG00000280213,3.54214357810523e-06,0.00089237073125612,0.0
ENSG00000125510,2.587693443340832e-05,5.127187399342538e-06,0.0
ENSG00000149656,0.0006355441495145789,0.0009269045418261565,0.0
ENSG00000105549,0.003702168747157692,0.003762623479996882,0.0
ENSG00000129946,0.004233230956666072,0.00526260475856474,0.0
ENSG00000181781,0.0022125609551583427,0.003937150349751586,0.0
ENSG00000172270,3.5046005815682824,3.6086792551845783,0.0
ENSG00000267666,0.0009354589597453548,0.0004902089039852429,0.0
ENSG00000185198,0.37504918189947667,0.49961979611601376,0.0
ENSG00000267530,0.0008336859236068648,0.00034157316109618193,0.0
ENSG00000172232,0.0013899193783276234,0.0008713173459771377,0.0
ENSG00000196415,0.0069496902230769915,0.0027924959141059367,0.0
ENSG00000197561,4.414118996965219e-05,4.532513350513711e-05,0.0
ENSG00000197766,0.41127395027986874,0.4075400430654079,0.0
ENSG00000064666,0.13581712047482006,0.10905609211821314,0.0
ENSG00000099817,2.547635552356342,2.2843736921363433,0.0
ENSG00000099625,0.010420484426125833,0.009948566746500728,0.0
ENSG00000267778,0.003129891002138833,0.0011825678536121656,0.0
ENSG00000167470,0.13371506414097245,0.07972046842925169,0.0
ENSG00000267372,0.008207983256590685,0.010981826851617003,0.0
ENSG00000280486,0.006189753646192522,0.0053385551449299275,0.0
ENSG00000115255,0.034123293044895316,0.10797746752286694,0.0
ENSG00000180846,0.007412873492162146,0.006129401986035064,0.0
ENSG00000099875,0.152507361131411,0.07562136753167673,0.0
ENSG00000099840,0.0030969487633655287,0.003186265137523926,0.0
ENSG00000267122,0.0013289143453002487,0.0010348036147868655,0.0
ENSG00000188305,0.006005057129730755,0.0051428943341551405,0.0
ENSG00000099860,1.1839309988730383e-06,0.0019689284812640004,0.0
ENSG00000172000,0.007088883868088432,0.004701952011542301,0.0
ENSG00000104953,0.016442099521705323,0.00909381369296503,0.0
ENSG00000065717,0.019581060497726104,0.00855957225510736,0.0
ENSG00000267551,0.0023329286090379227,0.0020551051879650647,0.0
ENSG00000267448,0.010196953320763586,0.007644381306808821,0.0
ENSG00000095932,0.00848806491902135,0.008100967483239383,0.0
ENSG00000267205,0.008394613129702296,0.008434733124621674,0.0
ENSG00000167654,0.004580533500185082,0.006232380549580724,0.0
ENSG00000060566,0.0029487407816385265,0.0024089327596586666,0.0
ENSG00000105246,0.00412277053218141,0.0008684229936811912,0.0
ENSG00000267011,0.0005970759396855757,0.005880054202341448,0.0
ENSG00000167680,6.153550829188144e-05,0.0006722439845610073,0.0
ENSG00000176840,0.001657273567499889,0.0008967255460623554,0.0
ENSG00000105426,0.025154323905557555,1.941179828005013e-06,0.0
ENSG00000174898,0.00807268625711218,0.009259927463515175,0.0
ENSG00000267709,0.002995466022455092,0.0019826827410469733,0.0
ENSG00000267314,0.014235958831066292,0.01568260500556229,0.0
ENSG00000205744,0.013160838651946186,0.015195903811000926,0.0
ENSG00000125657,0.00386060010487577,0.002372485230538572,0.0
ENSG00000125726,0.0005185559354118694,0.0037540741928020526,0.0
ENSG00000125735,7.592270363192667e-08,5.459327008261461e-05,0.0
ENSG00000125730,0.0044855350239998565,0.0027444291225989003,0.0
ENSG00000174837,1.6782369013232653e-05,2.7190938278299446e-06,0.0
ENSG00000171105,0.003784382291741793,0.003695252588702624,0.0
ENSG00000263264,2.302470384344585e-05,0.00017730290356993226,0.0
ENSG00000267852,0.000620449084340127,0.00025859458033301245,0.0
ENSG00000174788,0.0004262075259101949,7.792735395876463e-05,0.0
ENSG00000104918,0.004598687811484845,0.003052184580707745,0.0
ENSG00000183019,3.8061794459233955e-07,7.144726633306691e-06,0.0
ENSG00000104921,3.69864288992625e-05,2.9800865377694436e-05,0.0
ENSG00000182566,6.801485004638809e-05,2.417292990073745e-07,0.0
ENSG00000090659,0.0001351207882871835,0.0006777392387137432,0.0
ENSG00000104938,0.0027380760229488896,0.0027389468772592435,0.0
ENSG00000268120,0.00048158405393795346,0.00026087816294582483,0.0
ENSG00000268149,0.001013171595843166,0.00041221777696075755,0.0
ENSG00000260500,2.4602275251924124e-06,7.985176828047069e-05,0.0
ENSG00000142449,0.0031354159648865044,0.003662789602917218,0.0
ENSG00000167772,0.0030420182608560456,0.0034849961713610995,0.0
ENSG00000099785,0.0027323036023959866,0.005909953801463961,0.0
ENSG00000268931,0.0011765164140997743,0.001004910112103626,0.0
ENSG00000133246,0.0002600783617212282,0.00012469166505066904,0.0
ENSG00000142347,2.6213863428572768e-05,0.0002130896880155934,0.0
ENSG00000181143,0.0003837705303806506,0.00037586347453871056,0.0
ENSG00000266950,0.00039974597628954244,0.00104748486001281,0.0
ENSG00000105088,0.0008960188749611085,0.0007044809994897222,0.0
ENSG00000267534,1.267601409720256e-05,0.001459969243790284,0.0
ENSG00000090339,0.0017424411053987342,2.5049335860643737e-06,0.0
ENSG00000105371,0.02760369768242423,0.02222744402896518,0.0
ENSG00000214212,0.0001281845524523318,2.9137454571337866e-05,0.0
ENSG00000161888,0.04851720584596327,0.13333138277684572,0.0
ENSG00000267082,0.002770780172276955,0.0037951586185680803,0.0
ENSG00000130173,0.00031093992553222745,6.760072460336664e-05,0.0
ENSG00000130167,0.001973950606112527,0.0033119934852947727,0.0
ENSG00000105514,0.0024389447683568406,0.00021621636412523962,0.0
ENSG00000183401,3.986474368431794e-05,0.0004568456864851071,0.0
ENSG00000130176,0.0007013817178861061,0.0008282193419282209,0.0
ENSG00000102575,0.048189572247665395,0.054903907775590254,0.0
ENSG00000197054,0.004593038600559632,0.004925312439360894,0.0
ENSG00000223547,0.0024191362609048144,0.001678834227487947,0.0
ENSG00000257591,0.00016529936181613024,4.3731433795365086e-05,0.0
ENSG00000234773,0.01121468431760059,0.013146147014474285,0.0
ENSG00000171223,0.019654270803584728,0.0052600410202766484,0.0
ENSG00000167815,2.800490714618142,2.5125826348781084,0.0
ENSG00000132026,0.0020633334947853734,0.001584964792244152,0.0
ENSG00000105610,0.4437262499788244,0.2831652657584087,0.0
ENSG00000179218,2.0765771703703813,2.2572298527286145,0.0
ENSG00000267458,0.012733753541382523,0.009271665593077634,0.0
ENSG00000267610,0.004806001052448716,0.0061749332699483775,0.0
ENSG00000104903,1.0030828302198616,1.3903438765983007,0.0
ENSG00000160888,0.21991093449055013,0.3907281273522173,0.0
ENSG00000141837,0.0038887836379128066,0.0026472998388893526,0.0
ENSG00000132003,2.2717689492422147e-05,8.512565403421881e-05,0.0
ENSG00000267519,0.0030664218321658017,4.0829666695488595e-05,0.0
ENSG00000132000,0.0013908134110908509,0.0012870141007148052,0.0
ENSG00000171136,0.0011132262417641767,0.0003946133955394369,0.0
ENSG00000141858,0.18117541511032317,0.09146074722710447,0.0
ENSG00000267169,0.0006300925366945246,0.0020196160978868554,0.0
ENSG00000267723,0.0063422252280665664,0.006452056174770534,0.0
ENSG00000267147,4.707019389951027e-06,1.4040810617116855e-05,0.0
ENSG00000123146,0.023120407358677694,0.009092586881121443,0.0
ENSG00000132002,0.07767016036756853,0.1276001196473876,0.0
ENSG00000131355,0.00029023153054571804,4.056767752286652e-05,0.0
ENSG00000127507,0.00010726556762656157,0.0002899984240772288,0.0
ENSG00000273218,0.004992452736287529,0.004383812299894673,0.0
ENSG00000161031,0.00018929480597460388,9.443202377548392e-05,0.0
ENSG00000186529,0.001387315058551709,0.00034421752402115645,0.0
ENSG00000186204,0.006140629234863887,0.005066095585941533,0.0
ENSG00000267453,0.003706981840952054,0.004953484267596127,0.0
ENSG00000167460,0.3579284723104144,0.3945700453194751,0.0
ENSG00000269243,0.002446688451604432,0.003932055115625665,0.0
ENSG00000196684,0.005495381666073399,0.004926521654753398,0.0
ENSG00000141977,0.0009272188962185479,0.001189842213521283,0.0
ENSG00000267033,0.004537902600932791,0.004413604080008234,0.0
ENSG00000267275,0.0032206099869282493,0.002293280047910973,0.0
ENSG00000127528,0.004377131603764779,0.008194478675169209,0.0
ENSG00000267703,0.0025969849620256463,0.0014231812158737385,0.0
ENSG00000279529,3.010070293388027e-05,0.004757201955962009,0.0
ENSG00000188039,0.0012042569116924968,0.0008365623760987249,0.0
ENSG00000268289,0.004834199243717278,0.005696581601789406,0.0
ENSG00000269480,0.006861221299457961,0.0063594276729331016,0.0
ENSG00000130303,0.015835021318035623,0.038601621015023076,0.0
ENSG00000282851,0.013930312599690494,0.011708738261425591,0.0
ENSG00000269053,5.883476506992331e-05,0.00035168981779111843,0.0
ENSG00000269161,0.00012944968225111833,9.357221647716747e-07,0.0
ENSG00000268112,0.001059324432468659,0.0013916365861058938,0.0
ENSG00000248099,6.079146259137816e-05,0.0006411090182294717,0.0
ENSG00000269145,0.0013863196982672147,0.0020915524614835046,0.0
ENSG00000216490,0.0024362915277210124,0.0006437458038772316,0.0
ENSG00000130518,0.005912042153367967,0.008487467523389351,0.0
ENSG00000130522,0.07263206972790653,0.06799924397480911,0.0
ENSG00000130513,0.05996802221257106,0.031137040626336647,0.0
ENSG00000175489,0.00035538072471058134,0.0001425357950428485,0.0
ENSG00000269694,0.0007325038102418673,0.00046375977523165405,0.0
ENSG00000269019,0.003497302356896665,0.00392737208849468,0.0
ENSG00000213996,0.0009382454165421132,0.0001022251606002323,0.0
ENSG00000064547,0.00034820301636320387,1.916253387327858e-08,0.0
ENSG00000089639,0.010872781720704152,0.0034980011617470625,0.0
ENSG00000105750,0.0018328280231308639,0.001983405368026228,0.0
ENSG00000196705,0.16879159140991676,0.18217290127325847,0.0
ENSG00000172687,0.0009754103901635556,0.0010515258064438622,0.0
ENSG00000268658,0.006737446407178025,0.005633694755312274,0.0
ENSG00000229676,0.0029288775747957846,0.004582884753539995,0.0
ENSG00000269107,0.00827472911324305,0.004060211069191381,0.0
ENSG00000269289,0.0005299438609653174,2.734049858126362e-07,0.0
ENSG00000267238,0.004907033388018265,0.0039932706971250774,0.0
ENSG00000267423,0.008539855671108182,0.008835335121086144,0.0
ENSG00000266976,0.34846391102382174,0.5379305315151933,0.0
ENSG00000198597,0.009260762380298907,0.014792480947099333,0.0
ENSG00000173809,0.0011357731360104196,0.0006839941730959762,0.0
ENSG00000166359,0.0015355467479976626,0.0019074774847097492,0.0
ENSG00000245848,0.0003348119593160294,0.0005904757532999014,0.0
ENSG00000267580,8.837447787457542e-09,1.7841462281807283e-05,0.0
ENSG00000266985,0.008898648430148995,0.00784309329247705,0.0
ENSG00000124302,8.71189449449401e-06,9.446522136748044e-06,0.0
ENSG00000270876,0.0001200770030353153,7.462963991608593e-05,0.0
ENSG00000269303,0.0002045411833899654,0.00014578312192178432,0.0
ENSG00000271032,0.0010689992109504584,0.0004358146326579538,0.0
ENSG00000105707,0.003814021409848456,0.0036907747765690755,0.0
ENSG00000153902,0.003911721470243784,0.005047404049177315,0.0
ENSG00000105697,0.00011408336029902122,0.00013706458792685228,0.0
ENSG00000233214,0.008838382424364391,0.00777885954013205,0.0
ENSG00000126262,0.00037530286580892856,8.503730090757082e-07,0.0
ENSG00000189001,0.0028876158087380818,0.0025447618074693665,0.0
ENSG00000226510,0.0002991814623241407,3.156551986188295e-05,0.0
ENSG00000267120,1.9186160443857014e-06,2.6789489553458038e-05,0.0
ENSG00000126264,0.0032884581952261206,0.0019419530452638545,0.0
ENSG00000011600,0.01662829434663658,0.002888078052585091,0.0
ENSG00000232677,0.0017420218892798397,0.001213674098769534,0.0
ENSG00000181007,0.004929129396652161,0.007188055931046374,0.0
ENSG00000171827,0.0030231077622017376,0.0014314398296394323,0.0
ENSG00000180458,0.00024394815657105277,4.4746152633199545e-05,0.0
ENSG00000167641,2.6844032786609895,2.8205940371934597,0.0
ENSG00000167644,1.7878048468944587e-05,3.7420151527723376e-06,0.0
ENSG00000099337,7.07845293308459e-05,0.0011612027655412153,0.0
ENSG00000099338,0.00034609196570599225,0.0008247396576795763,0.0
ENSG00000179168,9.150790238984356e-06,6.644803819303227e-05,0.0
ENSG00000188766,0.019843666359779834,0.02052469159755888,0.0
ENSG00000171777,0.005075344799566756,0.0008534641546408246,0.0
ENSG00000267291,0.019171915408769155,0.01195749344103908,0.0
ENSG00000268756,9.576679929214959e-05,1.3370853539509707e-05,0.0
ENSG00000269172,0.00047805541395185675,0.00020224501339281917,0.0
ENSG00000179751,4.2127705182080656e-05,1.9787030027381154e-05,0.0
ENSG00000182393,7.296319387563333e-05,0.0002736920340269003,0.0
ENSG00000130755,0.09119872964141877,0.08505538432143867,0.0
ENSG00000128016,0.006794885300125885,0.012895492776847825,0.0
ENSG00000269792,0.005624599624564974,0.0033045992401423835,0.0
ENSG00000105205,0.009620807618157874,0.008324109651232266,0.0
ENSG00000275395,0.0001790096998191705,0.0004706828397850888,0.0
ENSG00000128000,0.0013066066635662576,0.0014767851023374525,0.0
ENSG00000174521,0.0002285455742238727,0.00019558912324611159,0.0
ENSG00000105219,0.00016191102425610387,9.559371738092265e-06,0.0
ENSG00000105223,0.2832622103000457,0.22413661129545367,0.0
ENSG00000160396,0.005282927608809663,0.0036684558248915584,0.0
ENSG00000105227,0.00011693395325833387,0.0005716009906773728,0.0
ENSG00000197019,0.012714563486498773,0.012338120109859277,0.0
ENSG00000268366,0.00021926776309268283,4.238393382545734e-05,0.0
ENSG00000090013,0.4217540070980896,0.7107843860051776,0.0
ENSG00000261857,0.004975107586041549,0.004558188045064058,0.0
ENSG00000167578,0.0012054945715792786,0.03290437031848781,0.0
ENSG00000282951,0.009702668333135316,0.010626260762163523,0.0
ENSG00000268797,0.0016897558435055601,0.001642224840521415,0.0
ENSG00000269843,0.004009560477206451,0.003779315494889849,0.0
ENSG00000167601,0.005738787482479411,0.0017968566588708297,0.0
ENSG00000105329,0.26729838818009327,0.36186360325469624,0.0
ENSG00000177191,0.01655487915554267,0.015443132497816736,0.0
ENSG00000267107,0.005391600795025264,0.003660304488424899,0.0
ENSG00000270164,0.000952705887578208,0.0007812074598112077,0.0
ENSG00000268027,0.00023635856350178607,0.0011136345399490296,0.0
ENSG00000105404,0.09593308702377638,0.10389138310575986,0.0
ENSG00000105409,0.00019844688875795378,0.0005877991546647967,0.0
ENSG00000105737,0.0010033506662854349,0.0009513352366962471,0.0
ENSG00000079385,0.0027360624423747944,0.0025316772584171657,0.0
ENSG00000231924,0.00011272332767949814,0.00019830387835891472,0.0
ENSG00000243130,0.006069512616139269,0.0024875087878855826,0.0
ENSG00000183668,2.590136796743384e-06,2.234687654802964e-05,0.0
ENSG00000124466,0.007401995411867695,0.004860962004054141,0.0
ENSG00000226763,0.0001401840022973284,5.099919000884374e-06,0.0
ENSG00000011422,0.08526638846138858,0.04123526855907844,0.0
ENSG00000124449,0.0028024465801073767,0.0013407986873941017,0.0
ENSG00000273777,1.479041138683355e-05,9.682685920084025e-05,0.0
ENSG00000216588,0.0012766776320955917,0.0009796522635017856,0.0
ENSG00000069399,0.002740450320413595,0.0001562492595994303,0.0
ENSG00000130203,3.499887526858067,3.7625353642621135,0.0
ENSG00000130208,7.336560012367308,7.1532386547486215,0.0
ENSG00000224916,0.0001771561986419031,6.303639770111391e-05,0.0
ENSG00000267467,0.007734356899099543,0.006684858071805582,0.0
ENSG00000104856,0.005350461032894261,0.004311061715157627,0.0
ENSG00000267348,9.465845194592098e-05,0.0001964450497953108,0.0
ENSG00000007255,0.10863290133204632,0.11427343069751209,0.0
ENSG00000266958,0.0018921733940891177,0.0021848442125836174,0.0
ENSG00000104879,0.009180789004427592,0.004322814237266988,0.0
ENSG00000125740,0.013949747905758298,0.014118014176911674,0.0
ENSG00000125744,0.02940631978666583,0.020543263389541308,0.0
ENSG00000010310,0.0008311834642760751,0.0006551319512806963,0.0
ENSG00000170608,0.002265842020442493,0.0004878405645516762,0.0
ENSG00000204869,1.5883287126970895e-05,0.00015602989574016067,0.0
ENSG00000267922,0.003679604000829634,0.005871169294007782,0.0
ENSG00000204866,0.0013519744966884344,0.002411705373653092,0.0
ENSG00000269729,0.0007724061694508515,0.0007116822851115524,0.0
ENSG00000268621,0.01055272464493186,0.12903556706594224,0.0
ENSG00000124440,0.0035727308614880073,0.002562990100191821,0.0
ENSG00000268810,0.004226590967167241,0.0056342220122053005,0.0
ENSG00000269151,0.0031283980315970107,0.002570656908918553,0.0
ENSG00000204851,0.0007967627158435861,0.0016862077995534062,0.0
ENSG00000160013,0.007676012527127593,0.006054737554659796,0.0
ENSG00000167414,0.005479415450650288,0.006573709045288875,0.0
ENSG00000197380,0.0024069717486080635,0.001015375778358616,0.0
ENSG00000105419,0.0006937046716194448,0.0001055309578173317,0.0
ENSG00000118160,0.00033502409641755857,0.00040103176504393775,0.0
ENSG00000118156,0.0035521653052999515,0.004271411556788659,0.0
ENSG00000105398,0.00030902886129343705,0.0014794903100922093,0.0
ENSG00000268001,0.005349543391667775,0.003246871674503637,0.0
ENSG00000142227,0.9189438215538249,0.9069421538527574,0.0
ENSG00000105523,0.00036057824816446496,2.7922059291243147e-05,0.0
ENSG00000063180,0.12479797397594158,0.0616377368157106,0.0
ENSG00000142233,3.608700699687267e-05,3.152691932444712e-05,0.0
ENSG00000176920,0.00048417892207930704,0.0004356651743338,0.0
ENSG00000174951,2.2371193452007014e-06,0.00011851148187876285,0.0
ENSG00000087076,0.005561590243933292,0.003788005002774434,0.0
ENSG00000105559,0.014693030601301458,0.01522910659773704,0.0
ENSG00000087074,0.08718053612306804,0.050769991138342255,0.0
ENSG00000267898,0.0016911793912870831,0.0016911837000020769,0.0
ENSG00000087086,18.684266814681965,19.472557442763744,0.0
ENSG00000130528,0.008597863037028313,0.0028415524931234854,0.0
ENSG00000130529,0.005781761873248162,0.013216963407657439,0.0
ENSG00000063127,0.0027486117412120164,0.00027363152069886834,0.0
ENSG00000104894,0.017670938748029764,0.008962130051717724,0.0
ENSG00000142538,0.0001927961853032319,0.0006619488463884518,0.0
ENSG00000090554,0.006294687439372739,0.004703793287352269,0.0
ENSG00000104870,0.07950294663766833,0.04739691650362351,0.0
ENSG00000010361,0.0008093198729927461,0.00031704618464180936,0.0
ENSG00000269194,0.0038808418834964113,0.003237936344001475,0.0
ENSG00000169136,0.01586998175568568,0.012715400639553787,0.0
ENSG00000105357,0.00011217253044136783,0.001247092868252142,0.0
ENSG00000131398,0.00261964866071637,0.004368782865275167,0.0
ENSG00000131400,0.0007274678920547983,0.0005784759775321668,0.0
ENSG00000086967,0.0006769955721884814,0.0006709907471100187,0.0
ENSG00000268518,0.0009087176505914787,0.0012377585693495378,0.0
ENSG00000268375,0.002065688159023752,0.001792496664845657,0.0
ENSG00000167749,0.0049593656804167935,0.0034573746556983854,0.0
ENSG00000167757,0.0015212979960411096,0.0011293188018562414,0.0
ENSG00000168995,0.001714834220943029,0.0006750097590429996,0.0
ENSG00000142549,0.00013679644598765204,1.181119238218726e-05,0.0
ENSG00000267905,0.011164825425636196,0.009178012279084144,0.0
ENSG00000267984,0.00013625842758105026,2.834254178464557e-05,0.0
ENSG00000105374,0.004205640091735583,0.011550163861400425,0.0
ENSG00000142512,0.006987208605525347,0.011502063957859208,0.0
ENSG00000254760,7.452692956799739e-07,7.2741614652737e-05,0.0
ENSG00000213822,0.002526351727253664,0.0019633653729769643,0.0
ENSG00000105492,0.0001312364040121744,0.00012858662901737305,0.0
ENSG00000105501,0.00019452432535626028,4.9178811456024874e-05,0.0
ENSG00000254415,0.0006662440599696855,0.000200741947828889,0.0
ENSG00000105509,0.002569914635178633,0.0019361952450325118,0.0
ENSG00000171051,0.0018784183131506963,0.002310660424183328,0.0
ENSG00000268015,0.0015700842993796355,0.002128703783832666,0.0
ENSG00000269535,0.00010645200700102388,9.28396144302304e-06,0.0
ENSG00000167554,0.005449629013687426,0.0038722426050724294,0.0
ENSG00000258405,2.7745485013940942e-05,1.729162830838558e-05,0.0
ENSG00000167766,0.021517170010130343,0.027620611731571737,0.0
ENSG00000197928,0.008310919700587158,0.007479760877036461,0.0
ENSG00000163098,0.00020991361702351032,0.0005060259172283362,0.0
ENSG00000142405,0.0058579427725846305,0.005022717312332681,0.0
ENSG00000179820,0.001687590784870526,0.00020761381082090536,0.0
ENSG00000126583,0.004241988324313796,0.00557221591309648,0.0
ENSG00000142408,0.008578954619369103,0.006066899843293824,0.0
ENSG00000248385,9.56583583434302e-06,4.3588990787182566e-05,0.0
ENSG00000167608,0.0011773040312097176,0.0005860613124849492,0.0
ENSG00000125505,0.08350814941175011,0.2387242427278151,0.0
ENSG00000223660,0.0007348872686548509,0.0011883336062729422,0.0
ENSG00000131042,0.00011782491831502929,3.694253373409014e-05,0.0
ENSG00000167617,6.08296986050828e-05,0.00021325439177586236,0.0
ENSG00000239998,1.1608118242610806e-06,0.0002199701327561471,0.0
ENSG00000104974,3.2425589050207085e-05,4.631382718131878e-06,0.0
ENSG00000104972,0.010463245352361168,0.01201729223309989,0.0
ENSG00000268734,1.195415422249529e-05,0.0003062293226479301,0.0
ENSG00000088053,0.0017310851043300527,0.0027032532098479715,0.0
ENSG00000105048,1.2350091669147938,1.5483899315914809,0.0
ENSG00000129991,0.014206779753344542,0.006029269743758695,0.0
ENSG00000080031,0.008605918666428104,0.00923007921810597,0.0
ENSG00000180061,0.0006881987723078259,0.0002611994014694539,0.0
ENSG00000095752,0.008273170201268538,0.006400078243256336,0.0
ENSG00000108106,3.319622612787043,3.3925426334123565,0.0
ENSG00000267117,2.563624244985078e-05,4.337651400912238e-06,0.0
ENSG00000268307,8.096072490487446e-05,4.6736215187305354e-05,0.0
ENSG00000269600,0.004658462637728505,0.004973135561060884,0.0
ENSG00000099715,0.008186080154271955,0.0009095752988062845,0.0
ENSG00000254488,0.002956350923942064,0.004174390152545775,0.0
ENSG00000225255,0.001433782008148868,0.00361363943115861,0.0
ENSG00000237689,0.0017138741823289755,0.0013360286092006929,0.0
ENSG00000177663,0.0007776671604378589,0.00015295027031195495,0.0
ENSG00000185837,0.0019710819480639095,0.002395497795583165,0.0
ENSG00000093072,0.008268533683348685,0.009750214410065986,0.0
ENSG00000070010,1.9240235391942093,2.270850868928556,0.0
ENSG00000093009,0.2614994720066148,0.30463337200225754,0.0
ENSG00000281548,5.802739792782494e-06,6.105502691564378e-05,0.0
ENSG00000093010,3.1353669265489392,3.3726495324600974,0.0
ENSG00000183597,0.033274388778598125,0.002418147744457346,0.0
ENSG00000268292,0.008834026299876433,0.0031334812149517,0.0
ENSG00000099901,12.481054402912354,12.390275219183161,0.0
ENSG00000235578,4.728592768066695e-05,2.84524967751555e-05,0.0
ENSG00000099937,0.0016121035694054786,0.0014554469830425595,0.0
ENSG00000099957,0.002917429960709943,0.005761641993452948,0.0
ENSG00000187905,0.0029850327159376936,0.004549702887075639,0.0
ENSG00000206140,0.001325022204110276,8.903690784958096e-05,0.0
ENSG00000183246,0.0016151459865201487,0.0013496148320370294,0.0
ENSG00000128228,5.413048107300988,6.459351287003391,0.0
ENSG00000100027,0.0001955763998100324,8.890685050144768e-05,0.0
ENSG00000100030,1.0444988862628914,0.9337776332163313,0.0
ENSG00000222037,0.002882264338617686,0.0024962446702485337,0.0
ENSG00000280623,0.0005172816835420618,8.114159549878928e-06,0.0
ENSG00000159496,0.0012094897755322714,0.0012205105290035633,0.0
ENSG00000169314,0.006935860640798708,0.006384212443129159,0.0
ENSG00000279467,0.0021281523522289313,0.0030725857927844605,0.0
ENSG00000133433,0.0008338731233180662,0.001917574389634098,0.0
ENSG00000272787,0.0019172524847053626,0.001661840791165358,0.0
ENSG00000099998,0.00034730571346021767,0.000675526102246948,0.0
ENSG00000178803,0.007146832433857511,0.005219694638103281,0.0
ENSG00000100024,0.0005953346908578444,0.00027237001747381376,0.0
ENSG00000184571,2.4956814658192504e-05,0.000243954374192668,0.0
ENSG00000167037,0.0027137605337982425,0.004792730426637779,0.0
ENSG00000279085,0.0001617825572473503,0.0005774066106645768,0.0
ENSG00000203280,0.00040483754674699025,0.000528726752964981,0.0
ENSG00000272798,0.0041857579612098175,0.004130017179817477,0.0
ENSG00000100077,0.0017417058717773084,0.004402624122989073,0.0
ENSG00000237387,1.0084809289209832e-06,0.0005276836054761099,0.0
ENSG00000206028,0.0034817056518987198,0.0031005931974384766,0.0
ENSG00000235271,0.0028097468879406617,0.00329678774904877,0.0
ENSG00000279440,0.007267516014790921,0.004961695645324494,0.0
ENSG00000232396,4.073246022971693e-05,1.0719600412323338e-06,0.0
ENSG00000232530,0.00022469716469017856,0.0007627311636660213,0.0
ENSG00000268812,0.0037102515930227536,0.004038478576447627,0.0
ENSG00000099985,4.905597032711211e-05,1.0346573994410502e-06,0.0
ENSG00000239282,3.04404886549434e-05,4.8718454783166614e-05,0.0
ENSG00000187860,0.0019664238029776927,0.0011903326380058104,0.0
ENSG00000185339,0.0005602371080501928,0.0003415826624195116,0.0
ENSG00000167065,0.0038612768692879796,0.0025841211561219253,0.0
ENSG00000198832,0.00176013917709017,0.0013336409673109244,0.0
ENSG00000100100,0.012872717475026324,0.006271488395206487,0.0
ENSG00000228839,0.010777755629336368,0.010454192516766108,0.0
ENSG00000240591,0.006559541316517003,0.008882906536133094,0.0
ENSG00000205853,0.00043524389203910494,9.238682890212102e-05,0.0
ENSG00000184459,0.0010012159550649752,0.0008263825245916699,0.0
ENSG00000185666,0.009005391227407714,0.008570336278918154,0.0
ENSG00000236054,0.0005934541175219694,0.0003781849735626437,0.0
ENSG00000175329,0.0007316531226275311,0.0005474439889184945,0.0
ENSG00000273176,0.0003242110187694451,0.001156829896689096,0.0
ENSG00000100292,0.001937910443681871,0.0023865714009071587,0.0
ENSG00000100302,0.00033392496428356227,0.00017299248923498657,0.0
ENSG00000198125,0.0001086583460321465,0.0012956305997108575,0.0
ENSG00000221963,0.00047330135467859967,3.883298814361238e-05,0.0
ENSG00000279927,0.0004179743302170348,0.00027578892548035095,0.0
ENSG00000128284,0.0016641015805788162,0.0023370785160656583,0.0
ENSG00000100336,0.005014840628044701,0.0021398264271646735,0.0
ENSG00000100342,0.002034333337691737,0.007261571895262569,0.0
ENSG00000100345,0.009698882511197658,0.012581095891313511,0.0
ENSG00000223695,0.005234552691343896,0.004507247142121133,0.0
ENSG00000100362,6.601652630796024e-05,0.00038385921598822634,0.0
ENSG00000100365,0.00024763970497116225,0.0003655016651575509,0.0
ENSG00000187045,0.0034258055485899778,0.0013645401214905399,0.0
ENSG00000278195,0.00022989653005215613,0.0007306142414480149,0.0
ENSG00000128340,0.035129161678406594,0.10029951107050943,0.0
ENSG00000100055,0.0019756210741897766,0.0026715223185292403,0.0
ENSG00000100079,0.001136204116546426,0.0002714278463531891,0.0
ENSG00000100097,0.13134402188216399,0.4562178880306611,0.0
ENSG00000189060,1.907046176419718e-05,3.2056408430255273e-05,0.0
ENSG00000273214,0.00029006796532984847,0.0003964853165482957,0.0
ENSG00000272720,0.002269162895275908,0.00212360097102762,0.0
ENSG00000279080,0.0013162687168201438,0.0026717394571704072,0.0
ENSG00000225450,0.00010664824295568942,0.0002986106843093189,0.0
ENSG00000128383,0.00042714104652536236,2.3279940252672137e-05,0.0
ENSG00000244509,0.09097775844494413,0.10934638398872563,0.0
ENSG00000243811,0.0018601312214449042,0.00014939600734376144,0.0
ENSG00000100298,0.0011773847839250556,0.0011222406415380061,0.0
ENSG00000279833,0.00047581690683937226,0.0004696268217448276,0.0
ENSG00000224794,0.0014708374316576098,0.0014028311010681688,0.0
ENSG00000100316,15.444428948502935,15.797195390073213,0.0
ENSG00000128272,0.9594859806684035,0.7940121328351752,0.0
ENSG00000100351,0.00497937206392897,0.006385705644401541,0.0
ENSG00000133477,0.00016791439155707116,4.756174289714746e-05,0.0
ENSG00000100354,0.2201097266017725,0.24028100501920827,0.0
ENSG00000272834,0.005643399776844582,0.0032950304948433495,0.0
ENSG00000167077,0.0003032180319621786,3.6213798551032762e-06,0.0
ENSG00000184068,0.0016103416560705,0.0008462444720065423,0.0
ENSG00000234965,0.00019696217431859018,0.00033505503034530657,0.0
ENSG00000235568,0.0026901280557174575,0.0022741913357637905,0.0
ENSG00000138964,2.002506505554931e-06,1.2971285728671756e-05,0.0
ENSG00000280011,0.010512733280973751,0.000561565660503083,0.0
ENSG00000056487,0.004765589217025567,0.0035380656075380715,0.0
ENSG00000100364,4.748198541939619e-06,0.0011371735916897118,0.0
ENSG00000273287,0.00166449157991359,0.0005851660533288682,0.0
ENSG00000100373,0.0023432004809109744,0.0007715756036858504,0.0
ENSG00000100376,0.08954741827756776,0.10453020168691096,0.0
ENSG00000077942,0.0011690469252614558,0.0008359308495176451,0.0
ENSG00000188064,0.001488942912080589,0.000782310099183309,0.0
ENSG00000186951,0.0034908399914977094,0.0008085753225589422,0.0
ENSG00000075218,0.05056114270295916,0.023811210033927933,0.0
ENSG00000234869,0.0006252908462875974,0.00037866119991535524,0.0
ENSG00000205634,0.00019959048814554013,0.00026656004911229745,0.0
ENSG00000260613,0.00295371395911561,0.0017608513054532572,0.0
ENSG00000279494,0.010062649978969043,0.009927019019460014,0.0
ENSG00000278869,0.0008152980351697453,9.47657598310819e-05,0.0
ENSG00000100427,0.0033047179342397745,0.0036989401979504797,0.0
ENSG00000273188,0.0001252304049993364,0.0006544128488184757,0.0
ENSG00000177989,0.0016239348258729053,0.0016628060934492268,0.0
ENSG00000272666,0.0009015039342460184,9.163738405808955e-05,0.0
ENSG00000273272,0.0011302674377227577,0.0007685858575626195,0.0
ENSG00000130487,0.002042493774743873,0.003458346763586814,0.0
ENSG00000217442,0.014780323864018678,0.009931986646155438,0.0
ENSG00000100299,0.000846724323342167,0.0005189127907619222,0.0
ENSG00000279669,0.9449365332012325,1.143894657578778,0.0
ENSG00000280191,0.002540949083247896,0.0022321644103966793,0.0
ENSG00000278996,0.001645103485421731,0.0020720643098395275,0.0
ENSG00000280441,0.0005800534941864145,0.0007222729075417956,0.0
ENSG00000279851,0.0013445482973713312,0.0008653766292083362,0.0
ENSG00000155307,0.026242896671775442,0.052796345892413304,0.0
ENSG00000232884,0.0009430800015916281,0.0007530485339476362,0.0
ENSG00000226751,0.009555798174017194,0.012380191969166997,0.0
ENSG00000281903,0.004517233926234519,0.003958258276742172,0.0
ENSG00000235277,0.0036057457731412178,0.0037069144632478567,0.0
ENSG00000215386,7.320429161312655e-05,0.0004653305587351104,0.0
ENSG00000230233,0.003932951863521838,0.0024098737831665324,0.0
ENSG00000233236,0.31056081318835965,0.371740211098898,0.0
ENSG00000142192,0.00824571419017694,0.008996848063944332,0.0
ENSG00000236532,0.0006082946189284787,0.0021304568709611454,0.0
ENSG00000156265,3.93512925838842e-05,0.00026426724159093605,0.0
ENSG00000224649,0.0005103539155103613,0.00048362981222334117,0.0
ENSG00000171189,0.00011374114378512888,0.00010111263707967291,0.0
ENSG00000174680,0.020302258594448116,0.013571846224545119,0.0
ENSG00000156299,0.000820913795936299,0.0017526713950227128,0.0
ENSG00000170262,0.0016071566990085032,0.0006013285321592691,0.0
ENSG00000238197,0.0031673779287992665,0.0036190452601767456,0.0
ENSG00000205930,0.0015442276144790065,0.0022687649101124593,0.0
ENSG00000223799,1.6197757338700698e-08,2.0074821242133025e-05,0.0
ENSG00000243646,0.0001501903025119523,0.0012393618993805837,0.0
ENSG00000272659,0.00014041201537603784,4.433105830561304e-05,0.0
ENSG00000231355,0.002395330225895477,0.001194531165077314,0.0
ENSG00000177692,0.00018384673629344797,0.00021041019144881477,0.0
ENSG00000159140,2.989290354905845,3.7351574970552868,0.0
ENSG00000237945,0.0038619763445349817,0.02030203894266684,0.0
ENSG00000159216,0.04769669677015801,0.10018625458860411,0.0
ENSG00000231106,0.005145035105963425,0.0038304261819597004,0.0
ENSG00000233393,0.00012134972330018362,0.00011651215693729293,0.0
ENSG00000159231,0.010095291311431852,0.007518359660606192,0.0
ENSG00000142197,0.0074411644622991045,0.008308838914146955,0.0
ENSG00000230479,0.00041531244488739557,0.0006845075322166452,0.0
ENSG00000233818,0.0014315456717497372,0.0014921550548138407,0.0
ENSG00000159261,0.0009371869907314236,0.0012288243188416509,0.0
ENSG00000157542,0.001712522027706863,0.0006496150245390205,0.0
ENSG00000198054,2.0693334971135937,2.003977377225224,0.0
ENSG00000157551,0.006569377401629514,0.006108517960902255,0.0
ENSG00000157557,0.005911565818488735,0.017239351036301333,0.0
ENSG00000205622,0.00015166247582804968,0.0005040654220809241,0.0
ENSG00000171587,0.01105773840599688,0.012581017845077726,0.0
ENSG00000184012,0.009777171371263679,0.0048419777287275565,0.0
ENSG00000236384,0.005913523088785112,0.005746757101127296,0.0
ENSG00000160179,0.00018380146837589876,0.00046877960919437095,0.0
ENSG00000160180,0.0015972138336896287,0.0006489507655342669,0.0
ENSG00000160182,0.0016648878475666858,0.0012762760217693105,0.0
ENSG00000160185,0.0035774871558666987,0.0020334173637665343,0.0
ENSG00000225431,4.86238688694829e-05,7.202999126492577e-05,0.0
ENSG00000235023,0.0009794050302003913,0.0013875299805454792,0.0
ENSG00000283051,0.0006729012973315604,0.0010128095486454415,0.0
ENSG00000237989,0.0016334593375163806,0.002480533834687241,0.0
ENSG00000225637,0.0049129583540530606,0.004854999146458628,0.0
ENSG00000188660,2.359949240599761e-06,4.029140678733133e-07,0.0
ENSG00000160213,2.292077750601858,2.2280780936125972,0.0
ENSG00000215458,0.0005415868708625389,0.001944902098330006,0.0
ENSG00000225331,0.005203505490369578,0.004948542308583553,0.0
ENSG00000160223,0.0012974008576397019,0.0006079002742547239,0.0
ENSG00000275799,0.002450241998071796,0.0019055613399395679,0.0
ENSG00000142182,0.003068541127912504,0.002059029414494138,0.0
ENSG00000232010,0.0002675099346618315,0.000539176086602038,0.0
ENSG00000142185,0.0007283751751506874,0.001318960979214283,0.0
ENSG00000205445,0.004510974389251354,0.004565104346386648,0.0
ENSG00000160255,0.0010664419055310395,0.0024992344928263114,0.0
ENSG00000227039,0.00405941619957529,0.0028559207527427515,0.0
ENSG00000182586,0.0021019705169875724,0.0013512632312661298,0.0
ENSG00000184274,0.0027380501945356295,0.003024634555216691,0.0
ENSG00000182871,0.34291376387513994,0.49967216659262687,0.0
ENSG00000224574,0.000588807928973016,0.00018971588091772795,0.0
ENSG00000183535,0.0006569608332698987,0.0002963445733315021,0.0
ENSG00000183570,0.0011390427490737597,0.0005956339467713942,0.0
ENSG00000274248,6.081442899391956e-05,4.0527272037172845e-05,0.0
ENSG00000142156,0.00012576375567658878,0.0009349541284567076,0.0
ENSG00000237338,0.0001847248414448934,0.0002873092767986456,0.0
ENSG00000160298,0.09633004452973304,0.30540578365471743,0.0
ENSG00000160307,0.0012141060889742622,0.001764903607949254,0.0
ENSG00000198888,16.136899537312313,15.963686018572423,0.0
ENSG00000198763,17.808545773924525,17.895231106660752,0.0
ENSG00000198804,22.932421126841312,23.14421767671119,0.0
ENSG00000198712,24.853993542852162,24.931815986545292,0.0
ENSG00000198899,15.934249705647066,16.13007836020732,0.0
ENSG00000198938,25.88108476594914,26.16060036894508,0.0
ENSG00000198840,13.19777942715035,13.302432298679959,0.0
ENSG00000212907,1.5013010327885865,1.6554974704593972,0.0
ENSG00000198886,19.40095846731307,19.094803941256334,0.0
ENSG00000198786,4.814749652347691,4.51076909161494,0.0
ENSG00000198695,2.824414712279638,2.9398611977509317,0.0
ENSG00000198727,12.66015476723024,12.686955873463331,0.0
ENSG00000273554,0.0036054310401327787,0.003538246022698647,0.0
ENSG00000278633,0.002538567299117927,0.002468641678087404,0.0
