,test_BCL2L11+TGFBR2,test_BCL2L11+ctrl,test_ctrl
ENSG00000239945,,-0.14853857174869012,
ENSG00000223764,,,0.9999999999999998
ENSG00000187634,0.015751359701559838,-0.18759588385452797,1.0
ENSG00000187642,,,
ENSG00000188290,0.04642558547042931,0.36141614595446303,0.9999999999999999
ENSG00000187608,0.02341739661479389,0.025799768835647968,1.0
ENSG00000273443,,,
ENSG00000237330,,,0.9999999999999997
ENSG00000223823,,,
ENSG00000205231,,,
ENSG00000186891,,,
ENSG00000186827,,,
ENSG00000169962,,,
ENSG00000235098,,,
ENSG00000189409,,,1.0
ENSG00000269737,,,
ENSG00000169885,,,
ENSG00000271806,,,
ENSG00000234396,,,
ENSG00000149527,,,
ENSG00000272449,-0.21622936701801646,,0.9999999999999999
ENSG00000238164,,-0.005149698320080696,
ENSG00000157873,,,
ENSG00000215912,,,
ENSG00000078900,,,0.999999999999999
ENSG00000235169,-0.17263619376394435,-0.2029549195158285,1.0
ENSG00000272153,,,0.9999999999999997
ENSG00000116254,,,
ENSG00000225077,-0.0512604577431959,,0.9999999999999991
ENSG00000158292,-0.014941956643233598,,1.0
ENSG00000069812,,,0.9999999999999999
ENSG00000187017,,0.12107953161339104,
ENSG00000173662,,,
ENSG00000270171,,,
ENSG00000049249,,,0.9999999999999998
ENSG00000232912,,,
ENSG00000228423,,,
ENSG00000074800,-0.02526499071355448,-0.11624510401795042,1.0
ENSG00000131686,,,
ENSG00000180758,-0.17750293111034152,,1.0
ENSG00000228526,,,1.0
ENSG00000234546,,,
ENSG00000049239,0.010831237649622988,0.15603402231345995,0.9999999999999996
ENSG00000179840,,,
ENSG00000280113,,,
ENSG00000142657,0.11391579528142418,0.043934707031368134,0.9999999999999998
ENSG00000175262,,,
ENSG00000277726,,,
ENSG00000009724,,,1.0
ENSG00000271895,0.06695012220151467,,0.9999999999999998
ENSG00000116649,0.006911835096113525,-0.08580956253960936,1.0
ENSG00000162490,,,0.9999999999999998
ENSG00000177000,0.36447680998811166,-0.07139955875676399,1.0
ENSG00000162493,,,
ENSG00000175147,,,
ENSG00000233485,,,
ENSG00000228140,,,
ENSG00000142634,-0.06535821552264777,-0.0687060627842696,1.0
ENSG00000142615,,,
ENSG00000215704,,,
ENSG00000271742,,,
ENSG00000224621,,,
ENSG00000261135,-0.08816728878823085,,1.0
ENSG00000271732,,,
ENSG00000280226,,,
ENSG00000230424,0.14185061946303568,0.10086728203408929,1.0
ENSG00000188257,,,
ENSG00000117215,,,
ENSG00000187980,,,
ENSG00000117242,,,0.9999999999999996
ENSG00000236936,,,
ENSG00000142789,,,
ENSG00000070831,0.0878142740902186,-0.011790406651969784,1.0
ENSG00000162552,,,
ENSG00000173369,,,
ENSG00000249087,-0.16385910623539884,-0.13488450851283917,0.9999999999999998
ENSG00000235052,,,
ENSG00000117318,0.2909706729691518,0.0375005310263659,1.0
ENSG00000197880,,,
ENSG00000117305,0.12731790842783283,-0.3052910681812952,1.0
ENSG00000179163,-0.06484458090675281,-0.2758174551277144,1.0
ENSG00000188822,,,
ENSG00000142677,,,
ENSG00000230023,,,
ENSG00000020633,,,
ENSG00000233755,,,
ENSG00000231953,,,0.9999999999999998
ENSG00000117614,0.35022346079117717,-0.16493914426763157,1.0
ENSG00000117616,0.3647087524657124,0.32702740470477737,1.0
ENSG00000233478,,,0.9999999999999996
ENSG00000182749,0.20230335232388966,0.04876904888066913,1.0
ENSG00000117632,-0.36952610850337153,-0.060470206150250325,0.9999999999999998
ENSG00000158008,,,
ENSG00000158022,,,1.0
ENSG00000142669,-0.35447380212240875,0.16172082453247688,1.0
ENSG00000169442,0.2412204317165052,0.11626268862410509,1.0
ENSG00000176083,,,
ENSG00000198830,0.2193500993230137,-0.07062136971196602,0.9999999999999999
ENSG00000117713,0.10177037281666171,-0.17516269972920445,1.0
ENSG00000226698,,,
ENSG00000090273,-0.05478849145368589,-0.07392182875334737,1.0
ENSG00000142765,-0.24615420896919396,-0.2604416800746158,0.9999999999999993
ENSG00000000938,,,
ENSG00000126709,,,1.0
ENSG00000130775,-0.41196606060823077,0.2680598293287407,0.9999999999999999
ENSG00000227050,,,
ENSG00000169403,,,0.9999999999999998
ENSG00000271398,,,
ENSG00000130766,-0.017059819106723745,-0.08727251215504431,0.9999999999999998
ENSG00000116329,,,
ENSG00000233427,,0.13847740507198306,
ENSG00000162511,-0.04495531871009472,0.11794389194694438,1.0
ENSG00000121769,,,0.9999999999999997
ENSG00000223907,,,
ENSG00000235790,,,
ENSG00000134668,,,0.9999999999999998
ENSG00000224066,,,1.0
ENSG00000222046,,,
ENSG00000183615,,,
ENSG00000182866,,,
ENSG00000175130,0.2465386909855225,0.22737740209598073,1.0
ENSG00000162526,-0.26524841823706974,,1.0
ENSG00000160058,-0.1555104567316956,-0.20188609100292748,1.0
ENSG00000224409,,,
ENSG00000121900,-0.15162943258376135,-0.13867220430323463,0.9999999999999999
ENSG00000255811,,,
ENSG00000271741,,,
ENSG00000126067,0.07879554552310836,-0.22534169526884684,1.0
ENSG00000092853,-0.05537978026783636,-0.1102901101332645,1.0
ENSG00000232335,,,
ENSG00000116871,-0.08648291371142768,0.2980239114707697,1.0
ENSG00000214193,0.42485616759821343,,0.9999999999999993
ENSG00000119535,0.274974006484575,-0.06157589640111601,1.0
ENSG00000233621,,,
ENSG00000134690,0.05794676701512721,-0.10703377993880767,1.0
ENSG00000158315,,,1.0
ENSG00000127603,-0.26253978844841064,0.2031555996220459,1.0
ENSG00000226438,,,
ENSG00000183682,,,
ENSG00000168389,,,
ENSG00000131236,-0.36066426507582156,0.2947682891024403,1.0
ENSG00000049089,0.004599492019420469,-0.12055836455870411,1.0
ENSG00000179862,-0.028474899231968283,0.035848739255676804,0.9999999999999997
ENSG00000229528,,,
ENSG00000171790,,,
ENSG00000044012,,,
ENSG00000197273,,,
ENSG00000066185,,,
ENSG00000127125,-0.19844177620485037,-0.07212310657369629,1.0
ENSG00000186409,,-0.15353414771760424,1.0
ENSG00000065978,0.24765067714698288,-0.04750406195841902,1.0
ENSG00000164007,,,
ENSG00000117394,0.19294048951228687,-0.08618300491925462,1.0
ENSG00000227533,-0.02601650223319351,-0.05178430190717291,1.0
ENSG00000186973,,,
ENSG00000243710,,,
ENSG00000179178,,,
ENSG00000253313,,,
ENSG00000117399,0.09206429794235575,0.09354865178541177,1.0
ENSG00000229444,,,
ENSG00000117410,0.07922143277571299,-0.22660608178166136,1.0
ENSG00000196517,-0.20020009584444315,0.04243891171230396,0.9999999999999996
ENSG00000198520,,,0.9999999999999997
ENSG00000142945,-0.1591643639047747,-0.1386635853855566,0.9999999999999999
ENSG00000222009,,,
ENSG00000070759,,,
ENSG00000117450,-0.05698127079350304,-0.18456786005556408,1.0
ENSG00000226957,,,
ENSG00000117480,,-0.08601143431778666,1.0
ENSG00000269956,,0.3149771668558369,
ENSG00000186118,,,
ENSG00000162366,,-0.05887569930196086,0.9999999999999996
ENSG00000123473,-0.012051286337134502,0.05424640723246608,1.0
ENSG00000123080,-0.15532087563252395,-0.052198774713703024,1.0
ENSG00000203356,,,
ENSG00000261664,,,
ENSG00000169213,,-0.2919106392289791,0.9999999999999993
ENSG00000223390,,,
ENSG00000228369,,,
ENSG00000116157,,0.18089688916160682,1.0
ENSG00000182183,,,
ENSG00000226754,,,
ENSG00000230138,-0.30206897393769216,0.33545859829757185,1.0
ENSG00000116209,0.17412976706983307,0.20565174073222875,1.0
ENSG00000225632,,,
ENSG00000143001,,,
ENSG00000162399,,,
ENSG00000162407,,,
ENSG00000177606,-0.16423437942818636,0.022426319862742145,0.9999999999999999
ENSG00000232453,0.17544249540120935,,0.9999999999999998
ENSG00000237352,,,
ENSG00000132849,,,
ENSG00000132855,,,
ENSG00000228734,,,
ENSG00000079739,,,
ENSG00000118473,,,
ENSG00000203963,,,
ENSG00000116717,-0.28539893798305005,-0.13638652039198707,1.0
ENSG00000237919,,,
ENSG00000229051,,,
ENSG00000235782,,,
ENSG00000259030,,,0.9999999999999999
ENSG00000137968,,-0.06212787322579226,0.9999999999999997
ENSG00000178193,,,
ENSG00000057468,,,
ENSG00000233099,,,
ENSG00000235927,-0.1618640472575502,,
ENSG00000137960,,,
ENSG00000137959,,,
ENSG00000137941,,0.14445407071183955,0.9999999999999999
ENSG00000137976,,,
ENSG00000171502,,,
ENSG00000016490,,,
ENSG00000267272,0.03574978204236949,,1.0
ENSG00000143013,0.0518109500742939,0.16243142509651526,1.0
ENSG00000117226,,,
ENSG00000117228,,,
ENSG00000162645,,-0.07562445434497855,0.9999999999999998
ENSG00000231999,0.21101925937810884,0.29868498085628165,1.0
ENSG00000189195,,,0.9999999999999993
ENSG00000069712,,-0.0007502510191345901,0.9999999999999999
ENSG00000198691,,,
ENSG00000117525,,,
ENSG00000235501,,,0.9999999999999999
ENSG00000156869,-0.16125401347129048,-0.1131962876822823,0.9999999999999997
ENSG00000122477,,,1.0
ENSG00000181656,,,
ENSG00000170989,,0.1527298582020113,0.9999999999999999
ENSG00000260879,0.1774410311475755,,1.0
ENSG00000238122,,,
ENSG00000143107,,,
ENSG00000203897,,,
ENSG00000273382,-0.17551232862831545,-0.06282214573716206,1.0
ENSG00000270066,,,0.9999999999999991
ENSG00000179902,,,
ENSG00000221986,,,0.9999999999999997
ENSG00000156097,,,
ENSG00000213366,,,1.0
ENSG00000134202,-0.08127395918551578,-0.19476163832539303,0.9999999999999997
ENSG00000198758,,,
ENSG00000261055,,,
ENSG00000143125,,,
ENSG00000143119,-0.13230294858083055,0.14840583122315304,1.0
ENSG00000232811,,,
ENSG00000064886,-0.08322244331527409,0.041965634213935066,0.9999999999999997
ENSG00000143110,,,
ENSG00000121933,,,
ENSG00000282608,,,
ENSG00000197852,,,0.9999999999999997
ENSG00000116489,-0.14959875606737338,0.11324659000937934,1.0
ENSG00000155366,-0.02789008861636791,0.19438307567396768,1.0
ENSG00000215866,,,
ENSG00000134242,0.10636453607352217,0.05285976150462654,1.0
ENSG00000235527,,,0.9999999999999998
ENSG00000116774,,,
ENSG00000233154,,,
ENSG00000224950,,,
ENSG00000116824,,,
ENSG00000134256,,,
ENSG00000236866,,,
ENSG00000183508,-0.11984444372812411,,1.0
ENSG00000155761,,,
ENSG00000092621,-0.08149623110924481,-0.07837173634662678,1.0
ENSG00000198019,,,
ENSG00000233029,,,
ENSG00000230806,,,
ENSG00000263590,,,0.9999999999999997
ENSG00000234571,,,
ENSG00000277199,,,
ENSG00000236140,,,0.9999999999999997
ENSG00000174827,,,
ENSG00000117281,,,
ENSG00000198483,,,
ENSG00000121851,-0.2518346016274634,-0.0794018295032147,1.0
ENSG00000265972,0.04982450068590222,0.1685292525499587,1.0
ENSG00000168509,,,0.9999999999999997
ENSG00000276509,,,0.9999999999999992
ENSG00000131781,,-0.27507201860307817,
ENSG00000227733,,,
ENSG00000234283,,,
ENSG00000231551,0.1023342520149794,,0.9999999999999998
ENSG00000280649,-0.04120389162552509,-0.07256102711119804,1.0
ENSG00000236334,,,
ENSG00000178104,-0.015579370179831534,0.006105652805784345,0.9999999999999998
ENSG00000274265,-0.12383261550650107,-0.16197135107205748,1.0
ENSG00000150337,,,
ENSG00000233030,,,
ENSG00000184260,0.10589383706805014,-0.014741476701055078,0.9999999999999996
ENSG00000014914,-0.07362583502980424,-0.06414175397829032,
ENSG00000023902,0.023198919804652135,-0.17011486250638727,1.0
ENSG00000143401,0.06994649729058836,0.23975769955197207,1.0
ENSG00000276110,,,
ENSG00000143369,,0.11225979059133864,1.0
ENSG00000143382,-0.09123670255001597,-0.10081770025779721,1.0
ENSG00000163131,0.12602990418755994,0.06761865184506935,1.0
ENSG00000143387,0.3517318619253411,,0.9999999999999998
ENSG00000143409,,-0.2501463269033262,0.9999999999999998
ENSG00000163141,0.20848879671838044,,0.9999999999999996
ENSG00000143443,-0.0676824969935661,0.25969683699407525,0.9999999999999994
ENSG00000197622,-0.05039376535812773,0.16166113938065807,0.9999999999999999
ENSG00000213190,-0.03157704368464352,0.06657375180687503,1.0
ENSG00000143458,0.14721210227745063,-0.04752662368167052,1.0
ENSG00000163155,-0.31760469472513975,0.014854090083499923,0.9999999999999998
ENSG00000224645,,,
ENSG00000250734,,,
ENSG00000159409,,,
ENSG00000178796,,,
ENSG00000225556,,,
ENSG00000197747,0.07627168705360643,-0.03582893754139953,0.9999999999999998
ENSG00000163191,-0.15990693663966593,-0.08602040672827335,0.9999999999999999
ENSG00000163216,,,
ENSG00000244094,,,
ENSG00000203783,,,
ENSG00000203782,,,
ENSG00000163218,,0.4325995646331973,
ENSG00000163220,,,
ENSG00000143546,,,
ENSG00000184330,,,
ENSG00000143556,,,
ENSG00000197956,,,
ENSG00000196420,,,
ENSG00000196154,-0.2915300067005627,0.0907821433737993,0.9999999999999998
ENSG00000188015,,,
ENSG00000189171,0.1107781814071609,-0.15244233416561406,0.9999999999999998
ENSG00000160678,-0.027986353507144818,0.06879561208681388,1.0
ENSG00000279767,,,
ENSG00000282386,,,0.9999999999999992
ENSG00000160712,,,0.9999999999999998
ENSG00000169291,,,
ENSG00000143603,,,
ENSG00000163346,,,1.0
ENSG00000173207,0.3522266773847049,-0.022110997354404707,1.0
ENSG00000163357,,,
ENSG00000169231,,0.0889253613597722,0.9999999999999991
ENSG00000236263,,,
ENSG00000132718,,,
ENSG00000143622,0.23181011915036406,-0.024814436802395118,0.9999999999999997
ENSG00000116584,-0.05688294299069578,-0.1705753314960953,1.0
ENSG00000132698,,,0.9999999999999992
ENSG00000160789,0.02741844316104293,-0.11038817803983109,1.0
ENSG00000183856,-0.2735373300017562,-0.02137291435002279,1.0
ENSG00000143320,,,0.9999999999999996
ENSG00000027869,-0.11544800440036601,-0.0360044339441038,1.0
ENSG00000198400,,0.05981849686154975,1.0
ENSG00000027644,,,
ENSG00000160838,,,
ENSG00000229961,,,
ENSG00000132704,,,0.9999999999999997
ENSG00000176320,,,
ENSG00000163563,,,
ENSG00000163565,,,
ENSG00000213088,,,
ENSG00000188004,,,
ENSG00000243284,,,
ENSG00000132681,,,0.9999999999999999
ENSG00000143318,,,
ENSG00000258465,,,1.0
ENSG00000162739,,,
ENSG00000066294,,,1.0
ENSG00000117090,,,
ENSG00000228863,,,
ENSG00000117091,,,0.9999999999999997
ENSG00000122224,,,
ENSG00000122223,,,
ENSG00000179914,,,
ENSG00000232188,,,
ENSG00000158764,,,0.9999999999999999
ENSG00000186517,,,0.9999999999999996
ENSG00000143217,,,
ENSG00000228917,,,
ENSG00000162755,,,
ENSG00000158793,-0.03453464694073583,0.07071186653415323,1.0
ENSG00000158859,,,
ENSG00000158869,-0.033832085495124405,0.1456654144396597,1.0
ENSG00000188931,,,
ENSG00000143226,0.06778697114734258,0.012850688576461957,1.0
ENSG00000173110,,,
ENSG00000203747,,,
ENSG00000072694,0.14254932189626215,,
ENSG00000132185,,,
ENSG00000198929,,,
ENSG00000227094,,,
ENSG00000185860,,,
ENSG00000185630,,,
ENSG00000233693,,,
ENSG00000234142,,,0.9999999999999998
ENSG00000143194,,,
ENSG00000143162,-0.059235402535678675,0.35490288669308456,0.9999999999999996
ENSG00000198771,-0.32392500643007155,-0.08350782709283781,0.9999999999999996
ENSG00000197965,0.11801723656882379,0.13697392603955094,0.9999999999999998
ENSG00000143158,0.06728889937990082,-0.2795832953495028,1.0
ENSG00000143184,,,
ENSG00000235736,,,
ENSG00000225826,,,
ENSG00000143153,-0.3136252671260772,-0.3102605151913596,1.0
ENSG00000010932,,,
ENSG00000117586,,,
ENSG00000224977,,,
ENSG00000152061,0.02850384452162659,0.05112424770978208,1.0
ENSG00000203737,,,
ENSG00000116161,-0.24873890821229133,-0.15462580670778164,1.0
ENSG00000236021,,0.1437633598242801,
ENSG00000116194,,,
ENSG00000186283,0.14550725775059967,-0.0022614834229092995,1.0
ENSG00000143322,0.09364577412192403,-0.16624956378306463,1.0
ENSG00000229407,,,
ENSG00000169905,-0.11325962862705728,0.04856160459489289,1.0
ENSG00000116260,0.18979162166234245,,0.9999999999999997
ENSG00000153029,,0.2834184250169295,1.0
ENSG00000162783,0.006005668550195728,-0.0782437131819129,0.9999999999999998
ENSG00000198216,,,
ENSG00000121446,,,
ENSG00000135828,-0.40195138204925335,,1.0
ENSG00000143333,-0.0377475208488744,,1.0
ENSG00000135824,,,
ENSG00000116701,,,
ENSG00000162704,0.16988740373585598,0.019867780365808344,0.9999999999999998
ENSG00000143344,,,
ENSG00000198756,-0.12422442621249358,0.13133432891309654,1.0
ENSG00000135842,,,
ENSG00000261024,,,
ENSG00000116703,,,
ENSG00000273198,,,
ENSG00000150681,,,0.9999999999999996
ENSG00000232498,,,
ENSG00000090104,,,
ENSG00000116741,-0.026356163314712407,0.17846717376330165,1.0
ENSG00000234871,,,
ENSG00000227240,,,
ENSG00000227421,,,
ENSG00000162687,,,
ENSG00000000971,0.11400438742897996,0.1087615210107514,1.0
ENSG00000116785,,,0.9999999999999998
ENSG00000134389,,,
ENSG00000143278,,,
ENSG00000066279,0.09689185759247895,-0.015330203001000672,1.0
ENSG00000134376,,,
ENSG00000081237,,0.12047894821591137,0.9999999999999999
ENSG00000203721,,,
ENSG00000118193,-0.1432581191509851,0.1835933700564813,0.9999999999999996
ENSG00000081248,,,
ENSG00000232237,,,
ENSG00000118194,,,
ENSG00000159173,,,
ENSG00000174307,,,1.0
ENSG00000163431,,,0.999999999999999
ENSG00000234678,,,
ENSG00000163435,,,
ENSG00000143851,-0.13526562479948745,0.2537618423901591,1.0
ENSG00000117139,0.2129674624686621,-0.08500313852974553,0.9999999999999997
ENSG00000260021,,,
ENSG00000143847,,,
ENSG00000122180,,,
ENSG00000133063,,,
ENSG00000231507,,,0.9999999999999997
ENSG00000159388,0.014179521771315012,-0.2696202511329363,1.0
ENSG00000122176,,,
ENSG00000058668,0.045102675025989414,-0.046602871061907004,1.0
ENSG00000122188,,,
ENSG00000257315,0.0469079189110833,-0.363896549430795,1.0
ENSG00000261065,,,
ENSG00000143839,,,
ENSG00000170498,,,
ENSG00000174567,0.041454419910364394,,
ENSG00000226330,,,
ENSG00000198625,0.12031803307692926,-0.36277536973763364,1.0
ENSG00000240710,,,
ENSG00000240219,,,
ENSG00000163531,-0.12048001840139189,,0.9999999999999994
ENSG00000184144,,,
ENSG00000186007,,,
ENSG00000117266,-0.16426224287848057,0.012139731791389288,1.0
ENSG00000158715,,,1.0
ENSG00000069275,-0.11099169750905413,0.054855544456370274,0.9999999999999998
ENSG00000276600,,,
ENSG00000196188,,,
ENSG00000263961,,,
ENSG00000226780,,,
ENSG00000261000,,-0.03702400514179542,
ENSG00000162889,-0.129160693838638,-0.1158976648255582,1.0
ENSG00000142224,,,
ENSG00000162891,,,
ENSG00000162892,,,
ENSG00000162894,,,
ENSG00000196352,0.008883681736126525,-0.3005568843015193,0.9999999999999999
ENSG00000203710,,,
ENSG00000236911,,,
ENSG00000117335,0.17317557749553877,-0.04885723974262622,1.0
ENSG00000203709,,-0.12828012660701174,1.0
ENSG00000076356,0.09315791002746475,,0.9999999999999998
ENSG00000009790,,,
ENSG00000143473,,,
ENSG00000153363,0.06914543387160238,0.3950361753956844,1.0
ENSG00000229258,,,
ENSG00000226251,,,
ENSG00000117691,-0.28591918938676775,-0.054346037514610396,1.0
ENSG00000162772,,,1.0
ENSG00000237980,,,
ENSG00000123685,0.12328750468829038,-0.16936495008192953,0.9999999999999999
ENSG00000143494,,,0.9999999999999997
ENSG00000117707,,,
ENSG00000152104,,,0.9999999999999998
ENSG00000117724,-0.06514453600613287,-0.07336191465338779,1.0
ENSG00000228063,,-0.26286429435775854,
ENSG00000117791,0.028614141974815092,0.18305339596490985,0.9999999999999998
ENSG00000186205,,,0.9999999999999997
ENSG00000272823,,,
ENSG00000238078,,,0.9999999999999997
ENSG00000136630,,-0.09472317919406154,
ENSG00000234754,,,
ENSG00000143498,-0.08857192547628001,-0.3369035087056303,1.0
ENSG00000197520,,,
ENSG00000242861,-0.14670542594093808,-0.16336976782042786,0.9999999999999996
ENSG00000243709,,,
ENSG00000143768,,,
ENSG00000185155,0.06060394101100667,,0.9999999999999997
ENSG00000143772,,,0.9999999999999998
ENSG00000228548,,,
ENSG00000185888,,,
ENSG00000143816,,,
ENSG00000270104,,,
ENSG00000237481,,,
ENSG00000177614,,,0.9999999999999998
ENSG00000135773,,,
ENSG00000182118,-0.051513890853339114,0.06549913566763531,1.0
ENSG00000119283,,,
ENSG00000143674,,,
ENSG00000183780,,,
ENSG00000168264,-0.05677169680823791,-0.012505253231974371,1.0
ENSG00000228044,,,
ENSG00000230628,,,
ENSG00000237520,,,
ENSG00000280587,,,
ENSG00000054267,0.20133665864944902,0.10645288142979165,0.9999999999999998
ENSG00000086619,,,0.9999999999999996
ENSG00000215808,,,
ENSG00000259776,,,
ENSG00000117009,,,
ENSG00000054282,-0.14863102859148955,-0.08500468883009327,0.9999999999999996
ENSG00000117020,0.09341196254428326,,
ENSG00000179456,,,
ENSG00000185420,0.3092012138729034,0.046246620028783145,1.0
ENSG00000235096,,,
ENSG00000235749,,,
ENSG00000196071,,,
ENSG00000203663,,,
ENSG00000196944,,,
ENSG00000233296,,,
ENSG00000272342,,,
ENSG00000235078,-0.018707699861897808,0.033525835058343625,0.9999999999999999
ENSG00000151360,,,
ENSG00000231532,,,
ENSG00000205837,,,
ENSG00000134321,-0.022796979612804788,-0.10915037578266658,0.9999999999999998
ENSG00000231083,,,
ENSG00000235092,,,
ENSG00000115738,,0.0588948203639174,1.0
ENSG00000143797,,,
ENSG00000151693,,,
ENSG00000134330,-0.4080859736678877,-0.19108814573876648,1.0
ENSG00000151694,0.059786861634517297,0.19325014836096993,1.0
ENSG00000240687,,,
ENSG00000134317,0.07986410572918504,0.2773495918432745,0.9999999999999996
ENSG00000171848,0.09146595619309782,-0.019339665385229125,1.0
ENSG00000115758,0.039256370160204085,-0.10793136585521243,0.9999999999999999
ENSG00000243819,,,1.0
ENSG00000224184,0.43332055020231686,,0.9999999999999987
ENSG00000223850,,,
ENSG00000197872,,,
ENSG00000236204,,,
ENSG00000219626,-0.05188409344921871,0.004022621775435893,1.0
ENSG00000157856,,,
ENSG00000115155,,,
ENSG00000171303,,,
ENSG00000115163,-0.09177236576353842,-0.1969217933748346,1.0
ENSG00000084764,-0.035612110979131945,-0.2962362845594171,1.0
ENSG00000231636,,,
ENSG00000143994,,-0.15090254663939734,
ENSG00000163792,,,
ENSG00000163793,,,
ENSG00000157992,0.007070519035866998,,1.0
ENSG00000075426,0.23626361758504508,-0.10967798088867597,0.9999999999999993
ENSG00000270210,,,
ENSG00000163803,,,0.9999999999999996
ENSG00000213639,0.006380205103544645,0.13202266774468235,1.0
ENSG00000163811,-0.13390897140977465,-0.016345901792038355,1.0
ENSG00000233862,,,
ENSG00000119801,-0.10433563884907143,0.04502748255345905,1.0
ENSG00000213626,-0.24294415276250095,-0.20254653545268142,1.0
ENSG00000158125,,,
ENSG00000091106,,,
ENSG00000152689,,,1.0
ENSG00000237133,,,
ENSG00000228262,,,
ENSG00000150938,0.07237359782556696,,1.0
ENSG00000115828,,,
ENSG00000163171,,,
ENSG00000235848,,,
ENSG00000138061,,,
ENSG00000232973,,,1.0
ENSG00000214694,,,
ENSG00000011566,-0.272506290746482,-0.2018845975690255,1.0
ENSG00000231312,-0.06721588479809594,-0.04174195911941411,1.0
ENSG00000152154,,,
ENSG00000183023,,,
ENSG00000234362,,,
ENSG00000205086,,,
ENSG00000162878,0.24287828853957388,0.07773531168364788,1.0
ENSG00000162881,,,
ENSG00000162882,,,
ENSG00000231826,,,
ENSG00000230587,,,
ENSG00000152518,-0.08998834854471956,0.07158996425261693,1.0
ENSG00000152527,-0.21848871938783385,-0.18929293892354015,0.9999999999999999
ENSG00000138079,,,0.9999999999999998
ENSG00000236502,,,
ENSG00000225156,,,
ENSG00000116016,0.08065051161247921,-0.057087663215793255,1.0
ENSG00000187600,,,
ENSG00000260977,,,
ENSG00000222005,0.17915174973484624,,
ENSG00000273269,,,
ENSG00000143933,0.021618048051534777,-0.0710578524086499,1.0
ENSG00000236824,-0.12908691873987338,-0.08135831459246208,1.0
ENSG00000230773,,,
ENSG00000282828,,,
ENSG00000272156,,,
ENSG00000234943,,,
ENSG00000214595,,,0.9999999999999999
ENSG00000115310,0.19616224534527657,-0.3101542977328013,1.0
ENSG00000272180,,,
ENSG00000222030,,,0.9999999999999997
ENSG00000270820,,-0.04640653533153396,0.9999999999999994
ENSG00000226622,,,
ENSG00000231609,,,0.9999999999999999
ENSG00000169764,-0.06892184077111188,-0.03579369115274955,1.0
ENSG00000225889,-0.2323840957159237,0.31205674657038684,1.0
ENSG00000119862,0.14086245948772652,-0.21873936613937311,0.9999999999999997
ENSG00000260101,,,1.0
ENSG00000234572,,,
ENSG00000143995,-0.014698130039553853,0.11843611550666479,0.9999999999999999
ENSG00000230749,,,
ENSG00000232046,,,
ENSG00000236780,,,
ENSG00000115956,0.4437292838234692,,0.9999999999999998
ENSG00000163219,0.17049618788958748,,0.9999999999999999
ENSG00000163217,,,
ENSG00000183607,,,
ENSG00000115977,-0.15151947919251169,-0.15315109190779475,0.9999999999999998
ENSG00000231024,,,
ENSG00000059728,0.15004678255476916,-0.060290327739363506,1.0
ENSG00000116039,,,
ENSG00000124357,0.0643778947647692,0.10855164051738841,0.9999999999999999
ENSG00000272735,,,
ENSG00000187833,,,
ENSG00000235499,,,
ENSG00000144045,,,
ENSG00000159374,,,
ENSG00000159399,0.036899236919146386,0.04639749896018409,0.9999999999999998
ENSG00000270571,,,
ENSG00000115363,,,
ENSG00000176204,,,
ENSG00000066032,,,0.9999999999999999
ENSG00000034510,0.17401494547191382,0.16383080058737,1.0
ENSG00000042493,-0.23483003328075258,0.18348556109688985,1.0
ENSG00000118640,-0.20330330418721432,0.4098663201661344,1.0
ENSG00000168899,,,0.9999999999999993
ENSG00000115525,-0.03988854041819616,-0.05741880006952305,0.9999999999999998
ENSG00000232504,,,
ENSG00000272564,,,
ENSG00000068615,,,0.9999999999999999
ENSG00000273445,,,
ENSG00000172086,0.25642294816503985,0.09770467224621544,1.0
ENSG00000211592,,,
ENSG00000233757,,,
ENSG00000274286,,,
ENSG00000158158,-0.051409153966996794,-0.2419639117924925,1.0
ENSG00000273265,,,
ENSG00000168754,-0.06195195319101224,0.023592959920276817,1.0
ENSG00000168658,,,1.0
ENSG00000196872,,,
ENSG00000185674,,,
ENSG00000230393,,,
ENSG00000196460,,,
ENSG00000281162,,,
ENSG00000115590,,,
ENSG00000224850,,,0.9999999999999997
ENSG00000224509,,,
ENSG00000233339,,,
ENSG00000232001,,,
ENSG00000144057,,,
ENSG00000198203,,,0.9999999999999999
ENSG00000198075,,,
ENSG00000169756,-0.5584012198510353,0.02371958373694559,1.0
ENSG00000282033,,,
ENSG00000015568,,0.11653399596328604,0.9999999999999993
ENSG00000256977,,,
ENSG00000144061,,-0.16676564152975804,0.9999999999999998
ENSG00000261760,,,
ENSG00000153094,0.15481266723067755,0.13140024345032886,1.0
ENSG00000225744,,,
ENSG00000188177,,0.1269938809308327,1.0
ENSG00000169629,,,
ENSG00000228251,,,
ENSG00000144136,0.0708266984689708,0.2868003926692625,1.0
ENSG00000125538,,,
ENSG00000136689,,,
ENSG00000234997,,,
ENSG00000272563,,,
ENSG00000227359,,,
ENSG00000244063,,,
ENSG00000228857,,,
ENSG00000259094,,,
ENSG00000229867,,,
ENSG00000155368,0.1924223507661274,-0.15751499305859873,1.0
ENSG00000080293,,,
ENSG00000074047,,,
ENSG00000265451,,,
ENSG00000224655,,,
ENSG00000136732,0.05765586360590701,0.051816439577694384,1.0
ENSG00000186684,,,
ENSG00000115718,,,
ENSG00000272789,,,
ENSG00000152076,,,
ENSG00000178171,,,
ENSG00000183840,,,
ENSG00000226806,,,
ENSG00000121966,,,
ENSG00000144229,,,
ENSG00000150540,,,1.0
ENSG00000115919,,,
ENSG00000169554,0.06260765649101785,0.0511659754311303,1.0
ENSG00000226674,,,
ENSG00000168280,,,0.9999999999999999
ENSG00000231969,,,
ENSG00000123610,,,
ENSG00000183091,,,1.0
ENSG00000162989,,,1.0
ENSG00000226383,0.16680823904923683,,0.9999999999999999
ENSG00000153234,-0.2612063538246113,,1.0
ENSG00000136541,,,
ENSG00000115165,-0.27620892509500666,,1.0
ENSG00000271320,,,
ENSG00000153237,,,0.9999999999999999
ENSG00000123636,-0.1908852006560232,-0.012544887135384347,0.9999999999999998
ENSG00000224152,0.23609093113107876,-0.026290506734304706,0.9999999999999998
ENSG00000115271,,-0.23746806752792904,0.999999999999999
ENSG00000184611,,,
ENSG00000115339,,,
ENSG00000169432,-0.3504376304627127,-0.20034327002801916,1.0
ENSG00000235335,,,0.9999999999999996
ENSG00000152253,0.04183618915830102,0.15271649990117578,0.9999999999999998
ENSG00000073734,,,
ENSG00000073737,,,
ENSG00000235321,,,
ENSG00000154479,,0.04137545721540701,0.9999999999999996
ENSG00000231898,,,
ENSG00000213981,,,
ENSG00000222033,,,1.0
ENSG00000128683,0.1339232085001087,0.0070040907652772905,1.0
ENSG00000071967,0.08327286782876565,-0.05833498123327631,0.9999999999999998
ENSG00000115844,,-0.35294774539115126,1.0
ENSG00000232788,,,
ENSG00000224638,,,
ENSG00000271151,,,0.9999999999999996
ENSG00000231453,0.05499350920426137,,1.0
ENSG00000115935,0.20990070603053274,0.012286761885403098,0.9999999999999999
ENSG00000128645,,,
ENSG00000116044,0.22910901476435372,0.04508644687823132,0.9999999999999999
ENSG00000237655,,,
ENSG00000128655,,-0.027179148884113047,0.9999999999999998
ENSG00000229941,,,
ENSG00000271011,,,
ENSG00000163492,,,
ENSG00000115232,,,
ENSG00000162992,,,
ENSG00000162998,,,
ENSG00000188738,,,
ENSG00000231646,,-0.14100909391549413,
ENSG00000237877,,-0.16727519281789205,1.0
ENSG00000144369,,,0.9999999999999999
ENSG00000003436,-0.24227319588616794,0.4713965341131123,1.0
ENSG00000138449,-0.03799082453050073,0.0016580978127880355,1.0
ENSG00000235852,,,
ENSG00000138378,,,
ENSG00000128641,,,
ENSG00000173559,-0.06964122875343913,-0.27796823216142935,1.0
ENSG00000235056,,,
ENSG00000223466,,,
ENSG00000272211,0.4709649372817608,,1.0
ENSG00000138411,,,
ENSG00000229056,0.16000487852961315,,1.0
ENSG00000187944,,,
ENSG00000065413,,,
ENSG00000225979,,,
ENSG00000144381,-0.1344012023965302,0.06202410951733664,0.9999999999999999
ENSG00000270757,,,
ENSG00000115896,,,
ENSG00000163535,0.208836926343671,-0.041196234103027446,0.9999999999999997
ENSG00000232719,,,
ENSG00000003402,-0.03779154779231331,-0.07190333479489164,1.0
ENSG00000226312,,,
ENSG00000155749,,,
ENSG00000155754,,,
ENSG00000138395,,,0.9999999999999999
ENSG00000273209,,,
ENSG00000155760,,,1.0
ENSG00000182329,,,0.9999999999999996
ENSG00000222035,,,
ENSG00000272966,,,0.9999999999999997
ENSG00000138380,,-0.01135177152712955,0.9999999999999998
ENSG00000178562,,,
ENSG00000204186,,,
ENSG00000260171,,,
ENSG00000144410,,,
ENSG00000118263,,,
ENSG00000234902,,,
ENSG00000224137,,,
ENSG00000144407,-0.092910370806392,0.12108058065371669,0.9999999999999998
ENSG00000144406,,,
ENSG00000229127,,-0.02286416231827634,
ENSG00000030419,0.08266445346670365,0.11476346786167801,1.0
ENSG00000144451,,,0.9999999999999997
ENSG00000115414,,,0.9999999999999997
ENSG00000163449,,,0.9999999999999998
ENSG00000241520,-0.03212520177243096,,0.9999999999999998
ENSG00000115457,0.1496470794762102,-0.0343523613177774,1.0
ENSG00000115461,,,
ENSG00000118245,,,
ENSG00000259855,,,
ENSG00000079308,,,
ENSG00000180871,-0.09384745432932945,,0.9999999999999997
ENSG00000179921,,,0.9999999999999997
ENSG00000127831,,,1.0
ENSG00000144580,-0.11196780768674018,0.020942064459610596,1.0
ENSG00000115596,,,
ENSG00000135925,,,
ENSG00000171450,,,
ENSG00000163497,0.30070487827487014,0.10243551897560634,0.9999999999999999
ENSG00000163499,-0.23770476522286024,-0.23846127723819377,0.9999999999999998
ENSG00000135924,,,0.9999999999999998
ENSG00000230432,,,
ENSG00000144591,-0.2854259175000071,-0.056094632702444774,1.0
ENSG00000072182,0.3587431239306563,-0.0051275016496361014,1.0
ENSG00000114923,0.2502134160463436,-0.21941509214034102,1.0
ENSG00000163082,,,1.0
ENSG00000152049,,,
ENSG00000144460,,,
ENSG00000232023,,,
ENSG00000226125,,,
ENSG00000232520,,,
ENSG00000115053,-0.05759064977876648,0.10951870656507054,0.9999999999999998
ENSG00000187514,0.3215084624962897,-0.23027198542826674,1.0
ENSG00000196811,,,
ENSG00000115474,,,
ENSG00000072080,,,
ENSG00000232893,,,
ENSG00000124835,,,
ENSG00000163359,,0.0850753389241573,
ENSG00000234949,,,
ENSG00000132329,,,
ENSG00000168427,,,0.9999999999999999
ENSG00000280260,,,
ENSG00000063660,,,
ENSG00000178623,,,
ENSG00000185176,,,
ENSG00000219159,,,
ENSG00000172482,,,
ENSG00000091181,,,
ENSG00000223727,,,
ENSG00000231249,0.25613728818966713,,
ENSG00000150995,0.10429180414784181,0.20697883775077813,0.9999999999999996
ENSG00000235947,,,
ENSG00000235978,-0.1516891579276094,-0.15662473588758175,1.0
ENSG00000134107,0.15175869616085136,-0.33017301702598606,0.9999999999999996
ENSG00000233912,,,
ENSG00000268509,,,0.9999999999999996
ENSG00000196277,,,
ENSG00000071282,,,
ENSG00000196220,,,
ENSG00000206573,0.0268336583125788,-0.26320892558600717,1.0
ENSG00000269886,,,
ENSG00000163703,0.2238031092362594,-0.27693310653125025,0.9999999999999998
ENSG00000206567,,0.1665322215243351,
ENSG00000163705,,,
ENSG00000157017,,,1.0
ENSG00000132164,,,
ENSG00000157150,,,0.9999999999999999
ENSG00000132170,,,
ENSG00000163520,-0.058112993039319424,,0.9999999999999984
ENSG00000224514,,,
ENSG00000251576,,,
ENSG00000144596,,,0.9999999999999997
ENSG00000154783,,,
ENSG00000249786,-0.009497268188306117,,0.9999999999999998
ENSG00000206561,-0.1312295322106529,,0.9999999999999997
ENSG00000206560,0.42249402351631693,-0.47833987174587866,1.0
ENSG00000233153,,,
ENSG00000224074,,,
ENSG00000077092,,,
ENSG00000163491,,,
ENSG00000225548,,,
ENSG00000144642,,,
ENSG00000163513,-0.07354572428972667,,0.9999999999999996
ENSG00000144645,,,
ENSG00000091317,-0.32754576923723633,-0.206273607504957,0.9999999999999999
ENSG00000183813,,,
ENSG00000236452,,,
ENSG00000172995,,,
ENSG00000163673,,,
ENSG00000279727,,,
ENSG00000168016,,-0.1378900976698437,0.9999999999999999
ENSG00000271993,,-0.19933222643110668,1.0
ENSG00000271653,,,
ENSG00000060971,0.4563185991874822,0.08518668306939614,1.0
ENSG00000172940,,,
ENSG00000168356,,,
ENSG00000144655,0.10892869941216612,0.15881349772563846,1.0
ENSG00000168334,,,
ENSG00000168314,,,
ENSG00000114784,-0.38430069726183075,-0.163567926515569,0.9999999999999994
ENSG00000177842,,,1.0
ENSG00000168036,-0.09765674250614942,0.06512708256561685,1.0
ENSG00000157093,,,
ENSG00000280571,,,
ENSG00000225611,,,
ENSG00000234617,,,
ENSG00000225873,0.17314231878721414,0.01872908216720562,0.9999999999999998
ENSG00000163815,,,
ENSG00000163814,,,
ENSG00000249992,-0.2801739582712129,-0.2821765812303895,1.0
ENSG00000163817,,,
ENSG00000173585,,,
ENSG00000163823,,,
ENSG00000223552,,,
ENSG00000121797,0.14406184019187593,0.03347872049860269,1.0
ENSG00000178038,,,
ENSG00000160801,,,
ENSG00000260236,0.02287149259371292,-0.06743550292047308,1.0
ENSG00000164047,,,
ENSG00000145040,,,
ENSG00000221883,,0.171346064515903,0.9999999999999997
ENSG00000235236,,,
ENSG00000272434,,,0.9999999999999996
ENSG00000226913,,-0.008611342062991958,
ENSG00000187492,,,
ENSG00000182179,,,0.9999999999999993
ENSG00000228008,,,0.9999999999999999
ENSG00000281691,,,1.0
ENSG00000235016,,,
ENSG00000001617,,,
ENSG00000114353,0.06091484106347894,0.09607722422620887,0.9999999999999996
ENSG00000230454,,,1.0
ENSG00000012171,,,0.9999999999999992
ENSG00000186792,-0.010140741430694277,0.1799751130047135,1.0
ENSG00000114735,0.005958983490313735,0.11189456882612207,0.9999999999999999
ENSG00000114737,-0.3119664801526876,0.2612922678054189,1.0
ENSG00000145050,-0.0339482851793998,0.00886802487873982,1.0
ENSG00000184345,,,
ENSG00000023330,0.15753493644142613,0.07245585949585456,1.0
ENSG00000055955,,,
ENSG00000272305,,,
ENSG00000163931,-0.10008152833212877,-0.01155219810549793,1.0
ENSG00000157388,,,0.9999999999999997
ENSG00000186451,,,
ENSG00000163666,0.15776960449045868,0.1544322346514202,0.9999999999999999
ENSG00000163687,,,
ENSG00000273493,,,
ENSG00000168297,-0.1573072082394158,0.1397871634446335,1.0
ENSG00000272182,,-0.03061894048084044,0.9999999999999994
ENSG00000168309,,,
ENSG00000163632,,,
ENSG00000243410,,,
ENSG00000144746,0.42013739725933985,-0.22499380463236732,1.0
ENSG00000163380,,,0.9999999999999998
ENSG00000114541,,-0.2331945541610287,0.9999999999999999
ENSG00000270562,,,
ENSG00000241163,,,
ENSG00000172969,,,
ENSG00000169855,,,0.9999999999999994
ENSG00000175161,,-0.21754725709549294,0.9999999999999997
ENSG00000184500,0.32209786069923596,-0.22966597669759214,1.0
ENSG00000064225,,,
ENSG00000144810,,,
ENSG00000168386,,0.0413844883330919,1.0
ENSG00000154175,,,
ENSG00000081148,,,
ENSG00000144815,-0.032123478678556486,0.3726925046199142,1.0
ENSG00000144802,-0.007742119615162531,-0.17318656892060946,0.9999999999999996
ENSG00000170017,,,0.9999999999999997
ENSG00000114423,-0.058525218231616945,0.22338412011728165,1.0
ENSG00000239828,,,
ENSG00000273125,,,
ENSG00000241469,,,
ENSG00000196776,-0.311759654392325,-0.20302669197423856,1.0
ENSG00000144821,,,
ENSG00000228980,,,
ENSG00000206532,,,0.9999999999999998
ENSG00000239482,,,
ENSG00000243081,,,
ENSG00000186265,,,
ENSG00000091986,0.2435083233980278,,1.0
ENSG00000206531,,,
ENSG00000273394,,,
ENSG00000241490,,,
ENSG00000259976,,,
ENSG00000181722,,,
ENSG00000242767,,,
ENSG00000185565,,,
ENSG00000240922,,,
ENSG00000243276,,,
ENSG00000144837,,,
ENSG00000121577,0.11362465343042111,,0.9999999999999997
ENSG00000138495,-0.09168723495530023,0.08920231997175157,1.0
ENSG00000282950,,,
ENSG00000163430,,,
ENSG00000186103,,,0.9999999999999996
ENSG00000180353,,,
ENSG00000163406,,,0.9999999999999999
ENSG00000114013,,,
ENSG00000121552,,,0.9999999999999998
ENSG00000065534,,,
ENSG00000221955,,,
ENSG00000248787,,,
ENSG00000144908,,,
ENSG00000159650,,,
ENSG00000163870,-0.059836369067098286,0.05934705870373913,1.0
ENSG00000114626,,0.07752322434146489,0.9999999999999993
ENSG00000074416,,,
ENSG00000179348,-0.20713091034135278,-0.24074711148402989,0.9999999999999998
ENSG00000184897,-0.15955414389061842,-0.3311108710812194,0.9999999999999998
ENSG00000172771,,,0.9999999999999994
ENSG00000129071,0.11182486237386603,-0.1542655104228986,1.0
ENSG00000172752,,,
ENSG00000014257,,,
ENSG00000170819,,,
ENSG00000249993,,,
ENSG00000272832,,,0.9999999999999999
ENSG00000091513,-0.32104812329617266,-0.07328319479652387,1.0
ENSG00000174640,,,
ENSG00000243832,,,
ENSG00000154928,,,
ENSG00000261758,,,1.0
ENSG00000273486,,0.11472989720792322,1.0
ENSG00000066405,,,
ENSG00000272609,,,
ENSG00000183770,0.11370793686679992,-0.07764430627359334,1.0
ENSG00000206262,,,0.9999999999999997
ENSG00000114113,,,
ENSG00000158258,,,
ENSG00000177311,0.09845947821107817,-0.3786427927798524,1.0
ENSG00000114124,,,
ENSG00000243733,,,
ENSG00000174963,,,
ENSG00000242440,,,
ENSG00000047457,,-0.17334299963246574,
ENSG00000169908,,,
ENSG00000240541,,,
ENSG00000206199,,,
ENSG00000070087,,,0.9999999999999997
ENSG00000243944,,,
ENSG00000244541,,,
ENSG00000174944,,,
ENSG00000198829,,,
ENSG00000239941,,,
ENSG00000221962,,,
ENSG00000241220,,,
ENSG00000114790,,,1.0
ENSG00000196549,,,
ENSG00000169282,,,0.9999999999999998
ENSG00000240875,,,
ENSG00000241544,,,
ENSG00000163660,-0.09117968732282952,-0.06751067582368034,1.0
ENSG00000163661,,,
ENSG00000242536,,,
ENSG00000243150,-0.16922965721097716,-0.16374972514157055,0.9999999999999998
ENSG00000272247,,0.185716384991238,
ENSG00000113810,0.07580318523352894,-0.07844880928504391,1.0
ENSG00000244128,,,
ENSG00000174776,,,
ENSG00000173905,-0.17957874508710508,0.25043096289164807,0.9999999999999994
ENSG00000269889,,,
ENSG00000269984,,,
ENSG00000270135,,,
ENSG00000187033,,,
ENSG00000240373,,,
ENSG00000136603,-0.08604293211590158,0.19250573877192173,1.0
ENSG00000163584,-0.059546512394488396,-0.1756630556308881,1.0
ENSG00000075651,,-0.024401007565689893,1.0
ENSG00000075420,0.07614455055101324,-0.03222762087476916,0.9999999999999998
ENSG00000121858,,,1.0
ENSG00000228221,,,
ENSG00000172667,0.4400540511606381,-0.3402012176186352,1.0
ENSG00000242522,,,
ENSG00000114796,-0.04049695856282093,0.14785855219517724,0.9999999999999998
ENSG00000238020,,,
ENSG00000175182,,,1.0
ENSG00000272970,0.12270067234320305,,
ENSG00000073803,0.2689210955891785,,0.9999999999999996
ENSG00000163898,0.11987787668708569,0.041238538788901595,1.0
ENSG00000058866,,,
ENSG00000263826,-0.27820211699191644,,0.9999999999999998
ENSG00000156976,-0.04366086236974147,-0.22742052849405983,0.9999999999999999
ENSG00000127241,,,
ENSG00000136514,,,
ENSG00000113916,0.10892266751564779,,
ENSG00000224855,,,
ENSG00000114315,0.0728964922420533,0.26607062498021805,1.0
ENSG00000238097,,,
ENSG00000178772,,,
ENSG00000172061,,,
ENSG00000185112,,,1.0
ENSG00000230401,,,
ENSG00000114331,0.05420815274928947,-0.19295493773041583,0.9999999999999998
ENSG00000223711,,,
ENSG00000189058,,,
ENSG00000176945,,,0.9999999999999998
ENSG00000145113,,,0.9999999999999992
ENSG00000223783,,,1.0
ENSG00000226155,,,
ENSG00000072274,-0.03837610797810935,0.08112444027312174,1.0
ENSG00000163961,0.21992297778496794,0.30684231680899676,1.0
ENSG00000232065,,,0.9999999999999997
ENSG00000225578,,,
ENSG00000161267,,,
ENSG00000236833,,,
ENSG00000133256,,,
ENSG00000272927,,,
ENSG00000272588,,-0.08182901026463389,0.9999999999999998
ENSG00000127415,,,1.0
ENSG00000280927,,,1.0
ENSG00000272783,,,
ENSG00000244459,-0.14202436684254405,,1.0
ENSG00000068078,-0.06709950517067512,-0.33824831083574247,1.0
ENSG00000243449,-0.07113333382256534,-0.010027643376507557,0.9999999999999998
ENSG00000130997,,,
ENSG00000175920,,,
ENSG00000163956,-0.12846267186057736,-0.1721765836388643,0.9999999999999998
ENSG00000270090,,,
ENSG00000248516,,,
ENSG00000163132,0.33610577559228694,-0.15968361078817794,0.9999999999999991
ENSG00000170891,,,
ENSG00000072840,,,
ENSG00000074211,,,
ENSG00000246526,,,0.9999999999999997
ENSG00000163993,,,
ENSG00000245468,,,
ENSG00000178597,,,
ENSG00000163995,,,
ENSG00000125089,,,
ENSG00000248986,,,
ENSG00000251615,,,0.9999999999999994
ENSG00000205959,,,
ENSG00000109625,,,
ENSG00000109684,,,0.9999999999999999
ENSG00000251210,,,
ENSG00000248360,,,
ENSG00000247624,,,
ENSG00000249252,,,
ENSG00000273133,,,
ENSG00000137440,,,
ENSG00000137441,,,
ENSG00000263327,,,0.9999999999999999
ENSG00000248138,,,
ENSG00000047662,,,
ENSG00000145147,,,
ENSG00000185774,,,
ENSG00000272995,,,
ENSG00000251292,,,
ENSG00000109610,,,
ENSG00000181982,,,
ENSG00000153012,,,
ENSG00000271172,,,
ENSG00000109689,0.005562119975742852,-0.058291555307862314,1.0
ENSG00000047365,,,
ENSG00000154274,,,
ENSG00000248227,,,
ENSG00000174125,,,
ENSG00000121895,,,0.9999999999999998
ENSG00000134962,,,
ENSG00000163683,-0.21023195011111367,0.08336026796424204,1.0
ENSG00000168421,0.12615934690362202,0.0022079547647442382,1.0
ENSG00000249241,,,0.9999999999999996
ENSG00000174343,,,
ENSG00000124406,,,
ENSG00000260519,,,
ENSG00000251350,,,
ENSG00000151834,,,
ENSG00000145246,,,
ENSG00000250302,,,
ENSG00000248115,,,
ENSG00000072201,,,
ENSG00000134853,,,
ENSG00000251264,,,
ENSG00000157404,,,1.0
ENSG00000270147,,,0.9999999999999998
ENSG00000163453,,,
ENSG00000249892,,,
ENSG00000205682,,,
ENSG00000250125,,,
ENSG00000249413,,,
ENSG00000035720,,,0.9999999999999996
ENSG00000187054,,,
ENSG00000198092,,,
ENSG00000185873,,,
ENSG00000213759,,,
ENSG00000250696,,,
ENSG00000178522,,,
ENSG00000132464,,,
ENSG00000132465,,,
ENSG00000080493,,,
ENSG00000169429,,,
ENSG00000109321,0.18023780146602866,,0.9999999999999991
ENSG00000260265,,,
ENSG00000250735,,,
ENSG00000174792,,,
ENSG00000229717,,,0.9999999999999998
ENSG00000169245,,,
ENSG00000138764,0.19007528287987407,,0.9999999999999993
ENSG00000138772,-0.1648020340467455,0.22228526268675755,1.0
ENSG00000251442,-0.32282637721875757,-0.3676663405594802,0.9999999999999996
ENSG00000138756,-0.03318860645316615,0.3486399756021079,1.0
ENSG00000248408,,,
ENSG00000163297,0.14664727766272367,-0.1470273663142274,0.9999999999999996
ENSG00000197826,,,
ENSG00000249242,0.08896749465643836,,0.9999999999999998
ENSG00000145287,,,
ENSG00000173083,,,
ENSG00000138678,,,1.0
ENSG00000163623,,,
ENSG00000273389,,,
ENSG00000163629,,,
ENSG00000145283,,,
ENSG00000198189,0.27420434242929737,0.1297515263526961,1.0
ENSG00000152583,,,
ENSG00000152591,,,
ENSG00000118777,,,
ENSG00000138642,,,1.0
ENSG00000138646,,,
ENSG00000145335,,,
ENSG00000163106,,,
ENSG00000260641,,,
ENSG00000172955,,,
ENSG00000196616,,,0.9999999999999997
ENSG00000070190,,,0.9999999999999998
ENSG00000138814,-0.1348027142356913,0.09905398208957479,1.0
ENSG00000109323,0.11720408560335879,-0.034208885177833125,1.0
ENSG00000138778,0.4360267133119774,0.04741937520899677,0.9999999999999998
ENSG00000168772,,,
ENSG00000248242,,,
ENSG00000248373,,,
ENSG00000168743,,,
ENSG00000246774,,,
ENSG00000138792,,,
ENSG00000073331,-0.014488629559657476,,1.0
ENSG00000145362,,,
ENSG00000145349,,,
ENSG00000250791,,,
ENSG00000236922,,,
ENSG00000150961,0.07974109578822194,-0.06292091279967063,1.0
ENSG00000172403,,,
ENSG00000172399,,,
ENSG00000145390,0.14569660783013577,0.08136187507072015,0.9999999999999998
ENSG00000145384,,,
ENSG00000250938,,,0.9999999999999991
ENSG00000050730,,,
ENSG00000164111,0.26899386819593596,-0.48003820808619757,0.9999999999999999
ENSG00000145386,-0.45667291434101936,0.20575666140458462,1.0
ENSG00000138688,-0.3077319229054184,0.12341723366775975,0.9999999999999998
ENSG00000227145,,,
ENSG00000181004,,,1.0
ENSG00000251526,,,
ENSG00000249464,,,
ENSG00000196159,,,
ENSG00000250945,,,
ENSG00000142731,0.0551639901259851,-0.1518673518621428,1.0
ENSG00000273077,,,
ENSG00000248187,,0.16136281416296555,
ENSG00000077684,0.04398354632080792,-0.07265319470578306,0.9999999999999999
ENSG00000138650,,,
ENSG00000151012,-0.09543725887702642,,1.0
ENSG00000249381,,,
ENSG00000250977,,,
ENSG00000250501,0.18377154375913993,,0.9999999999999992
ENSG00000137463,,,
ENSG00000273247,0.03722796353969845,0.07547319263106264,1.0
ENSG00000261268,,,
ENSG00000197465,0.006397809817455566,0.25155736900861136,1.0
ENSG00000250361,0.10981659780120008,-0.11277285190677874,1.0
ENSG00000170180,-0.26643196355631416,-0.11405568050770404,1.0
ENSG00000251298,,,
ENSG00000250252,,,
ENSG00000249690,,,0.9999999999999998
ENSG00000181541,,,
ENSG00000145425,0.01784713579134367,-0.06439544524832821,1.0
ENSG00000251611,,,
ENSG00000245954,,,
ENSG00000270883,,,
ENSG00000170006,-0.12335564433735526,0.04415108270644843,1.0
ENSG00000109654,0.3253949196877227,,1.0
ENSG00000145428,,,
ENSG00000256043,,,0.9999999999999997
ENSG00000109738,,,
ENSG00000248429,,,
ENSG00000052795,-0.0038220035749348506,0.37879784808214445,0.9999999999999998
ENSG00000164123,,,
ENSG00000249419,,,
ENSG00000248431,,,
ENSG00000164128,,,
ENSG00000109472,,,
ENSG00000248601,,,
ENSG00000181381,,,0.9999999999999996
ENSG00000129116,,,
ENSG00000109572,0.011552835263899598,-0.013799493059560825,0.9999999999999999
ENSG00000251061,,,
ENSG00000174473,,,
ENSG00000164104,0.054691611849118166,0.19274759025403043,1.0
ENSG00000164106,,,0.9999999999999997
ENSG00000164120,,,0.9999999999999996
ENSG00000251584,,,
ENSG00000168594,,,
ENSG00000150628,,,
ENSG00000249008,,,
ENSG00000248197,,,
ENSG00000177822,,,
ENSG00000248694,,,
ENSG00000251128,,,
ENSG00000173320,,,
ENSG00000164303,,,
ENSG00000180712,,,
ENSG00000168310,0.1604251572628243,-0.14787329405688174,0.9999999999999996
ENSG00000271646,,,0.9999999999999999
ENSG00000271538,,,1.0
ENSG00000151725,-0.32511757939741814,0.014715866681583131,1.0
ENSG00000151726,0.014792680817252917,0.19908267596357465,1.0
ENSG00000251139,,,
ENSG00000251230,,0.09039378908336988,0.9999999999999997
ENSG00000250410,,,
ENSG00000249679,,,
ENSG00000154553,,,
ENSG00000164342,,,
ENSG00000179046,,,
ENSG00000184108,,,
ENSG00000247130,,,
ENSG00000248370,,,
ENSG00000245685,,,
ENSG00000109536,0.2674381573317751,-0.02201300402728565,1.0
ENSG00000205097,,,
ENSG00000249430,,,
ENSG00000248925,,,
ENSG00000171368,,,
ENSG00000249201,,,0.9999999999999994
ENSG00000174358,,0.09728957239571114,1.0
ENSG00000250584,,,
ENSG00000142319,,,
ENSG00000260763,,,
ENSG00000215218,,,
ENSG00000250060,,,
ENSG00000223597,,,
ENSG00000078295,,,
ENSG00000272049,,,
ENSG00000247516,-0.1743775960663547,-0.07892188625908202,0.9999999999999999
ENSG00000271715,,,0.9999999999999994
ENSG00000249166,,,
ENSG00000249396,,,
ENSG00000250576,,,
ENSG00000154153,-0.010057146956615453,,
ENSG00000271892,,,
ENSG00000249937,,,
ENSG00000251629,,,
ENSG00000245662,,,
ENSG00000273294,,,
ENSG00000245711,,,1.0
ENSG00000079215,,,
ENSG00000272103,,,
ENSG00000168621,,,
ENSG00000113594,,,
ENSG00000249740,,,
ENSG00000145623,,,
ENSG00000164327,-0.07826502156714597,0.043389547106896936,1.0
ENSG00000082074,,,
ENSG00000153071,0.2617825469288937,0.09188680504912781,1.0
ENSG00000198865,,,1.0
ENSG00000250722,-0.04804463102108161,-0.1587239434887221,0.9999999999999998
ENSG00000272234,,,
ENSG00000251131,,,0.9999999999999996
ENSG00000177721,0.40837940512138515,0.12597523064188032,1.0
ENSG00000272144,-0.009777544310723862,,1.0
ENSG00000164588,,,
ENSG00000151883,,,
ENSG00000251573,,,
ENSG00000016082,,,
ENSG00000248898,,,
ENSG00000134363,-0.30270194422570784,-0.10244990038763813,1.0
ENSG00000250447,,,
ENSG00000164287,,,
ENSG00000067113,,,0.9999999999999997
ENSG00000152670,,,
ENSG00000134352,0.2737887597968874,-0.02307153828111655,1.0
ENSG00000262211,,,
ENSG00000164512,,,
ENSG00000169067,,,
ENSG00000145632,,,
ENSG00000175857,,,
ENSG00000248733,,,
ENSG00000113448,,,0.9999999999999999
ENSG00000152931,,-0.08581343132495249,
ENSG00000134061,,,
ENSG00000145675,0.08629696482470206,,1.0
ENSG00000134057,-0.12385769870928492,0.21753724712438427,1.0
ENSG00000164326,,,
ENSG00000131711,0.08405884560750648,0.09390896527446035,0.9999999999999998
ENSG00000178175,,,
ENSG00000249085,,,
ENSG00000157111,,,
ENSG00000214944,,,
ENSG00000049860,0.43261841229707826,0.21588043944002308,1.0
ENSG00000198780,,,
ENSG00000249856,,,
ENSG00000122012,0.026304859973092197,,
ENSG00000250348,,,
ENSG00000145703,-0.07887406278429925,0.10969840070725456,0.9999999999999998
ENSG00000164220,,,
ENSG00000171643,-0.15591667374169627,,0.9999999999999998
ENSG00000145708,,,
ENSG00000113273,,,0.9999999999999996
ENSG00000164309,,,0.9999999999999999
ENSG00000249655,,,0.9999999999999998
ENSG00000113319,,,
ENSG00000131730,,,
ENSG00000172497,,,
ENSG00000281327,,,
ENSG00000250874,0.14479984032256674,,1.0
ENSG00000249153,,,
ENSG00000250544,,,
ENSG00000245526,,,
ENSG00000081189,0.04563686085889475,-0.0021591687206801713,1.0
ENSG00000113369,-0.023364013292227155,0.0627143786091082,1.0
ENSG00000251361,,,
ENSG00000237187,,,
ENSG00000164292,0.10059782565654557,-0.04305910084826571,1.0
ENSG00000173221,0.13603988984338516,0.4141696070827819,0.9999999999999996
ENSG00000251314,,,
ENSG00000250955,,,
ENSG00000248734,,,
ENSG00000272109,,,
ENSG00000164308,,0.19474619922884664,0.9999999999999996
ENSG00000145721,,,
ENSG00000174136,,,
ENSG00000113532,,,
ENSG00000205359,,,0.9999999999999997
ENSG00000249017,,,
ENSG00000198961,-0.07923375241019255,-0.18113099977151256,1.0
ENSG00000250882,,,
ENSG00000171444,,,
ENSG00000080709,,,
ENSG00000152503,,,
ENSG00000249249,,0.14815425385607703,0.9999999999999998
ENSG00000092421,,,
ENSG00000249167,,,
ENSG00000145779,0.04666456217819617,0.16964499808237027,1.0
ENSG00000133835,0.014748959702760855,0.025271116719618555,1.0
ENSG00000164334,,,
ENSG00000184838,,,
ENSG00000168938,0.07647839996982497,-0.05798665531478545,1.0
ENSG00000253807,,,
ENSG00000155324,,,
ENSG00000250602,,,
ENSG00000164904,,,
ENSG00000251072,,,
ENSG00000138829,,,
ENSG00000186367,,,0.9999999999999999
ENSG00000217128,0.11102426954749468,-0.021142278422920734,0.9999999999999998
ENSG00000234758,,,
ENSG00000231585,,,
ENSG00000164400,,,
ENSG00000131435,0.3338514035578948,-0.03315707666662834,0.9999999999999998
ENSG00000125347,0.15580584497437852,0.3588690552111066,1.0
ENSG00000223442,,,
ENSG00000072364,-0.07706228754108954,-0.03170738208512443,1.0
ENSG00000053108,,,
ENSG00000249478,,,
ENSG00000248559,,,
ENSG00000069011,-0.2009672269052607,-0.19513690999271255,0.9999999999999998
ENSG00000270021,,,0.9999999999999994
ENSG00000249639,,,
ENSG00000152377,,,
ENSG00000078795,,,0.9999999999999996
ENSG00000061492,,,
ENSG00000120738,-0.24946992055210188,0.09105694296430072,1.0
ENSG00000184584,-0.11801764829320519,-0.19777113075028618,0.9999999999999994
ENSG00000271792,,,
ENSG00000170458,,,
ENSG00000255408,,,
ENSG00000251664,,,
ENSG00000272108,,,
ENSG00000272070,,,0.9999999999999997
ENSG00000204956,,,1.0
ENSG00000254245,,,
ENSG00000253485,,,0.9999999999999997
ENSG00000253731,,,0.9999999999999998
ENSG00000253537,,,
ENSG00000253767,,,1.0
ENSG00000276547,,,
ENSG00000253305,,,
ENSG00000253846,,,
ENSG00000253159,,,
ENSG00000120318,,,1.0
ENSG00000113555,,,
ENSG00000236714,,,
ENSG00000250842,,,
ENSG00000156463,,,
ENSG00000091010,,,
ENSG00000176049,,,
ENSG00000164266,,,
ENSG00000164265,,,
ENSG00000133710,,,1.0
ENSG00000178172,,,
ENSG00000247199,,,
ENSG00000169252,,,
ENSG00000173210,,,
ENSG00000249669,,,
ENSG00000132915,-0.09056829611126296,,1.0
ENSG00000155850,0.05688568873311592,-0.16412353705103172,1.0
ENSG00000182578,,,
ENSG00000011083,,,
ENSG00000070808,,,
ENSG00000183876,,,
ENSG00000019582,,,
ENSG00000254333,,,
ENSG00000171992,,,
ENSG00000164591,,,
ENSG00000256235,,,0.9999999999999996
ENSG00000186335,,,
ENSG00000113140,0.3792142760402098,0.03047441293122527,0.9999999999999998
ENSG00000272112,,,
ENSG00000113196,,,
ENSG00000170271,-0.1067851057606296,-0.4698996802162308,0.9999999999999998
ENSG00000135077,,,
ENSG00000113263,,,
ENSG00000170613,,,
ENSG00000055163,,,0.9999999999999998
ENSG00000248544,,,
ENSG00000135074,,-0.3053176130005769,0.9999999999999999
ENSG00000247699,,,
ENSG00000135083,,0.04306183987670929,1.0
ENSG00000164611,-0.08364097676685986,0.23178092758913393,0.9999999999999999
ENSG00000280776,,,
ENSG00000113327,,,1.0
ENSG00000250061,,,1.0
ENSG00000072571,-0.2596182070318187,-0.22942277249847842,1.0
ENSG00000241956,,,0.9999999999999996
ENSG00000254297,,,
ENSG00000253978,,,
ENSG00000043462,0.03774999524579125,0.005491661778328254,0.9999999999999993
ENSG00000250274,,,
ENSG00000145936,,,0.9999999999999998
ENSG00000094755,,,
ENSG00000181163,-0.1117155480898897,-0.13002440584098268,1.0
ENSG00000214357,,,
ENSG00000120129,0.051859404411132674,,0.9999999999999998
ENSG00000113732,-0.16920933451499498,0.3885846403683791,1.0
ENSG00000164463,0.21913771111135458,-0.047646330392386055,0.9999999999999996
ENSG00000253686,,,
ENSG00000113742,0.11091899479020959,-0.19525031761407052,1.0
ENSG00000170091,,,
ENSG00000182230,,,0.9999999999999991
ENSG00000160883,,,
ENSG00000196570,,,
ENSG00000146094,0.023019168916482327,-0.3010795059117003,1.0
ENSG00000175309,0.17024804773537633,-0.14976437093056,1.0
ENSG00000178187,,,
ENSG00000113262,,,
ENSG00000234284,,,
ENSG00000169045,-0.17458701028363977,-0.01110305687425514,1.0
ENSG00000213316,,,
ENSG00000161011,-0.4436335831350556,-0.13845914144826713,1.0
ENSG00000113269,0.12094769517823417,0.0800397401843004,0.9999999999999998
ENSG00000250509,,,
ENSG00000113303,,,
ENSG00000165810,,0.21055071582389934,0.9999999999999997
ENSG00000238035,,,
ENSG00000112679,0.04306376388747024,0.060418043918618,1.0
ENSG00000271727,,,
ENSG00000272485,,,
ENSG00000272465,,,
ENSG00000021355,0.06738591212742566,-0.002010434748249447,0.9999999999999999
ENSG00000170542,-0.2110014269431622,0.20837078098417416,0.9999999999999999
ENSG00000228170,,,
ENSG00000137267,0.12205993706722426,0.07288181868270188,0.9999999999999998
ENSG00000137285,0.023873776379181276,-0.2619794077300851,0.9999999999999998
ENSG00000230648,0.16735328123894005,,0.9999999999999998
ENSG00000145975,,,
ENSG00000260239,,,
ENSG00000124782,-0.21124464174873742,-0.0007616839739233439,1.0
ENSG00000238221,,,
ENSG00000261189,,,
ENSG00000230939,0.10326009900111718,,
ENSG00000181355,,,
ENSG00000137203,-0.09397082090159492,-0.3017282192599255,0.9999999999999999
ENSG00000229950,,0.13868517150613377,
ENSG00000229401,,0.183429122545487,1.0
ENSG00000111846,-0.10062825789756352,0.023386237873938065,1.0
ENSG00000237685,,,
ENSG00000272097,,,
ENSG00000124827,0.2257100498108867,,
ENSG00000244476,,,
ENSG00000111863,,0.38115642931548854,1.0
ENSG00000112137,0.3998980331365922,0.18031085135864577,1.0
ENSG00000180537,,,
ENSG00000237346,,,
ENSG00000007944,-0.10324264568301528,-0.05288320512618974,0.9999999999999998
ENSG00000124788,,,0.9999999999999997
ENSG00000124795,0.11611101943052757,-0.026837461251456113,1.0
ENSG00000228412,,,
ENSG00000227803,,,
ENSG00000124766,0.33623047369196224,0.2754579001293723,1.0
ENSG00000272168,,,0.9999999999999998
ENSG00000172179,,,
ENSG00000137261,,,
ENSG00000111913,,,0.9999999999999996
ENSG00000272053,-0.034217958730903074,,1.0
ENSG00000079691,0.07323623046339378,-0.019613003801899148,1.0
ENSG00000164508,,,
ENSG00000112343,-0.23239084748649097,0.2151426246585871,1.0
ENSG00000187837,0.15635852938501787,-0.12638742981709628,1.0
ENSG00000197061,-0.25358015599953626,-0.006216664120046941,0.9999999999999999
ENSG00000180573,0.32575427878667235,0.30181635942654894,1.0
ENSG00000158373,-0.17805639761927533,-0.2615105873833012,0.9999999999999996
ENSG00000274290,,0.008661695557797328,1.0
ENSG00000282988,-0.07538102455240876,0.18144257885424273,1.0
ENSG00000276966,0.2985133839801394,-0.029422326261633644,1.0
ENSG00000273802,-0.229013298486829,-0.26908132666323076,0.9999999999999998
ENSG00000158406,-0.30101192727420695,0.16510523703517105,1.0
ENSG00000275846,,,
ENSG00000272312,,,
ENSG00000124635,0.12028582201035395,-0.06750598288168139,0.9999999999999998
ENSG00000271755,,,1.0
ENSG00000278828,0.35357274403237365,-0.06617321520846835,0.9999999999999998
ENSG00000198704,,,
ENSG00000204709,,0.18242891015885712,1.0
ENSG00000243729,,,
ENSG00000204655,,,
ENSG00000204642,,,
ENSG00000206503,0.1337854361793669,0.23048805986936893,0.9999999999999999
ENSG00000204625,,,
ENSG00000204616,,,
ENSG00000204592,-0.010769701931747575,0.010503027964719414,1.0
ENSG00000235781,,,0.9999999999999997
ENSG00000146112,-0.2991525192567558,-0.1014915539468233,1.0
ENSG00000196230,0.020738974392471174,-0.385505029234259,1.0
ENSG00000137331,0.17242522993090625,-0.2477908764582662,0.9999999999999998
ENSG00000168631,,,
ENSG00000204544,,,
ENSG00000228789,,,
ENSG00000204539,,,
ENSG00000271821,,,
ENSG00000204525,0.19091663692195637,-0.13559041958723672,0.9999999999999998
ENSG00000234745,-0.12794705005841242,-0.19980808130680044,1.0
ENSG00000254870,,,
ENSG00000226979,,,
ENSG00000232810,,,
ENSG00000227507,,,1.0
ENSG00000204482,0.10431994517129209,-0.14783483138627895,1.0
ENSG00000204472,-0.21991688971160675,-0.16963901035771053,0.9999999999999996
ENSG00000204428,,,
ENSG00000213722,0.03462568719953207,-0.054626869188244706,0.9999999999999998
ENSG00000213719,0.15233204900576128,0.09696988792565812,1.0
ENSG00000204396,,,0.9999999999999996
ENSG00000204389,0.2852807428155679,-0.13360981910551573,1.0
ENSG00000204388,-0.07790768345306308,0.2954810704806169,1.0
ENSG00000204387,0.1199562149287256,-0.017866341088422596,1.0
ENSG00000204386,-0.013728559482198616,-0.06737192967126371,1.0
ENSG00000204385,,,
ENSG00000166278,,,1.0
ENSG00000213676,-0.09427055686217112,0.0778895220450427,1.0
ENSG00000213654,-0.053902546260358904,-0.16759603130449519,1.0
ENSG00000204287,,,
ENSG00000196126,,,
ENSG00000196735,,,
ENSG00000204264,,,
ENSG00000204261,,,
ENSG00000240065,0.11585534784552617,-0.11737803187285425,1.0
ENSG00000168394,0.26863677008918474,0.10901921406442212,1.0
ENSG00000242574,,,
ENSG00000204252,,,
ENSG00000231389,,,
ENSG00000223865,,,
ENSG00000235863,,,0.9999999999999998
ENSG00000231925,-0.046261629956285716,0.19498769705238622,1.0
ENSG00000030110,0.03417555597973229,0.2714416192047464,1.0
ENSG00000161896,,,
ENSG00000124493,,,
ENSG00000186577,-0.1402221923144469,-0.30635232191936224,0.9999999999999997
ENSG00000146197,0.09137111593739555,,1.0
ENSG00000023892,-0.10673170339781315,0.02525151852782985,0.9999999999999999
ENSG00000180316,,,
ENSG00000010030,0.348326266561532,,
ENSG00000112081,0.1415616234336855,0.0028472615646616267,1.0
ENSG00000124762,,,1.0
ENSG00000255587,,,
ENSG00000124772,,,
ENSG00000164530,,,
ENSG00000146192,,,0.9999999999999998
ENSG00000137193,-0.15310491613448585,-0.10896058967925237,1.0
ENSG00000172738,0.04773064258747858,,0.9999999999999998
ENSG00000112139,,,0.9999999999999996
ENSG00000124780,,,
ENSG00000164627,,,
ENSG00000146122,,,
ENSG00000235033,,,
ENSG00000124701,,,
ENSG00000112559,,,0.9999999999999998
ENSG00000112561,,-0.08462054931501653,1.0
ENSG00000096088,,,
ENSG00000278224,,,
ENSG00000112576,0.06548866416958553,-0.13077321871441328,0.9999999999999998
ENSG00000171611,,,0.9999999999999993
ENSG00000171467,0.09805780247434714,0.06630243270623992,1.0
ENSG00000272114,,,
ENSG00000237686,,,
ENSG00000181577,,,
ENSG00000262179,,,0.9999999999999996
ENSG00000096384,-0.06390823741467204,0.051601189979007187,1.0
ENSG00000272442,,,
ENSG00000146221,,,
ENSG00000124813,-0.06439043295415034,0.017214078906466812,1.0
ENSG00000112796,,,
ENSG00000172348,,,
ENSG00000146233,,,
ENSG00000153291,,,
ENSG00000236164,,,
ENSG00000112818,,,
ENSG00000153292,,,
ENSG00000153294,,,
ENSG00000124818,,,
ENSG00000124490,,,
ENSG00000096006,,,
ENSG00000233470,,,
ENSG00000170927,,,
ENSG00000170915,0.13114524345509626,0.06474133282356284,0.9999999999999998
ENSG00000096093,0.11685595425060168,-0.15236054448190683,1.0
ENSG00000243955,,,
ENSG00000137270,,,
ENSG00000271367,,,0.9999999999999994
ENSG00000236740,,,
ENSG00000124749,,,
ENSG00000151914,0.11786624818855429,0.2918636779042767,0.9999999999999999
ENSG00000226803,,,
ENSG00000272541,,,
ENSG00000271761,,,0.9999999999999999
ENSG00000146166,,,
ENSG00000188107,,,
ENSG00000227706,0.11939864862236681,0.17278596417815825,0.9999999999999999
ENSG00000230910,,,
ENSG00000237643,,,
ENSG00000223765,,,
ENSG00000079841,,,
ENSG00000203907,,,
ENSG00000164430,0.09385610697461169,,0.9999999999999996
ENSG00000223821,,,
ENSG00000229862,,,
ENSG00000272243,,,
ENSG00000238156,,,
ENSG00000135338,,,
ENSG00000112773,,,0.9999999999999998
ENSG00000146250,,,
ENSG00000228290,,,
ENSG00000135346,,,
ENSG00000213204,,,
ENSG00000271931,,,
ENSG00000146278,-0.21124755876866283,-0.02179424307255714,0.9999999999999998
ENSG00000260271,,-0.13046232755262469,
ENSG00000235099,,,
ENSG00000184486,-0.05823964923206611,0.05459513119478246,0.9999999999999996
ENSG00000132424,-0.24956149422294321,-0.0998158744389859,1.0
ENSG00000152034,,,
ENSG00000203809,,,
ENSG00000231628,,,
ENSG00000057657,,0.06285385601779629,1.0
ENSG00000112297,-0.3316164963248863,-0.05712516586809829,1.0
ENSG00000235142,,,
ENSG00000272398,,,0.9999999999999999
ENSG00000272476,,0.02659119346742856,1.0
ENSG00000271734,,,
ENSG00000135535,-0.21010298797025695,-0.13647951833400296,1.0
ENSG00000135596,,0.1793283356011948,0.9999999999999992
ENSG00000272356,,0.16657794225802808,0.9999999999999992
ENSG00000112761,,,
ENSG00000237234,,,
ENSG00000277443,,,
ENSG00000111816,,,
ENSG00000111817,-0.285713025452488,,1.0
ENSG00000189241,0.0982551091426411,-0.33021098232547025,1.0
ENSG00000188820,,,
ENSG00000234117,,,
ENSG00000173626,,,
ENSG00000196376,,,
ENSG00000198523,,,
ENSG00000164434,,,0.9999999999999999
ENSG00000172594,-0.18437236313092875,,1.0
ENSG00000236548,,,0.9999999999999996
ENSG00000237742,,,
ENSG00000224506,,,
ENSG00000135547,,,
ENSG00000255330,0.18396007300003075,,
ENSG00000196569,,,
ENSG00000233351,,,
ENSG00000236673,,,
ENSG00000112299,,,
ENSG00000093134,,,
ENSG00000112303,,,1.0
ENSG00000112319,,,
ENSG00000146411,,,0.9999999999999997
ENSG00000118515,0.04472371832205137,0.3680020572572914,0.9999999999999998
ENSG00000236700,,,
ENSG00000232310,,,0.9999999999999999
ENSG00000227723,,,
ENSG00000118514,,,
ENSG00000118513,0.42900451647123894,-0.14711274990158932,1.0
ENSG00000236703,,,
ENSG00000234084,,,0.9999999999999998
ENSG00000234263,,,
ENSG00000164485,,,
ENSG00000027697,0.13461361212780237,0.0006232738935423102,1.0
ENSG00000164440,,,
ENSG00000164442,0.11128207016512595,0.4110419817516975,0.9999999999999999
ENSG00000238099,,,
ENSG00000010818,,,
ENSG00000135604,,,
ENSG00000152818,,,
ENSG00000118492,,,
ENSG00000233452,0.14055354894121938,0.22789072453292145,1.0
ENSG00000228408,,,
ENSG00000273132,,,
ENSG00000131015,,,
ENSG00000198729,,,
ENSG00000131016,,,
ENSG00000131018,,,
ENSG00000213121,,,
ENSG00000074706,,,
ENSG00000164674,,,1.0
ENSG00000164691,,,
ENSG00000175003,,,
ENSG00000071242,,,
ENSG00000026297,-0.005000218217599023,0.024061242944430516,1.0
ENSG00000234647,,,
ENSG00000227704,,,
ENSG00000231690,,,
ENSG00000198719,,,
ENSG00000271234,,,
ENSG00000008018,0.039966953816606726,0.005002853585127507,1.0
ENSG00000197461,,,
ENSG00000273151,-0.015295053835914743,,
ENSG00000105963,,,1.0
ENSG00000073067,,,
ENSG00000225146,,,
ENSG00000225981,,,
ENSG00000225968,,,
ENSG00000176349,,,
ENSG00000188365,,,
ENSG00000075624,0.045373736426003855,-0.06800019794691795,1.0
ENSG00000272719,-0.12232395799070483,,0.9999999999999993
ENSG00000157999,,,
ENSG00000231704,,,
ENSG00000272894,,,
ENSG00000233108,,,
ENSG00000225606,,,
ENSG00000136267,,,
ENSG00000106546,-0.3122897872522185,,
ENSG00000048052,,,
ENSG00000105855,,,
ENSG00000136244,,,
ENSG00000105928,0.0496388480991239,,0.9999999999999996
ENSG00000086300,-0.10865579422079084,-0.0770483520134893,1.0
ENSG00000225792,,,
ENSG00000214870,,0.04303960196695654,0.9999999999999998
ENSG00000005020,0.18754992938536597,-0.051713689989487846,0.9999999999999998
ENSG00000233429,-0.08091869764576345,0.2911553494888434,1.0
ENSG00000253508,,,
ENSG00000106031,,,
ENSG00000243766,,,
ENSG00000106052,0.20269809689396961,-0.011752014376257412,1.0
ENSG00000234336,,,
ENSG00000146592,,,
ENSG00000106066,-0.18034266537675375,-0.07464924417892196,1.0
ENSG00000235669,,,
ENSG00000176532,,,
ENSG00000180354,-0.1488924934964105,-0.37579764082066897,1.0
ENSG00000281039,,,
ENSG00000263683,,,
ENSG00000106113,,,
ENSG00000241644,,,
ENSG00000240583,,,0.9999999999999991
ENSG00000228878,,,
ENSG00000227191,,,
ENSG00000211689,,,
ENSG00000211695,,,
ENSG00000225992,,,
ENSG00000272908,,,
ENSG00000211697,,,
ENSG00000078053,,,
ENSG00000106536,,,0.9999999999999989
ENSG00000227172,,,
ENSG00000122641,,,
ENSG00000136197,,,0.9999999999999991
ENSG00000002746,,,
ENSG00000235314,,,
ENSG00000164708,,,
ENSG00000015520,,0.2671234344532708,
ENSG00000136286,,,
ENSG00000183696,,,0.9999999999999993
ENSG00000179869,,,
ENSG00000188730,,,
ENSG00000228005,,,
ENSG00000132437,,,
ENSG00000129103,-0.14307401048657914,-0.04037942495766359,1.0
ENSG00000164776,0.43818580100607285,-0.046110398001628555,0.9999999999999998
ENSG00000152926,-0.10320177417775733,0.5251570693262055,0.9999999999999996
ENSG00000213462,0.033072771672771006,-0.06614801531171957,1.0
ENSG00000169902,0.4786742591352572,,0.9999999999999997
ENSG00000229180,-0.17431507510380242,,0.9999999999999994
ENSG00000243335,-0.13078586594285022,-0.43127397134394896,0.9999999999999996
ENSG00000155428,,,
ENSG00000225969,,,
ENSG00000189143,,,
ENSG00000175877,,,
ENSG00000261467,,,
ENSG00000106665,,,0.9999999999999997
ENSG00000158517,,0.18313690303295183,0.9999999999999996
ENSG00000196275,,0.02358890941757117,1.0
ENSG00000263081,,,
ENSG00000127946,0.10146622044728332,0.3774406044952692,1.0
ENSG00000135205,,,0.9999999999999998
ENSG00000127947,-0.2483571302641817,-0.2514744162474878,1.0
ENSG00000127955,,,
ENSG00000135218,,,
ENSG00000186472,,,
ENSG00000170381,,,0.9999999999999998
ENSG00000075213,,,0.9999999999999998
ENSG00000153993,,,
ENSG00000198822,-0.13486186951445747,,0.9999999999999998
ENSG00000231255,,,
ENSG00000085563,,,
ENSG00000105784,,,
ENSG00000058091,,,
ENSG00000223969,,,
ENSG00000177409,,,
ENSG00000188175,,,
ENSG00000004948,,,
ENSG00000105825,,,
ENSG00000236861,,,
ENSG00000236453,,,
ENSG00000105852,,,
ENSG00000005981,,,
ENSG00000004799,,,
ENSG00000231170,,,
ENSG00000158560,,,1.0
ENSG00000164713,-0.0364253590452001,-0.0032913086840349465,1.0
ENSG00000272950,,,
ENSG00000130429,-0.2709355032942985,0.02202024852945858,0.9999999999999998
ENSG00000106258,0.032867904613249635,0.14241367740508457,1.0
ENSG00000160868,,,
ENSG00000237640,,,
ENSG00000239521,,0.35144261867082877,0.9999999999999996
ENSG00000085514,,,0.9999999999999992
ENSG00000185955,,,1.0
ENSG00000166925,-0.21732744573194918,0.09981319928518267,0.9999999999999998
ENSG00000146830,0.02531566382132175,0.028660282467456027,0.9999999999999998
ENSG00000205277,,,0.9999999999999999
ENSG00000227053,,,
ENSG00000169876,,,
ENSG00000169871,-0.08809634244088477,-0.02658168523564064,1.0
ENSG00000106366,,,
ENSG00000128564,-0.14874359551468072,0.04971012064298279,0.9999999999999999
ENSG00000106436,,,
ENSG00000261535,,,
ENSG00000239480,,,
ENSG00000160991,0.202011669594185,-0.32348843046277725,1.0
ENSG00000168255,0.13485881891075752,-0.07383683191147354,0.9999999999999999
ENSG00000105808,0.24133964568814525,0.16587449831070916,0.9999999999999998
ENSG00000205236,,,
ENSG00000279168,,,
ENSG00000128606,,,1.0
ENSG00000170615,,,
ENSG00000189056,-0.11461645302743742,-0.05932287078539558,1.0
ENSG00000005483,0.04496530201116525,-0.20200916092678586,1.0
ENSG00000105851,0.10681445675910407,-0.006504562843382515,1.0
ENSG00000105856,-0.17050506862753437,0.13403018321470145,0.9999999999999997
ENSG00000233705,,,1.0
ENSG00000273055,,,
ENSG00000135241,-0.15485832625535548,0.15485125121455887,1.0
ENSG00000226965,,,
ENSG00000223646,,,
ENSG00000164603,0.3892244669650851,-0.14941986505489616,1.0
ENSG00000164604,-0.356881420885766,-0.0950236202318349,0.9999999999999997
ENSG00000225535,,,
ENSG00000135269,-0.353854870282303,0.353297551645757,0.9999999999999998
ENSG00000105971,,,
ENSG00000105974,,,
ENSG00000077063,-0.019561292583654938,-0.40093566394163094,1.0
ENSG00000106013,,,
ENSG00000008311,,,
ENSG00000230316,,,
ENSG00000275356,,,
ENSG00000224899,,,
ENSG00000237764,,,
ENSG00000273270,-0.31667949903035814,,0.9999999999999999
ENSG00000271553,,,0.9999999999999997
ENSG00000271344,,,
ENSG00000128617,,,
ENSG00000128596,-0.1658612846540195,0.3864651582728554,1.0
ENSG00000186591,0.10572123526462406,0.031373583527286725,0.9999999999999998
ENSG00000244036,,,0.9999999999999992
ENSG00000165120,,,
ENSG00000213265,,,0.9999999999999999
ENSG00000226380,-0.19099559003454708,,
ENSG00000271204,-0.26115889313438667,,0.9999999999999998
ENSG00000273319,,,0.9999999999999989
ENSG00000231721,0.1543379887986746,0.23980725450619456,0.9999999999999998
ENSG00000221866,,,
ENSG00000155530,,,
ENSG00000085662,,,
ENSG00000172331,0.03348620629013675,0.12983214124161735,1.0
ENSG00000273219,,0.12679742272008485,
ENSG00000157680,,,
ENSG00000182158,0.07170407267481943,0.00890683874589733,1.0
ENSG00000157703,0.22565425951441936,,
ENSG00000105939,0.17914274058677193,-0.04464481017182112,0.9999999999999999
ENSG00000064393,0.10879754217378632,0.2531139566009247,0.9999999999999999
ENSG00000146966,,,
ENSG00000228775,,,
ENSG00000211751,,,
ENSG00000275896,,,
ENSG00000211772,,,
ENSG00000237254,,,
ENSG00000106123,,0.07014836570091076,
ENSG00000231840,,,
ENSG00000178826,,,
ENSG00000159784,,,
ENSG00000232533,,-0.018508087093516434,1.0
ENSG00000159840,-0.08281130346495993,0.1778490950542453,0.9999999999999998
ENSG00000185899,,,
ENSG00000170379,,,
ENSG00000174469,,,
ENSG00000281189,,,
ENSG00000204947,-0.06589318800084505,0.06382323758446042,0.9999999999999996
ENSG00000181444,-0.1858335675165649,-0.21157997962658637,0.9999999999999999
ENSG00000197558,,,
ENSG00000106479,,,0.9999999999999996
ENSG00000273293,,,
ENSG00000240449,,,
ENSG00000242258,0.10956365418476927,,1.0
ENSG00000171115,,,
ENSG00000179144,,,
ENSG00000106560,,,
ENSG00000106565,,,
ENSG00000002933,,,
ENSG00000055118,0.23508696397602785,0.03977363937350108,0.9999999999999999
ENSG00000272661,0.013475436189967901,-0.18288427182753397,0.9999999999999991
ENSG00000187260,,,
ENSG00000239911,,,
ENSG00000261455,-0.05666665300085827,-0.19853068160500564,0.9999999999999998
ENSG00000130226,,,
ENSG00000214106,,,0.9999999999999994
ENSG00000273183,,,
ENSG00000227365,,,
ENSG00000228569,,,
ENSG00000235029,,,
ENSG00000269446,,,
ENSG00000222012,,,
ENSG00000233038,,,
ENSG00000272839,,,
ENSG00000106018,,,
ENSG00000226179,0.16569457330233484,0.1764038537751508,0.9999999999999998
ENSG00000205755,,,
ENSG00000198223,,,0.9999999999999999
ENSG00000185291,,,
ENSG00000182162,,,
ENSG00000002586,-0.03650778884062479,0.15672386357531182,1.0
ENSG00000006756,,,0.9999999999999998
ENSG00000205662,,,
ENSG00000205642,,,
ENSG00000196664,,,
ENSG00000205542,0.10166577162620274,-0.23380081831756186,1.0
ENSG00000187268,,,
ENSG00000212663,,,
ENSG00000102048,,,
ENSG00000102010,,,
ENSG00000147003,,,
ENSG00000182287,-0.1808309747016989,0.22812186425361278,1.0
ENSG00000238178,,,
ENSG00000131831,,,
ENSG00000177324,,,
ENSG00000008086,,,
ENSG00000173698,,,
ENSG00000102174,,,
ENSG00000165186,,,
ENSG00000123131,-0.3354293527408212,-0.23945038398575397,1.0
ENSG00000233785,,,
ENSG00000130066,-0.31652933891174545,0.10805306773004979,1.0
ENSG00000130741,-0.01567427566735824,0.4038574043442966,1.0
ENSG00000102230,,,
ENSG00000004848,,,
ENSG00000099399,,,
ENSG00000120280,,,
ENSG00000198947,,,
ENSG00000047597,-0.06881480780963362,-0.12510588929022323,0.9999999999999997
ENSG00000165168,,,1.0
ENSG00000165169,-0.3374195951364477,-0.18442642982677213,1.0
ENSG00000101955,,,
ENSG00000165175,-0.05918261296125393,0.1899152942344812,1.0
ENSG00000235304,,,
ENSG00000236393,,,1.0
ENSG00000223714,,,
ENSG00000171659,,,
ENSG00000171657,-0.29852020957831443,-0.24407982262482658,1.0
ENSG00000069535,,,
ENSG00000147113,,,
ENSG00000102265,0.11185352758230187,-0.03782137849482666,1.0
ENSG00000126759,0.07845816748790338,,0.9999999999999993
ENSG00000267064,,,
ENSG00000232828,,,
ENSG00000187682,,,
ENSG00000102096,0.037843131027224725,0.13015202847955828,0.9999999999999999
ENSG00000102007,-0.05134705442096585,-0.03161691149387906,1.0
ENSG00000102003,0.05782063586918049,-0.08520230146520065,1.0
ENSG00000224659,,,0.9999999999999998
ENSG00000158352,,,
ENSG00000226530,,,
ENSG00000179222,,,
ENSG00000204363,,,
ENSG00000268350,,,
ENSG00000102316,0.01706327795620524,-0.2569450902876046,1.0
ENSG00000067445,,,
ENSG00000158578,0.2907538818987979,-0.44312527931178347,1.0
ENSG00000158639,,,
ENSG00000204272,-0.30415666923614804,0.08924729256959316,1.0
ENSG00000147065,-0.34896814840688306,0.08706419288151729,0.9999999999999997
ENSG00000274536,0.08223655714323691,-0.11720639110876545,1.0
ENSG00000155659,,,
ENSG00000089472,0.31020906941714915,0.17700732544082678,0.9999999999999994
ENSG00000169083,,,
ENSG00000089289,-0.3201510287977552,0.008295735657880415,0.9999999999999998
ENSG00000184481,0.00350739035511819,,0.9999999999999994
ENSG00000147168,-0.10995667228160502,-0.30722270046313627,1.0
ENSG00000147174,,,0.9999999999999999
ENSG00000281852,,,
ENSG00000242732,,,
ENSG00000198034,0.11367808765036147,0.11284912396174665,1.0
ENSG00000125931,-0.06617754522947587,-0.31265420650807174,0.9999999999999998
ENSG00000229807,0.11947146306829456,-0.13926600583770682,1.0
ENSG00000230590,-0.11137828110781649,0.22263744775562455,1.0
ENSG00000050030,,,
ENSG00000226784,,,
ENSG00000173198,,,
ENSG00000147145,,,
ENSG00000131171,-0.04906443040640507,0.16626925571841097,1.0
ENSG00000072133,,,
ENSG00000184788,,,
ENSG00000102271,,,
ENSG00000153779,,,
ENSG00000204086,,,
ENSG00000007952,,,
ENSG00000126950,,,
ENSG00000010671,0.14554896739011652,0.14199200882787388,0.9999999999999998
ENSG00000102401,-0.04663384887247995,0.4158826877744899,0.9999999999999998
ENSG00000166432,,,
ENSG00000147206,,,0.9999999999999998
ENSG00000204065,,,
ENSG00000133134,-0.16349637178550147,-0.006320006751977636,1.0
ENSG00000185222,0.15662918350667146,0.10247498084348045,0.9999999999999998
ENSG00000172476,,,0.9999999999999998
ENSG00000123570,,,
ENSG00000123569,,,
ENSG00000269226,,,
ENSG00000080572,,,1.0
ENSG00000147234,,,
ENSG00000157514,-0.3336146932754603,,1.0
ENSG00000068366,-0.0015381020532465872,-0.1981595865135728,0.9999999999999996
ENSG00000243978,,,
ENSG00000230392,,,
ENSG00000258545,,,1.0
ENSG00000203989,-0.49806296313118037,0.1426299047649324,0.9999999999999989
ENSG00000228139,,,
ENSG00000125355,,,
ENSG00000101892,,,
ENSG00000005893,0.02793067305501351,-0.34852294687897806,0.9999999999999998
ENSG00000282419,,,
ENSG00000009694,,,0.9999999999999996
ENSG00000225689,,,
ENSG00000122122,,,
ENSG00000085185,-0.1363628505048029,-0.40352642746547407,0.9999999999999998
ENSG00000134594,,,1.0
ENSG00000165694,,,
ENSG00000232160,,,
ENSG00000183434,,,
ENSG00000227060,,,
ENSG00000229015,,,
ENSG00000178947,,,
ENSG00000268940,,,
ENSG00000269096,,,
ENSG00000022267,,,
ENSG00000129675,-0.265331904274331,0.007177322173747863,0.9999999999999999
ENSG00000232611,-0.13165981066510804,-0.14330937438537408,0.9999999999999991
ENSG00000134595,,,
ENSG00000196406,,,
ENSG00000046774,,,1.0
ENSG00000010404,0.14259930166248277,0.10000110896347084,0.9999999999999996
ENSG00000238039,,,
ENSG00000241769,0.02787012494272597,,0.9999999999999996
ENSG00000267978,,,
ENSG00000185247,,,
ENSG00000224871,,,
ENSG00000214915,,,
ENSG00000166049,,,
ENSG00000229967,,,
ENSG00000102287,,,1.0
ENSG00000268089,,,
ENSG00000268606,,,
ENSG00000198883,,,
ENSG00000273877,,,
ENSG00000214897,,,
ENSG00000130829,0.29353492397693887,-0.040752219485768994,1.0
ENSG00000089820,,,0.9999999999999998
ENSG00000102032,-0.2483705112268129,-0.2339520029004833,1.0
ENSG00000007350,,,
ENSG00000231830,,,
ENSG00000196924,0.01917248792796325,-0.022532485248241987,1.0
ENSG00000147403,0.060541281040318126,-0.1156197507484723,1.0
ENSG00000280195,-0.21742271273456923,-0.049645087575112434,1.0
ENSG00000197180,0.1913922241818691,0.06476272354559338,0.9999999999999996
ENSG00000071553,-0.20254147553970622,-0.14556288646310261,0.9999999999999998
ENSG00000160211,0.17418837136529516,0.23791509345848783,0.9999999999999998
ENSG00000160219,,-0.2089239753559923,0.9999999999999998
ENSG00000203870,,,
ENSG00000155962,,,
ENSG00000224533,,,1.0
ENSG00000124334,,,
ENSG00000253896,,,
ENSG00000282021,,,
ENSG00000036448,,,
ENSG00000253444,,,0.9999999999999997
ENSG00000091879,-0.013478626760255132,0.2463883532963162,1.0
ENSG00000173281,-0.3516535170265469,-0.22272693726292997,1.0
ENSG00000171060,,,
ENSG00000253695,,,
ENSG00000154319,,,
ENSG00000255394,,,
ENSG00000255046,,,1.0
ENSG00000164733,0.24345890299806835,0.06111544437363852,0.9999999999999999
ENSG00000250305,,,
ENSG00000185053,,,
ENSG00000104723,0.0019946168969795647,-0.1303585247897137,1.0
ENSG00000003989,,,
ENSG00000129422,,,
ENSG00000104763,-0.2730262780998394,0.20507541110127953,1.0
ENSG00000147443,0.0867346479482101,-0.20783995736148805,1.0
ENSG00000158856,,,0.9999999999999991
ENSG00000168490,,,
ENSG00000179388,,,
ENSG00000134020,,,0.9999999999999996
ENSG00000173530,,,
ENSG00000134013,,,0.9999999999999994
ENSG00000147454,0.19464566165902442,-0.05935812204144879,1.0
ENSG00000167034,0.14617163690864557,-0.19594127303523043,1.0
ENSG00000159167,,,
ENSG00000042980,,,
ENSG00000104722,,,
ENSG00000221818,,,
ENSG00000104765,-0.07013707127493823,0.06207946729837658,1.0
ENSG00000240694,,,
ENSG00000092964,-0.07171139331296603,-0.11673456748377214,1.0
ENSG00000015592,,,
ENSG00000120899,0.09820391203336792,0.14846779423920586,0.9999999999999999
ENSG00000120903,,,
ENSG00000120885,0.2565275782399844,-0.019913339378108852,1.0
ENSG00000168081,,,
ENSG00000254034,,,
ENSG00000253490,,,
ENSG00000271869,0.058842633113362075,,1.0
ENSG00000133874,,-0.15031109472484397,
ENSG00000133878,,,
ENSG00000254194,,,
ENSG00000253108,,,
ENSG00000183154,,,
ENSG00000156675,0.10419735703576646,0.011702497587579033,0.9999999999999998
ENSG00000188778,,,
ENSG00000196166,,,
ENSG00000147526,0.06378714091975023,-0.15211396824341006,1.0
ENSG00000169499,-0.19156547089866827,0.15651944934891107,1.0
ENSG00000169495,,,
ENSG00000176907,,,
ENSG00000165061,,,
ENSG00000104332,,,
ENSG00000104368,,,
ENSG00000253408,,,0.9999999999999996
ENSG00000254165,,,
ENSG00000147434,,,
ENSG00000221869,-0.20491353842704912,0.04857411704035213,0.9999999999999998
ENSG00000168333,,,
ENSG00000253474,,,
ENSG00000272076,,,
ENSG00000168300,-0.05354821244822616,-0.23246179108216514,0.9999999999999999
ENSG00000272024,,,0.9999999999999994
ENSG00000206579,,,
ENSG00000253614,,,
ENSG00000253376,,,
ENSG00000137575,0.25426146353073953,0.20418038694314025,0.9999999999999994
ENSG00000198846,,,
ENSG00000228862,,,
ENSG00000254432,,,
ENSG00000254777,,,
ENSG00000254802,,,
ENSG00000198363,,,
ENSG00000246145,,,0.9999999999999996
ENSG00000147576,,,
ENSG00000169085,,,
ENSG00000278888,,,0.9999999999999998
ENSG00000182674,,,
ENSG00000274443,,,
ENSG00000147604,-0.17293468857808747,-0.3031612314259429,0.9999999999999999
ENSG00000121039,0.10362769570076191,0.11809874880153262,1.0
ENSG00000104343,-0.08888317937474556,-0.03565162286092427,1.0
ENSG00000154589,,,
ENSG00000254288,,,
ENSG00000249395,-0.07139483199898188,0.33436167165968694,0.9999999999999999
ENSG00000164749,,,
ENSG00000104435,,,
ENSG00000164683,-0.2677840707486856,,
ENSG00000272138,,,
ENSG00000205189,0.2564007571816131,-0.04026706998489395,1.0
ENSG00000076641,,,
ENSG00000253214,,,
ENSG00000164687,-0.15507258479525976,0.05133634617415537,1.0
ENSG00000254689,,,
ENSG00000184672,,,
ENSG00000260493,0.15123437146716193,,1.0
ENSG00000104267,,,
ENSG00000170289,,,
ENSG00000253171,,,0.9999999999999996
ENSG00000271156,,,
ENSG00000104327,,,
ENSG00000123119,,,0.9999999999999996
ENSG00000155099,-0.22877587237087416,0.12054827308384536,1.0
ENSG00000079102,,,0.9999999999999997
ENSG00000253848,,,1.0
ENSG00000264448,,,
ENSG00000261437,,,
ENSG00000164938,0.05938283231585361,,0.9999999999999994
ENSG00000253872,,,
ENSG00000169439,0.14390358270086065,0.1670936981611224,1.0
ENSG00000104324,-0.03510707166421459,-0.5029473568745949,1.0
ENSG00000104341,-0.2892931616830337,-0.29534620934863526,1.0
ENSG00000132561,0.038168692657812274,,1.0
ENSG00000164920,0.1806451127857831,,0.9999999999999996
ENSG00000229625,,,
ENSG00000156509,,,
ENSG00000248599,,,
ENSG00000271882,,,
ENSG00000104490,,,
ENSG00000246263,,,0.9999999999999991
ENSG00000272037,,,
ENSG00000155090,-0.1850785239176864,,0.9999999999999996
ENSG00000253669,,0.16481062949080924,0.9999999999999993
ENSG00000254281,,,
ENSG00000164929,,,
ENSG00000164930,,,
ENSG00000164934,-0.11974044598958383,0.40188776687294275,1.0
ENSG00000147647,,,
ENSG00000147650,,0.12486153738423264,0.9999999999999999
ENSG00000253582,,,
ENSG00000104408,0.1453990617183488,0.10627858756169149,1.0
ENSG00000164841,,,
ENSG00000164796,,,
ENSG00000225885,,,0.9999999999999996
ENSG00000254343,,,
ENSG00000187955,,,
ENSG00000253619,,,0.9999999999999998
ENSG00000253819,,,
ENSG00000147689,0.40661428034284053,-0.293566544255629,1.0
ENSG00000156802,-0.07267213412193371,-0.19388998273149444,1.0
ENSG00000156804,0.21829800113108122,-0.03339233102381043,1.0
ENSG00000253227,,,
ENSG00000253513,,,
ENSG00000104549,-0.09190179855169198,0.13778649017542416,1.0
ENSG00000173334,0.18415900298939125,0.024334435821922944,1.0
ENSG00000253111,,,
ENSG00000244791,,,
ENSG00000168672,,,
ENSG00000246228,,,
ENSG00000136997,-0.08617635876406066,-0.3200432716674076,1.0
ENSG00000165071,,,
ENSG00000155926,,,
ENSG00000104419,,,
ENSG00000253988,,,
ENSG00000147724,,,
ENSG00000254258,,,
ENSG00000105339,,,0.9999999999999999
ENSG00000254291,,,
ENSG00000204882,,,
ENSG00000271959,,,
ENSG00000261693,,,
ENSG00000198576,,,
ENSG00000160932,-0.1940343303180942,0.36163246870037946,1.0
ENSG00000254859,,,
ENSG00000254812,,,
ENSG00000254548,,,
ENSG00000254973,,,
ENSG00000214733,,,
ENSG00000261150,,,1.0
ENSG00000178685,-0.15893912489882592,,
ENSG00000265393,,,
ENSG00000227155,,,
ENSG00000173253,,,
ENSG00000254017,,,
ENSG00000225489,,,
ENSG00000273056,,,
ENSG00000231902,,,
ENSG00000044459,-0.10911556455477138,,
ENSG00000273226,,,1.0
ENSG00000137154,-0.1707345952695924,-0.1795119661822674,1.0
ENSG00000233906,,,
ENSG00000237414,,,
ENSG00000107201,-0.005880319647709312,,1.0
ENSG00000086061,0.1755528855591524,0.13239456022935722,1.0
ENSG00000086062,0.04847994344126086,0.1562948248898816,0.9999999999999998
ENSG00000122711,,,0.9999999999999994
ENSG00000260947,,,
ENSG00000010438,,,
ENSG00000228352,,,
ENSG00000122733,,,
ENSG00000005238,-0.12708009578637694,-0.010505993336082889,0.9999999999999994
ENSG00000215187,,,1.0
ENSG00000137101,,,
ENSG00000227933,,,
ENSG00000137076,-0.24020415514234864,-0.1764574251724619,0.9999999999999999
ENSG00000137098,,,0.9999999999999997
ENSG00000204930,,,
ENSG00000122707,0.0066894960006569915,,
ENSG00000122705,-0.11413668387350281,0.36472632456359355,0.9999999999999998
ENSG00000196092,,,
ENSG00000276500,,,
ENSG00000277260,,,
ENSG00000229311,,,1.0
ENSG00000274516,,,
ENSG00000231248,,,
ENSG00000235659,,,0.9999999999999998
ENSG00000231212,,,
ENSG00000226007,,,
ENSG00000278849,,,
ENSG00000274349,,,0.9999999999999999
ENSG00000276348,,,
ENSG00000233178,0.19614515547722058,-0.06181108225968967,0.9999999999999998
ENSG00000236733,,,
ENSG00000278910,,,
ENSG00000165072,,,
ENSG00000235523,,,
ENSG00000165092,,,
ENSG00000135046,,,1.0
ENSG00000119121,,,
ENSG00000135002,-0.32498177356112573,-0.21880086742187266,1.0
ENSG00000156049,,,
ENSG00000106829,-0.1020466302726169,0.04778060215546671,1.0
ENSG00000267559,,,
ENSG00000229109,,,
ENSG00000148057,,,0.9999999999999999
ENSG00000227463,,,
ENSG00000197506,,,
ENSG00000180447,,,
ENSG00000135047,-0.18493722798799422,-0.35866888263215446,0.9999999999999998
ENSG00000156345,,,
ENSG00000130045,,,
ENSG00000123975,-0.010945813044431166,-0.21941442541443354,1.0
ENSG00000130222,-0.002022591105065724,-0.07264161571460312,1.0
ENSG00000165025,,,
ENSG00000230537,,,
ENSG00000233081,,,0.9999999999999994
ENSG00000279007,,,
ENSG00000106809,,,
ENSG00000127084,-0.13000681868124528,-0.2694042969441023,1.0
ENSG00000157303,-0.20325332196763196,0.2704702955137137,0.9999999999999999
ENSG00000223446,,,
ENSG00000131669,0.006704210458979232,-0.017412845662443072,0.9999999999999998
ENSG00000227603,,,0.9999999999999996
ENSG00000231990,,,
ENSG00000131668,,,
ENSG00000235601,,,
ENSG00000269946,,,
ENSG00000165140,,,1.0
ENSG00000271384,,,
ENSG00000188152,,,
ENSG00000203279,,-0.09194428941184615,1.0
ENSG00000136929,-0.037925533325714134,0.15293534345681764,1.0
ENSG00000267026,,,
ENSG00000204291,,,0.9999999999999991
ENSG00000270412,,,
ENSG00000271086,,,
ENSG00000198785,,,
ENSG00000165028,0.08104049612581797,,1.0
ENSG00000165029,,,
ENSG00000226334,,,
ENSG00000070214,0.10306593191808465,0.24747231308983036,1.0
ENSG00000228317,,,
ENSG00000186051,-0.15628774554198155,0.22131711840862983,1.0
ENSG00000234323,,,
ENSG00000234229,,,
ENSG00000136826,,,
ENSG00000260230,,,0.9999999999999998
ENSG00000165124,,,
ENSG00000173258,,,
ENSG00000225684,,,
ENSG00000136867,-0.10008342984834154,,0.9999999999999997
ENSG00000227482,,,
ENSG00000196739,,,
ENSG00000229314,,,
ENSG00000228278,,,
ENSG00000106948,-0.1029588033172719,,0.9999999999999997
ENSG00000235119,,,
ENSG00000181634,,,
ENSG00000041982,,,
ENSG00000182752,,0.19682231123470048,
ENSG00000136869,,,
ENSG00000228512,,,
ENSG00000106780,-0.3005693108028158,0.06786548906425788,0.9999999999999999
ENSG00000226752,0.12392366403054317,0.2546062946935316,0.9999999999999999
ENSG00000119403,0.027790033919530013,0.027542231948382873,1.0
ENSG00000056558,,,
ENSG00000119397,0.2920073721556714,0.2931145338135087,1.0
ENSG00000148180,0.2776409416893519,0.017648049366954632,1.0
ENSG00000235865,,,
ENSG00000148175,0.3076088631071525,-0.09686075801500937,1.0
ENSG00000185681,,,
ENSG00000095303,,-0.05209512605060629,1.0
ENSG00000233616,,,
ENSG00000229245,,,
ENSG00000188394,,,
ENSG00000044574,0.06131692810181623,-0.23486642059578047,1.0
ENSG00000167094,,,
ENSG00000095370,,,0.9999999999999999
ENSG00000106991,,0.13737209081061538,0.9999999999999996
ENSG00000167103,,,
ENSG00000197694,-0.06863082899910068,-0.29797791128459533,1.0
ENSG00000234705,,,
ENSG00000119335,-0.08461774617428375,0.4086404371860092,1.0
ENSG00000160446,0.13648729221591238,0.15237495707924045,0.9999999999999998
ENSG00000095321,-0.08848872985454705,-0.03508414460143214,1.0
ENSG00000188483,-0.26999370239297954,0.3522017421201698,0.9999999999999998
ENSG00000268050,,,
ENSG00000179082,,,0.9999999999999994
ENSG00000230676,,,
ENSG00000261334,,,
ENSG00000239353,,,
ENSG00000227619,,,
ENSG00000179058,,,
ENSG00000236024,,,
ENSG00000148344,,,
ENSG00000136878,-0.09558256436630916,0.2033795720804244,0.9999999999999997
ENSG00000187239,-0.13934980975887032,-0.3970011501662167,1.0
ENSG00000270755,,,
ENSG00000148357,,,0.9999999999999996
ENSG00000050555,,,
ENSG00000246851,0.17894531090239385,-0.18307939772743426,1.0
ENSG00000230289,,,
ENSG00000196358,,,
ENSG00000125492,,,
ENSG00000165695,0.22146371376468474,-0.030693253437781422,0.9999999999999998
ENSG00000171102,,,
ENSG00000160323,,,
ENSG00000160326,0.39299061878753344,,
ENSG00000123453,,,
ENSG00000273473,,,0.9999999999999997
ENSG00000228877,,,
ENSG00000085265,,,
ENSG00000122136,,,
ENSG00000122133,,,
ENSG00000237886,,,
ENSG00000213213,,-0.2525852869868088,
ENSG00000169583,,,
ENSG00000180539,,,
ENSG00000180549,,,
ENSG00000236394,,,
ENSG00000198569,,,
ENSG00000188229,0.052922560182488976,0.15932402870489473,1.0
ENSG00000197768,,,
ENSG00000188747,,,
ENSG00000188833,,,
ENSG00000177947,,,
ENSG00000254559,,,
ENSG00000185201,0.06346759305368328,0.051531442924705004,1.0
ENSG00000142089,-0.15149194887474882,0.23836596518298234,0.9999999999999996
ENSG00000255237,,,
ENSG00000185507,,,0.9999999999999996
ENSG00000099834,,,
ENSG00000255108,,,
ENSG00000254872,,,
ENSG00000184545,,,0.9999999999999998
ENSG00000233930,,,
ENSG00000244242,,,
ENSG00000149043,,,
ENSG00000130598,,,
ENSG00000130592,0.12283921525446248,,0.9999999999999998
ENSG00000130595,,,
ENSG00000167244,,,
ENSG00000110665,-0.06177391795909795,0.16171151829303557,1.0
ENSG00000064201,-0.055687546807537486,0.2848265144037794,1.0
ENSG00000070985,,,
ENSG00000053918,,,
ENSG00000269821,0.06171737908997439,-0.177883306478211,0.9999999999999997
ENSG00000229414,,,
ENSG00000237941,,,
ENSG00000129757,0.11968297971146476,0.0021052554011195407,1.0
ENSG00000110628,,,0.9999999999999997
ENSG00000181649,-0.020740261898004098,-0.0202819175897149,0.9999999999999999
ENSG00000236301,,,
ENSG00000177105,0.1358272360630542,0.012627416552463543,1.0
ENSG00000180785,,,
ENSG00000167332,,,
ENSG00000244734,,,
ENSG00000223609,-0.32470889397602626,0.0071499314710432305,0.9999999999999997
ENSG00000213934,0.10291983266498644,0.20717719939889045,1.0
ENSG00000196565,-0.23946372796922896,0.2965393698211842,1.0
ENSG00000213931,-0.004951606582780665,-0.13418007540077778,1.0
ENSG00000183251,,,
ENSG00000175518,,,
ENSG00000239920,,,0.9999999999999999
ENSG00000121236,-0.19330181623901374,,0.9999999999999997
ENSG00000132256,0.07107254492588402,-0.034899450457673176,1.0
ENSG00000132274,0.02744430358581224,,0.9999999999999998
ENSG00000166311,0.09977713789843454,,0.9999999999999999
ENSG00000254400,,,
ENSG00000166340,-0.01179200421613498,-0.3578953242401774,1.0
ENSG00000166387,,,
ENSG00000254860,,,
ENSG00000133789,-0.0067615856986514775,-0.24537292825353257,0.9999999999999998
ENSG00000254554,,,
ENSG00000148926,,,
ENSG00000255823,-0.2594288348382866,-0.29153093206271335,1.0
ENSG00000177112,,,1.0
ENSG00000133800,,,
ENSG00000247271,-0.0905835591920482,-0.040094001597232115,1.0
ENSG00000050165,,,0.9999999999999998
ENSG00000254486,,,
ENSG00000110693,,,0.9999999999999997
ENSG00000070081,0.03407589751520315,-0.0850621251781854,1.0
ENSG00000006611,,,0.9999999999999999
ENSG00000188162,,,
ENSG00000129159,,,0.9999999999999999
ENSG00000134333,0.042356031253959744,-0.297989260086656,0.9999999999999998
ENSG00000166796,,,
ENSG00000129170,,,
ENSG00000270607,,,
ENSG00000148935,,,
ENSG00000198168,-0.0023072762451842865,0.15855790294093747,1.0
ENSG00000246225,,,
ENSG00000255418,,,
ENSG00000255243,,,
ENSG00000148942,,,
ENSG00000245573,,,
ENSG00000255029,,,
ENSG00000066382,,,
ENSG00000228061,,,
ENSG00000135378,,,
ENSG00000280798,,0.2600654288645841,0.9999999999999997
ENSG00000255202,,,
ENSG00000085063,0.24387983355829573,-0.00300737181663234,1.0
ENSG00000135363,-0.18493226207319335,0.07360114237785961,0.9999999999999998
ENSG00000121691,-0.1137384583940486,0.20056137163489274,0.9999999999999998
ENSG00000135373,,,
ENSG00000026508,,,
ENSG00000110436,,,
ENSG00000149090,,,
ENSG00000175097,,,
ENSG00000187479,,,0.9999999999999998
ENSG00000085117,0.03637622619857139,-0.002084074692563345,1.0
ENSG00000255092,,,
ENSG00000019505,,,
ENSG00000205106,,,1.0
ENSG00000255447,,,
ENSG00000255007,,,
ENSG00000110492,-0.2746915992266028,-0.10579605838433875,1.0
ENSG00000134571,,,
ENSG00000066336,0.004974328758518727,0.07971724678266763,0.9999999999999999
ENSG00000165917,,,
ENSG00000196666,,,0.9999999999999998
ENSG00000172247,,,
ENSG00000165923,,,
ENSG00000183908,,,
ENSG00000109991,,,0.9999999999999996
ENSG00000156575,,,
ENSG00000186652,,,
ENSG00000214872,,,
ENSG00000149131,-0.02159670533829673,-0.1801095692415683,0.9999999999999999
ENSG00000166793,,,1.0
ENSG00000110031,,,1.0
ENSG00000149124,,,
ENSG00000245571,,,
ENSG00000166801,,-0.05402831370763787,0.9999999999999993
ENSG00000134827,,,
ENSG00000149516,-0.1452793503936443,0.10742869174104884,1.0
ENSG00000149534,,,
ENSG00000214787,,,
ENSG00000110079,0.043192462420729584,-0.09083878556266474,1.0
ENSG00000183134,0.01546377145407573,-0.15380612345972658,1.0
ENSG00000110446,0.3184957182250917,-0.05694579394209355,0.9999999999999992
ENSG00000229859,,,
ENSG00000229183,,,
ENSG00000256713,,,0.9999999999999996
ENSG00000149476,-0.24150071590097774,0.14727862278239506,0.9999999999999999
ENSG00000162148,,,
ENSG00000149485,-0.05844586855413214,0.23117959454031684,0.9999999999999996
ENSG00000167996,0.2580268195164313,-0.12836219609666072,1.0
ENSG00000124935,,,
ENSG00000255118,,-0.08199711836305523,
ENSG00000256690,,0.0631602167446321,1.0
ENSG00000168003,-0.23453803212754876,-0.11807636196160684,1.0
ENSG00000257002,,,
ENSG00000184999,,,
ENSG00000196600,,,
ENSG00000168004,,,
ENSG00000133317,0.32705058488236544,,1.0
ENSG00000133321,,,0.9999999999999996
ENSG00000133328,,,
ENSG00000176485,-0.4351252089785397,-0.19055711157380031,1.0
ENSG00000110011,0.2672418846764812,0.3388067688469865,1.0
ENSG00000182450,,,
ENSG00000126432,0.11182038744359443,0.0010552552782008007,1.0
ENSG00000236935,,,
ENSG00000168065,,,
ENSG00000110046,-0.17018000440220238,-0.05678808891636185,1.0
ENSG00000068971,0.1528780190910059,,0.9999999999999994
ENSG00000149735,0.3053760858295951,,
ENSG00000168060,,,
ENSG00000149809,0.12434596187134986,-0.39684488399944035,1.0
ENSG00000254614,-0.1313738235869094,-0.2855653535864302,0.9999999999999997
ENSG00000173825,,-0.33198337723633364,1.0
ENSG00000255478,,,
ENSG00000162241,-0.11466262030950136,0.06334937401063026,1.0
ENSG00000245532,0.19044822445254614,0.10092492486016252,0.9999999999999998
ENSG00000173727,-0.11040691779862634,0.13497290564236536,1.0
ENSG00000251562,0.026739783899615954,-0.24282172465605747,1.0
ENSG00000279576,0.02787060581726905,,1.0
ENSG00000172818,,,
ENSG00000255120,,,
ENSG00000255404,,,
ENSG00000172638,,,0.9999999999999998
ENSG00000172543,,,0.9999999999999996
ENSG00000175294,,,
ENSG00000174807,,,
ENSG00000182791,,,0.9999999999999997
ENSG00000173992,0.2550490638426774,0.22566195294568153,0.9999999999999998
ENSG00000173227,,,
ENSG00000175482,,,1.0
ENSG00000175463,0.09312530702629557,-0.19874873000926574,1.0
ENSG00000172725,0.16710081366296553,-0.271234442131357,1.0
ENSG00000175544,,,
ENSG00000084207,-0.22921301613234557,-0.08358027563096339,1.0
ENSG00000132746,,,
ENSG00000006534,,,
ENSG00000255306,,,
ENSG00000255236,,,
ENSG00000069482,0.011247517048865785,-0.0558381824278954,0.9999999999999998
ENSG00000250508,,,0.9999999999999996
ENSG00000259799,,,
ENSG00000172927,,,
ENSG00000162344,,,
ENSG00000226627,,,
ENSG00000204571,,,
ENSG00000110203,,,
ENSG00000204971,,,
ENSG00000110195,0.056895923085385006,0.3200733423618993,1.0
ENSG00000227467,,,
ENSG00000186642,,,
ENSG00000256007,,,1.0
ENSG00000168010,,,0.9999999999999987
ENSG00000256568,,,
ENSG00000175591,,,
ENSG00000171631,,,
ENSG00000257038,,,
ENSG00000110237,,0.040062583251241006,0.9999999999999998
ENSG00000021300,,0.29323278634942707,1.0
ENSG00000175567,0.17905701889939535,0.1978054634959233,1.0
ENSG00000175538,0.16566672958846315,-0.19098522161041004,1.0
ENSG00000254928,,,
ENSG00000054938,,,
ENSG00000137491,,,0.9999999999999997
ENSG00000261594,,,
ENSG00000149273,-0.24276057676698604,-0.17214581736527118,1.0
ENSG00000255326,,,
ENSG00000166391,,,
ENSG00000236304,,,
ENSG00000178301,,,0.9999999999999997
ENSG00000254459,,,
ENSG00000254649,,,
ENSG00000255084,,,
ENSG00000150687,,0.020498196697627362,
ENSG00000269895,,,
ENSG00000246523,,,1.0
ENSG00000109861,-0.19703212800991565,0.23408139145415208,0.9999999999999999
ENSG00000255082,,,
ENSG00000077616,,,
ENSG00000181333,,,
ENSG00000134627,,,
ENSG00000255666,,,
ENSG00000256469,,,
ENSG00000149212,-0.22302681719512127,,0.9999999999999998
ENSG00000184384,,,0.9999999999999993
ENSG00000149972,,,
ENSG00000165895,,,
ENSG00000137691,-0.1389904661710738,,
ENSG00000023445,0.0873029742139117,,0.9999999999999998
ENSG00000255337,,,0.9999999999999994
ENSG00000149968,,,
ENSG00000170962,,,0.9999999999999997
ENSG00000196954,,,
ENSG00000137752,,,
ENSG00000204397,,,1.0
ENSG00000110675,,,
ENSG00000196167,,,
ENSG00000109846,0.21220861102630018,-0.2170751003164765,0.9999999999999997
ENSG00000150782,,,0.9999999999999996
ENSG00000268472,,,
ENSG00000254968,,,
ENSG00000170209,,,
ENSG00000109906,-0.03021573889797356,,0.9999999999999999
ENSG00000166741,,,
ENSG00000110245,,,
ENSG00000224077,,,
ENSG00000137726,,,
ENSG00000137747,,,
ENSG00000110324,,,
ENSG00000177098,,,
ENSG00000160593,,,1.0
ENSG00000160588,,-0.09174788769576664,0.9999999999999999
ENSG00000149573,,,
ENSG00000167286,0.2507180716907975,,0.9999999999999999
ENSG00000160654,,,
ENSG00000118058,-0.13920609177464985,-0.14553319860241787,1.0
ENSG00000110375,,,
ENSG00000254428,,,
ENSG00000160703,,,
ENSG00000172367,,,
ENSG00000110395,-0.17341253755285624,0.19123142567560633,0.9999999999999996
ENSG00000154096,,,
ENSG00000110400,,,
ENSG00000137699,,,
ENSG00000137709,,,
ENSG00000255219,,,
ENSG00000154127,-0.12670319587713963,,0.9999999999999998
ENSG00000109944,,,
ENSG00000109971,-0.14189059812309807,0.13535373000334863,1.0
ENSG00000110002,-0.04405683296354491,0.08258830220941392,1.0
ENSG00000197849,,,
ENSG00000197125,,,
ENSG00000149564,-0.24825530791559894,0.09241047791503813,1.0
ENSG00000245498,,,0.9999999999999998
ENSG00000149557,0.2945152824300352,-0.04640471825843684,0.9999999999999999
ENSG00000255537,,,1.0
ENSG00000196844,,,
ENSG00000149571,,,
ENSG00000134954,,,
ENSG00000245008,,,
ENSG00000120471,,,
ENSG00000281097,,,
ENSG00000151715,,,0.9999999999999996
ENSG00000084234,-0.2334951026003518,-0.023230145069775998,1.0
ENSG00000134917,,,
ENSG00000182667,,,
ENSG00000204241,,,
ENSG00000149328,-0.2942317309844872,-0.033356397504794834,1.0
ENSG00000109956,,,
ENSG00000185736,,,
ENSG00000273001,,,
ENSG00000227338,,,
ENSG00000067082,-0.10763341048129765,-0.211418937742908,0.9999999999999998
ENSG00000198610,,,
ENSG00000224034,0.06478392971375985,,
ENSG00000242147,,,0.9999999999999997
ENSG00000226647,,,
ENSG00000134460,,,
ENSG00000212743,,,
ENSG00000234248,,,
ENSG00000123243,,,
ENSG00000048740,0.11789462866244664,-0.10038821282485333,1.0
ENSG00000230322,,,
ENSG00000228302,,,0.9999999999999998
ENSG00000183049,,,
ENSG00000123240,,,0.9999999999999993
ENSG00000165623,,,
ENSG00000065809,,-0.077860637085512,
ENSG00000232739,,,
ENSG00000107611,,,0.9999999999999997
ENSG00000026025,-0.3994715157475298,-0.034364681093350946,1.0
ENSG00000260589,0.012078375646938491,0.04015600620720633,1.0
ENSG00000233968,,,
ENSG00000148450,-0.09591311321899396,0.10260430649867772,0.9999999999999998
ENSG00000165312,,,
ENSG00000077420,,,
ENSG00000236894,,,
ENSG00000231976,,,
ENSG00000232224,,,
ENSG00000262412,,,
ENSG00000254635,-0.0473919525381576,-0.3616494001012921,1.0
ENSG00000204365,,,
ENSG00000151033,,,
ENSG00000148516,-0.21144477938731174,0.13091643891416743,1.0
ENSG00000230534,,,
ENSG00000095794,-0.12078902419568717,-0.08677699747046067,1.0
ENSG00000273312,,,
ENSG00000280719,,,
ENSG00000227313,,,
ENSG00000148513,,,
ENSG00000236514,,0.09786089246152721,1.0
ENSG00000273008,-0.10523759636947486,-0.02208654845790394,1.0
ENSG00000150201,,,
ENSG00000230555,,,
ENSG00000223910,,,
ENSG00000107551,,,
ENSG00000165507,,-0.23926426307788606,0.9999999999999993
ENSG00000012779,-0.34744754418291224,0.08578901506714828,
ENSG00000266412,-0.119286505055076,0.09074299280955284,0.9999999999999999
ENSG00000204179,,,
ENSG00000128815,,,
ENSG00000243251,,,
ENSG00000178645,,,
ENSG00000223502,,,
ENSG00000165449,,,0.9999999999999998
ENSG00000170312,-0.13897082198032207,-0.24976732892750333,1.0
ENSG00000150347,0.034809729045081436,-0.08777799585317485,0.9999999999999996
ENSG00000122877,0.051226577441674394,,
ENSG00000171988,0.17226077690088132,0.07174405056901675,0.9999999999999998
ENSG00000272767,-0.04735532865809539,-0.08244687141605299,0.9999999999999998
ENSG00000224714,,,
ENSG00000233590,,,
ENSG00000165732,-0.140770406509085,0.08324068807060511,1.0
ENSG00000122862,,,
ENSG00000148734,,,0.9999999999999997
ENSG00000180644,,,1.0
ENSG00000107731,,-0.04640487508663423,0.9999999999999998
ENSG00000237512,,,
ENSG00000107738,,0.043022743635672406,0.9999999999999996
ENSG00000197746,0.3681443585531304,-0.18364914441659613,1.0
ENSG00000122863,,,1.0
ENSG00000107742,,,0.9999999999999992
ENSG00000168209,0.10707668530071122,,1.0
ENSG00000269926,,,
ENSG00000138308,,,
ENSG00000156042,-0.23837388597647396,,1.0
ENSG00000233144,,,
ENSG00000177791,,,1.0
ENSG00000271848,,,
ENSG00000214655,-0.21008863404803874,0.14078346463095207,1.0
ENSG00000122861,-0.0658672726987711,,0.9999999999999989
ENSG00000035403,-0.18219209016338936,-0.33109455835119794,0.9999999999999998
ENSG00000079393,0.11720631859932995,-0.0309558791391817,0.9999999999999999
ENSG00000226051,,,
ENSG00000165655,-0.11942248094122468,-0.01382573608699985,1.0
ENSG00000272692,-0.04919316168778816,,0.9999999999999998
ENSG00000236842,,,
ENSG00000148655,-0.0917500172838826,-0.22712354204027557,1.0
ENSG00000228748,,,
ENSG00000224596,,,1.0
ENSG00000188199,,,
ENSG00000178217,,,
ENSG00000271933,,,0.9999999999999996
ENSG00000229404,,,
ENSG00000122367,,,
ENSG00000173269,,,
ENSG00000173267,,-0.10910807205198526,1.0
ENSG00000148671,,,
ENSG00000152766,,,
ENSG00000107796,-0.010279124013562816,,
ENSG00000026103,,,
ENSG00000119922,,,
ENSG00000119917,,,0.9999999999999996
ENSG00000204010,,,
ENSG00000148680,,,
ENSG00000152804,-0.09438035252839556,-0.13470202400967132,0.9999999999999999
ENSG00000186188,,,
ENSG00000119969,0.01686226978705946,0.046528897789662654,1.0
ENSG00000108242,,,
ENSG00000138185,,,0.9999999999999991
ENSG00000095585,,,
ENSG00000241935,,,
ENSG00000120057,,,
ENSG00000095713,,,
ENSG00000119943,0.052539257150421924,-0.26685021429750944,1.0
ENSG00000172987,,,1.0
ENSG00000119946,,,
ENSG00000227695,,,
ENSG00000107593,,,0.9999999999999997
ENSG00000119906,0.1031913408131201,0.14294732959483306,1.0
ENSG00000237579,,,
ENSG00000229649,,,
ENSG00000234699,,,
ENSG00000185933,,,
ENSG00000183128,,,
ENSG00000231233,,,
ENSG00000229981,,,
ENSG00000148700,0.2858105487374364,-0.21647669245127033,1.0
ENSG00000138166,,-0.11555803097927178,0.9999999999999998
ENSG00000232470,,,
ENSG00000108061,0.3202442323575906,-0.21043452774148813,1.0
ENSG00000197142,,,
ENSG00000232934,,,
ENSG00000043591,,,
ENSG00000099204,,,
ENSG00000236799,,,
ENSG00000225302,,,
ENSG00000188316,,,
ENSG00000229847,,,
ENSG00000231104,,,
ENSG00000119979,-0.27809215904942014,-0.13437105546896905,1.0
ENSG00000203805,,,
ENSG00000271670,,,
ENSG00000066468,,,
ENSG00000226864,,,
ENSG00000276742,,,
ENSG00000138162,,,0.9999999999999999
ENSG00000138152,,,
ENSG00000188620,,,0.9999999999999996
ENSG00000230131,,,
ENSG00000182022,,,
ENSG00000233334,,,
ENSG00000236991,,,
ENSG00000154493,,,
ENSG00000186766,,,
ENSG00000132334,,,
ENSG00000148773,-0.13480449311611947,0.04247497196238425,1.0
ENSG00000280953,,,
ENSG00000176769,,,
ENSG00000283095,,,
ENSG00000226900,,,
ENSG00000171811,,,
ENSG00000171798,,,
ENSG00000166917,0.08422757424093434,,0.9999999999999998
ENSG00000273980,-0.08213786090923351,,
ENSG00000151651,0.24224077001463878,,1.0
ENSG00000165828,,,
ENSG00000130643,,,
ENSG00000256948,-0.08806972919862592,,1.0
ENSG00000249695,,,
ENSG00000010379,,,1.0
ENSG00000171823,,,
ENSG00000151062,,,0.9999999999999994
ENSG00000256706,,,
ENSG00000203593,,,
ENSG00000256271,,,
ENSG00000011105,,,
ENSG00000118972,,,
ENSG00000111254,,,
ENSG00000256790,,,
ENSG00000256417,,,1.0
ENSG00000256146,0.049919905168243225,,1.0
ENSG00000110799,,,
ENSG00000010278,-0.10463811818753692,-0.19133782867378757,0.9999999999999998
ENSG00000111319,,-0.2911222016225223,0.9999999999999996
ENSG00000139192,,,1.0
ENSG00000276718,,,
ENSG00000111640,0.020697900900729524,0.24538890756720028,0.9999999999999998
ENSG00000010295,,,1.0
ENSG00000245667,,,
ENSG00000184574,,0.11621929803082241,0.9999999999999997
ENSG00000111644,-0.07866136149451257,0.3603430812085887,1.0
ENSG00000269892,,,
ENSG00000010610,,,
ENSG00000275703,,,
ENSG00000111679,,0.3770109724948757,1.0
ENSG00000257084,,,
ENSG00000139178,0.39227378249463263,-0.3289849251820854,1.0
ENSG00000276144,,,
ENSG00000111704,,,
ENSG00000059804,0.2605869915760855,0.28312882868185907,1.0
ENSG00000171860,,,0.9999999999999996
ENSG00000111729,,,
ENSG00000205846,,,
ENSG00000166527,,,
ENSG00000166523,,,
ENSG00000249790,,,
ENSG00000166535,,,0.9999999999999999
ENSG00000245105,,,
ENSG00000175899,,,
ENSG00000111796,,,
ENSG00000110848,,,0.9999999999999999
ENSG00000110852,-0.34959744286815325,-0.30627060446277976,1.0
ENSG00000231560,,,
ENSG00000173391,,,
ENSG00000165685,,,
ENSG00000139112,-0.013775776673365804,-0.20505339051098048,1.0
ENSG00000205810,,,
ENSG00000134545,,,
ENSG00000121381,,,
ENSG00000226761,,,
ENSG00000247157,,,
ENSG00000275963,,,
ENSG00000111276,0.09696147127126672,-0.01888555280294347,0.9999999999999999
ENSG00000111305,,,
ENSG00000134531,,,
ENSG00000214772,,,
ENSG00000111339,,,
ENSG00000111341,,,
ENSG00000139055,,,
ENSG00000111348,0.12322952189077105,0.06985477662569822,1.0
ENSG00000139053,,,
ENSG00000151491,,0.18443825981275253,
ENSG00000111404,,,
ENSG00000139151,,,
ENSG00000084453,,,
ENSG00000121351,,,1.0
ENSG00000111716,0.15068902477519414,-0.0634743945838768,1.0
ENSG00000134532,-0.15736390164021274,0.22640126032860583,1.0
ENSG00000226397,,,
ENSG00000118308,,0.1509830116200795,0.9999999999999996
ENSG00000276842,,,
ENSG00000274987,,,
ENSG00000278743,,,0.9999999999999997
ENSG00000246695,0.031874224152616544,,0.9999999999999996
ENSG00000123095,,,
ENSG00000123096,,,
ENSG00000123104,-0.09262535683869828,-0.07796161243974492,1.0
ENSG00000247903,,,
ENSG00000211455,-0.03282420541104335,-0.0017103203065066581,0.9999999999999997
ENSG00000248100,,,
ENSG00000256747,,,
ENSG00000087494,,,
ENSG00000257258,,,
ENSG00000275278,,,
ENSG00000275476,,,
ENSG00000256232,,,
ENSG00000276900,0.03269716689905541,-0.33584457591719563,1.0
ENSG00000174718,-0.06688301428971184,0.08799651614690521,1.0
ENSG00000276136,,,0.9999999999999993
ENSG00000139132,,,0.9999999999999993
ENSG00000110975,,,
ENSG00000245482,0.3934606751715374,,
ENSG00000257239,,,
ENSG00000139174,,,1.0
ENSG00000257225,,,
ENSG00000257849,,,
ENSG00000257373,,,
ENSG00000173157,,,
ENSG00000257657,,,
ENSG00000134294,-0.44307904878940696,-0.3045574070567507,0.9999999999999998
ENSG00000257261,-0.12181913689599715,0.18168947918468306,0.9999999999999997
ENSG00000257496,,,
ENSG00000275481,,,
ENSG00000139211,,,
ENSG00000179715,,,
ENSG00000205537,,,
ENSG00000139219,-0.224983640211544,0.034370101215485366,0.9999999999999998
ENSG00000274124,,,
ENSG00000269514,,,0.9999999999999999
ENSG00000275228,,,
ENSG00000187166,,,
ENSG00000273765,,,1.0
ENSG00000177627,,,
ENSG00000197376,,,
ENSG00000167531,,,
ENSG00000257660,,,
ENSG00000172602,,,0.9999999999999996
ENSG00000123416,-0.15536623824967394,0.16063941741617555,1.0
ENSG00000167552,0.01797026220053169,0.09625078273215348,1.0
ENSG00000167553,-0.07759430061215264,-0.015400378912325555,1.0
ENSG00000178401,,,1.0
ENSG00000135519,,,
ENSG00000257964,,,
ENSG00000135472,,,
ENSG00000257771,,,
ENSG00000167580,,,
ENSG00000086159,,,
ENSG00000050405,0.061210991757988685,-0.003417041539955104,1.0
ENSG00000185432,0.1298548421001876,0.45471878830676926,1.0
ENSG00000274797,,,
ENSG00000183283,-0.06910672021158608,0.3607754943672568,0.9999999999999998
ENSG00000110934,-0.15245496709433898,-0.15824369779977612,1.0
ENSG00000139610,,0.0517682939324368,0.9999999999999993
ENSG00000050438,-0.33749159034654236,,1.0
ENSG00000260122,,,
ENSG00000167612,,,
ENSG00000139567,,,
ENSG00000123358,-0.08611336984418538,-0.0559683673252154,0.9999999999999998
ENSG00000259884,,,
ENSG00000135480,,,
ENSG00000170442,,,
ENSG00000205426,,,
ENSG00000185640,,,
ENSG00000170421,-0.39894850303719465,-0.31206703196674346,1.0
ENSG00000111057,0.1318079546107037,-0.1764582575668572,0.9999999999999998
ENSG00000167779,0.10629397364999192,,
ENSG00000167780,,,
ENSG00000139631,-0.20755624629775593,-0.15316204884538862,1.0
ENSG00000139626,,,0.9999999999999999
ENSG00000123349,-0.4865574444038974,0.043359481568886124,0.9999999999999999
ENSG00000257605,,,
ENSG00000135409,0.038297271410603864,0.09975864689227987,0.9999999999999996
ENSG00000257550,,,0.9999999999999997
ENSG00000012822,,0.24068428718076604,1.0
ENSG00000260030,,,
ENSG00000123364,-0.11677534553265531,0.29785201848030785,1.0
ENSG00000248265,,,
ENSG00000250432,,,
ENSG00000283073,,,
ENSG00000260470,,,
ENSG00000257596,,,
ENSG00000258137,,,
ENSG00000139572,,,
ENSG00000123338,0.017631599129923625,0.01451026281790073,0.9999999999999997
ENSG00000123360,-0.22811740431578156,-0.14573309477767277,1.0
ENSG00000172551,,,
ENSG00000185821,,,0.9999999999999994
ENSG00000179695,,,
ENSG00000135404,0.32323166144047155,-0.06595414848301967,1.0
ENSG00000123342,,,
ENSG00000111540,-0.10931878964794524,0.07445118809503004,0.9999999999999998
ENSG00000092841,-0.08275326172775757,-0.29364413967245484,1.0
ENSG00000170581,0.22957942797119177,-0.03273062381800765,1.0
ENSG00000175336,,,
ENSG00000166863,0.09627965259689278,-0.11404641410513008,1.0
ENSG00000123384,-0.09595073192867189,,1.0
ENSG00000185482,-0.31612204713672654,-0.08425057657458433,1.0
ENSG00000258001,,,
ENSG00000139269,0.05010491396690614,,
ENSG00000123329,-0.275676696670466,0.2635533780347954,0.9999999999999999
ENSG00000175197,-0.12169839676694262,0.20740940738906843,1.0
ENSG00000178498,,,
ENSG00000135506,-0.05936788967275487,-0.26583357157980475,1.0
ENSG00000257953,,,
ENSG00000245651,,,
ENSG00000257698,-0.0272135606950748,0.0161884881512237,1.0
ENSG00000139263,,,
ENSG00000198673,-0.21663457887968957,0.09208757079913088,1.0
ENSG00000249753,,,
ENSG00000185306,,,0.9999999999999997
ENSG00000256670,,,
ENSG00000135677,-0.09368038345584961,0.08176322451861814,0.9999999999999998
ENSG00000215159,,,
ENSG00000174099,,,
ENSG00000250748,,,
ENSG00000149948,,,
ENSG00000256248,,,
ENSG00000251301,,,
ENSG00000247363,-0.06386201772301682,-0.008102156254180605,0.9999999999999996
ENSG00000274979,,,0.9999999999999997
ENSG00000090382,-0.1521372174207443,0.10211882498533054,0.9999999999999997
ENSG00000257764,,0.012634208097123324,1.0
ENSG00000247131,,,
ENSG00000257454,,,
ENSG00000139287,,,
ENSG00000258123,,,
ENSG00000257183,,,
ENSG00000139278,,,0.9999999999999996
ENSG00000139289,,,1.0
ENSG00000257839,,,0.9999999999999998
ENSG00000067798,,,
ENSG00000258084,,,
ENSG00000257474,,,
ENSG00000058272,0.0908191756033287,0.2615674231646797,1.0
ENSG00000257431,,,
ENSG00000179104,,,
ENSG00000133636,0.07484164218996005,,1.0
ENSG00000259075,,,
ENSG00000271614,-0.024012530914093475,-0.339015897268054,0.9999999999999998
ENSG00000139329,,,
ENSG00000011465,0.03890290418937891,,
ENSG00000277738,0.5673865463536105,,1.0
ENSG00000133639,0.15306485773562448,0.01292603775760258,1.0
ENSG00000245904,-0.03219316879535616,-0.028439549070558665,1.0
ENSG00000257127,,,
ENSG00000205056,,,
ENSG00000187510,,,
ENSG00000257345,,,
ENSG00000257322,,,
ENSG00000257746,,,
ENSG00000257252,,,
ENSG00000120833,-0.11652168693572187,0.14456431011694942,1.0
ENSG00000258274,,,1.0
ENSG00000139344,,,
ENSG00000084110,,,
ENSG00000257878,,,
ENSG00000257715,,,
ENSG00000245017,,,
ENSG00000179520,,,
ENSG00000274560,,,
ENSG00000183395,,,
ENSG00000017427,,,
ENSG00000139352,,,
ENSG00000166598,0.1730701038426671,0.05969952692655173,1.0
ENSG00000120820,,,
ENSG00000257732,,,
ENSG00000257886,,,
ENSG00000136026,,,
ENSG00000277715,,,
ENSG00000166046,,,0.9999999999999997
ENSG00000110876,0.2382141851343046,-0.1546125826774126,1.0
ENSG00000256262,,,
ENSG00000277299,,,
ENSG00000111229,0.05141282159905206,0.3486037101816202,0.9999999999999998
ENSG00000122986,-0.2317431309556764,-0.05022636656110654,0.9999999999999998
ENSG00000257595,,,
ENSG00000111344,,,
ENSG00000139410,0.13922672747745424,-0.11187794511944107,1.0
ENSG00000257935,,,
ENSG00000135111,,,
ENSG00000275898,,,
ENSG00000274554,,,
ENSG00000088992,-0.19942037819379982,-0.10070440610673578,1.0
ENSG00000274859,,,
ENSG00000135090,-0.23164304850983833,-0.09677807755013196,0.9999999999999998
ENSG00000270482,-0.16969087113259962,,0.9999999999999997
ENSG00000139767,,,
ENSG00000152137,,,
ENSG00000183273,,,
ENSG00000224982,,,
ENSG00000255692,,,
ENSG00000170890,,,
ENSG00000257218,0.27229878813322966,-0.00028819799140290814,1.0
ENSG00000088986,0.3125050939913202,0.031472609986196526,1.0
ENSG00000135100,,,
ENSG00000135114,,,
ENSG00000089041,,,0.9999999999999997
ENSG00000135124,,0.26249173526833014,0.9999999999999998
ENSG00000258435,,,
ENSG00000139714,-0.06082777795727638,,1.0
ENSG00000272849,,,
ENSG00000158113,,,
ENSG00000182782,,,
ENSG00000251497,,,
ENSG00000255839,,,
ENSG00000270028,,,0.9999999999999993
ENSG00000250091,,,
ENSG00000150991,-0.42359051343844567,0.0932183193498663,0.9999999999999998
ENSG00000280634,,0.10582917516969945,1.0
ENSG00000249267,,,
ENSG00000256128,,,
ENSG00000256193,,,
ENSG00000249196,,,1.0
ENSG00000111452,,,0.9999999999999997
ENSG00000256204,,,
ENSG00000230294,,,
ENSG00000256955,,,
ENSG00000276693,,,
ENSG00000256576,,,0.9999999999999997
ENSG00000182870,,,
ENSG00000277011,,,
ENSG00000274373,,,
ENSG00000256632,,,
ENSG00000250790,,,
ENSG00000231358,,,
ENSG00000198033,,,
ENSG00000165475,-0.07665712622034329,0.024796295962231246,0.9999999999999996
ENSG00000224429,,,
ENSG00000276476,,,
ENSG00000232977,,,
ENSG00000127863,,,
ENSG00000260509,,,
ENSG00000132932,,,
ENSG00000132975,,,
ENSG00000230641,,,
ENSG00000275294,,,0.9999999999999998
ENSG00000165556,,,
ENSG00000102755,,,1.0
ENSG00000139508,0.1416780133128738,0.2160146932680924,1.0
ENSG00000236463,,,
ENSG00000132965,,,
ENSG00000224743,,,
ENSG00000236094,,,
ENSG00000073910,,,
ENSG00000139597,,,0.9999999999999999
ENSG00000244754,0.12417356848136257,0.22074645467194343,1.0
ENSG00000172915,,,
ENSG00000120693,,,
ENSG00000133107,,,
ENSG00000274317,,,0.9999999999999998
ENSG00000223685,,,
ENSG00000236354,,,
ENSG00000188811,-0.1141138163895837,0.17745065675293215,1.0
ENSG00000278772,,,
ENSG00000120690,0.11417944840221261,-0.3728919609740951,1.0
ENSG00000102760,-0.05541562164666878,0.2431690557148244,1.0
ENSG00000133106,,,0.9999999999999999
ENSG00000120675,,,
ENSG00000151773,,,
ENSG00000227258,,,0.9999999999999996
ENSG00000151778,,,
ENSG00000237361,,,
ENSG00000102804,-0.07068994297923989,0.14004834180426587,0.9999999999999998
ENSG00000278156,,,
ENSG00000170919,-0.26966730958718915,-0.08888698556481497,0.9999999999999998
ENSG00000228886,,,0.9999999999999996
ENSG00000251015,,,
ENSG00000102445,,,
ENSG00000228573,,,
ENSG00000136156,-0.01422165987988119,0.1534410505716941,1.0
ENSG00000139679,,,
ENSG00000233610,,,
ENSG00000152207,,,
ENSG00000102531,0.13003782874057995,0.20556879302641587,0.9999999999999996
ENSG00000136169,,-0.22945231500823726,0.9999999999999996
ENSG00000152213,0.1636253845140735,0.22319378085261193,0.9999999999999998
ENSG00000237152,,,0.9999999999999997
ENSG00000150510,,,
ENSG00000253309,,,
ENSG00000102786,-0.22987169503865462,-0.20421764081951024,1.0
ENSG00000236778,-0.33157467585798706,-0.04341293469630518,0.9999999999999997
ENSG00000123171,,,
ENSG00000136108,0.0046178630669396065,-0.1707069899163196,1.0
ENSG00000136110,,,
ENSG00000136099,,,
ENSG00000118946,,,0.9999999999999998
ENSG00000184226,,,
ENSG00000188243,-0.06958482059570571,0.15570390611684476,1.0
ENSG00000178734,,,
ENSG00000271776,,,
ENSG00000184564,,,
ENSG00000165300,,,
ENSG00000229557,,,0.9999999999999997
ENSG00000125285,,,
ENSG00000247400,-0.11699613293533659,0.2243836972722137,0.9999999999999994
ENSG00000102580,-0.08349346418604417,-0.13908322660273376,1.0
ENSG00000185352,,,
ENSG00000272329,,,
ENSG00000152767,0.18746618038125806,,0.9999999999999999
ENSG00000231194,,,
ENSG00000224418,,0.01724157733994989,
ENSG00000088386,,,
ENSG00000169508,,,
ENSG00000280710,,,
ENSG00000203441,,-0.08254081700636161,0.9999999999999999
ENSG00000234650,,,
ENSG00000276957,,,
ENSG00000151287,0.1025665264802045,-0.059057506352104966,0.9999999999999998
ENSG00000233532,,,
ENSG00000125266,,,
ENSG00000134884,0.10481133876983201,-0.2994943413727782,1.0
ENSG00000041515,,,
ENSG00000275216,,,
ENSG00000223617,,,
ENSG00000255874,,,
ENSG00000088448,-0.13837702536303892,-0.2367638541643171,1.0
ENSG00000225760,,,0.9999999999999996
ENSG00000126217,,,0.9999999999999997
ENSG00000231882,,,
ENSG00000225083,,,
ENSG00000184497,,,1.0
ENSG00000260910,,,
ENSG00000258314,,,
ENSG00000129566,,,1.0
ENSG00000169413,,,0.9999999999999998
ENSG00000169397,,,
ENSG00000258918,,,
ENSG00000169385,,,
ENSG00000165794,,,
ENSG00000165799,,,
ENSG00000092200,,-0.30710545102834513,0.9999999999999996
ENSG00000211821,,,
ENSG00000211829,,,
ENSG00000277734,,,
ENSG00000259003,,,
ENSG00000100439,0.27301708595557417,-0.10704542182666407,1.0
ENSG00000197324,-0.10933326254978332,0.11628583422347195,1.0
ENSG00000092067,-0.1897826969995431,-0.3139137603590086,1.0
ENSG00000092068,0.15676688748661435,0.2024798836037643,1.0
ENSG00000235194,0.01663626286461916,0.24900434901285262,0.9999999999999998
ENSG00000166091,,,
ENSG00000197616,,,
ENSG00000092051,,,
ENSG00000100867,,,
ENSG00000092010,-0.04818961512348155,-0.013089319325186075,1.0
ENSG00000259321,,,
ENSG00000259529,0.1044578659257383,,0.9999999999999984
ENSG00000213928,,,0.9999999999999998
ENSG00000100918,,,0.9999999999999997
ENSG00000276698,,,
ENSG00000139908,,,
ENSG00000136305,,,
ENSG00000129467,,,
ENSG00000258744,,,
ENSG00000100453,,,
ENSG00000258548,,,
ENSG00000257831,,,0.9999999999999993
ENSG00000257155,,,
ENSG00000151322,,,
ENSG00000100906,0.037587063517103,,1.0
ENSG00000258844,,,
ENSG00000136327,,,
ENSG00000129514,,,0.9999999999999987
ENSG00000139865,,,
ENSG00000258526,,,
ENSG00000258480,,,
ENSG00000179454,,-0.06910448784908774,1.0
ENSG00000258700,,,
ENSG00000139915,,,
ENSG00000258400,,,
ENSG00000012983,-0.022614061695385976,-0.06865068372265987,1.0
ENSG00000198513,,,
ENSG00000258843,,,
ENSG00000100504,-0.04103952741761874,0.34802874428032177,1.0
ENSG00000131969,,,
ENSG00000277050,,,
ENSG00000186469,,,
ENSG00000258757,0.03835600966824192,,1.0
ENSG00000258698,,,
ENSG00000020577,,,
ENSG00000131981,,,1.0
ENSG00000258413,,,
ENSG00000258791,,,
ENSG00000275569,,,
ENSG00000259133,,,
ENSG00000248550,,,
ENSG00000259008,,,
ENSG00000100557,,,
ENSG00000259039,,-0.36001669288035054,
ENSG00000139971,0.015715500699786,,1.0
ENSG00000196860,,,
ENSG00000258553,,,
ENSG00000254718,,,1.0
ENSG00000258777,,,
ENSG00000258667,-0.2007648981420104,,0.9999999999999993
ENSG00000261242,,,1.0
ENSG00000258809,,,
ENSG00000089775,0.03088870717648614,0.2784803593785753,1.0
ENSG00000126804,-0.1935492924876947,,1.0
ENSG00000126803,,,
ENSG00000176153,,,
ENSG00000272158,,,
ENSG00000072415,0.06962235118965958,-0.23262315180090848,1.0
ENSG00000100554,0.15776052875909155,0.021656417509557324,0.9999999999999996
ENSG00000198133,,,
ENSG00000258837,,,
ENSG00000185650,-0.1910664178673558,0.2973644846587664,1.0
ENSG00000276063,,,
ENSG00000267909,,,
ENSG00000100652,,,
ENSG00000198732,,,
ENSG00000258422,,,
ENSG00000259158,,,
ENSG00000134007,,,
ENSG00000258689,,,
ENSG00000275630,,,
ENSG00000182732,,,
ENSG00000280188,,,
ENSG00000258376,,,1.0
ENSG00000133961,-0.030350262897678018,0.16733187815307593,1.0
ENSG00000258660,,,
ENSG00000156030,0.2454169700928966,-0.09192041305158435,0.9999999999999998
ENSG00000259065,,,0.9999999999999998
ENSG00000258891,0.17922749952519648,,
ENSG00000156050,,,1.0
ENSG00000270000,,,
ENSG00000119655,-0.0683385768963864,-0.011766836316431412,1.0
ENSG00000273565,,,
ENSG00000170345,,0.06251314559778541,0.9999999999999998
ENSG00000259687,,,0.9999999999999998
ENSG00000071246,,-0.3882906267567877,0.9999999999999989
ENSG00000100565,,,
ENSG00000273729,,,1.0
ENSG00000246548,,,
ENSG00000063761,,-0.006624093678762115,0.9999999999999999
ENSG00000258743,,,
ENSG00000185070,,,
ENSG00000258807,,,
ENSG00000140030,,0.16330804938089075,1.0
ENSG00000258867,,,
ENSG00000258983,,,
ENSG00000258699,,,
ENSG00000258730,,,
ENSG00000119632,-0.19589216043699187,0.03225635243878242,1.0
ENSG00000119698,,,
ENSG00000235706,,,0.9999999999999998
ENSG00000100721,,,
ENSG00000257275,,,
ENSG00000258702,,,1.0
ENSG00000258979,,,
ENSG00000246223,,,
ENSG00000258749,,,
ENSG00000247970,,,
ENSG00000182218,,,
ENSG00000140107,,,
ENSG00000258521,,,
ENSG00000185559,,,
ENSG00000259004,,,
ENSG00000259088,,,
ENSG00000272444,,,0.9999999999999999
ENSG00000080824,0.22575138287899843,0.25725531844033417,0.9999999999999998
ENSG00000259515,,,
ENSG00000185215,0.1772254754519809,-0.08324145753508783,0.9999999999999998
ENSG00000259775,,,0.9999999999999999
ENSG00000166165,0.344585500266379,0.15888206394876794,1.0
ENSG00000258735,,,
ENSG00000184601,,,
ENSG00000258811,,,
ENSG00000166428,,,0.9999999999999998
ENSG00000183484,,,0.9999999999999997
ENSG00000211956,,,
ENSG00000260986,,,
ENSG00000247765,,,
ENSG00000277865,-0.12176927759250913,,
ENSG00000273976,,,
ENSG00000185823,,,
ENSG00000182256,,,
ENSG00000261480,,,
ENSG00000104059,,,
ENSG00000259523,,,
ENSG00000166664,,,
ENSG00000260693,,,
ENSG00000178115,,,
ENSG00000247728,,,
ENSG00000259448,,,0.9999999999999994
ENSG00000262728,,,
ENSG00000232653,,,
ENSG00000244952,,,
ENSG00000166922,,,1.0
ENSG00000276702,,,
ENSG00000184984,,,0.9999999999999996
ENSG00000140199,,-0.2092141292043883,1.0
ENSG00000259468,,,
ENSG00000159251,,,
ENSG00000259460,,,1.0
ENSG00000175779,,,
ENSG00000137801,,,
ENSG00000275636,,,
ENSG00000104081,,,0.9999999999999989
ENSG00000137843,,,
ENSG00000137841,0.2796999924087748,0.06420954669408574,1.0
ENSG00000259198,,,
ENSG00000166143,,,
ENSG00000166145,,-0.07480759330436167,0.9999999999999993
ENSG00000187446,-0.06836902993224828,0.08058255730016656,1.0
ENSG00000137804,-0.11240834075983774,-0.1291281021182807,1.0
ENSG00000260926,,,
ENSG00000168970,,,
ENSG00000246740,,,
ENSG00000092529,,,0.9999999999999999
ENSG00000261822,,,0.9999999999999996
ENSG00000166947,,,1.0
ENSG00000104055,,,
ENSG00000166963,0.12800314683771494,0.2034070777545322,1.0
ENSG00000242866,,,
ENSG00000229474,0.08565523342444632,,1.0
ENSG00000166710,-0.26630564303117865,-0.0036546957887827886,1.0
ENSG00000167014,,,
ENSG00000140274,,,
ENSG00000140254,,,
ENSG00000259519,,,
ENSG00000137860,,,0.9999999999999998
ENSG00000185634,,,
ENSG00000259602,,,
ENSG00000138593,-0.008872406930918102,0.047594056855691944,1.0
ENSG00000104043,,,
ENSG00000259188,,,
ENSG00000140287,,,
ENSG00000244879,-0.1534744229941194,-0.12045455210696338,0.9999999999999998
ENSG00000273674,,-0.40507060605041567,0.9999999999999998
ENSG00000137869,,,
ENSG00000259306,,,0.9999999999999997
ENSG00000259668,,,
ENSG00000104112,,,0.9999999999999999
ENSG00000128872,,,
ENSG00000259201,,,
ENSG00000069966,,-0.17531143372359673,0.9999999999999998
ENSG00000259709,,,
ENSG00000260916,0.14103280891746325,0.23858289050938786,0.9999999999999997
ENSG00000166450,,,
ENSG00000263155,,,
ENSG00000166035,,,
ENSG00000259250,,,
ENSG00000157456,0.06559690073054131,-0.0757022472855322,1.0
ENSG00000182718,-0.029425542688425496,0.19105112984230752,0.9999999999999998
ENSG00000259697,,,
ENSG00000140416,-0.017021173721690347,-0.2907837224475888,0.9999999999999992
ENSG00000259627,,,
ENSG00000259672,,,
ENSG00000103642,0.24722129070032664,-0.04596955083380616,1.0
ENSG00000259268,,,
ENSG00000035664,,,
ENSG00000166794,0.020220850011192754,0.004885104211783689,1.0
ENSG00000166803,0.11551866546442113,-0.4453656783626808,1.0
ENSG00000180304,0.009462859879183827,-0.21396816599341864,1.0
ENSG00000140451,0.1064137192238779,-0.2042668837624848,0.9999999999999997
ENSG00000275332,,,
ENSG00000103710,,,0.9999999999999996
ENSG00000278737,,,
ENSG00000174498,-0.10235803148934158,,0.9999999999999989
ENSG00000259347,,,
ENSG00000245719,,,
ENSG00000255346,,-0.31067737310866056,0.9999999999999998
ENSG00000212766,,,0.9999999999999987
ENSG00000259641,,,
ENSG00000166173,,,
ENSG00000260672,,,0.9999999999999997
ENSG00000175202,,,
ENSG00000260898,,-0.14230473786492429,
ENSG00000167178,,,
ENSG00000137868,,,
ENSG00000140459,,,
ENSG00000261821,,,
ENSG00000138623,-0.08097894943925008,,0.9999999999999998
ENSG00000275527,,,
ENSG00000260919,,,
ENSG00000140465,,,
ENSG00000169410,-0.0490145062006509,0.23110713509814887,1.0
ENSG00000275454,0.048478733845334035,,
ENSG00000246877,,,
ENSG00000169752,,,
ENSG00000169758,,,0.9999999999999999
ENSG00000259422,,,
ENSG00000159556,0.17825184897736904,0.2085542441530833,1.0
ENSG00000259666,,,
ENSG00000259792,,,
ENSG00000183476,,,
ENSG00000259474,,,
ENSG00000041357,-0.2689696662216649,-0.23991190652856997,1.0
ENSG00000080644,,,
ENSG00000177699,,,
ENSG00000140379,,,
ENSG00000258010,,,
ENSG00000136379,,,0.9999999999999997
ENSG00000172349,-0.060424278932164226,,
ENSG00000172345,,,0.9999999999999998
ENSG00000259518,,,
ENSG00000259462,,,0.9999999999999987
ENSG00000259442,,,
ENSG00000136404,,,1.0
ENSG00000256278,,,
ENSG00000170776,-0.10192402389748123,-0.2555272681180134,1.0
ENSG00000259367,,,
ENSG00000259762,,,
ENSG00000140538,,,
ENSG00000172183,,,
ENSG00000157766,,,
ENSG00000140545,0.3258844304829385,0.06303926387504173,0.9999999999999999
ENSG00000242498,,,
ENSG00000182054,-0.20987174094778382,-0.20674540073067482,0.9999999999999998
ENSG00000182768,0.15381923172118808,0.048758454268969846,1.0
ENSG00000275345,,,
ENSG00000259314,,,
ENSG00000140564,0.103377040260268,0.16129787485526134,0.9999999999999996
ENSG00000182511,-0.14424694900614715,-0.04158851268249249,1.0
ENSG00000259661,,,
ENSG00000198901,0.08983873645335125,0.00326463561989037,0.9999999999999998
ENSG00000185518,,,
ENSG00000258551,,,0.9999999999999997
ENSG00000140557,,,
ENSG00000173575,-0.18228960448161696,0.08195755681692271,1.0
ENSG00000182175,,,0.9999999999999994
ENSG00000259123,,,0.9999999999999983
ENSG00000258476,,,
ENSG00000247809,-0.05236548683125303,0.005662916247951696,1.0
ENSG00000278146,,,
ENSG00000185551,-0.31396495939438573,-0.19487631486689586,0.9999999999999998
ENSG00000140450,,,0.9999999999999998
ENSG00000278090,,,0.9999999999999996
ENSG00000254744,,,
ENSG00000154227,,,
ENSG00000259376,,,
ENSG00000259755,0.1715702883622342,0.204892743732363,0.9999999999999998
ENSG00000259182,,,
ENSG00000259553,0.032326527045940696,,0.9999999999999996
ENSG00000130656,-0.003352112005845811,-0.05094808169876494,1.0
ENSG00000188536,-0.03638284345741211,0.022067357218798704,1.0
ENSG00000206172,0.08339898089136097,-0.16905615597603282,0.9999999999999998
ENSG00000167930,-0.12777211213920062,0.088451153736271,1.0
ENSG00000269881,,,
ENSG00000257108,,,1.0
ENSG00000262528,,-0.08495218495705546,
ENSG00000260022,,,
ENSG00000260710,,,
ENSG00000261505,,,0.9999999999999998
ENSG00000260051,,,
ENSG00000063854,-0.13183327242520468,0.16338089093164354,1.0
ENSG00000259947,,,
ENSG00000162040,,,
ENSG00000198736,-0.0074089821190093524,-0.19297996011483148,0.9999999999999999
ENSG00000140986,,,1.0
ENSG00000255198,-0.026281564593825704,-0.03981780775240287,1.0
ENSG00000196408,,,
ENSG00000183971,0.11508624912410359,0.1584804750732486,0.9999999999999999
ENSG00000260095,,0.09513930200195021,0.9999999999999982
ENSG00000260176,,,
ENSG00000005001,,,
ENSG00000262482,,,
ENSG00000270168,,,
ENSG00000213937,,,
ENSG00000184697,-0.11762026793198202,-0.16242473681152475,1.0
ENSG00000006327,0.0317778117235517,0.2823728625318579,1.0
ENSG00000162069,,,
ENSG00000008516,,,
ENSG00000008517,,,
ENSG00000261889,0.09082063687554978,-0.15689918816312567,1.0
ENSG00000262521,,,
ENSG00000168124,,,
ENSG00000281005,,,1.0
ENSG00000262899,,,
ENSG00000232196,,,
ENSG00000261938,,,
ENSG00000213918,-0.018114216345279002,0.10730025547046493,0.9999999999999998
ENSG00000276754,,,
ENSG00000168140,,,0.9999999999999997
ENSG00000267077,,,
ENSG00000067836,-0.09198960304502087,-0.18203947467484088,1.0
ENSG00000267072,,,1.0
ENSG00000153446,,,
ENSG00000078328,,,
ENSG00000183044,,,1.0
ENSG00000153048,-0.2371440654284146,-0.17794117476420224,1.0
ENSG00000259939,,,0.9999999999999998
ENSG00000166669,-0.05805270524528422,-0.2675468186491051,0.9999999999999999
ENSG00000260756,,,
ENSG00000262151,,,
ENSG00000263033,,,
ENSG00000185338,0.03515418480686629,-0.056659143878503015,1.0
ENSG00000277369,0.0060253083538555725,,0.9999999999999998
ENSG00000259876,,,
ENSG00000103381,0.13345591466150056,-0.26941846134107766,1.0
ENSG00000237515,,,
ENSG00000262732,,0.3170192680350052,
ENSG00000262097,,,
ENSG00000069764,,,
ENSG00000275910,,,
ENSG00000166780,,,
ENSG00000133392,,,
ENSG00000170540,0.12996261715768545,0.07375047285669929,1.0
ENSG00000205730,-0.055941308821628954,0.2106638309777165,0.9999999999999997
ENSG00000261759,,,
ENSG00000183549,,,
ENSG00000005187,0.05236555571798435,-0.415354639004634,1.0
ENSG00000166743,,0.10101142227845838,1.0
ENSG00000175311,,,
ENSG00000103316,0.013360583509932446,0.254831395171635,1.0
ENSG00000197006,-0.017730854083740442,0.04182587740429074,1.0
ENSG00000140749,,,
ENSG00000260790,,,0.9999999999999996
ENSG00000166851,0.22540645776020324,0.02435946781793121,0.9999999999999998
ENSG00000261266,,,
ENSG00000134398,,,
ENSG00000166501,0.12848597236482778,-0.29022739355046456,1.0
ENSG00000006116,,,
ENSG00000259888,,,
ENSG00000262155,,-0.08854919445424836,1.0
ENSG00000260034,,,
ENSG00000103375,,,0.9999999999999998
ENSG00000236481,,,
ENSG00000103522,,,
ENSG00000184730,-0.021953366203564487,0.19910554194576796,0.9999999999999999
ENSG00000197272,,,
ENSG00000176046,,,
ENSG00000255524,,,
ENSG00000260796,,,
ENSG00000260517,,,
ENSG00000103485,0.3155947843372338,0.05585406622772295,0.9999999999999999
ENSG00000185905,,,
ENSG00000260719,,,
ENSG00000167371,,,0.9999999999999987
ENSG00000013364,-0.04762699933759096,,1.0
ENSG00000174939,,-0.02733234860848315,0.9999999999999998
ENSG00000149932,0.14929281761841434,0.5794240317747801,1.0
ENSG00000090238,0.01297200871122485,0.36197974315740145,1.0
ENSG00000102879,,-0.5316148427607492,1.0
ENSG00000261416,,,
ENSG00000005844,,,
ENSG00000260487,,,
ENSG00000196118,0.12304969930876462,0.05877419758467524,0.9999999999999999
ENSG00000175938,0.17813026008028157,0.07799306887863797,0.9999999999999998
ENSG00000099377,0.028123258202718895,0.0679965579814973,1.0
ENSG00000260911,,,0.9999999999999993
ENSG00000261385,,,
ENSG00000052344,,,0.9999999999999994
ENSG00000103490,0.048250051553345705,0.039003934083978245,1.0
ENSG00000177238,,-0.07263825351702817,1.0
ENSG00000169900,,,
ENSG00000169896,-0.13351899137566114,0.1934547945027803,1.0
ENSG00000140678,,,
ENSG00000156885,,,
ENSG00000176723,,,0.9999999999999993
ENSG00000261474,,,0.9999999999999994
ENSG00000169877,,,0.9999999999999994
ENSG00000276867,,,
ENSG00000259303,,,
ENSG00000261512,,,
ENSG00000091651,0.15325235866692108,0.09446799318137293,0.9999999999999998
ENSG00000260281,,,
ENSG00000260086,,,1.0
ENSG00000167208,,,
ENSG00000167207,,,
ENSG00000261644,,,
ENSG00000249231,,,
ENSG00000261630,,,
ENSG00000275147,,,
ENSG00000159387,,,
ENSG00000087245,,,
ENSG00000087253,0.06470049526478891,0.24757008715829398,1.0
ENSG00000261997,0.07572203826123668,,1.0
ENSG00000103546,,,
ENSG00000274031,,,
ENSG00000125148,0.0012458878160160891,-0.1643702797481351,1.0
ENSG00000169715,-0.10720098748998741,0.3054158917047175,1.0
ENSG00000205364,,,
ENSG00000198417,0.13935529944823047,-0.08060972646862513,0.9999999999999999
ENSG00000125144,0.033761292330061206,-0.18101246556314943,0.9999999999999998
ENSG00000051108,-0.16195952151291615,-0.3507803370563396,1.0
ENSG00000140853,,,0.9999999999999997
ENSG00000102962,,,
ENSG00000159618,,,
ENSG00000205336,,,
ENSG00000182885,,,
ENSG00000260467,,,
ENSG00000159625,,,
ENSG00000187185,,,
ENSG00000070729,,,
ENSG00000103034,,,
ENSG00000261653,,,
ENSG00000260755,,,
ENSG00000261519,,,
ENSG00000140932,,,
ENSG00000166592,,,
ENSG00000172824,,,
ENSG00000159708,,,0.9999999999999997
ENSG00000159713,,,
ENSG00000159723,,,
ENSG00000261386,-0.05099246200187886,,1.0
ENSG00000038358,,,0.9999999999999997
ENSG00000167261,,-0.12810053709800592,1.0
ENSG00000263201,,,
ENSG00000103066,0.1392869488868779,,1.0
ENSG00000260441,,,
ENSG00000103056,,,
ENSG00000275383,,,
ENSG00000260111,,,
ENSG00000157368,,,
ENSG00000157423,,,
ENSG00000180917,0.0859746452584079,-0.15794865030465732,1.0
ENSG00000247324,,,0.9999999999999996
ENSG00000198650,,,
ENSG00000040199,,-0.15549525691465868,0.9999999999999998
ENSG00000277481,,,
ENSG00000257017,,,
ENSG00000261673,,,
ENSG00000260664,,,
ENSG00000140836,-0.29363213823519474,-0.06585360541285998,1.0
ENSG00000271009,,,
ENSG00000261170,,,
ENSG00000273659,,,
ENSG00000261063,,,
ENSG00000178573,,,
ENSG00000278058,,,
ENSG00000168589,,,
ENSG00000260737,,,
ENSG00000260213,,,
ENSG00000260495,,,1.0
ENSG00000261218,0.3034434575601702,-0.4226042335795852,
ENSG00000197943,-0.027549923345121734,0.07983609418801263,0.9999999999999996
ENSG00000086696,,,
ENSG00000261235,,,
ENSG00000140961,,0.16354814607342494,1.0
ENSG00000154099,,,
ENSG00000250685,,,
ENSG00000103175,,,
ENSG00000103187,-0.1783362032805241,0.026591475805292336,1.0
ENSG00000103196,,,
ENSG00000135709,0.09693122593972156,-0.0012062568105118496,1.0
ENSG00000153789,,,
ENSG00000278214,,,
ENSG00000275088,,,
ENSG00000270159,,,
ENSG00000268388,,,
ENSG00000103241,,,
ENSG00000270020,,,
ENSG00000261363,,,
ENSG00000140941,0.20129060446104402,-0.24321441734828605,1.0
ENSG00000124391,,,
ENSG00000051523,-0.1405217049530061,-0.2640126251005588,1.0
ENSG00000259813,,,
ENSG00000224888,,,0.9999999999999997
ENSG00000129993,0.19725760648284676,-0.03716167145307851,0.9999999999999998
ENSG00000180422,,,
ENSG00000129910,,,
ENSG00000268218,,,1.0
ENSG00000261118,,,
ENSG00000075399,-0.2007848341366395,-0.2013071852251081,0.9999999999999996
ENSG00000258947,,,
ENSG00000261317,,,0.9999999999999998
ENSG00000260507,,,
ENSG00000241525,,,
ENSG00000183688,0.34268116029520074,-0.06407834696099324,1.0
ENSG00000262777,,,
ENSG00000167703,,-0.04507004363114418,0.9999999999999998
ENSG00000185561,-0.235219649440141,,0.9999999999999997
ENSG00000186594,,,
ENSG00000167711,,,0.9999999999999996
ENSG00000132386,0.2915270859856872,0.15140880723448305,1.0
ENSG00000262445,,,
ENSG00000263050,,,
ENSG00000274758,,,
ENSG00000263345,,,
ENSG00000272770,,,
ENSG00000277200,0.1814032649327381,,
ENSG00000180090,,,
ENSG00000108381,,,
ENSG00000262304,,,1.0
ENSG00000213977,0.1383053985858008,0.20797865733726245,1.0
ENSG00000262692,,,
ENSG00000108405,,,
ENSG00000167740,-0.40291590725184967,-0.12813627071644543,1.0
ENSG00000263165,,,
ENSG00000182557,,,
ENSG00000183018,,,
ENSG00000167741,,,
ENSG00000188176,,,
ENSG00000161905,,,
ENSG00000141497,,,
ENSG00000142484,,,
ENSG00000262165,,,
ENSG00000108556,-0.28948806968194873,,
ENSG00000234203,,,
ENSG00000227495,,,
ENSG00000132517,,,
ENSG00000161929,,,
ENSG00000179314,,,
ENSG00000129221,,,
ENSG00000282936,,,
ENSG00000177294,,,
ENSG00000108839,,,
ENSG00000132514,,,
ENSG00000161944,,,
ENSG00000181885,-0.5327940913137234,0.27551136827704303,0.9999999999999998
ENSG00000072818,-0.2831586090817274,-0.1449147099562661,0.9999999999999996
ENSG00000129226,,-0.24511420863658315,1.0
ENSG00000129214,,,0.9999999999999994
ENSG00000141504,0.019623447189519784,0.2702663568914011,1.0
ENSG00000129244,,,1.0
ENSG00000183914,,,0.9999999999999997
ENSG00000132510,0.06065511354649321,-0.050836942514531976,1.0
ENSG00000167874,,-0.05897638193219078,
ENSG00000132518,,,
ENSG00000179593,,,
ENSG00000179111,,,
ENSG00000220205,0.3141004511452443,0.21548465570434794,1.0
ENSG00000184650,,,
ENSG00000189051,,,
ENSG00000166596,,,
ENSG00000007237,,,
ENSG00000007174,,,
ENSG00000265494,,,
ENSG00000109099,0.10672645240104978,0.08945070495512134,1.0
ENSG00000125409,,,
ENSG00000239704,,,
ENSG00000251537,,,
ENSG00000170315,0.026544498756429474,0.0980797183606712,0.9999999999999999
ENSG00000181350,-0.15845727394764314,-0.19866561991122145,0.9999999999999996
ENSG00000170160,,,
ENSG00000260328,,,
ENSG00000225442,-0.35254827345688616,,0.9999999999999998
ENSG00000108551,,,
ENSG00000237328,,,
ENSG00000197815,,,
ENSG00000091536,,,0.9999999999999997
ENSG00000171931,,,
ENSG00000154025,,,
ENSG00000154016,,,
ENSG00000189152,,,
ENSG00000262319,,,
ENSG00000166482,,,
ENSG00000072210,,,
ENSG00000261033,,,
ENSG00000263494,,,
ENSG00000034152,-0.07257707230565924,,0.9999999999999994
ENSG00000265265,,,
ENSG00000276399,,,
ENSG00000261020,,,
ENSG00000109046,0.09931646954024664,-0.21905213441386953,0.9999999999999997
ENSG00000168961,-0.11380136148789978,0.3116990642540214,1.0
ENSG00000266527,,0.1539323680360779,0.9999999999999998
ENSG00000232859,-0.2978155245973314,-0.19973318806744056,1.0
ENSG00000266830,,,
ENSG00000260777,,,
ENSG00000109072,,,
ENSG00000109101,,,
ENSG00000267729,,,
ENSG00000265073,,,
ENSG00000264066,0.08252300052171274,0.0578762054985634,0.9999999999999996
ENSG00000179761,,,
ENSG00000063015,,,
ENSG00000167549,,,0.9999999999999994
ENSG00000263657,,,
ENSG00000263477,,,
ENSG00000264125,,,
ENSG00000266120,,,
ENSG00000108582,-0.25412597756240923,-0.03988818738123829,1.0
ENSG00000184060,,,0.9999999999999989
ENSG00000265743,,,
ENSG00000126861,,,
ENSG00000185862,0.1566067317316025,-0.01715615897387377,0.9999999999999996
ENSG00000126860,,0.21570222621010018,0.9999999999999994
ENSG00000228768,,,
ENSG00000274341,,,
ENSG00000278668,,,
ENSG00000266385,,,
ENSG00000266718,,,
ENSG00000264458,,,
ENSG00000108691,,,
ENSG00000166750,,,
ENSG00000154760,,,
ENSG00000271447,,,0.9999999999999997
ENSG00000270379,,,
ENSG00000270240,,,
ENSG00000271503,,,
ENSG00000275152,,,
ENSG00000277632,,,
ENSG00000275302,,,
ENSG00000274767,,,
ENSG00000276085,-0.01594435158526121,,1.0
ENSG00000276070,,,
ENSG00000274933,,,
ENSG00000275613,,,0.9999999999999996
ENSG00000277268,0.06888257462221732,0.08790800033692503,0.9999999999999997
ENSG00000273706,-0.1116783234455199,0.11258149605651292,1.0
ENSG00000276707,,,
ENSG00000275066,-0.012443958438781419,0.08452394896253454,0.9999999999999998
ENSG00000277688,,,
ENSG00000277363,,-0.18004216370903792,0.9999999999999998
ENSG00000275665,,,
ENSG00000279119,,,
ENSG00000277791,0.08046923230230146,-0.12884431459628115,1.0
ENSG00000263466,,,
ENSG00000263874,,,1.0
ENSG00000141748,,,
ENSG00000141750,,,0.9999999999999997
ENSG00000108306,-0.3506959848517584,-0.017078165630369985,0.9999999999999997
ENSG00000171532,,,
ENSG00000131771,,,
ENSG00000141744,0.0667043988509016,0.06091721867485432,1.0
ENSG00000161405,-0.179152089623922,-0.11731733764138515,1.0
ENSG00000073605,0.03963022575329109,,0.9999999999999994
ENSG00000264968,,,
ENSG00000265666,,-0.13018747303127154,1.0
ENSG00000131747,-0.1504250585196994,-0.004741009075643246,1.0
ENSG00000141753,-0.22825767242927592,-0.034240575242528534,0.9999999999999996
ENSG00000266088,,,
ENSG00000126353,,,
ENSG00000198083,,,
ENSG00000131738,,,
ENSG00000171345,,,
ENSG00000186847,,,
ENSG00000128422,,,
ENSG00000173812,0.1451070830596004,0.36338557708356584,1.0
ENSG00000184502,,,
ENSG00000173805,0.11499077981577847,0.23134218996621667,1.0
ENSG00000161594,,,
ENSG00000108771,,,
ENSG00000267758,,,
ENSG00000177469,0.27434496220048954,-0.1369913594309075,1.0
ENSG00000184451,-0.2435906101923349,-0.22870618189776099,0.9999999999999999
ENSG00000267042,0.2556766871782023,-0.08558722050952589,1.0
ENSG00000108828,-0.08805093727891244,-0.17770785402923894,0.9999999999999998
ENSG00000188554,-0.14161260676578397,-0.11742569841226629,0.9999999999999999
ENSG00000184988,,,1.0
ENSG00000188825,,,0.9999999999999992
ENSG00000167941,,,
ENSG00000161649,,,
ENSG00000267394,,,
ENSG00000260793,0.19725613733966174,-0.10816600356819231,0.9999999999999994
ENSG00000004939,-0.0738576452693272,,0.9999999999999998
ENSG00000267750,,,
ENSG00000030582,0.15804933459730502,-0.12634706427255235,0.9999999999999999
ENSG00000131095,,,
ENSG00000186185,-0.033943270796181306,0.38056197798987595,0.9999999999999999
ENSG00000276728,0.15004392901571656,-0.01066608406006918,1.0
ENSG00000224505,,,1.0
ENSG00000267288,,,
ENSG00000267121,0.2825546795972494,-0.12919151440256565,1.0
ENSG00000184922,0.3010936263437223,0.10960119390701462,0.9999999999999998
ENSG00000131484,,,
ENSG00000264589,,,
ENSG00000198336,-0.2334318242362807,-0.12837364099984214,0.9999999999999999
ENSG00000253347,,,
ENSG00000189120,-0.002456326513038976,-0.24186837384077886,1.0
ENSG00000266821,,,
ENSG00000141293,,,
ENSG00000264451,,,0.9999999999999997
ENSG00000173917,0.10042650712203921,-0.19621782523520898,1.0
ENSG00000230148,-0.29429181539955585,0.46836151352168315,0.9999999999999996
ENSG00000120093,-0.03642839294675594,-0.09285719173771012,1.0
ENSG00000233101,,,
ENSG00000182742,0.261360017654656,0.056173980218415034,1.0
ENSG00000120075,-0.1860694811780506,,0.9999999999999999
ENSG00000108511,0.24679358475177715,0.20162625361815054,1.0
ENSG00000170689,-0.08572002404898695,-0.1718306405424762,1.0
ENSG00000242207,,,
ENSG00000244649,,,
ENSG00000170703,,,
ENSG00000159224,,,
ENSG00000167080,,,
ENSG00000167083,,,0.9999999999999997
ENSG00000173868,,,
ENSG00000248714,,,1.0
ENSG00000064300,,,
ENSG00000182575,,,
ENSG00000176358,,,
ENSG00000248954,,,
ENSG00000108813,-0.06828840797801967,0.2468327163632043,1.0
ENSG00000005884,,-0.25766854211232093,
ENSG00000108823,,,
ENSG00000108821,,,0.9999999999999998
ENSG00000249406,,,
ENSG00000049283,,,
ENSG00000006283,,,
ENSG00000262967,-0.10901503977118596,-0.006909083793834699,1.0
ENSG00000173714,,,
ENSG00000251665,,,
ENSG00000239672,-0.03622120171682111,0.19199508509779567,0.9999999999999999
ENSG00000249383,,,
ENSG00000153930,,,
ENSG00000274213,0.2069012574842624,0.10257729687582548,0.9999999999999998
ENSG00000121064,-0.20313579646025792,-0.041810127539550296,0.9999999999999996
ENSG00000263004,-0.2602252989097485,-0.02289743968624637,1.0
ENSG00000121053,,,
ENSG00000278627,,,
ENSG00000265148,,0.2637684127474887,1.0
ENSG00000265206,0.00366801469530436,-0.40874390209814326,1.0
ENSG00000108375,,,
ENSG00000264672,,,
ENSG00000224738,,,1.0
ENSG00000175155,-0.004664924786310559,-0.054009547435399256,1.0
ENSG00000265313,,,
ENSG00000062716,-0.18533758724733845,-0.29780553103439045,0.9999999999999997
ENSG00000267416,,,1.0
ENSG00000167434,,,
ENSG00000141371,,,
ENSG00000267667,,,
ENSG00000121068,,,0.9999999999999996
ENSG00000277463,,,1.0
ENSG00000011028,-0.07462585298217225,0.004023127254222596,1.0
ENSG00000265971,,,
ENSG00000159640,-0.10683724334122566,-0.06234821165096144,0.9999999999999994
ENSG00000264813,,,
ENSG00000173826,,,
ENSG00000136490,0.267502654555777,0.06172569702074831,0.9999999999999996
ENSG00000136487,,,
ENSG00000259384,,,
ENSG00000264954,,,1.0
ENSG00000261371,,,
ENSG00000271605,-0.007332694685003886,0.09515391131706367,1.0
ENSG00000265912,0.011350386143219501,,0.9999999999999996
ENSG00000266598,,,0.9999999999999999
ENSG00000263470,-0.03209289606152987,,
ENSG00000265664,,,
ENSG00000171634,-0.1729112366460147,-0.01264018999812025,0.9999999999999998
ENSG00000182481,-0.26614554632607057,-0.2064036637167556,1.0
ENSG00000265055,,,
ENSG00000274561,,,0.9999999999999999
ENSG00000278740,,,
ENSG00000267731,,,
ENSG00000274712,0.08112915610067037,-0.3804130807713562,0.9999999999999994
ENSG00000141337,0.07739324320288164,0.10063803581716035,0.9999999999999998
ENSG00000070540,-0.03347209682361251,-0.3610709290203892,0.9999999999999996
ENSG00000108950,,,
ENSG00000154258,,,
ENSG00000154262,,,
ENSG00000154265,,,1.0
ENSG00000108984,,,
ENSG00000227517,,,1.0
ENSG00000180616,,,0.9999999999999999
ENSG00000171595,,,
ENSG00000167851,,0.15835860326462783,0.9999999999999994
ENSG00000172794,,,
ENSG00000186074,,,
ENSG00000167861,,0.030014298436723184,0.9999999999999997
ENSG00000189159,-0.19407152921199933,0.2301749543865157,0.9999999999999998
ENSG00000265342,,,
ENSG00000266714,0.13896194867310827,,0.9999999999999997
ENSG00000204323,,,
ENSG00000132471,-0.07521578815132358,0.0581120203356506,0.9999999999999996
ENSG00000267065,0.21858015527483304,,
ENSG00000267535,,,
ENSG00000267665,,,1.0
ENSG00000267506,,,
ENSG00000187997,,-0.15286919488154074,0.9999999999999998
ENSG00000183077,-0.034313814289847006,0.31837654783471764,0.9999999999999998
ENSG00000089685,-0.21728770180209317,-0.016609224737182578,1.0
ENSG00000267737,,,
ENSG00000184557,-0.07218635362212143,-0.17534714761458484,1.0
ENSG00000035862,-0.31809215154807347,,0.9999999999999997
ENSG00000108679,0.1427900080312968,-0.14374362933860177,1.0
ENSG00000265096,,,
ENSG00000167281,,,
ENSG00000267719,,,
ENSG00000262768,,,
ENSG00000262580,,,0.9999999999999996
ENSG00000173821,-0.04710999694482684,-0.18467611504055453,1.0
ENSG00000226137,,0.013937897903810031,1.0
ENSG00000262223,,,
ENSG00000184009,0.1458554063616144,0.06088727948251317,1.0
ENSG00000182612,0.1930063414195409,-0.215953222942656,0.9999999999999993
ENSG00000215644,,,
ENSG00000182676,,,
ENSG00000185624,-0.027970942781354105,0.033076155020600205,1.0
ENSG00000263859,,,
ENSG00000187531,-0.11839309870249001,0.043098366227826486,0.9999999999999997
ENSG00000141526,,,0.9999999999999998
ENSG00000265692,,-0.014015043349713317,0.9999999999999991
ENSG00000173762,0.0521886521067626,0.07801406105142306,0.9999999999999997
ENSG00000181408,,,
ENSG00000262663,,,
ENSG00000274370,,,0.9999999999999997
ENSG00000261888,,,1.0
ENSG00000262952,,,
ENSG00000266456,,,
ENSG00000264080,,,
ENSG00000272625,,,
ENSG00000101605,,,
ENSG00000101608,-0.13750788157155985,-0.10435538019534507,1.0
ENSG00000266835,,,
ENSG00000177337,,0.12041781200339856,1.0
ENSG00000264707,,,
ENSG00000101745,0.22681663335071756,0.3478021213825822,0.9999999999999998
ENSG00000260913,,,
ENSG00000154856,,,
ENSG00000273141,,,0.9999999999999998
ENSG00000181626,,,
ENSG00000266969,,,
ENSG00000265787,,,
ENSG00000265656,,,
ENSG00000264012,,,
ENSG00000134489,,,
ENSG00000264695,,,
ENSG00000134762,,,
ENSG00000134755,0.02650173987886118,0.16541942336143883,0.9999999999999998
ENSG00000265888,,,
ENSG00000134765,,,
ENSG00000266729,,,0.9999999999999999
ENSG00000101695,0.05025096931920343,0.12954025798640273,0.9999999999999998
ENSG00000263393,,,
ENSG00000274400,,,
ENSG00000186812,-0.19026880026448137,-0.1095732942007916,0.9999999999999998
ENSG00000186496,,,0.9999999999999998
ENSG00000267627,,,
ENSG00000260552,,,0.9999999999999999
ENSG00000134775,,,
ENSG00000101489,,,
ENSG00000267313,,,
ENSG00000132872,,,
ENSG00000152217,,,
ENSG00000197046,,,
ENSG00000141622,,,
ENSG00000267724,,,0.9999999999999998
ENSG00000267764,,,
ENSG00000215472,,,
ENSG00000265496,,,
ENSG00000101670,,,0.9999999999999999
ENSG00000267322,,,
ENSG00000172361,,,0.9999999999999999
ENSG00000267699,,,
ENSG00000187323,,,
ENSG00000196628,0.0915457919994595,0.09256821597973384,0.9999999999999998
ENSG00000267172,,,
ENSG00000198796,,,0.9999999999999997
ENSG00000267257,,,
ENSG00000141682,0.02022739025408729,0.22569472153648085,0.9999999999999997
ENSG00000141655,,,
ENSG00000267390,-0.2692533982040651,-0.05865100273955061,1.0
ENSG00000206073,,,
ENSG00000166401,,,
ENSG00000150656,,,
ENSG00000264278,,-0.1162837788824937,0.9999999999999997
ENSG00000266844,,,
ENSG00000197971,,,0.9999999999999998
ENSG00000278075,,,
ENSG00000267251,,,
ENSG00000101255,-0.2021608699702472,0.020732929603604303,0.9999999999999999
ENSG00000101276,,,
ENSG00000101282,,,
ENSG00000215595,,,
ENSG00000101298,,,0.9999999999999997
ENSG00000196209,,,1.0
ENSG00000125900,,,
ENSG00000101307,,,
ENSG00000088881,,,0.9999999999999999
ENSG00000088882,0.07146387362455689,0.06275407495415337,1.0
ENSG00000258713,,,
ENSG00000125787,,,
ENSG00000101200,0.27681347279918467,-0.008105717409722553,1.0
ENSG00000277287,,,0.9999999999999998
ENSG00000088854,-0.13103477771997768,-0.11113894217973697,0.9999999999999994
ENSG00000205300,,,
ENSG00000088826,0.09947337793432533,-0.015140872432668142,0.9999999999999996
ENSG00000230176,,,
ENSG00000238282,,,
ENSG00000278595,,,
ENSG00000101265,0.11623363047164131,-0.027198377614745636,1.0
ENSG00000132646,0.0263562713493585,0.08953602194886749,1.0
ENSG00000266908,,,
ENSG00000235820,,,
ENSG00000089199,,,1.0
ENSG00000233048,,,
ENSG00000172296,,,
ENSG00000275728,,,
ENSG00000185052,,,1.0
ENSG00000268628,,,
ENSG00000232712,,,0.9999999999999996
ENSG00000125816,,,
ENSG00000125810,-0.2717726414312832,0.010801703204268652,0.9999999999999993
ENSG00000233746,,,
ENSG00000101435,,,
ENSG00000101439,0.006325782167781874,0.40636081092248283,0.9999999999999998
ENSG00000170373,,,
ENSG00000077984,,0.06442727738070755,
ENSG00000180424,,,
ENSG00000233354,,,
ENSG00000278276,,,
ENSG00000125968,-0.014043839311293257,-0.16510100793647425,0.9999999999999998
ENSG00000131055,,,
ENSG00000088325,-0.23722839098426152,0.3024098000082732,0.9999999999999996
ENSG00000149599,0.09133840289362398,,
ENSG00000101331,,,
ENSG00000226239,,,
ENSG00000101336,,,
ENSG00000233293,,,
ENSG00000204393,,,
ENSG00000125999,,,
ENSG00000182584,,,
ENSG00000101440,,,1.0
ENSG00000078804,,,1.0
ENSG00000078814,-0.004941793254304607,0.40076041402036644,1.0
ENSG00000101000,0.2757381563460052,,1.0
ENSG00000126005,0.2208607282340219,0.032844053821140626,1.0
ENSG00000230155,,,
ENSG00000234139,,,
ENSG00000232406,,,
ENSG00000101335,-0.018797822045021506,-0.048416416009727,1.0
ENSG00000101082,,,
ENSG00000101353,0.03554116383919661,0.15649201403841778,1.0
ENSG00000204117,,,
ENSG00000132821,,,
ENSG00000149633,,,
ENSG00000101425,,,
ENSG00000101438,,,
ENSG00000229976,,,
ENSG00000204103,,,
ENSG00000229771,,,
ENSG00000226648,,,
ENSG00000277611,,,
ENSG00000101049,,,
ENSG00000124196,,,
ENSG00000233277,,,
ENSG00000101074,,,
ENSG00000101076,,,0.9999999999999996
ENSG00000168734,0.01599537677307042,0.07904211732821267,0.9999999999999997
ENSG00000101109,-0.37961404466329,-0.08208718932981215,1.0
ENSG00000168703,,,
ENSG00000124107,,,
ENSG00000124145,-0.12378474217955378,-0.18233361816522442,1.0
ENSG00000277022,,,0.9999999999999998
ENSG00000101443,,,
ENSG00000168612,-0.1752378434815003,0.026473392680618137,0.9999999999999998
ENSG00000064601,-0.10299535718426535,0.277411679059841,0.9999999999999997
ENSG00000100985,,,
ENSG00000273828,,,
ENSG00000197496,,-0.33192728022939394,
ENSG00000267882,,,
ENSG00000196562,-0.18165008684077896,,0.9999999999999994
ENSG00000124212,,,
ENSG00000124216,-0.23943335199148466,0.26065239692013065,1.0
ENSG00000234698,,,
ENSG00000172216,-0.2415447861686746,0.21710596463882748,0.9999999999999998
ENSG00000224397,,,
ENSG00000196396,0.2398244223894652,-0.054412305543255615,1.0
ENSG00000234693,,,
ENSG00000054793,,,
ENSG00000227964,,,
ENSG00000231703,,,
ENSG00000235415,,,1.0
ENSG00000224008,,,
ENSG00000124098,0.16558929876005662,-0.03350089374947873,1.0
ENSG00000087586,-0.06280129414026589,0.09797209911262864,0.9999999999999993
ENSG00000124103,,,
ENSG00000087510,,,
ENSG00000101144,,,
ENSG00000054796,,,
ENSG00000124253,,,
ENSG00000124225,,,
ENSG00000278709,,,
ENSG00000254995,,,
ENSG00000101160,-0.04188577946996411,0.1531767966741284,0.9999999999999998
ENSG00000101162,-0.34946414199932424,,
ENSG00000176659,,,
ENSG00000228340,,,
ENSG00000225106,,,
ENSG00000277496,,,
ENSG00000276317,,,
ENSG00000228705,,,1.0
ENSG00000229873,,,
ENSG00000092758,-0.2919771985766969,0.14552713156103864,0.9999999999999998
ENSG00000101197,,,
ENSG00000101210,,,0.9999999999999999
ENSG00000130589,-0.05094067209524024,,1.0
ENSG00000273154,,,
ENSG00000280213,-0.039182277693875375,,0.9999999999999989
ENSG00000125510,,,
ENSG00000149656,,,
ENSG00000105549,,,
ENSG00000129946,,,0.9999999999999989
ENSG00000181781,,,0.9999999999999999
ENSG00000172270,-0.13560582924877967,0.01974579705788333,0.9999999999999999
ENSG00000267666,,,
ENSG00000185198,0.052942490968209716,-0.14643388762462714,1.0
ENSG00000267530,,,
ENSG00000172232,-0.11904408297811996,-0.06010745464513688,0.9999999999999999
ENSG00000196415,-0.016539681270420936,-0.17904448986152655,1.0
ENSG00000197561,,,
ENSG00000197766,-0.08783772763118129,-0.019232699840609616,0.9999999999999997
ENSG00000064666,-0.023543911430929557,-0.1396855850909668,0.9999999999999996
ENSG00000099817,0.056676172021434656,0.09065518601336076,1.0
ENSG00000099625,-0.20425722984762804,,1.0
ENSG00000267778,,,
ENSG00000167470,0.019736581690991087,0.25977336353117597,1.0
ENSG00000267372,,,
ENSG00000280486,-0.331110297514154,,
ENSG00000115255,-0.11434802105101993,0.2867570101641087,0.9999999999999996
ENSG00000180846,,,
ENSG00000099875,-0.04609307621714365,-0.3692835850206877,1.0
ENSG00000099840,0.03326737758478222,0.20867971659698428,0.9999999999999996
ENSG00000267122,,,
ENSG00000188305,0.14126623913530528,,0.9999999999999998
ENSG00000099860,-0.006117241408737373,,1.0
ENSG00000172000,-0.05565961522757863,,0.9999999999999997
ENSG00000104953,0.01944942514977713,-0.019567612864297233,1.0
ENSG00000065717,0.19017576992881674,-0.04087022100436439,1.0
ENSG00000267551,,,
ENSG00000267448,,,
ENSG00000095932,,,0.9999999999999997
ENSG00000267205,,,
ENSG00000167654,,,
ENSG00000060566,,,
ENSG00000105246,,-0.007404314236458209,1.0
ENSG00000267011,0.13580514122040624,,1.0
ENSG00000167680,0.20020084532883667,0.08469343637923615,1.0
ENSG00000176840,,,
ENSG00000105426,0.1791618873587537,-0.03726035265657912,1.0
ENSG00000174898,,,
ENSG00000267709,,,
ENSG00000267314,,,
ENSG00000205744,,,1.0
ENSG00000125657,,,1.0
ENSG00000125726,,0.03968988126909244,0.9999999999999999
ENSG00000125735,,,
ENSG00000125730,,,0.9999999999999993
ENSG00000174837,,,
ENSG00000171105,,,
ENSG00000263264,,,
ENSG00000267852,,,
ENSG00000174788,,,1.0
ENSG00000104918,,,
ENSG00000183019,,,0.9999999999999998
ENSG00000104921,,,
ENSG00000182566,,,
ENSG00000090659,,,
ENSG00000104938,,,0.9999999999999998
ENSG00000268120,,,
ENSG00000268149,,,
ENSG00000260500,,,
ENSG00000142449,,,
ENSG00000167772,,,1.0
ENSG00000099785,,0.16681154430070383,1.0
ENSG00000268931,,,
ENSG00000133246,,,
ENSG00000142347,-0.4644955093329227,,0.9999999999999992
ENSG00000181143,,,
ENSG00000266950,,,
ENSG00000105088,,,
ENSG00000267534,,0.36509254020540116,1.0
ENSG00000090339,0.04783977956017531,0.354539754847145,1.0
ENSG00000105371,0.20432618668691765,0.1282341667913027,1.0
ENSG00000214212,,,0.9999999999999999
ENSG00000161888,-0.28379681073258267,0.16994332126002865,0.9999999999999997
ENSG00000267082,,,
ENSG00000130173,,,
ENSG00000130167,,,
ENSG00000105514,-0.24490975962834072,,1.0
ENSG00000183401,0.058150173874071655,-0.1736219095697631,1.0
ENSG00000130176,0.01251838051140524,0.14883297233660317,1.0
ENSG00000102575,-0.39692277308390633,0.3183703225403903,1.0
ENSG00000197054,,,
ENSG00000223547,-0.07607850893060983,,
ENSG00000257591,,,
ENSG00000234773,,,
ENSG00000171223,0.18309751397769924,-0.2030067718645312,1.0
ENSG00000167815,0.219507023653874,-0.015808513106409572,1.0
ENSG00000132026,,,0.9999999999999998
ENSG00000105610,0.21892947289887235,0.005548580182400675,1.0
ENSG00000179218,0.2830132619073346,0.46553517361323504,1.0
ENSG00000267458,0.11757285016134653,0.026231924521485428,1.0
ENSG00000267610,,,
ENSG00000104903,0.16911764854130276,-0.07100517411727678,0.9999999999999998
ENSG00000160888,0.12658945301332425,-0.09755076334369028,1.0
ENSG00000141837,,,
ENSG00000132003,,,1.0
ENSG00000267519,0.007091497840812713,0.024714075250717393,1.0
ENSG00000132000,,,1.0
ENSG00000171136,,,
ENSG00000141858,-0.05174108209580178,-0.04456286724552336,1.0
ENSG00000267169,,,0.9999999999999996
ENSG00000267723,,,
ENSG00000267147,,,
ENSG00000123146,-0.028763379642998913,0.017076962543920614,1.0
ENSG00000132002,-0.0527862810001474,-0.04044793738183833,1.0
ENSG00000131355,,,
ENSG00000127507,-0.2961177890530765,0.2866691789697124,0.9999999999999994
ENSG00000273218,,,
ENSG00000161031,,,
ENSG00000186529,,,
ENSG00000186204,,,
ENSG00000267453,,,
ENSG00000167460,-0.3164309508771276,0.2758389962646232,1.0
ENSG00000269243,,,
ENSG00000196684,,,0.9999999999999998
ENSG00000141977,,,
ENSG00000267033,,,
ENSG00000267275,,,
ENSG00000127528,,-0.20126140390672967,0.9999999999999998
ENSG00000267703,,,
ENSG00000279529,,-0.19446035325878905,0.9999999999999999
ENSG00000188039,,,
ENSG00000268289,,,
ENSG00000269480,,,
ENSG00000130303,-0.17174979617584285,0.09346910472834909,1.0
ENSG00000282851,-0.3590309487176907,,
ENSG00000269053,,,
ENSG00000269161,,,
ENSG00000268112,,,
ENSG00000248099,,,
ENSG00000269145,,,
ENSG00000216490,-0.010731211175758787,,0.9999999999999996
ENSG00000130518,,,
ENSG00000130522,-0.13627092105899388,-0.3699237542316922,1.0
ENSG00000130513,0.09298528618420696,-0.41526160084876507,0.9999999999999999
ENSG00000175489,0.019686004958558774,,0.9999999999999998
ENSG00000269694,,,
ENSG00000269019,,,
ENSG00000213996,,,
ENSG00000064547,,,0.9999999999999994
ENSG00000089639,-0.18121574669504106,-0.24226374474912474,0.9999999999999998
ENSG00000105750,,,
ENSG00000196705,-0.06389660796300867,0.3186703352159621,0.9999999999999999
ENSG00000172687,,,
ENSG00000268658,,,
ENSG00000229676,,,
ENSG00000269107,,,1.0
ENSG00000269289,,,
ENSG00000267238,,,
ENSG00000267423,,,
ENSG00000266976,-0.043235652420107046,0.015521632386836542,1.0
ENSG00000198597,,,
ENSG00000173809,,,1.0
ENSG00000166359,,,0.9999999999999998
ENSG00000245848,-0.10599270078530311,-0.13722605865605406,0.9999999999999999
ENSG00000267580,,,0.9999999999999992
ENSG00000266985,,,
ENSG00000124302,,,
ENSG00000270876,,,
ENSG00000269303,-0.012723135669851875,,
ENSG00000271032,,,
ENSG00000105707,,,1.0
ENSG00000153902,,,0.9999999999999997
ENSG00000105697,,,
ENSG00000233214,,,
ENSG00000126262,,,
ENSG00000189001,,,
ENSG00000226510,,,0.9999999999999997
ENSG00000267120,,,
ENSG00000126264,-0.19682616932318803,0.0957204654207817,0.9999999999999996
ENSG00000011600,0.05730735665727649,0.28701601779829744,1.0
ENSG00000232677,,,0.9999999999999999
ENSG00000181007,,,
ENSG00000171827,,,
ENSG00000180458,,,
ENSG00000167641,-0.029434865039769754,-0.0684701021627409,1.0
ENSG00000167644,,,
ENSG00000099337,,,1.0
ENSG00000099338,,,
ENSG00000179168,,,
ENSG00000188766,,,
ENSG00000171777,-0.01837996072451397,0.07969670589179056,0.9999999999999996
ENSG00000267291,,,
ENSG00000268756,,,
ENSG00000269172,,,
ENSG00000179751,,,
ENSG00000182393,,,
ENSG00000130755,-0.21152933692269738,0.0041902928288981844,1.0
ENSG00000128016,-0.04338503837135182,0.05185731669751799,0.9999999999999996
ENSG00000269792,,,
ENSG00000105205,,,0.9999999999999991
ENSG00000275395,,,0.9999999999999996
ENSG00000128000,,,1.0
ENSG00000174521,,,
ENSG00000105219,,,
ENSG00000105223,0.01949988240757161,0.36655755868484263,1.0
ENSG00000160396,,,
ENSG00000105227,0.23373899948207397,0.18953657738900992,0.9999999999999993
ENSG00000197019,0.18375653413419246,0.11835354875038498,1.0
ENSG00000268366,,,
ENSG00000090013,-0.055960452059671636,-0.02519734976602192,1.0
ENSG00000261857,,,
ENSG00000167578,0.20538781834405131,-0.07092930192536533,0.9999999999999998
ENSG00000282951,,,
ENSG00000268797,,,
ENSG00000269843,,,
ENSG00000167601,-0.05951415316982021,-0.24587085772747602,1.0
ENSG00000105329,-0.08945057496754177,-0.1889976633622153,0.9999999999999998
ENSG00000177191,,,
ENSG00000267107,,,
ENSG00000270164,,,
ENSG00000268027,,,
ENSG00000105404,0.16840582520504205,-0.17316657795971416,1.0
ENSG00000105409,,,
ENSG00000105737,,,
ENSG00000079385,,,
ENSG00000231924,,,
ENSG00000243130,,,
ENSG00000183668,,,
ENSG00000124466,,,1.0
ENSG00000226763,,,
ENSG00000011422,0.09870249279944679,0.169230483711293,1.0
ENSG00000124449,,,
ENSG00000273777,,,
ENSG00000216588,,,
ENSG00000069399,,0.11882263181504323,1.0
ENSG00000130203,0.019760422679556452,0.09158151214236257,1.0
ENSG00000130208,0.14175074744538904,0.25843978732784945,1.0
ENSG00000224916,,,
ENSG00000267467,,,
ENSG00000104856,0.2819086603979604,-0.34839406090355407,1.0
ENSG00000267348,,,
ENSG00000007255,0.27223635047518335,0.04419789826079637,0.9999999999999999
ENSG00000266958,,,
ENSG00000104879,0.13946384814385307,,1.0
ENSG00000125740,,,0.9999999999999993
ENSG00000125744,-0.15264023848806516,-0.3249026883281617,0.9999999999999998
ENSG00000010310,-0.08495802724339327,0.27608744644323335,1.0
ENSG00000170608,-0.01560822589067759,0.4123742330438342,0.9999999999999998
ENSG00000204869,,,
ENSG00000267922,,,
ENSG00000204866,,,0.9999999999999996
ENSG00000269729,,,
ENSG00000268621,-0.18097955686004125,-0.32129879095460157,1.0
ENSG00000124440,,,
ENSG00000268810,,,
ENSG00000269151,,,
ENSG00000204851,,,
ENSG00000160013,,,
ENSG00000167414,,,0.9999999999999997
ENSG00000197380,-0.07131265809665838,-0.16779487676950666,0.9999999999999996
ENSG00000105419,,,1.0
ENSG00000118160,,,0.9999999999999998
ENSG00000118156,,,
ENSG00000105398,0.019952298357010987,,
ENSG00000268001,-0.4462459798156231,-0.1173740835493925,1.0
ENSG00000142227,0.30070214974303744,0.16807404968218015,1.0
ENSG00000105523,,,
ENSG00000063180,0.004816022638382354,0.06868060179865418,1.0
ENSG00000142233,,,1.0
ENSG00000176920,,,0.9999999999999999
ENSG00000174951,,-0.29739146736909244,0.9999999999999998
ENSG00000087076,0.21857882632463133,,1.0
ENSG00000105559,0.39670442034285863,-0.2088248696838039,1.0
ENSG00000087074,-0.055285743675195065,0.08914182069392462,0.9999999999999996
ENSG00000267898,,,
ENSG00000087086,-0.09960256395155526,-0.07071037395600989,1.0
ENSG00000130528,-0.1414650677089759,,0.9999999999999998
ENSG00000130529,0.016996389247376786,0.19169747623071642,1.0
ENSG00000063127,,-0.0571804467055453,
ENSG00000104894,-0.0045358954077520455,-0.23426443870240396,0.9999999999999997
ENSG00000142538,,0.2911683013875023,0.9999999999999994
ENSG00000090554,0.000965039466058722,-0.1970288182771219,1.0
ENSG00000104870,0.0949920606881853,0.06272590267049724,1.0
ENSG00000010361,-0.08803592358084016,0.07413589734138619,0.9999999999999999
ENSG00000269194,,,
ENSG00000169136,-0.0967300685898996,-0.13191435672055885,0.9999999999999996
ENSG00000105357,-0.18473805645647318,,1.0
ENSG00000131398,-0.1128019627173943,-0.047836053657993635,1.0
ENSG00000131400,,,1.0
ENSG00000086967,,,
ENSG00000268518,,,
ENSG00000268375,,,
ENSG00000167749,,,
ENSG00000167757,,,
ENSG00000168995,,,
ENSG00000142549,,,
ENSG00000267905,,,
ENSG00000267984,,,
ENSG00000105374,-0.4284368122331552,-0.2560227274931436,1.0
ENSG00000142512,,,
ENSG00000254760,,,
ENSG00000213822,,,
ENSG00000105492,,,1.0
ENSG00000105501,,,
ENSG00000254415,,,0.9999999999999996
ENSG00000105509,,,
ENSG00000171051,,,
ENSG00000268015,,,
ENSG00000269535,,,
ENSG00000167554,,,
ENSG00000258405,,,
ENSG00000167766,-0.21001917042299845,-0.09781689513843286,0.9999999999999998
ENSG00000197928,,,
ENSG00000163098,,,
ENSG00000142405,,,
ENSG00000179820,-0.12944750932494947,-0.3471397559493535,0.9999999999999996
ENSG00000126583,,,
ENSG00000142408,,,
ENSG00000248385,,,
ENSG00000167608,0.08214041323992224,-0.11660035857655335,0.9999999999999999
ENSG00000125505,-0.10496753375423312,-0.0011428210798551247,1.0
ENSG00000223660,,,
ENSG00000131042,,,
ENSG00000167617,,,1.0
ENSG00000239998,,,
ENSG00000104974,,,
ENSG00000104972,,,
ENSG00000268734,,,
ENSG00000088053,,,1.0
ENSG00000105048,-0.19256996632515583,-0.03823203843203493,1.0
ENSG00000129991,-0.06334998115652268,-0.018151105746771312,1.0
ENSG00000080031,,,1.0
ENSG00000180061,,,
ENSG00000095752,,,
ENSG00000108106,0.15269613993767592,0.16618228238029503,1.0
ENSG00000267117,,,
ENSG00000268307,,,
ENSG00000269600,,,0.9999999999999996
ENSG00000099715,,0.23665828683988732,0.9999999999999994
ENSG00000254488,,,
ENSG00000225255,,,
ENSG00000237689,,,
ENSG00000177663,-0.051559779814094826,0.04402542521628783,0.9999999999999991
ENSG00000185837,,,
ENSG00000093072,,,
ENSG00000070010,-0.10811737776468192,0.18175165969494844,1.0
ENSG00000093009,0.28224760352813,0.12018377920207415,0.9999999999999999
ENSG00000281548,,,
ENSG00000093010,0.2462229048781524,-0.07070404022076972,1.0
ENSG00000183597,0.14419900903714108,0.1298260809980924,0.9999999999999994
ENSG00000268292,-0.13538864343131113,,0.9999999999999999
ENSG00000099901,0.15697353849489776,0.39770742470566,1.0
ENSG00000235578,,,
ENSG00000099937,,,
ENSG00000099957,0.08899697882190558,,0.9999999999999993
ENSG00000187905,,,
ENSG00000206140,0.06261186869074886,,1.0
ENSG00000183246,,,
ENSG00000128228,0.212426866448695,-0.1564748720406631,1.0
ENSG00000100027,-0.16472642791327569,0.10560895742040524,1.0
ENSG00000100030,0.21893387832771666,-0.009627744359615623,1.0
ENSG00000222037,,,
ENSG00000280623,0.07540650127128334,,1.0
ENSG00000159496,,,
ENSG00000169314,,,
ENSG00000279467,,,0.9999999999999999
ENSG00000133433,,,
ENSG00000272787,,,
ENSG00000099998,,,0.9999999999999998
ENSG00000178803,,,
ENSG00000100024,,,
ENSG00000184571,,,
ENSG00000167037,,,1.0
ENSG00000279085,,,
ENSG00000203280,,,
ENSG00000272798,,,
ENSG00000100077,0.11469286858714678,-0.15073819911853636,0.9999999999999998
ENSG00000237387,-0.09542669694015748,,
ENSG00000206028,,,
ENSG00000235271,,,
ENSG00000279440,,,
ENSG00000232396,,,
ENSG00000232530,,,
ENSG00000268812,,,
ENSG00000099985,,,
ENSG00000239282,,,1.0
ENSG00000187860,0.17367883560504058,,0.9999999999999998
ENSG00000185339,-0.061249060591292814,0.23269773699219137,1.0
ENSG00000167065,,0.02470976961510117,1.0
ENSG00000198832,0.08029656508220939,0.12031398931314251,0.9999999999999999
ENSG00000100100,,0.24771229647445622,0.9999999999999999
ENSG00000228839,,,
ENSG00000240591,,,0.9999999999999996
ENSG00000205853,,,
ENSG00000184459,,,
ENSG00000185666,,,
ENSG00000236054,,,
ENSG00000175329,,,
ENSG00000273176,,,
ENSG00000100292,,,
ENSG00000100302,,,
ENSG00000198125,,,
ENSG00000221963,,,1.0
ENSG00000279927,,,
ENSG00000128284,,,
ENSG00000100336,-0.038617362238594896,-0.29751277310663804,0.9999999999999998
ENSG00000100342,-0.17293904597423104,0.15499451517126678,1.0
ENSG00000100345,-0.07376293033737931,0.22945072199802888,1.0
ENSG00000223695,,,0.9999999999999998
ENSG00000100362,,-0.10603827515590963,0.9999999999999998
ENSG00000100365,-0.1059741935301387,-0.12609974705512822,1.0
ENSG00000187045,,,
ENSG00000278195,,,
ENSG00000128340,0.05223445067869438,-0.12982480616162276,0.9999999999999998
ENSG00000100055,,,0.9999999999999998
ENSG00000100079,,,0.9999999999999996
ENSG00000100097,-0.16328853416281347,0.19585688676336638,1.0
ENSG00000189060,,,0.9999999999999998
ENSG00000273214,,,
ENSG00000272720,,,
ENSG00000279080,0.15604207408679374,-0.0853112210356699,0.9999999999999998
ENSG00000225450,,,
ENSG00000128383,,,0.9999999999999997
ENSG00000244509,-0.17179258735208364,-0.06605465144708539,1.0
ENSG00000243811,0.017578975863696642,,0.9999999999999997
ENSG00000100298,,,
ENSG00000279833,,,0.9999999999999991
ENSG00000224794,,,
ENSG00000100316,0.021108610773601613,0.12138175245799089,1.0
ENSG00000128272,-0.1182051652360448,-0.007114461891922316,1.0
ENSG00000100351,,0.2446480430399371,1.0
ENSG00000133477,,,
ENSG00000100354,-0.11561374540340266,0.04935532320703781,1.0
ENSG00000272834,,,
ENSG00000167077,,,0.9999999999999992
ENSG00000184068,,,1.0
ENSG00000234965,,0.14186953583462555,0.9999999999999998
ENSG00000235568,,,
ENSG00000138964,,,
ENSG00000280011,-0.12933874074509513,,
ENSG00000056487,,,
ENSG00000100364,0.005607294549951141,-0.03127851975550337,0.9999999999999993
ENSG00000273287,,,
ENSG00000100373,,,
ENSG00000100376,-0.018394157783374783,-0.038905275276480154,0.9999999999999998
ENSG00000077942,,,
ENSG00000188064,,,
ENSG00000186951,0.4030973732708746,-0.08458131938232674,1.0
ENSG00000075218,-0.0974416103406292,-0.05281607143043142,1.0
ENSG00000234869,,,
ENSG00000205634,,,
ENSG00000260613,-0.034033033111752126,,0.9999999999999998
ENSG00000279494,,,1.0
ENSG00000278869,,,
ENSG00000100427,,,0.9999999999999999
ENSG00000273188,,-0.10301912897992871,1.0
ENSG00000177989,,,
ENSG00000272666,,,
ENSG00000273272,,,
ENSG00000130487,,,
ENSG00000217442,0.013410685969660961,,
ENSG00000100299,0.06580166812609038,0.08619602619845684,0.9999999999999994
ENSG00000279669,-0.4257490111737519,-0.14011338627963543,0.9999999999999999
ENSG00000280191,,,
ENSG00000278996,,,
ENSG00000280441,,,
ENSG00000279851,,,
ENSG00000155307,0.22251263257146456,-0.17621129867519267,1.0
ENSG00000232884,,,0.9999999999999999
ENSG00000226751,-0.06202283390624444,,0.9999999999999999
ENSG00000281903,,,0.9999999999999999
ENSG00000235277,,,
ENSG00000215386,,,
ENSG00000230233,,,0.9999999999999997
ENSG00000233236,0.21453318901448826,-0.0955763450907584,1.0
ENSG00000142192,,,
ENSG00000236532,,,
ENSG00000156265,,,
ENSG00000224649,,,
ENSG00000171189,,,
ENSG00000174680,-0.28191804985306196,,
ENSG00000156299,,,
ENSG00000170262,,,
ENSG00000238197,,,1.0
ENSG00000205930,,,
ENSG00000223799,,,1.0
ENSG00000243646,0.20431302449156333,0.04687865987438827,1.0
ENSG00000272659,,,
ENSG00000231355,,,
ENSG00000177692,,,1.0
ENSG00000159140,0.07750688498004851,0.09927666052772324,1.0
ENSG00000237945,0.3374928081732939,0.04303598752873969,1.0
ENSG00000159216,-0.075255088057183,-0.11341644011467973,0.9999999999999999
ENSG00000231106,,,
ENSG00000233393,,,
ENSG00000159231,,,
ENSG00000142197,-0.2658344157984227,-0.08757412540160842,1.0
ENSG00000230479,,,
ENSG00000233818,,,
ENSG00000159261,,,
ENSG00000157542,,,0.9999999999999998
ENSG00000198054,0.16175606596542996,-0.128403211262883,0.9999999999999999
ENSG00000157551,,,
ENSG00000157557,-0.10131976873274569,0.1012529826346966,1.0
ENSG00000205622,,,
ENSG00000171587,,,
ENSG00000184012,-0.10351600140391373,,
ENSG00000236384,,,
ENSG00000160179,,,
ENSG00000160180,,,
ENSG00000160182,,,
ENSG00000160185,0.29956134575147647,0.21587746679325803,1.0
ENSG00000225431,,,0.9999999999999998
ENSG00000235023,,,
ENSG00000283051,,,
ENSG00000237989,,,
ENSG00000225637,,,
ENSG00000188660,,,
ENSG00000160213,-0.014450149205152835,0.006185528128872818,0.9999999999999998
ENSG00000215458,,,
ENSG00000225331,,,
ENSG00000160223,,,0.9999999999999994
ENSG00000275799,,,
ENSG00000142182,,,
ENSG00000232010,,,1.0
ENSG00000142185,,,
ENSG00000205445,,,
ENSG00000160255,,0.16344854574215786,1.0
ENSG00000227039,,,1.0
ENSG00000182586,,,
ENSG00000184274,,,
ENSG00000182871,0.049536080586894626,-0.15699737318569698,1.0
ENSG00000224574,,,
ENSG00000183535,,,
ENSG00000183570,,,
ENSG00000274248,,,
ENSG00000142156,,,
ENSG00000237338,,,
ENSG00000160298,-0.13928585359600887,0.378368922125796,1.0
ENSG00000160307,,,
ENSG00000198888,0.12502359778006297,-0.11447711006416014,1.0
ENSG00000198763,-0.30265542454057826,-0.19267954928341238,1.0
ENSG00000198804,0.09969861202512287,0.2979881444851569,1.0
ENSG00000198712,-0.05857976452429756,0.43276721449606476,1.0
ENSG00000198899,0.12517635183590553,0.14746406449936963,1.0
ENSG00000198938,0.08007748996120335,0.12823725766309038,0.9999999999999999
ENSG00000198840,-0.1918294915158185,-0.013294180800155056,1.0
ENSG00000212907,0.437840391855196,-0.02211551174711121,0.9999999999999998
ENSG00000198886,0.31252955346279565,0.24811083503282322,1.0
ENSG00000198786,0.19147662272346,-0.0498266194484869,1.0
ENSG00000198695,-0.07251661574400495,0.22787994223646163,0.9999999999999999
ENSG00000198727,-0.28115605423570666,0.12160470833466572,0.9999999999999998
ENSG00000273554,,,0.9999999999999998
ENSG00000278633,,,
